000000000000000000000000000000000000000000000000000000000000000000
000000000000000000000000000000000000000000000000000000000000000000
FFFEC1D8000253CA7FFFF4389FFFD334C000556130001F39ABFFFFC84600024621
000000000000000000000000000000000000000000000000000000000000000000
0004C0DEFFFEF878C0005B3D800093BC2000362617FFF3A6B8001B74D000094AEF
000000000000000000000000000000000000000000000000000000000000000000
0002B951FFFF7899C00085BB200098E860002B906800000C47FFF18052000C12BE
000000000000000000000000000000000000000000000000000000000000000000
000000000000000000000000000000000000000000000000000000000000000000
000176FD0001780C40010F65200096ACF0001AFCC7FFD15E0FFFF3BF32000057D9
FFF6AF2F7FFDC5FFC001B675DFFF5B8D5000254FF7FFD60CC7FFE86CD3FFF8F017
000000000000000000000000000000000000000000000000000000000000000000
000000000000000000000000000000000000000000000000000000000000000000
FFFF1BB08001AD233FFFEE78DFFF2B6C2FFFF5F84800260C87FFE4CE4E0007179A
0001A49B0003BC4F000157451FFFF1B1C0003C6C97FFD1A55FFFED5B760007BF0F
000000000000000000000000000000000000000000000000000000000000000000
000000000000000000000000000000000000000000000000000000000000000000
FFFBCF44FFFC1047C00016779FFFBF691FFFBAA447FFEEECABFFFE456FFFFFB468
000000000000000000000000000000000000000000000000000000000000000000
000000000000000000000000000000000000000000000000000000000000000000
000000000000000000000000000000000000000000000000000000000000000000
000000000000000000000000000000000000000000000000000000000000000000
000000000000000000000000000000000000000000000000000000000000000000
000000000000000000000000000000000000000000000000000000000000000000
000000000000000000000000000000000000000000000000000000000000000000
000000000000000000000000000000000000000000000000000000000000000000
000000000000000000000000000000000000000000000000000000000000000000
0000553C7FFDC7AD800014E13FFF98B97FFFC1F487FFBEAABC000B3F07FFFF4A2D
000000000000000000000000000000000000000000000000000000000000000000
000000000000000000000000000000000000000000000000000000000000000000
0000021CFFFC6EDF3FFFAFFBDFFF40870FFFD5E0EFFFD26CFFFFFDA450000AB2D0
FFFEEEE0FFFE49648000952F6000D6B8AFFFE0CC60000379B00012ECDE00068B5B
000000000000000000000000000000000000000000000000000000000000000000
000000000000000000000000000000000000000000000000000000000000000000
000000000000000000000000000000000000000000000000000000000000000000
000000000000000000000000000000000000000000000000000000000000000000
000000000000000000000000000000000000000000000000000000000000000000
0002FAE07FFE94333FFFF0CF5FFF5246A00037EA38000C286FFFFD1B260007FF4B
000000000000000000000000000000000000000000000000000000000000000000
000000000000000000000000000000000000000000000000000000000000000000
000000000000000000000000000000000000000000000000000000000000000000
FFFE2D67FFFF95BE3FFF04B94000D014A0006BB900002791B3FFE6BAB7FFF73C77
000000000000000000000000000000000000000000000000000000000000000000
000000000000000000000000000000000000000000000000000000000000000000
000000000000000000000000000000000000000000000000000000000000000000
000000000000000000000000000000000000000000000000000000000000000000
000000000000000000000000000000000000000000000000000000000000000000
0001C2CF80030ADFBFFEEF105FFFE021BFFFFF7E2FFFDB94B00010DB51FFF7663A
FFFD46BC0001F7433FFE857C2000C861F000499AD80016FFFBFFF14F9BFFF9BFC7
000000000000000000000000000000000000000000000000000000000000000000
0001110280011CEB8000FF4E600016F5C000081ABFFFCC0F80000F51A5FFF4DAFE
000000000000000000000000000000000000000000000000000000000000000000
000000000000000000000000000000000000000000000000000000000000000000
000000000000000000000000000000000000000000000000000000000000000000
000000000000000000000000000000000000000000000000000000000000000000
FFFF003C7FFD86C8000039AD7FFF65099FFFE78857FFCA77D0001650CFFFF7D159
000000000000000000000000000000000000000000000000000000000000000000
000000000000000000000000000000000000000000000000000000000000000000
000000000000000000000000000000000000000000000000000000000000000000
000000000000000000000000000000000000000000000000000000000000000000
000000000000000000000000000000000000000000000000000000000000000000
000000000000000000000000000000000000000000000000000000000000000000
000000000000000000000000000000000000000000000000000000000000000000
000000000000000000000000000000000000000000000000000000000000000000
0006BC34800033373FFF855A1FFF7AB49FFFADB5E7FFC7931000016DEC000E5D8F
000000000000000000000000000000000000000000000000000000000000000000
FFFA658BFFFCD194FFFFD9E780006FAF1FFFE72F68002A7CB3FFEC059800016D1B
000000000000000000000000000000000000000000000000000000000000000000
000000000000000000000000000000000000000000000000000000000000000000
FFFA83178002FFA48000EF9C800019FC300032C1080035D7BC000E5EA000065E67
000000000000000000000000000000000000000000000000000000000000000000
0008D21D7FFEEBB4000087AC00006CB6F0004771A800290B33FFFE5F9C0002F4E8
0007B03FFFFF3715C0019FF81FFF0C7A0FFFD69D47FFD894E800031E3DFFF00C46
000000000000000000000000000000000000000000000000000000000000000000
000000000000000000000000000000000000000000000000000000000000000000
000000000000000000000000000000000000000000000000000000000000000000
000000000000000000000000000000000000000000000000000000000000000000
000000000000000000000000000000000000000000000000000000000000000000
000000000000000000000000000000000000000000000000000000000000000000
FFF89E2180005AA68000375460011A9F7FFFCBAAB7FFC5A47400249E580002AD53
000000000000000000000000000000000000000000000000000000000000000000
000000000000000000000000000000000000000000000000000000000000000000
000000000000000000000000000000000000000000000000000000000000000000
000000000000000000000000000000000000000000000000000000000000000000
FFFBB1FB00024A72FFFFD65B9FFEDD3870002318580016AD540017656E000E26EB
000000000000000000000000000000000000000000000000000000000000000000
000000000000000000000000000000000000000000000000000000000000000000
000000000000000000000000000000000000000000000000000000000000000000
000000000000000000000000000000000000000000000000000000000000000000
000000000000000000000000000000000000000000000000000000000000000000
000000000000000000000000000000000000000000000000000000000000000000
000000000000000000000000000000000000000000000000000000000000000000
000000000000000000000000000000000000000000000000000000000000000000
000000000000000000000000000000000000000000000000000000000000000000
000000000000000000000000000000000000000000000000000000000000000000
000000000000000000000000000000000000000000000000000000000000000000
000000000000000000000000000000000000000000000000000000000000000000
FFFFAA43800284D1FFFEB42E9FFEF31B5FFF8EAA37FFD7917C0017F0F40006F093
000578118001950A40000AEC400018F23FFFBC39B80000AD60001866EDFFF0C03F
FFFB3E08FFFC4ED9BFFFE5D92000B08AEFFFAF8D47FFD90327FFF1F14A0006066F
000000000000000000000000000000000000000000000000000000000000000000
FFF7D6BDFFFC6FE7C0002072FFFF9392C000069D700010B8F3FFF7199C000DAD60
000000000000000000000000000000000000000000000000000000000000000000
000110B97FFEE976FFFF46AC4000764BA0006E24B7FFFE616FFFD78513FFF2B1D1
0002E7D6FFFC7CB63FFF6A569FFF49E440002B95BFFFD03293FFF8146A0003C763
000000000000000000000000000000000000000000000000000000000000000000
000000000000000000000000000000000000000000000000000000000000000000
FFFD2D2A80023DA53FFF59EABFFF4808E000469C57FFC15ED8000E3DA2000CE478
000000000000000000000000000000000000000000000000000000000000000000
000000000000000000000000000000000000000000000000000000000000000000
000000000000000000000000000000000000000000000000000000000000000000
000000000000000000000000000000000000000000000000000000000000000000
000000000000000000000000000000000000000000000000000000000000000000
000000000000000000000000000000000000000000000000000000000000000000
000000000000000000000000000000000000000000000000000000000000000000
000000000000000000000000000000000000000000000000000000000000000000
000198C580013B4FFFFFF2854000850F800036E2A8000D9A03FFE8769BFFFC0619
000490FB7FFC9D59400164F59FFF43BE50002C10CFFFD8AC8FFFE56191FFFD25D7
000000000000000000000000000000000000000000000000000000000000000000
000000000000000000000000000000000000000000000000000000000000000000
000000000000000000000000000000000000000000000000000000000000000000
000000000000000000000000000000000000000000000000000000000000000000
000000000000000000000000000000000000000000000000000000000000000000
000000000000000000000000000000000000000000000000000000000000000000
000000000000000000000000000000000000000000000000000000000000000000
000000000000000000000000000000000000000000000000000000000000000000
000000000000000000000000000000000000000000000000000000000000000000
000000000000000000000000000000000000000000000000000000000000000000
000000000000000000000000000000000000000000000000000000000000000000
000000000000000000000000000000000000000000000000000000000000000000
00043443FFFC984480011E8EFFFF202D5FFFAA6C68003B8F84000A3435FFF83645
000578300001F951FFFF0E94BFFFDF12F0005E38A0000CBD38001F8BAC000353B7
000000000000000000000000000000000000000000000000000000000000000000
000000000000000000000000000000000000000000000000000000000000000000
000000000000000000000000000000000000000000000000000000000000000000
000000000000000000000000000000000000000000000000000000000000000000
000000000000000000000000000000000000000000000000000000000000000000
000000000000000000000000000000000000000000000000000000000000000000
000000000000000000000000000000000000000000000000000000000000000000
000000000000000000000000000000000000000000000000000000000000000000
000000000000000000000000000000000000000000000000000000000000000000
000000000000000000000000000000000000000000000000000000000000000000
000000000000000000000000000000000000000000000000000000000000000000
000000000000000000000000000000000000000000000000000000000000000000
FFFB9EDD8001E7A7BFFE92BB80007D50F0007775800039FC8800064D4A0004127F
000000000000000000000000000000000000000000000000000000000000000000
000000000000000000000000000000000000000000000000000000000000000000
000000000000000000000000000000000000000000000000000000000000000000
000000000000000000000000000000000000000000000000000000000000000000
000000000000000000000000000000000000000000000000000000000000000000
000000000000000000000000000000000000000000000000000000000000000000
FFFCB142FFFE1CBA4000133FDFFFD21540001D55C7FFFC0A67FFE4BB73FFF67D1E
000000000000000000000000000000000000000000000000000000000000000000
FFF7FC0800018332BFFF1B5020000C028FFF982CF8002FE357FFDD5DA4000FFB77
000000000000000000000000000000000000000000000000000000000000000000
FFFB05860001B716FFFEF52ABFFFA2E61FFFB142B0000B6387FFECCB69FFFFA9B7
000000000000000000000000000000000000000000000000000000000000000000
000000000000000000000000000000000000000000000000000000000000000000
000000000000000000000000000000000000000000000000000000000000000000
000000000000000000000000000000000000000000000000000000000000000000
00058D267FFF66040001BAAEDFFF8B963FFFBFCD0FFFF34D37FFEFE732000B5CDA
000000000000000000000000000000000000000000000000000000000000000000
FFF9DFF38002DBE6BFFE4A529FFF41B5C0003FAC5FFFEB57080014DA47FFF48635
FFFB5C8080038054800029A88000A5A4FFFFBD2FD0000F5CC0000D3A38000F84EA
000000000000000000000000000000000000000000000000000000000000000000
000000000000000000000000000000000000000000000000000000000000000000
000000000000000000000000000000000000000000000000000000000000000000
000375950000D40FC00041EB7FFF9CA5F0007373B80017EC540015F243FFEE85CF
000000000000000000000000000000000000000000000000000000000000000000
000000000000000000000000000000000000000000000000000000000000000000
000278A37FFB5C3D80002C8DFFFFF547C0004C249FFFDDF61000163D100007AFFB
000000000000000000000000000000000000000000000000000000000000000000
0002655BFFFF855FFFFF050A80007C9F1FFFBFB7AFFFC0DAFBFFF4A4E7FFFF1303
000000000000000000000000000000000000000000000000000000000000000000
000000000000000000000000000000000000000000000000000000000000000000
000000000000000000000000000000000000000000000000000000000000000000
FFF8EC668003C45D7FFE7803FFFFB52F2FFFBE0F0FFFC95CEFFFF3A0BFFFEFBF5C
000000000000000000000000000000000000000000000000000000000000000000
000000000000000000000000000000000000000000000000000000000000000000
000000000000000000000000000000000000000000000000000000000000000000
000000000000000000000000000000000000000000000000000000000000000000
000560AA8001F8DA00007D17FFFF250EFFFFBA3FB8001927C4001C7878000551E3
000000000000000000000000000000000000000000000000000000000000000000
000000000000000000000000000000000000000000000000000000000000000000
000000000000000000000000000000000000000000000000000000000000000000
000000000000000000000000000000000000000000000000000000000000000000
000000000000000000000000000000000000000000000000000000000000000000
000000000000000000000000000000000000000000000000000000000000000000
FFFF2A4580021C858000634CE000144ECFFFE9DB57FFDDF99C001E8F13FFFC08BF
000000000000000000000000000000000000000000000000000000000000000000
0000851DFFFEDFFB4000D75D200082E99FFFE1F407FFF98383FFE99907FFFDACA8
0000D35B7FFDCB913FFEF20C60005C6ED0003C71E000054568001AD8A3FFF97587
000000000000000000000000000000000000000000000000000000000000000000
000000000000000000000000000000000000000000000000000000000000000000
FFFBB172FFFEDA463FFEAEFB40007D07C0003CED0FFFCA61B4000ABD440004206A
000000000000000000000000000000000000000000000000000000000000000000
000000000000000000000000000000000000000000000000000000000000000000
0003CF1F0001F8FAFFFF3BC41FFFC26E2FFFA8AD17FFE20D50001C1ED000024183
000000000000000000000000000000000000000000000000000000000000000000
000000000000000000000000000000000000000000000000000000000000000000
000000000000000000000000000000000000000000000000000000000000000000
000000000000000000000000000000000000000000000000000000000000000000
000000000000000000000000000000000000000000000000000000000000000000
000000000000000000000000000000000000000000000000000000000000000000
000909F100037EC97FFFA7FDDFFFD1249FFFF5B3FFFFC774EBFFE75FD0000C2E4D
000000000000000000000000000000000000000000000000000000000000000000
FFFCD5400000E78D40024828FFFF2F113000624CA7FFDDA0B00018B147FFF54736
000000000000000000000000000000000000000000000000000000000000000000
000000000000000000000000000000000000000000000000000000000000000000
FFFF92A68003078FFFFE78791FFF6A72DFFFA611A0002045E000158213FFFC3F04
000000000000000000000000000000000000000000000000000000000000000000
000000000000000000000000000000000000000000000000000000000000000000
000000000000000000000000000000000000000000000000000000000000000000
000000000000000000000000000000000000000000000000000000000000000000
FFFFEC1C7FFFE7844001A612800001F300004E9A58002EC2C7FFEC3D95FFF323E4
000000000000000000000000000000000000000000000000000000000000000000
000000000000000000000000000000000000000000000000000000000000000000
FFFA4B628004996CBFFF59430000D03B3FFFDDE2A000227373FFFB0BCC0008FF03
000000000000000000000000000000000000000000000000000000000000000000
0004F6BFFFFE293D7FFFCE2B20005E05F000311918000F7444000CCD91FFFFC137
000000000000000000000000000000000000000000000000000000000000000000
FFFFC0EB00033BA6FFFF36BAA0008A2BF000538DA000107C7FFFF175C6000BEC8E
000000000000000000000000000000000000000000000000000000000000000000
000000000000000000000000000000000000000000000000000000000000000000
000000000000000000000000000000000000000000000000000000000000000000
000000000000000000000000000000000000000000000000000000000000000000
000000000000000000000000000000000000000000000000000000000000000000
000000000000000000000000000000000000000000000000000000000000000000
000000000000000000000000000000000000000000000000000000000000000000
000000000000000000000000000000000000000000000000000000000000000000
000000000000000000000000000000000000000000000000000000000000000000
000000000000000000000000000000000000000000000000000000000000000000
FFFE24B6800251807FFF3267A000CBD83000894D0FFFF2081BFFEF7C7FFFFF1C37
000000000000000000000000000000000000000000000000000000000000000000
000000000000000000000000000000000000000000000000000000000000000000
0000B04180028A004001A3B81FFEFACAFFFFBD85A0003445680008F311FFF22E3A
000000000000000000000000000000000000000000000000000000000000000000
000000000000000000000000000000000000000000000000000000000000000000
000000000000000000000000000000000000000000000000000000000000000000
0005080380029AD2C0011F965FFFB48EE0001CD8D7FFF085CFFFFA0862000DCC80
000000000000000000000000000000000000000000000000000000000000000000
000000000000000000000000000000000000000000000000000000000000000000
000000000000000000000000000000000000000000000000000000000000000000
000000000000000000000000000000000000000000000000000000000000000000
000000000000000000000000000000000000000000000000000000000000000000
000000000000000000000000000000000000000000000000000000000000000000
000000000000000000000000000000000000000000000000000000000000000000
FFFBCCAF8002E21D4000939ABFFFFADF00006FBFF7FFE9BA07FFE740E2000776C9
000000000000000000000000000000000000000000000000000000000000000000
000000000000000000000000000000000000000000000000000000000000000000
000000000000000000000000000000000000000000000000000000000000000000
000000000000000000000000000000000000000000000000000000000000000000
000000000000000000000000000000000000000000000000000000000000000000
000000000000000000000000000000000000000000000000000000000000000000
000000000000000000000000000000000000000000000000000000000000000000
FFFAF9EB8000CB213FFDE9FF800033438FFFF25DD800291C5FFFF1CBF5FFFBCFD1
000000000000000000000000000000000000000000000000000000000000000000
000000000000000000000000000000000000000000000000000000000000000000
000000000000000000000000000000000000000000000000000000000000000000
FFFCEEEE000256CEC00164230000072440003C4D78001ED69800236FB400107AC9
000000000000000000000000000000000000000000000000000000000000000000
FFFD1334FFFC46E9BFFFF0B2BFFF6BDC300033DC080041DA67FFEFCC4FFFFCA02D
000000000000000000000000000000000000000000000000000000000000000000
FFFC25DFFFFBE4D8BFFE34B13FFF96934FFFCB461FFFFE9D07FFF7BEBA000A5186
000000000000000000000000000000000000000000000000000000000000000000
000000000000000000000000000000000000000000000000000000000000000000
00011A37800342B27FFE4121FFFF914CBFFFE718A80009062C000E0438000D3665
000000000000000000000000000000000000000000000000000000000000000000
000000000000000000000000000000000000000000000000000000000000000000
000000000000000000000000000000000000000000000000000000000000000000
000000000000000000000000000000000000000000000000000000000000000000
000000000000000000000000000000000000000000000000000000000000000000
000000000000000000000000000000000000000000000000000000000000000000
000000000000000000000000000000000000000000000000000000000000000000
0007FF228000F913C00165579FFF0E9EEFFFF3345000310B34000651A9FFF83986
000000000000000000000000000000000000000000000000000000000000000000
000000000000000000000000000000000000000000000000000000000000000000
000000000000000000000000000000000000000000000000000000000000000000
000000000000000000000000000000000000000000000000000000000000000000
000000000000000000000000000000000000000000000000000000000000000000
FFFCB11D80031CB3400142CDC0000481500046975FFFC628E7FFEF2A5FFFFFEB18
000000000000000000000000000000000000000000000000000000000000000000
000000000000000000000000000000000000000000000000000000000000000000
000000000000000000000000000000000000000000000000000000000000000000
000000000000000000000000000000000000000000000000000000000000000000
0005642700014D70BFFF0D0520010432B0001B9F90000D2577FFEAF2F8000A1C46
0003F63C7FFD7746BFFF4F60000058E4100041D1400000A047FFFC5DBFFFF355A0
000000000000000000000000000000000000000000000000000000000000000000
000000000000000000000000000000000000000000000000000000000000000000
FFFDFC29FFFF258E7FFEE35F1FFF7CDC7FFFDD3948002495800008B561FFF19C43
000000000000000000000000000000000000000000000000000000000000000000
0004E292FFFD4638FFFE9D99FFFFE7DB1FFFB29228001FBA10000C1D37FFF0DF63
000000000000000000000000000000000000000000000000000000000000000000
000000000000000000000000000000000000000000000000000000000000000000
000000000000000000000000000000000000000000000000000000000000000000
FFF98A677FFE4DA23FFE9BF79FFF0EEF7000120D47FFD54A8C001ADE90000C7441
000000000000000000000000000000000000000000000000000000000000000000
000000000000000000000000000000000000000000000000000000000000000000
000000000000000000000000000000000000000000000000000000000000000000
FFFB0FA780018B104000C46A0000410820000533E7FFF66F3FFFF6748BFFFDA6C4
000000000000000000000000000000000000000000000000000000000000000000
000000000000000000000000000000000000000000000000000000000000000000
000000000000000000000000000000000000000000000000000000000000000000
000000000000000000000000000000000000000000000000000000000000000000
000000000000000000000000000000000000000000000000000000000000000000
000000000000000000000000000000000000000000000000000000000000000000
000000000000000000000000000000000000000000000000000000000000000000
FFFD2848FFFCC22440021BB220009BF0CFFF8073CFFFF09904001A8B1C0010B130
000000000000000000000000000000000000000000000000000000000000000000
000000000000000000000000000000000000000000000000000000000000000000
000000000000000000000000000000000000000000000000000000000000000000
000000000000000000000000000000000000000000000000000000000000000000
000000000000000000000000000000000000000000000000000000000000000000
0004EC237FFDC80E7FFDD96A7FFEED621FFFF4E300001836D8000980B3FFF7433A
000000000000000000000000000000000000000000000000000000000000000000
00057FAA80036F4D000171641FFF56E37FFFBACE57FFF3D42BFFE3D330000C07CA
000000000000000000000000000000000000000000000000000000000000000000
000000000000000000000000000000000000000000000000000000000000000000
000000000000000000000000000000000000000000000000000000000000000000
000000000000000000000000000000000000000000000000000000000000000000
00056BFDFFFBE0F14000347C9FFFCF3560000A83000025B87BFFE34251FFF59444
0003E11A00031BB77FFF52CF1FFFFC988FFFE2841FFFEE7DEC000662A3FFF91EFA
000000000000000000000000000000000000000000000000000000000000000000
000000000000000000000000000000000000000000000000000000000000000000
FFFB20D2800308143FFEBCA3C0002AA6AFFFE439400024E98BFFF5C95E000251D8
000000000000000000000000000000000000000000000000000000000000000000
000000000000000000000000000000000000000000000000000000000000000000
000000000000000000000000000000000000000000000000000000000000000000
000000000000000000000000000000000000000000000000000000000000000000
0005B4B4FFFFF804FFFFD79CBFFEF689EFFFFEC2A0002AC21000210287FFFEFD34
000000000000000000000000000000000000000000000000000000000000000000
000000000000000000000000000000000000000000000000000000000000000000
000000000000000000000000000000000000000000000000000000000000000000
000000000000000000000000000000000000000000000000000000000000000000
000000000000000000000000000000000000000000000000000000000000000000
000000000000000000000000000000000000000000000000000000000000000000
000000000000000000000000000000000000000000000000000000000000000000
000000000000000000000000000000000000000000000000000000000000000000
0003A095FFFCD2247FFEDA651FFF637C4FFFDF414800278244000A32F1FFF97A7F
000000000000000000000000000000000000000000000000000000000000000000
000000000000000000000000000000000000000000000000000000000000000000
000000000000000000000000000000000000000000000000000000000000000000
FFF7887F7FFDA039000053496000E47DDFFFF6669FFFEE9D6400098654000A0F0C
000000000000000000000000000000000000000000000000000000000000000000
000000000000000000000000000000000000000000000000000000000000000000
000000000000000000000000000000000000000000000000000000000000000000
000000000000000000000000000000000000000000000000000000000000000000
000000000000000000000000000000000000000000000000000000000000000000
000000000000000000000000000000000000000000000000000000000000000000
00073B6E0000B3E63FFFBD0C4000DBEBBFFFFEF6D0002FDACC000B06A7FFF0ED87
000000000000000000000000000000000000000000000000000000000000000000
000000000000000000000000000000000000000000000000000000000000000000
000000000000000000000000000000000000000000000000000000000000000000
FFFD3BF8000424674000E069E0003A625FFFCAE840003C7463FFFC4AD2000E6753
000000000000000000000000000000000000000000000000000000000000000000
000000000000000000000000000000000000000000000000000000000000000000
000000000000000000000000000000000000000000000000000000000000000000
FFFF16CF7FFE71FD7FFE2528BFFFF574C00032037800220CE000190A89FFFC1F97
000793A7800362D880017C347FFF53D4EFFF9466FFFFD27843FFF2F6B1FFFEB9BD
000000000000000000000000000000000000000000000000000000000000000000
000000000000000000000000000000000000000000000000000000000000000000
000000000000000000000000000000000000000000000000000000000000000000
000000000000000000000000000000000000000000000000000000000000000000
000000000000000000000000000000000000000000000000000000000000000000
FFF91ECCFFFFA9A180009C8DDFFF5CFFA00008984000267ADFFFE59B3A000EF6B1
FFFB500D80004D677FFF637AFFFF2DCF10000AE0A7FFD28C4C000845A600030966
00051125800053A64001B740C000B6AF6FFF7525F8002220CFFFE7A3F0000C6BB8
000000000000000000000000000000000000000000000000000000000000000000
000000000000000000000000000000000000000000000000000000000000000000
0002BC1E7FFC012EBFFFAD0F7FFFBE642FFF80AF680032EEE7FFE7D43A00058437
000000000000000000000000000000000000000000000000000000000000000000
000000000000000000000000000000000000000000000000000000000000000000
000000000000000000000000000000000000000000000000000000000000000000
000000000000000000000000000000000000000000000000000000000000000000
000000000000000000000000000000000000000000000000000000000000000000
000000000000000000000000000000000000000000000000000000000000000000
000000000000000000000000000000000000000000000000000000000000000000
000000000000000000000000000000000000000000000000000000000000000000
0004DD6FFFFD0AFDBFFDF968E0004E354FFF950E7FFFE17500000A8585FFF4FF0C
000000000000000000000000000000000000000000000000000000000000000000
000000000000000000000000000000000000000000000000000000000000000000
000000000000000000000000000000000000000000000000000000000000000000
FFFC39487FFCE3027FFE37A7A0003F76B000518FB8002C39C80005B17200106EFE
000404747FFE4E807FFFF02BA000D2B2E000215D4000277C00000E75E3FFEE8C11
000000000000000000000000000000000000000000000000000000000000000000
000000000000000000000000000000000000000000000000000000000000000000
000000000000000000000000000000000000000000000000000000000000000000
000000000000000000000000000000000000000000000000000000000000000000
000000000000000000000000000000000000000000000000000000000000000000
FFF9C49080034323800126F000008CDB40003317E80010C527FFFFBF9E0000F2F5
000000000000000000000000000000000000000000000000000000000000000000
000000000000000000000000000000000000000000000000000000000000000000
000000000000000000000000000000000000000000000000000000000000000000
000220D10004302A800166630000E87C1FFFA479C80008C1EBFFE66358000446F7
FFF8E08E80008E4CBFFF2A3FBFFFF2D31FFFE980A7FFCB9257FFF5A795FFFE2071
000000000000000000000000000000000000000000000000000000000000000000
000000000000000000000000000000000000000000000000000000000000000000
000000000000000000000000000000000000000000000000000000000000000000
FFF92F8F0000E6287FFE6E8CBFFFF703BFFFB98388001B07700013A061FFF47C74
000000000000000000000000000000000000000000000000000000000000000000
000000000000000000000000000000000000000000000000000000000000000000
000359AB000058F1BFFF86E9DFFFD201D0000359600026D8780004373C000B821B
000000000000000000000000000000000000000000000000000000000000000000
000000000000000000000000000000000000000000000000000000000000000000
000000000000000000000000000000000000000000000000000000000000000000
FFF9204D000335907FFED0894000D7544FFF8C53780004D6F8002274E80005DEC1
000000000000000000000000000000000000000000000000000000000000000000
000000000000000000000000000000000000000000000000000000000000000000
000000000000000000000000000000000000000000000000000000000000000000
000119D8FFFCD626C000B644C000FC133FFF8702FFFFE2216C0012DFC7FFFAD1AD
000000000000000000000000000000000000000000000000000000000000000000
000000000000000000000000000000000000000000000000000000000000000000
000000000000000000000000000000000000000000000000000000000000000000
000000000000000000000000000000000000000000000000000000000000000000
000000000000000000000000000000000000000000000000000000000000000000
000000000000000000000000000000000000000000000000000000000000000000
000000000000000000000000000000000000000000000000000000000000000000
000000000000000000000000000000000000000000000000000000000000000000
000000000000000000000000000000000000000000000000000000000000000000
FFF763D7FFFFAF7C3FFF2BCB3FFF3060CFFFB29AF000198E080019245C0009539E
000000000000000000000000000000000000000000000000000000000000000000
000000000000000000000000000000000000000000000000000000000000000000
000000000000000000000000000000000000000000000000000000000000000000
000000000000000000000000000000000000000000000000000000000000000000
000000000000000000000000000000000000000000000000000000000000000000
000000000000000000000000000000000000000000000000000000000000000000
000000000000000000000000000000000000000000000000000000000000000000
000000000000000000000000000000000000000000000000000000000000000000
00063E7DFFFDEC01FFFF8980BFFF3CA7B000412AE000255A8FFFED4C4C0002FAAE
000000000000000000000000000000000000000000000000000000000000000000
000000000000000000000000000000000000000000000000000000000000000000
0001AD077FFFCCDD7FFECA3260001FD78FFFAE245000074C84000429A4000A4FC9
000000000000000000000000000000000000000000000000000000000000000000
000000000000000000000000000000000000000000000000000000000000000000
0007759680001FB54001D1BA5FFF8EE240000572A000239D47FFF78A71FFFC2A86
FFF909117FFD8D280000FC77BFFFCA8AC000648BE8002884C7FFEE67A400079A2E
000000000000000000000000000000000000000000000000000000000000000000
000000000000000000000000000000000000000000000000000000000000000000
000000000000000000000000000000000000000000000000000000000000000000
00079CA100030C0F3FFFB3C7200012CE6FFF62E340003CCED7FFF4CF2DFFFE3242
000000000000000000000000000000000000000000000000000000000000000000
000000000000000000000000000000000000000000000000000000000000000000
000000000000000000000000000000000000000000000000000000000000000000
000000000000000000000000000000000000000000000000000000000000000000
000000000000000000000000000000000000000000000000000000000000000000
0004C2940004B177BFFF8C6B3FFF0CBF2FFFB6F6E8002CC363FFE74515FFFA6EF9
000000000000000000000000000000000000000000000000000000000000000000
000000000000000000000000000000000000000000000000000000000000000000
000000000000000000000000000000000000000000000000000000000000000000
000000000000000000000000000000000000000000000000000000000000000000
000000000000000000000000000000000000000000000000000000000000000000
000000000000000000000000000000000000000000000000000000000000000000
000000000000000000000000000000000000000000000000000000000000000000
000000000000000000000000000000000000000000000000000000000000000000
000000000000000000000000000000000000000000000000000000000000000000
0001056000013B10FFFE89629FFFD20BBFFF8DA6E0002E8407FFED17C7FFF71358
000000000000000000000000000000000000000000000000000000000000000000
000000000000000000000000000000000000000000000000000000000000000000
0000518D0003ED87BFFE6BE8000092FCCFFFC9ADB8001138DBFFF29101FFF25051
FFFAC0DB00026A41C0025CED8000C4880FFF9EC517FFD2ECE3FFE47E1FFFFC2BBB
000000000000000000000000000000000000000000000000000000000000000000
000000000000000000000000000000000000000000000000000000000000000000
000000000000000000000000000000000000000000000000000000000000000000
000000000000000000000000000000000000000000000000000000000000000000
00066965FFFD64ACBFFE2DBA40002AADBFFFC7AEFFFFD3ACCC0005120DFFFFAC73
000000000000000000000000000000000000000000000000000000000000000000
000000000000000000000000000000000000000000000000000000000000000000
000000000000000000000000000000000000000000000000000000000000000000
FFFDBB6100014C5E00013D97DFFF617C2FFFAF0DEFFFEAFCAC0005360FFFF5B6FA
FFFB8A508000A82CC00149B0E000B428EFFF8F31C000295E5C00263F08000A8FDE
000000000000000000000000000000000000000000000000000000000000000000
000000000000000000000000000000000000000000000000000000000000000000
000000000000000000000000000000000000000000000000000000000000000000
000000000000000000000000000000000000000000000000000000000000000000
FFFD32137FFD7584000164B33FFF7D4F20003A5237FFF55AEBFFFA3981FFF5744C
00012E05FFFD8426FFFF7EFAA0001C71D00062222FFFED92B0001167840000125D
000000000000000000000000000000000000000000000000000000000000000000
000000000000000000000000000000000000000000000000000000000000000000
000000000000000000000000000000000000000000000000000000000000000000
000000000000000000000000000000000000000000000000000000000000000000
0006C006800400760000E998E0014901DFFFCBBB80002813ABFFE7B108000431DB
000000000000000000000000000000000000000000000000000000000000000000
FFFE4284FFFE5888BFFE8A17800014047FFF99A648000B19CC000F90A8000C4489
000000000000000000000000000000000000000000000000000000000000000000
000000000000000000000000000000000000000000000000000000000000000000
000000000000000000000000000000000000000000000000000000000000000000
0001D5B2FFFD781C3FFF7B0D8000AA2A90001F66BFFFCE7A680012E699FFFC3A2A
000000000000000000000000000000000000000000000000000000000000000000
FFFC05987FFD711F4000EECEBFFF4AF95000255DDFFFE9128BFFE997BBFFFB7AED
000000000000000000000000000000000000000000000000000000000000000000
000000000000000000000000000000000000000000000000000000000000000000
000000000000000000000000000000000000000000000000000000000000000000
00083DBEFFFDA013FFFE65975FFFC0C8E000319BE80007C51000193967FFF1CE36
000000000000000000000000000000000000000000000000000000000000000000
000000000000000000000000000000000000000000000000000000000000000000
000137D08001E9948000C03860009A5C4FFFBA6CA7FFC4934BFFD74073FFFD4B96
000000000000000000000000000000000000000000000000000000000000000000
000000000000000000000000000000000000000000000000000000000000000000
000000000000000000000000000000000000000000000000000000000000000000
000000000000000000000000000000000000000000000000000000000000000000
000000000000000000000000000000000000000000000000000000000000000000
000000000000000000000000000000000000000000000000000000000000000000
000000000000000000000000000000000000000000000000000000000000000000
000000000000000000000000000000000000000000000000000000000000000000
000000000000000000000000000000000000000000000000000000000000000000
000000000000000000000000000000000000000000000000000000000000000000
FFFA2AFBFFFDE42C0000517E5FFF5B62700070E578002E67D40016B9FBFFF7618E
000603C00002CFF6BFFF3EC4C00029920FFFAE57D800230EEC00116D39FFF85589
FFFC1E1DFFFCACF27FFFAC7A7FFF33769FFFA18DB00001DB40001C3907FFF3FFCA
000000000000000000000000000000000000000000000000000000000000000000
000000000000000000000000000000000000000000000000000000000000000000
000000000000000000000000000000000000000000000000000000000000000000
000000000000000000000000000000000000000000000000000000000000000000
000000000000000000000000000000000000000000000000000000000000000000
000000000000000000000000000000000000000000000000000000000000000000
0008B99D8002A185C000C42E1FFF76411000533348003CB5C7FFE65DA400040B7D
000000000000000000000000000000000000000000000000000000000000000000
000000000000000000000000000000000000000000000000000000000000000000
000000000000000000000000000000000000000000000000000000000000000000
000000000000000000000000000000000000000000000000000000000000000000
000000000000000000000000000000000000000000000000000000000000000000
000000000000000000000000000000000000000000000000000000000000000000
00009C3280011C5A40002531BFFF7FFEA00039DDE00007FF700009E81A00120109
000000000000000000000000000000000000000000000000000000000000000000
0003875CFFFE82C2FFFF7D103FFF2DC50FFFA42E6FFFC41804000FA610000A67DE
000000000000000000000000000000000000000000000000000000000000000000
000051E67FFFB4BDC0001A4D40001FFD2000599ADFFFDF79900019B4EC000B8187
000000000000000000000000000000000000000000000000000000000000000000
000000000000000000000000000000000000000000000000000000000000000000
000000000000000000000000000000000000000000000000000000000000000000
000000000000000000000000000000000000000000000000000000000000000000
000000000000000000000000000000000000000000000000000000000000000000
000000000000000000000000000000000000000000000000000000000000000000
000000000000000000000000000000000000000000000000000000000000000000
000000000000000000000000000000000000000000000000000000000000000000
000000000000000000000000000000000000000000000000000000000000000000
000000000000000000000000000000000000000000000000000000000000000000
000000000000000000000000000000000000000000000000000000000000000000
000000000000000000000000000000000000000000000000000000000000000000
FFFD66E30001CA580000907120005C564FFFE683FFFFD848E7FFF9F1CDFFF94B7A
000000000000000000000000000000000000000000000000000000000000000000
000000000000000000000000000000000000000000000000000000000000000000
000000000000000000000000000000000000000000000000000000000000000000
000000000000000000000000000000000000000000000000000000000000000000
000000000000000000000000000000000000000000000000000000000000000000
0004CE517FFC4A4F7FFF2AA91FFF5F70A00090561FFFE04667FFE430B80007E3D4
000000000000000000000000000000000000000000000000000000000000000000
0003AF200003046C00012EFEE0003A9DA0003F6D9FFFED0EE7FFEC609600026715
FFFB173D0000EEB5FFFEB2DBFFFF9FE960008CD46FFFF5E9D3FFEFE9AE0002AACB
000000000000000000000000000000000000000000000000000000000000000000
FFFE6C0FFFFE33ECC001670E3FFFB7AA7FFF6F8388002C6BCFFFF9CF400007A8E4
FFFD56427FFCE6903FFE7967DFFFD8BB4FFFE3BEF000327F53FFFF37DA000AAB21
FFF7AF5680021603C00024509FFFF40BDFFFF9FD5000291953FFE9CE6200004CD1
000000000000000000000000000000000000000000000000000000000000000000
000000000000000000000000000000000000000000000000000000000000000000
000000000000000000000000000000000000000000000000000000000000000000
000000000000000000000000000000000000000000000000000000000000000000
000000000000000000000000000000000000000000000000000000000000000000
000000000000000000000000000000000000000000000000000000000000000000
000000000000000000000000000000000000000000000000000000000000000000
FFFE0C5B0000B22D3FFEAE7C6000554D6FFFEAACE800339A0800187731FFFA5FA5
000000000000000000000000000000000000000000000000000000000000000000
FFFD84C280028217C001A06160001B41FFFFB62A98003480F80011785BFFF5F811
000000000000000000000000000000000000000000000000000000000000000000
000000000000000000000000000000000000000000000000000000000000000000
FFFF007F80024F900000C0F31FFFA6424FFFA6AF1800258033FFF7DA1FFFF8FC36
000000000000000000000000000000000000000000000000000000000000000000
000000000000000000000000000000000000000000000000000000000000000000
000000000000000000000000000000000000000000000000000000000000000000
000000000000000000000000000000000000000000000000000000000000000000
000000000000000000000000000000000000000000000000000000000000000000
000000000000000000000000000000000000000000000000000000000000000000
000000000000000000000000000000000000000000000000000000000000000000
00020AD3FFFFFBC13FFE78E90000F144FFFFF2EF57FFE277840010BE8800039219
000000000000000000000000000000000000000000000000000000000000000000
000000000000000000000000000000000000000000000000000000000000000000
0000FC28FFFFCE9EFFFED9AE5FFFE429800079A84FFFCEF433FFEF814600076AA9
FFFAB2B10003D272FFFE479FC000CF0C3FFFF8B72FFFCC67F00016500DFFF51CB6
000000000000000000000000000000000000000000000000000000000000000000
000000000000000000000000000000000000000000000000000000000000000000
0007458A7FFD402C7FFF4EFA8000DBB3100031DA17FFCDD01400095B67FFFD12E5
0001FD2B800134A240010F88000068EB4FFFA3467800075AA00013853A00117005
000000000000000000000000000000000000000000000000000000000000000000
000000000000000000000000000000000000000000000000000000000000000000
FFFAECB780006A2AFFFF0DFCFFFF29D7B000127F600019829800017FD5FFFFCDAC
000000000000000000000000000000000000000000000000000000000000000000
000000000000000000000000000000000000000000000000000000000000000000
000000000000000000000000000000000000000000000000000000000000000000
000000000000000000000000000000000000000000000000000000000000000000
000000000000000000000000000000000000000000000000000000000000000000
00059892000280C33FFE637B8000676040000172480021E774001FB30A0008ED8F
000000000000000000000000000000000000000000000000000000000000000000
000000000000000000000000000000000000000000000000000000000000000000
000000000000000000000000000000000000000000000000000000000000000000
000000000000000000000000000000000000000000000000000000000000000000
000000000000000000000000000000000000000000000000000000000000000000
FFFBBB8700025F144001381BC0001621FFFFAE83B7FFF195280006E35E000047D1
000000000000000000000000000000000000000000000000000000000000000000
000000000000000000000000000000000000000000000000000000000000000000
000000000000000000000000000000000000000000000000000000000000000000
FFFCA4B10000D9E880019D0B3FFF58587FFFE64920003FF37000145595FFF4C284
000000000000000000000000000000000000000000000000000000000000000000
000000000000000000000000000000000000000000000000000000000000000000
00037B497FFC01D6BFFE71797FFF1CD98FFFB6CBE7FFC94CEFFFFF8D5DFFFEB725
000000000000000000000000000000000000000000000000000000000000000000
000000000000000000000000000000000000000000000000000000000000000000
0004FC3700002C7740007BC760007A27D00033C748000430AC000A05DA000E2C7B
000000000000000000000000000000000000000000000000000000000000000000
000000000000000000000000000000000000000000000000000000000000000000
000000000000000000000000000000000000000000000000000000000000000000
000000000000000000000000000000000000000000000000000000000000000000
000000000000000000000000000000000000000000000000000000000000000000
000000000000000000000000000000000000000000000000000000000000000000
000000000000000000000000000000000000000000000000000000000000000000
000000000000000000000000000000000000000000000000000000000000000000
000000000000000000000000000000000000000000000000000000000000000000
FFFD6479FFFF17898001BBD85FFF079BC000174020001AF31BFFE5D207FFF9BC94
000000000000000000000000000000000000000000000000000000000000000000
00067A3C7FFF61AB3FFFAE30FFFEFC72BFFFCD499800066370000091E7FFEFA527
000000000000000000000000000000000000000000000000000000000000000000
000000000000000000000000000000000000000000000000000000000000000000
000000000000000000000000000000000000000000000000000000000000000000
000000000000000000000000000000000000000000000000000000000000000000
000000000000000000000000000000000000000000000000000000000000000000
000000000000000000000000000000000000000000000000000000000000000000
000000000000000000000000000000000000000000000000000000000000000000
000000000000000000000000000000000000000000000000000000000000000000
FFF9FCC1000143F87FFF2BA44000CF9B0FFFE6454FFFFF1D9FFFE33FD8000EB1D3
000000000000000000000000000000000000000000000000000000000000000000
000000000000000000000000000000000000000000000000000000000000000000
00089A8880014B1CFFFF097EA000311A4FFFBFA7200013D883FFF72AA1FFFFD7FB
000000000000000000000000000000000000000000000000000000000000000000
000000000000000000000000000000000000000000000000000000000000000000
FFFFEE827FFDB37A3FFE8D507FFF3FE94FFFB56CB7FFF19237FFF072AE00021D1D
000000000000000000000000000000000000000000000000000000000000000000
000000000000000000000000000000000000000000000000000000000000000000
000000000000000000000000000000000000000000000000000000000000000000
000000000000000000000000000000000000000000000000000000000000000000
000319A880041C664000B5FB2000C5CBFFFFAC0E580036F9C40001C821FFF4C263
FFFB6C7A8000560AFFFE75E69FFFA1876FFFAC5CC7FFF76DA3FFF4C42FFFFBB1B5
000000000000000000000000000000000000000000000000000000000000000000
000000000000000000000000000000000000000000000000000000000000000000
000000000000000000000000000000000000000000000000000000000000000000
0005CF1DFFFFD9C0C0015FDA6000704810005747280032C247FFECA6BC0001AB42
000000000000000000000000000000000000000000000000000000000000000000
000000000000000000000000000000000000000000000000000000000000000000
0004C06080006A517FFE3A0E2000EA00500020E94FFFF346280024F915FFFCB356
000000000000000000000000000000000000000000000000000000000000000000
000000000000000000000000000000000000000000000000000000000000000000
000000000000000000000000000000000000000000000000000000000000000000
FFFFF0727FFCB55A40011BEE1FFFE4321FFFAB6970002799FBFFDF6E68000E46F8
000000000000000000000000000000000000000000000000000000000000000000
000000000000000000000000000000000000000000000000000000000000000000
000000000000000000000000000000000000000000000000000000000000000000
000000000000000000000000000000000000000000000000000000000000000000
000000000000000000000000000000000000000000000000000000000000000000
000000000000000000000000000000000000000000000000000000000000000000
000000000000000000000000000000000000000000000000000000000000000000
000000000000000000000000000000000000000000000000000000000000000000
000000000000000000000000000000000000000000000000000000000000000000
000000000000000000000000000000000000000000000000000000000000000000
000000000000000000000000000000000000000000000000000000000000000000
000000000000000000000000000000000000000000000000000000000000000000
000000000000000000000000000000000000000000000000000000000000000000
000000000000000000000000000000000000000000000000000000000000000000
000111F3FFFD6507C0016967800073D890000DD328002425E0001B620C0002D061
000000000000000000000000000000000000000000000000000000000000000000
000000000000000000000000000000000000000000000000000000000000000000
00040D5D0000B01AC000E6CB5FFFB1EDBFFF84A697FFCB3C37FFFEEB6BFFFE54A7
000000000000000000000000000000000000000000000000000000000000000000
000000000000000000000000000000000000000000000000000000000000000000
FFF85850FFFD96D0FFFF7DE7BFFF4C11FFFFDFFA68001522140013B9AC0006E13E
000000000000000000000000000000000000000000000000000000000000000000
000000000000000000000000000000000000000000000000000000000000000000
000000000000000000000000000000000000000000000000000000000000000000
0003D84A8000D77A8001D1BB00008AA7400017D5B7FFF34B9BFFFB69DE000AAF36
000659187FFCB52A7FFE0927DFFF307270002CD2E80008B48FFFE63EA7FFF1E246
000000000000000000000000000000000000000000000000000000000000000000
00035926000288B6000158487FFF205B2FFFA2BD7FFFF1BAEFFFDCA2BA000B1F8B
000000000000000000000000000000000000000000000000000000000000000000
000000000000000000000000000000000000000000000000000000000000000000
000310D4800091D980007107A0004A963000095C980012BBC3FFFC046A0011C218
000000000000000000000000000000000000000000000000000000000000000000
FFF9A67880019C113FFF7F89DFFFCBD1AFFFBEBB67FFFDBEAC00006B6BFFF91BFD
000000000000000000000000000000000000000000000000000000000000000000
000000000000000000000000000000000000000000000000000000000000000000
FFFD1C2280028D0F7FFE9E4ADFFF737A60002556BFFFF3BBE3FFECFCB3FFF8B543
FFFB493800029534FFFFBB339FFF6EE8EFFFD055300023EE93FFE3BA5200007C53
000000000000000000000000000000000000000000000000000000000000000000
000000000000000000000000000000000000000000000000000000000000000000
000000000000000000000000000000000000000000000000000000000000000000
000000000000000000000000000000000000000000000000000000000000000000
000000000000000000000000000000000000000000000000000000000000000000
FFFC369E800212A1000127D8FFFF3C48D0002F8CC00003510C0004F321FFF075E0
FFFE781AFFFC8CBF0001BAC27FFF4978600007A3FFFFD5FFFBFFE77085FFF91407
000000000000000000000000000000000000000000000000000000000000000000
000000000000000000000000000000000000000000000000000000000000000000
000000000000000000000000000000000000000000000000000000000000000000
000000000000000000000000000000000000000000000000000000000000000000
000000000000000000000000000000000000000000000000000000000000000000
000550F6000116EE3FFEA1AE7FFF65CA80004AB00FFFD845DC0001FDC3FFF46F01
000000000000000000000000000000000000000000000000000000000000000000
000000000000000000000000000000000000000000000000000000000000000000
000000000000000000000000000000000000000000000000000000000000000000
000000000000000000000000000000000000000000000000000000000000000000
000000000000000000000000000000000000000000000000000000000000000000
000000000000000000000000000000000000000000000000000000000000000000
000000000000000000000000000000000000000000000000000000000000000000
000000000000000000000000000000000000000000000000000000000000000000
000000000000000000000000000000000000000000000000000000000000000000
000000000000000000000000000000000000000000000000000000000000000000
000000000000000000000000000000000000000000000000000000000000000000
0006036F00031638000076B0E0001F6060005D7FBFFFD38757FFFFDF80000B68BD
000000000000000000000000000000000000000000000000000000000000000000
000000000000000000000000000000000000000000000000000000000000000000
FFFCDA67800340A98001CB286000E5691000179F1800390B2800016C140006A31B
000000000000000000000000000000000000000000000000000000000000000000
0005540E8001785D7FFF594D000096664FFFF35C3FFFEA8D84000DBC2A00047444
FFFD46A97FFDE7D27FFFFAAE9FFFC95B0FFFEDB037FFFDCB87FFEC6F77FFFB6C27
FFF835DC8001361FBFFE98449FFFD1DD80000985C000145BF0001B10EC00090ACD
000000000000000000000000000000000000000000000000000000000000000000
000000000000000000000000000000000000000000000000000000000000000000
000000000000000000000000000000000000000000000000000000000000000000
000000000000000000000000000000000000000000000000000000000000000000
FFF889678001358600003137A0008A813FFFE235C8000DEC87FFEA4468000B06E9
FFF992C57FFF1E254000C867E00089DECFFFECA470002CC1F3FFF42D13FFFAA505
000000000000000000000000000000000000000000000000000000000000000000
000000000000000000000000000000000000000000000000000000000000000000
000000000000000000000000000000000000000000000000000000000000000000
000000000000000000000000000000000000000000000000000000000000000000
0004314AFFFB9F7FBFFEAA76DFFF270D70005A3D18000F4EFBFFEB7366000E1E08
000000000000000000000000000000000000000000000000000000000000000000
000000000000000000000000000000000000000000000000000000000000000000
000000000000000000000000000000000000000000000000000000000000000000
000000000000000000000000000000000000000000000000000000000000000000
FFFDC8B5FFFDF3223FFF808EC000360CFFFFE4723FFFE5417C000FC219FFFFA411
000014E480023FBDC00040FE3FFF5F46C0002C31F8002467F7FFE804BFFFF2CDC3
000000000000000000000000000000000000000000000000000000000000000000
000271FEFFFE4B443FFFCACAC000228E7FFFF9B8100035AE9BFFFBA3B800092C6E
000000000000000000000000000000000000000000000000000000000000000000
000000000000000000000000000000000000000000000000000000000000000000
000000000000000000000000000000000000000000000000000000000000000000
000000000000000000000000000000000000000000000000000000000000000000
000000000000000000000000000000000000000000000000000000000000000000
000000000000000000000000000000000000000000000000000000000000000000
000000000000000000000000000000000000000000000000000000000000000000
00066B22FFFF90E880007C34BFFF32AE9FFFD65A47FFF51340000A8736000BF371
000000000000000000000000000000000000000000000000000000000000000000
000000000000000000000000000000000000000000000000000000000000000000
000000000000000000000000000000000000000000000000000000000000000000
000000000000000000000000000000000000000000000000000000000000000000
000000000000000000000000000000000000000000000000000000000000000000
0000D2197FFCA5F6C001ACCEC000F7EE10007B5B70002D248C00149DE0000B2055
000000000000000000000000000000000000000000000000000000000000000000
000000000000000000000000000000000000000000000000000000000000000000
000000000000000000000000000000000000000000000000000000000000000000
000000000000000000000000000000000000000000000000000000000000000000
000000000000000000000000000000000000000000000000000000000000000000
FFF9D4D40002E44AFFFE6D247FFFE857EFFFD4946FFFE48C0800069B2000006A9F
000000000000000000000000000000000000000000000000000000000000000000
000000000000000000000000000000000000000000000000000000000000000000
000000000000000000000000000000000000000000000000000000000000000000
000000000000000000000000000000000000000000000000000000000000000000
000000000000000000000000000000000000000000000000000000000000000000
000000000000000000000000000000000000000000000000000000000000000000
000000000000000000000000000000000000000000000000000000000000000000
000000000000000000000000000000000000000000000000000000000000000000
000000000000000000000000000000000000000000000000000000000000000000
FFFD2E577FFDA7C7BFFF2626C000667F1000623C6000139F60001637900008D0F4
000000000000000000000000000000000000000000000000000000000000000000
000000000000000000000000000000000000000000000000000000000000000000
0004B8AF7FFEAEEEBFFEF8E75FFFE9EC2FFFAF6B60003350BBFFEA75BC001147E8
000000000000000000000000000000000000000000000000000000000000000000
000000000000000000000000000000000000000000000000000000000000000000
000000000000000000000000000000000000000000000000000000000000000000
000000000000000000000000000000000000000000000000000000000000000000
000000000000000000000000000000000000000000000000000000000000000000
000000000000000000000000000000000000000000000000000000000000000000
000000000000000000000000000000000000000000000000000000000000000000
FFFB0D687FFDEE68C001E13A8000999E400011A1C800397DD7FFEBED07FFF63004
FFF89A29FFFED8E9400176635FFF395EDFFFD7560800399577FFFC3533FFF8F4D2
000000000000000000000000000000000000000000000000000000000000000000
000000000000000000000000000000000000000000000000000000000000000000
000000000000000000000000000000000000000000000000000000000000000000
FFFEECF0000094EF800096DF80008810BFFF85850000342324001A811DFFF1A66D
000000000000000000000000000000000000000000000000000000000000000000
000428AF7FFB292E4001AEF620000C1350007F4378000F4E7BFFEB9AFE000152C0
000000000000000000000000000000000000000000000000000000000000000000
000000000000000000000000000000000000000000000000000000000000000000
000000000000000000000000000000000000000000000000000000000000000000
000756958003A50D3FFE82121FFFF0ED6FFF8C29E7FFC6ED5000142776000B8784
FFFC21FD80008BFA3FFE7E759FFF7FA0FFFFAD9D7FFFDD5BB8000D740BFFFCB236
000000000000000000000000000000000000000000000000000000000000000000
000000000000000000000000000000000000000000000000000000000000000000
000000000000000000000000000000000000000000000000000000000000000000
FFFF524C800211133FFF87F0E0002BD51FFF8DEE700001F5BFFFF3AA3C0008DA4E
FFF9AEF67FFEAB8E800020F0BFFFB2911FFFD84C100004FADFFFF7F7ADFFF55B9B
00027154FFFE387A40001CB0E000DF84D00023B0F7FFDF5BAFFFF5A22DFFFDD219
000691F9FFFF81FEBFFEDD893FFF910AE000302660001F9557FFEA93A00007DDAF
000000000000000000000000000000000000000000000000000000000000000000
000000000000000000000000000000000000000000000000000000000000000000
000000000000000000000000000000000000000000000000000000000000000000
000000000000000000000000000000000000000000000000000000000000000000
000000000000000000000000000000000000000000000000000000000000000000
000000000000000000000000000000000000000000000000000000000000000000
000000000000000000000000000000000000000000000000000000000000000000
000000000000000000000000000000000000000000000000000000000000000000
000000000000000000000000000000000000000000000000000000000000000000
000000000000000000000000000000000000000000000000000000000000000000
000000000000000000000000000000000000000000000000000000000000000000
FFFE284B8003A2B6C0015C23C000C594B000248AA0002C43CFFFE8595BFFF8D0FE
000000000000000000000000000000000000000000000000000000000000000000
000000000000000000000000000000000000000000000000000000000000000000
000000000000000000000000000000000000000000000000000000000000000000
000000000000000000000000000000000000000000000000000000000000000000
000000000000000000000000000000000000000000000000000000000000000000
000000000000000000000000000000000000000000000000000000000000000000
000000000000000000000000000000000000000000000000000000000000000000
FFF6F7537FFDE0D1BFFF9B6DE000C374BFFFA5B47FFFDD62D800142E1DFFF8C419
000000000000000000000000000000000000000000000000000000000000000000
FFFBC9CC0002DE3D3FFFCB84C00114326FFFE37CF80009CA17FFE645D1FFECF681
000000000000000000000000000000000000000000000000000000000000000000
0001D551800077638001B319FFFF7AF69FFF756890001117C4000985E200063977
000000000000000000000000000000000000000000000000000000000000000000
FFFE5BDD8003E1C77FFEC682E00047C940003F0238002C331BFFEF61D1FFF4AEF1
000000000000000000000000000000000000000000000000000000000000000000
000000000000000000000000000000000000000000000000000000000000000000
FFFF982F7FFF3B0BC00231C76000B98E40005FD5BFFFC90B63FFEE00C9FFF5CED1
FFF873BA80028BE1400091E3FFFFADBF900017E2AFFFE25D6BFFE0C3EBFFF3876C
FFF8866BFFFEE2AD3FFF22063FFF6664200002FA18003E6E6BFFED00F3FFF88F5D
000000000000000000000000000000000000000000000000000000000000000000
000000000000000000000000000000000000000000000000000000000000000000
000000000000000000000000000000000000000000000000000000000000000000
000000000000000000000000000000000000000000000000000000000000000000
000000000000000000000000000000000000000000000000000000000000000000
000000000000000000000000000000000000000000000000000000000000000000
FFFCF8C17FFC1152BFFFFC24DFFF5536EFFF74F3780017B21C0009C483FFEB7B01
000000000000000000000000000000000000000000000000000000000000000000
000000000000000000000000000000000000000000000000000000000000000000
000000000000000000000000000000000000000000000000000000000000000000
000000000000000000000000000000000000000000000000000000000000000000
000000000000000000000000000000000000000000000000000000000000000000
000000000000000000000000000000000000000000000000000000000000000000
000000000000000000000000000000000000000000000000000000000000000000
000000000000000000000000000000000000000000000000000000000000000000
000000000000000000000000000000000000000000000000000000000000000000
00022254FFFDA7F5FFFE864D5FFEF1E290001482A8002C1CB400133167FFFDB243
000000000000000000000000000000000000000000000000000000000000000000
000000000000000000000000000000000000000000000000000000000000000000
000000000000000000000000000000000000000000000000000000000000000000
000000000000000000000000000000000000000000000000000000000000000000
000000000000000000000000000000000000000000000000000000000000000000
000000000000000000000000000000000000000000000000000000000000000000
000000000000000000000000000000000000000000000000000000000000000000
000000000000000000000000000000000000000000000000000000000000000000
000000000000000000000000000000000000000000000000000000000000000000
000000000000000000000000000000000000000000000000000000000000000000
000000000000000000000000000000000000000000000000000000000000000000
000000000000000000000000000000000000000000000000000000000000000000
000000000000000000000000000000000000000000000000000000000000000000
FFFA6133FFFCFF383FFF78C8C0003B86D000470900001B6F43FFDFDE41FFF198CE
FFFD6F96000284227FFFD089FFFF8B368FFFF5FAA0003AAA48000873EE000AAABA
000000000000000000000000000000000000000000000000000000000000000000
0001864F8000B7FCBFFEA34D40003F2030000CDFC7FFF1617400013B87FFF7723B
000492E7FFFB8EBF4001C5A4FFFF4521D0002559680013E4FC000F7D8DFFFEE4B0
000000000000000000000000000000000000000000000000000000000000000000
00075DAEFFFC77BE400007D9BFFF55B6DFFFA6F4500038F6D8001A77C60002DFB2
000000000000000000000000000000000000000000000000000000000000000000
000084CC7FFE5A030000CBA66000C9FAEFFFF6E2D7FFEA95C8001D9C96000AAFD6
000000000000000000000000000000000000000000000000000000000000000000
000000000000000000000000000000000000000000000000000000000000000000
FFF8E650000220A57FFF8163000092E870006C39A7FFCF72B0001EE9EBFFFA84FF
000000000000000000000000000000000000000000000000000000000000000000
000000000000000000000000000000000000000000000000000000000000000000
000000000000000000000000000000000000000000000000000000000000000000
000000000000000000000000000000000000000000000000000000000000000000
000000000000000000000000000000000000000000000000000000000000000000
000000000000000000000000000000000000000000000000000000000000000000
000614530000DB35FFFF0F97A0004F5B0FFF88C92000029184001F8E1FFFFD4C41
000000000000000000000000000000000000000000000000000000000000000000
000000000000000000000000000000000000000000000000000000000000000000
000000000000000000000000000000000000000000000000000000000000000000
000000000000000000000000000000000000000000000000000000000000000000
000000000000000000000000000000000000000000000000000000000000000000
000000000000000000000000000000000000000000000000000000000000000000
000000000000000000000000000000000000000000000000000000000000000000
000000000000000000000000000000000000000000000000000000000000000000
000000000000000000000000000000000000000000000000000000000000000000
000000000000000000000000000000000000000000000000000000000000000000
000000000000000000000000000000000000000000000000000000000000000000
000000000000000000000000000000000000000000000000000000000000000000
000000000000000000000000000000000000000000000000000000000000000000
000000000000000000000000000000000000000000000000000000000000000000
000000000000000000000000000000000000000000000000000000000000000000
FFFEE106800347D100002F05E0003520DFFFD61FAFFFEF1064000944DA000D9D1D
000000000000000000000000000000000000000000000000000000000000000000
000000000000000000000000000000000000000000000000000000000000000000
000000000000000000000000000000000000000000000000000000000000000000
000000000000000000000000000000000000000000000000000000000000000000
000210D28002399C7FFE19B28000D6DE3000761E38002B7B27FFEBEC53FFFA93B5
000000000000000000000000000000000000000000000000000000000000000000
000000000000000000000000000000000000000000000000000000000000000000
000000000000000000000000000000000000000000000000000000000000000000
000000000000000000000000000000000000000000000000000000000000000000
000000000000000000000000000000000000000000000000000000000000000000
000000000000000000000000000000000000000000000000000000000000000000
000000000000000000000000000000000000000000000000000000000000000000
00003C2F0001A72D3FFE0B2EE0007F1AB000529B0FFFE61DC40016368FFFF5F8C8
000000000000000000000000000000000000000000000000000000000000000000
000000000000000000000000000000000000000000000000000000000000000000
000000000000000000000000000000000000000000000000000000000000000000
000000000000000000000000000000000000000000000000000000000000000000
000000000000000000000000000000000000000000000000000000000000000000
000000000000000000000000000000000000000000000000000000000000000000
FFFE40B07FFB62B2C00119335FFFBB2D4FFFF69E6FFFF7AFC3FFED9597FFF89B92
0002D4E98002A9CD4000BFFB8000BC506FFFCA5168000F568BFFEC5A14000571CF
000000000000000000000000000000000000000000000000000000000000000000
000000000000000000000000000000000000000000000000000000000000000000
000000000000000000000000000000000000000000000000000000000000000000
0000D4F4FFFDA68FBFFF43841FFFFB0340001186B7FFE606B3FFE85ED1FFF4F943
FFFB83AC8002423A3FFEFFCE4000AB593FFFF5D3580005559400049757FFFB8B6E
0001B7167FFBB147FFFF4AE3800012A1F00006AA97FFEDA53BFFE0DE840006140F
000000000000000000000000000000000000000000000000000000000000000000
00028F5580025C0B4001EE99BFFFC314100008310FFFBADC84000BAA87FFFCC1E9
FFFCC5CC0002E81E7FFEE743C000B9BC900057A8200042A0B8001A97FFFFFE4C28
000000000000000000000000000000000000000000000000000000000000000000
0004EC18000210F67FFFC5C5000101214FFFE8B1500028150FFFE8A369FFF4F9E8
000000000000000000000000000000000000000000000000000000000000000000
000000000000000000000000000000000000000000000000000000000000000000
000000000000000000000000000000000000000000000000000000000000000000
000000000000000000000000000000000000000000000000000000000000000000
000000000000000000000000000000000000000000000000000000000000000000
FFFBA30300027FEB4001739DA000243620000053A7FFD44DCBFFDFB4EBFFF627B1
000000000000000000000000000000000000000000000000000000000000000000
000000000000000000000000000000000000000000000000000000000000000000
000000000000000000000000000000000000000000000000000000000000000000
000000000000000000000000000000000000000000000000000000000000000000
000000000000000000000000000000000000000000000000000000000000000000
000000000000000000000000000000000000000000000000000000000000000000
FFF7134BFFFCB3E27FFEE1AF80008FB7AFFF98E1D8000BAE6BFFE51549FFF1A5C8
000000000000000000000000000000000000000000000000000000000000000000
000000000000000000000000000000000000000000000000000000000000000000
FFFA777E0000CFAA7FFF3AC1E00056B1CFFF9C5A1800282BFBFFE9F91600085E50
000000000000000000000000000000000000000000000000000000000000000000
000000000000000000000000000000000000000000000000000000000000000000
000000000000000000000000000000000000000000000000000000000000000000
000000000000000000000000000000000000000000000000000000000000000000
000000000000000000000000000000000000000000000000000000000000000000
000000000000000000000000000000000000000000000000000000000000000000
000000000000000000000000000000000000000000000000000000000000000000
0001B4ED7FFCB30F3FFFA9A3A000CC6BDFFFBE8B68002F46C4001153C7FFF4497A
000000000000000000000000000000000000000000000000000000000000000000
000000000000000000000000000000000000000000000000000000000000000000
000000000000000000000000000000000000000000000000000000000000000000
000000000000000000000000000000000000000000000000000000000000000000
000000000000000000000000000000000000000000000000000000000000000000
000000000000000000000000000000000000000000000000000000000000000000
000000000000000000000000000000000000000000000000000000000000000000
000000000000000000000000000000000000000000000000000000000000000000
000000000000000000000000000000000000000000000000000000000000000000
FFF914157FFCE9D37FFFCC2A4000FA2020001F9717FFFE46000002E1D7FFF6E821
000000000000000000000000000000000000000000000000000000000000000000
000000000000000000000000000000000000000000000000000000000000000000
0001EB3180011C09C00122043FFF5F1B800001652800165578001D78D9FFF52CC5
000000000000000000000000000000000000000000000000000000000000000000
0000DF9100045A437FFE6C1ABFFFA7ABC00079E96800065534001D3A8C0002AC85
FFFB61C3FFFF67238001A09D4000CCD95FFFD811EFFFFD8797FFF02301FFFD198C
000149CC0001CD7FFFFE57903FFF0457F0006196AFFFD848C3FFFED2F8000ACB87
00057F120002AB3AC001C218E001062F6FFF8CBF4FFFE38F84000B3C67FFF638D7
000000000000000000000000000000000000000000000000000000000000000000
000000000000000000000000000000000000000000000000000000000000000000
000000000000000000000000000000000000000000000000000000000000000000
000000000000000000000000000000000000000000000000000000000000000000
FFFFAA4B00044A51FFFE84241FFFA8182FFFBCE7D8003345E000102E7E000C86D3
000000000000000000000000000000000000000000000000000000000000000000
000000000000000000000000000000000000000000000000000000000000000000
000000000000000000000000000000000000000000000000000000000000000000
FFFAAA2D7FFF9802BFFFF4D3C0008C58AFFFBFB0880038D2C800163255FFFEF518
000000000000000000000000000000000000000000000000000000000000000000
000000000000000000000000000000000000000000000000000000000000000000
000000000000000000000000000000000000000000000000000000000000000000
000000000000000000000000000000000000000000000000000000000000000000
000000000000000000000000000000000000000000000000000000000000000000
FFFE60BB0000393CFFFDB6C85FFF96CF7000346770001201FC000FE645FFFC2026
00038B5300021A207FFFA814FFFF9AEA7000051DF0003719B7FFFA0B9800063C8B
000000000000000000000000000000000000000000000000000000000000000000
FFFB6ED1FFFF4183000203480000592B80001B27A80037F160001AAF07FFF2A1CC
000000000000000000000000000000000000000000000000000000000000000000
000000000000000000000000000000000000000000000000000000000000000000
000000000000000000000000000000000000000000000000000000000000000000
000000000000000000000000000000000000000000000000000000000000000000
000000000000000000000000000000000000000000000000000000000000000000
000000000000000000000000000000000000000000000000000000000000000000
000000000000000000000000000000000000000000000000000000000000000000
000000000000000000000000000000000000000000000000000000000000000000
000000000000000000000000000000000000000000000000000000000000000000
000000000000000000000000000000000000000000000000000000000000000000
000000000000000000000000000000000000000000000000000000000000000000
0003FF6BFFFECF818001332A8000E02B400011753FFFFCEDEC0016607C000B4139
000000000000000000000000000000000000000000000000000000000000000000
0004C8637FFDEF49FFFE695DFFFF06CD1FFFD2DF10002166EBFFEFCB23FFFDED15
000000000000000000000000000000000000000000000000000000000000000000
000000000000000000000000000000000000000000000000000000000000000000
000000000000000000000000000000000000000000000000000000000000000000
000000000000000000000000000000000000000000000000000000000000000000
000000000000000000000000000000000000000000000000000000000000000000
000000000000000000000000000000000000000000000000000000000000000000
000000000000000000000000000000000000000000000000000000000000000000
000000000000000000000000000000000000000000000000000000000000000000
000000000000000000000000000000000000000000000000000000000000000000
FFFEF52CFFFBAF0F000120E6E0006F22EFFFAAD9DFFFD1C0C0000DC9160009B2F3
000000000000000000000000000000000000000000000000000000000000000000
000000000000000000000000000000000000000000000000000000000000000000
000000000000000000000000000000000000000000000000000000000000000000
000000000000000000000000000000000000000000000000000000000000000000
FFFF07917FFF67EA3FFF7233DFFF488470005A151FFFF714EFFFF95052000E508A
FFFF3A1F00030FE2BFFE5BC720001000DFFF7C5540003B2D2C0015054A000030E2
000000000000000000000000000000000000000000000000000000000000000000
000000000000000000000000000000000000000000000000000000000000000000
000000000000000000000000000000000000000000000000000000000000000000
FFFCE626000474797FFE98601FFF772EB0000585000021DA67FFF47124000A1CE0
000000000000000000000000000000000000000000000000000000000000000000
000000000000000000000000000000000000000000000000000000000000000000
000000000000000000000000000000000000000000000000000000000000000000
FFFC13B4FFFF6101FFFFB627BFFFE5DD700031A860002BBF23FFE2D78FFFFE4011
000000000000000000000000000000000000000000000000000000000000000000
000000000000000000000000000000000000000000000000000000000000000000
000000000000000000000000000000000000000000000000000000000000000000
FFF7C73CFFFE701CC000D80AFFFF0CA1A0005BB23FFFCB391C00054207FFF885EE
000000000000000000000000000000000000000000000000000000000000000000
000000000000000000000000000000000000000000000000000000000000000000
000000000000000000000000000000000000000000000000000000000000000000
000000000000000000000000000000000000000000000000000000000000000000
000000000000000000000000000000000000000000000000000000000000000000
FFFA5C2080037B670001B4DB3FFF44FBAFFFBC130800160EE400138DB9FFFBB6D0
000000000000000000000000000000000000000000000000000000000000000000
000000000000000000000000000000000000000000000000000000000000000000
000000000000000000000000000000000000000000000000000000000000000000
000000000000000000000000000000000000000000000000000000000000000000
000000000000000000000000000000000000000000000000000000000000000000
FFF8E4807FFD3E6DFFFE3A9ADFFFBD3570002A8A10003A1A1BFFEF884BFFFEC8C1
000000000000000000000000000000000000000000000000000000000000000000
000000000000000000000000000000000000000000000000000000000000000000
000000000000000000000000000000000000000000000000000000000000000000
FFFDE350FFFDA37980003C301FFEFC53000036F2D7FFF79DCC000474920002FA4E
000000000000000000000000000000000000000000000000000000000000000000
000000000000000000000000000000000000000000000000000000000000000000
000000000000000000000000000000000000000000000000000000000000000000
000000000000000000000000000000000000000000000000000000000000000000
000000000000000000000000000000000000000000000000000000000000000000
000000000000000000000000000000000000000000000000000000000000000000
000000000000000000000000000000000000000000000000000000000000000000
000000000000000000000000000000000000000000000000000000000000000000
000000000000000000000000000000000000000000000000000000000000000000
000000000000000000000000000000000000000000000000000000000000000000
000000000000000000000000000000000000000000000000000000000000000000
000000000000000000000000000000000000000000000000000000000000000000
000000000000000000000000000000000000000000000000000000000000000000
000000000000000000000000000000000000000000000000000000000000000000
000000000000000000000000000000000000000000000000000000000000000000
000000000000000000000000000000000000000000000000000000000000000000
FFF918A480018DAD80015C1D7FFFCCF6CFFF8DD1180025C06FFFEA9A940006E57E
0002332B00036CFFFFFF267B400114DEC00004C077FFCD5A8C0017899800008379
000000000000000000000000000000000000000000000000000000000000000000
000000000000000000000000000000000000000000000000000000000000000000
FFFCB77D7FFEFB24C000263EC0003274C00042C407FFCFFF2FFFE1E21C00074CE7
000000000000000000000000000000000000000000000000000000000000000000
00055A900000E93280003999600034467000256747FFEE54FC001292DFFFFFF280
000000000000000000000000000000000000000000000000000000000000000000
0005D5FC00010186800101013FFFBF7ECFFF91E1F800043CBC000342CE000B2E44
000000000000000000000000000000000000000000000000000000000000000000
000000000000000000000000000000000000000000000000000000000000000000
FFF80A027FFD47338001DED41FFF7BEA100077555FFFD126F400030211FFF3160D
000000000000000000000000000000000000000000000000000000000000000000
FFFD4EE580012DEEC00143CBBFFF216FEFFF8BE0200013F1D400192659FFF37D3D
000000000000000000000000000000000000000000000000000000000000000000
000000000000000000000000000000000000000000000000000000000000000000
0003D13F7FFF45968001CE2DC000E5FB0FFFFD09E8000FF90FFFDBBA93FFF71D93
000000000000000000000000000000000000000000000000000000000000000000
FFFAB9FE7FFFF7D3C000FCA1A0004AF43FFF956E200011C628000C5F2DFFFB2303
000000000000000000000000000000000000000000000000000000000000000000
000000000000000000000000000000000000000000000000000000000000000000
000000000000000000000000000000000000000000000000000000000000000000
000000000000000000000000000000000000000000000000000000000000000000
000000000000000000000000000000000000000000000000000000000000000000
000000000000000000000000000000000000000000000000000000000000000000
000000000000000000000000000000000000000000000000000000000000000000
000000000000000000000000000000000000000000000000000000000000000000
000000000000000000000000000000000000000000000000000000000000000000
000000000000000000000000000000000000000000000000000000000000000000
0003ACC1800261E000006244E0001E0E70004B3FE8001E7DA800032B4C000B255F
000000000000000000000000000000000000000000000000000000000000000000
000000000000000000000000000000000000000000000000000000000000000000
000407417FFF656EC000364ADFFFE67250002BE36FFFF139BBFFF3D673FFFDD338
000000000000000000000000000000000000000000000000000000000000000000
000000000000000000000000000000000000000000000000000000000000000000
000000000000000000000000000000000000000000000000000000000000000000
000000000000000000000000000000000000000000000000000000000000000000
000000000000000000000000000000000000000000000000000000000000000000
000313D17FFB5964FFFEE2BF8000A266EFFF7BED87FFD30E87FFF0E8D20007C1B6
000000000000000000000000000000000000000000000000000000000000000000
000000000000000000000000000000000000000000000000000000000000000000
000000000000000000000000000000000000000000000000000000000000000000
000000000000000000000000000000000000000000000000000000000000000000
000000000000000000000000000000000000000000000000000000000000000000
000000000000000000000000000000000000000000000000000000000000000000
0002CEEF000049A3FFFE38C3A000863FBFFF93F878000FF283FFF8233BFFF0AAA6
000000000000000000000000000000000000000000000000000000000000000000
000000000000000000000000000000000000000000000000000000000000000000
0003AFF38003872CFFFF89BB2001121F3FFFF2D450000E56800000F2F3FFFAA059
000000000000000000000000000000000000000000000000000000000000000000
0006200B00003F0F7FFFB1BDA0008242BFFFEE81D7FFD8E767FFFCB29BFFF915D2
000000000000000000000000000000000000000000000000000000000000000000
000000000000000000000000000000000000000000000000000000000000000000
000000000000000000000000000000000000000000000000000000000000000000
000000000000000000000000000000000000000000000000000000000000000000
000000000000000000000000000000000000000000000000000000000000000000
00077FEF8000FD430000E908C00115E860000E3050002CF5AC000BAD97FFF10821
000000000000000000000000000000000000000000000000000000000000000000
0003E80FFFFD1F2CC000C651A000A3694000668A680034CAD7FFE1A9B2000F9D39
000000000000000000000000000000000000000000000000000000000000000000
000000000000000000000000000000000000000000000000000000000000000000
000846E77FFEF462FFFEA43420007758400008E4300006D20000091452000737AB
000000000000000000000000000000000000000000000000000000000000000000
0001F58E00039BB03FFEBE8C20000AC670002F73000017B7B00012B87000083338
000000000000000000000000000000000000000000000000000000000000000000
0004E85F00024AD3BFFFD83D2000A8155FFFA7A2C0003B115400113CB0000BBDD4
000000000000000000000000000000000000000000000000000000000000000000
000000000000000000000000000000000000000000000000000000000000000000
000000000000000000000000000000000000000000000000000000000000000000
000000000000000000000000000000000000000000000000000000000000000000
0003ADCBFFFCF35CBFFEE97B2000DE1E00004B9090000DB9840004EBC4000DBFDD
000811A28001F0BDBFFF3732BFFF1EBC5FFFB9EB47FFE2B48C001658CBFFFD068C
FFFE040D7FFCE4D8400233A3000050C0F000462B000005F5E800125BDC000D0831
000632320002D021BFFEBEC25FFF4E133000239CA7FFDF7D5C00077BE00008BB56
000000000000000000000000000000000000000000000000000000000000000000
000000000000000000000000000000000000000000000000000000000000000000
000000000000000000000000000000000000000000000000000000000000000000
000000000000000000000000000000000000000000000000000000000000000000
FFFE91060000F6DF3FFF9C308000194D3FFFA4A33FFFDAE7ABFFEA58BE0005D3B0
000000000000000000000000000000000000000000000000000000000000000000
FFFDD65C8001B0328000552BBFFF40164FFFAE4DCFFFF107FBFFEB368E0002DC5B
000000000000000000000000000000000000000000000000000000000000000000
000000000000000000000000000000000000000000000000000000000000000000
000000000000000000000000000000000000000000000000000000000000000000
FFFAFAEE0002C1473FFFB5A67FFF7E7AB00065ECC7FFF8B0180016D0C9FFFCA8B9
000113A3800321FB7FFDDABC7FFF41E180002D2587FFE0AB93FFFCDEBA000E3F6E
000000000000000000000000000000000000000000000000000000000000000000
000000000000000000000000000000000000000000000000000000000000000000
FFFE6C730002A6B53FFF5323E000749A4FFFBC2AFFFFD7A1A3FFE530B6000EA714
000000000000000000000000000000000000000000000000000000000000000000
000000000000000000000000000000000000000000000000000000000000000000
000000000000000000000000000000000000000000000000000000000000000000
000000000000000000000000000000000000000000000000000000000000000000
000000000000000000000000000000000000000000000000000000000000000000
000000000000000000000000000000000000000000000000000000000000000000
000000000000000000000000000000000000000000000000000000000000000000
000000000000000000000000000000000000000000000000000000000000000000
000000000000000000000000000000000000000000000000000000000000000000
000000000000000000000000000000000000000000000000000000000000000000
000000000000000000000000000000000000000000000000000000000000000000
000000000000000000000000000000000000000000000000000000000000000000
000000000000000000000000000000000000000000000000000000000000000000
000000000000000000000000000000000000000000000000000000000000000000
000000000000000000000000000000000000000000000000000000000000000000
000000000000000000000000000000000000000000000000000000000000000000
000000000000000000000000000000000000000000000000000000000000000000
000000000000000000000000000000000000000000000000000000000000000000
000000000000000000000000000000000000000000000000000000000000000000
000000000000000000000000000000000000000000000000000000000000000000
000053B380032F688000FDEEDFFF4C7040009A8557FFE2FD0000094037FFF2B2C2
FFFF6E5E00001C5900018E079FFF7627BFFFE0A827FFD9623400029140000D6456
000000000000000000000000000000000000000000000000000000000000000000
0003D1627FFE9655BFFF17B9DFFFA3388FFFABFF80003EC00C000A39FBFFF7FF58
000000000000000000000000000000000000000000000000000000000000000000
00062062FFFFE6007FFE37095FFF845C8FFFEC5E27FFD303EBFFE5CA4DFFF382ED
000000000000000000000000000000000000000000000000000000000000000000
000000000000000000000000000000000000000000000000000000000000000000
000000000000000000000000000000000000000000000000000000000000000000
000000000000000000000000000000000000000000000000000000000000000000
000000000000000000000000000000000000000000000000000000000000000000
0004B66CFFFF8FE7BFFE6C9B9FFF78C2B0001120C80021FD10001ACF86000BC90D
000000000000000000000000000000000000000000000000000000000000000000
000000000000000000000000000000000000000000000000000000000000000000
0002F86C00034ED6BFFF45BF0000B5A940002F6707FFD7A3D4000ED933FFF7D69B
000000000000000000000000000000000000000000000000000000000000000000
000000000000000000000000000000000000000000000000000000000000000000
000000000000000000000000000000000000000000000000000000000000000000
0005A1EA800436D6FFFEAE91FFFFB18260006F2CA7FFF041E7FFEC149FFFFEEAF6
000000000000000000000000000000000000000000000000000000000000000000
00002C7200017B62FFFE79E65FFF3FE98FFFD7FFEFFFC82ECFFFF34C88000B0097
000000000000000000000000000000000000000000000000000000000000000000
000000000000000000000000000000000000000000000000000000000000000000
00040B7400023E9EBFFFC68E7FFF4BA230000F115800382613FFE4E94C00031166
000000000000000000000000000000000000000000000000000000000000000000
000000000000000000000000000000000000000000000000000000000000000000
000000000000000000000000000000000000000000000000000000000000000000
000000000000000000000000000000000000000000000000000000000000000000
FFFFD8038001785E400217E53FFF271A4FFF9D35AFFFE29C6400174ADFFFFE144F
000000000000000000000000000000000000000000000000000000000000000000
000000000000000000000000000000000000000000000000000000000000000000
000000000000000000000000000000000000000000000000000000000000000000
FFF9D2CB7FFC69DF00010CB720003B7EC00042A570003D919BFFFEBA36000CE517
000000000000000000000000000000000000000000000000000000000000000000
FFFFDA920004A920FFFF14447FFF3E4E1FFFF91207FFF3D724000848A400121534
000000000000000000000000000000000000000000000000000000000000000000
FFFD29DA7FFD4D1E3FFEE047DFFF92C4B000260CF8001E5917FFE7C9E5FFFDAD45
000000000000000000000000000000000000000000000000000000000000000000
FFFA64487FFFA631BFFE571080002B4A200064E297FFF80863FFE80A5800049512
000000000000000000000000000000000000000000000000000000000000000000
000000000000000000000000000000000000000000000000000000000000000000
000000000000000000000000000000000000000000000000000000000000000000
000000000000000000000000000000000000000000000000000000000000000000
000000000000000000000000000000000000000000000000000000000000000000
000000000000000000000000000000000000000000000000000000000000000000
000000000000000000000000000000000000000000000000000000000000000000
FFF81CF77FFD673FBFFE65E9C000DB2550002B2EC00006CF24000D8C39FFF197F1
000000000000000000000000000000000000000000000000000000000000000000
FFFC500700010E044000EA3F00001219300069106FFFF094F0000DB709FFEEC07B
000000000000000000000000000000000000000000000000000000000000000000
000000000000000000000000000000000000000000000000000000000000000000
000000000000000000000000000000000000000000000000000000000000000000
FFF991D6FFFE83030001CAB2200010EF4FFF974437FFF3B41BFFE2F3DFFFF6DD60
000000000000000000000000000000000000000000000000000000000000000000
000000000000000000000000000000000000000000000000000000000000000000
000000000000000000000000000000000000000000000000000000000000000000
000000000000000000000000000000000000000000000000000000000000000000
000000000000000000000000000000000000000000000000000000000000000000
000000000000000000000000000000000000000000000000000000000000000000
FFFDB7D98002D8854000B8F320003C6C8FFFAB5B9FFFD33737FFEF4C63FFF81421
0002BD597FFC70A97FFED41F600117DEFFFFDACBC000323A28000F8213FFF50F5E
000000000000000000000000000000000000000000000000000000000000000000
FFFBC64E800271D60001D0326000DAD4B0002CB670002C7BD3FFEC2713FFF0CB7C
000000000000000000000000000000000000000000000000000000000000000000
000000000000000000000000000000000000000000000000000000000000000000
000000000000000000000000000000000000000000000000000000000000000000
000000000000000000000000000000000000000000000000000000000000000000
000000000000000000000000000000000000000000000000000000000000000000
FFFAE033FFFDF3B7C0000AD91FFFFAFAEFFFCC4518002117C3FFEBD21E00081087
000000000000000000000000000000000000000000000000000000000000000000
00018348FFFBA3DDC000EE5F8000356C0FFFC36518000892FFFFDBE11E0000F32C
00037831FFFD69887FFF0CCADFFFA425BFFFCE5F9FFFC028180001B6C1FFED4933
00061E890001FAC93FFE2D612000528BBFFFA3A897FFF2375BFFE7A4C800099038
000056930002AAD23FFE23DC7FFF677E50000A627FFFCF98CFFFF34BB5FFFDE7D7
000000000000000000000000000000000000000000000000000000000000000000
000000000000000000000000000000000000000000000000000000000000000000
000000000000000000000000000000000000000000000000000000000000000000
000000000000000000000000000000000000000000000000000000000000000000
000000000000000000000000000000000000000000000000000000000000000000
000000000000000000000000000000000000000000000000000000000000000000
000000000000000000000000000000000000000000000000000000000000000000
000000000000000000000000000000000000000000000000000000000000000000
0006B81B7FFE3B0F800031C0E0011E2C90001173FFFFE14B5BFFF64044000F8533
000000000000000000000000000000000000000000000000000000000000000000
000000000000000000000000000000000000000000000000000000000000000000
000000000000000000000000000000000000000000000000000000000000000000
000000000000000000000000000000000000000000000000000000000000000000
0000A1F600006085000078E99FFFD54AB000230E8FFFE8113BFFF1FB81FFF49A14
000000000000000000000000000000000000000000000000000000000000000000
000000000000000000000000000000000000000000000000000000000000000000
000000000000000000000000000000000000000000000000000000000000000000
000000000000000000000000000000000000000000000000000000000000000000
000000000000000000000000000000000000000000000000000000000000000000
0004D1D880018E1C3FFE4F9F7FFF7FAB7FFFA830A800165A3FFFECEFA7FFF60324
FFFF8CC8FFFEE6C03FFF5832E0003F1690004EFA87FFE0EE94000B0C5A00030A72
00067CAE8002C2D6400058C3A000B2DE4FFFCE3017FFC40290000EEFA60003AAF9
000000000000000000000000000000000000000000000000000000000000000000
000000000000000000000000000000000000000000000000000000000000000000
FFFE88BC7FFFFE78BFFECBAC80011691A0004CF470001A54C8001A9C04000B5F6A
000000000000000000000000000000000000000000000000000000000000000000
000000000000000000000000000000000000000000000000000000000000000000
000876D200014237800088F7400049867FFF9A1437FFC3446FFFF814A000008F28
000000000000000000000000000000000000000000000000000000000000000000
000000000000000000000000000000000000000000000000000000000000000000
000000000000000000000000000000000000000000000000000000000000000000
000000000000000000000000000000000000000000000000000000000000000000
000000000000000000000000000000000000000000000000000000000000000000
000000000000000000000000000000000000000000000000000000000000000000
000000000000000000000000000000000000000000000000000000000000000000
000000000000000000000000000000000000000000000000000000000000000000
000000000000000000000000000000000000000000000000000000000000000000
000000000000000000000000000000000000000000000000000000000000000000
000000000000000000000000000000000000000000000000000000000000000000
00066A0B0001D19EFFFFA5EE7FFEE453700051FC47FFC9DCA40014F4FE00104139
FFFA45290002E6ABC0013976BFFF60100000450687FFD6B63400014E2800024E3F
0003EFCA8001D8823FFFBB453FFF9A5470006962B000025C07FFEF291FFFEFD78C
0000FB04000207F73FFE7EBC7FFF8DEE4FFF8F4E20001E5213FFF6BFE9FFF65009
FFFDCBA7000053C280018A85BFFF249C200074C347FFFB8DC40010A8E1FFF320AD
000000000000000000000000000000000000000000000000000000000000000000
000000000000000000000000000000000000000000000000000000000000000000
000000000000000000000000000000000000000000000000000000000000000000
000000000000000000000000000000000000000000000000000000000000000000
000000000000000000000000000000000000000000000000000000000000000000
000000000000000000000000000000000000000000000000000000000000000000
FFF9CD1D0003BBC6BFFFB92D5FFF9FC85000166A0FFFE33200000E7132000AB2CC
000000000000000000000000000000000000000000000000000000000000000000
000000000000000000000000000000000000000000000000000000000000000000
000000000000000000000000000000000000000000000000000000000000000000
000000000000000000000000000000000000000000000000000000000000000000
FFFA4C10FFFDBC9EFFFF392AC000BD0460003A6C6800238827FFEF9B6FFFFB7295
0001106380008F443FFDE8CC0000B3ACD00069CED800000FC00004FBDBFFF528CE
000000000000000000000000000000000000000000000000000000000000000000
000000000000000000000000000000000000000000000000000000000000000000
000000000000000000000000000000000000000000000000000000000000000000
000000000000000000000000000000000000000000000000000000000000000000
000000000000000000000000000000000000000000000000000000000000000000
000000000000000000000000000000000000000000000000000000000000000000
000000000000000000000000000000000000000000000000000000000000000000
000000000000000000000000000000000000000000000000000000000000000000
000000000000000000000000000000000000000000000000000000000000000000
000000000000000000000000000000000000000000000000000000000000000000
000000000000000000000000000000000000000000000000000000000000000000
000000000000000000000000000000000000000000000000000000000000000000
00036CE8800225B0BFFFEEE1A000C368DFFFD70727FFED929C0000C375FFF3D6F1
000000000000000000000000000000000000000000000000000000000000000000
000301FD00031025BFFF2083E00038D4E0000445380017379BFFFDA3DBFFFBFCAB
000000000000000000000000000000000000000000000000000000000000000000
000000000000000000000000000000000000000000000000000000000000000000
000000000000000000000000000000000000000000000000000000000000000000
FFFC35227FFDB0CE00005A385FFFD99CA00047EFF7FFDB246BFFE9A8E3FFFE3D6E
FFF94293FFFEF0FABFFF0FD59FFF67BA1FFFF002700036C3C40010C5D1FFF3AF9A
000000000000000000000000000000000000000000000000000000000000000000
000000000000000000000000000000000000000000000000000000000000000000
000000000000000000000000000000000000000000000000000000000000000000
FFFFA9A1FFFC9FC47FFF436D5FFFD4731FFF9D8C5FFFE39C3BFFFD194DFFFD72EE
000000000000000000000000000000000000000000000000000000000000000000
000000000000000000000000000000000000000000000000000000000000000000
000000000000000000000000000000000000000000000000000000000000000000
000000000000000000000000000000000000000000000000000000000000000000
000000000000000000000000000000000000000000000000000000000000000000
000000000000000000000000000000000000000000000000000000000000000000
0008F7B27FFF923A7FFF6B2FDFFF96CEB0002F7787FFE03EE80012AB80000F5712
FFFB6ECB80014200000176340000C7E9FFFFE85297FFC84E64000E0668000C36F0
000000000000000000000000000000000000000000000000000000000000000000
FFFDD7F700050EDDBFFF730980004A6330004917F000125E440017871C00042BC2
000000000000000000000000000000000000000000000000000000000000000000
000000000000000000000000000000000000000000000000000000000000000000
000000000000000000000000000000000000000000000000000000000000000000
000000000000000000000000000000000000000000000000000000000000000000
FFFE57E400030B1F40019CCABFFFBA7860002A936FFFD126EFFFF55E93FFF6EE0D
000000000000000000000000000000000000000000000000000000000000000000
000000000000000000000000000000000000000000000000000000000000000000
000000000000000000000000000000000000000000000000000000000000000000
000615A77FFC31CFFFFFF78A1FFF3E8F600030C5680008A19BFFF6521C00114D9C
000000000000000000000000000000000000000000000000000000000000000000
000000000000000000000000000000000000000000000000000000000000000000
0001239B80028B65FFFEA069DFFF576A800018F01800322DF800118C5FFFFDAC02
000000000000000000000000000000000000000000000000000000000000000000
000000000000000000000000000000000000000000000000000000000000000000
000000000000000000000000000000000000000000000000000000000000000000
0002B3237FFCEDD73FFFAA834000A4A49FFFC3276FFFD96E93FFE0906A000CE045
000000000000000000000000000000000000000000000000000000000000000000
000000000000000000000000000000000000000000000000000000000000000000
000000000000000000000000000000000000000000000000000000000000000000
000000000000000000000000000000000000000000000000000000000000000000
FFFCD34C8001AF7ABFFF6C127FFF9BBD100062BBB0003FCA43FFFAEFDE000E4554
000000000000000000000000000000000000000000000000000000000000000000
000000000000000000000000000000000000000000000000000000000000000000
000000000000000000000000000000000000000000000000000000000000000000
FFFFD5CB80001DD3BFFFA2846000ACF9F0002B11B80042EAAC0013CA02000F4A16
000378567FFDC43BC0003734FFFF42E98FFFC09F600019C2EBFFECD9BFFFF875FE
000000000000000000000000000000000000000000000000000000000000000000
000000000000000000000000000000000000000000000000000000000000000000
000000000000000000000000000000000000000000000000000000000000000000
00079D4B0002D9EC0000F9907FFF4369800011D4F7FFF5508800004742000A4551
000000000000000000000000000000000000000000000000000000000000000000
000000000000000000000000000000000000000000000000000000000000000000
000000000000000000000000000000000000000000000000000000000000000000
000000000000000000000000000000000000000000000000000000000000000000
000000000000000000000000000000000000000000000000000000000000000000
FFF6E19C0003482BC000368DE000E7CDD0002DC9CFFFF160000006E7700010DEC1
000000000000000000000000000000000000000000000000000000000000000000
000000000000000000000000000000000000000000000000000000000000000000
00039FC2FFFC5658C000BA046000DBE40FFFAD6B8800179138001011BDFFF3D6C8
000000000000000000000000000000000000000000000000000000000000000000
000000000000000000000000000000000000000000000000000000000000000000
000000000000000000000000000000000000000000000000000000000000000000
00036784FFFDA80D7FFE469B80000133900023A8CFFFCF79D0000D5C9E000EFAE4
000779817FFE04B33FFF0138DFFFEB2AB000213418000DE7B400135BD5FFFF758A
000000000000000000000000000000000000000000000000000000000000000000
00055FBDFFFF5FC4C00102FEBFFF47B6C0004A5E77FFE3DFE000136EC5FFF40223
000000000000000000000000000000000000000000000000000000000000000000
000000000000000000000000000000000000000000000000000000000000000000
000000000000000000000000000000000000000000000000000000000000000000
0001133AFFFCB8D33FFEEAFA6000F6C8400072AF3FFFECD904000CEF3FFFF7F4C3
FFF82CCB80014E5400001674800021617FFFE37D48001116F00017FAD2001038D0
000000000000000000000000000000000000000000000000000000000000000000
000000000000000000000000000000000000000000000000000000000000000000
000538E47FFEA4C57FFF3886FFFFE484EFFFE2B90000118814000A2152000F4C26
000000000000000000000000000000000000000000000000000000000000000000
0000D6A800027D278000CC7A6000FEFBCFFF713248002DDF88000373EBFFF879E2
000000000000000000000000000000000000000000000000000000000000000000
00041F6DFFFCCC640001BC939FFF7E57400033CF68002319B0001F5269FFFD59A2
000000000000000000000000000000000000000000000000000000000000000000
000000000000000000000000000000000000000000000000000000000000000000
000000000000000000000000000000000000000000000000000000000000000000
000000000000000000000000000000000000000000000000000000000000000000
000000000000000000000000000000000000000000000000000000000000000000
000000000000000000000000000000000000000000000000000000000000000000
FFFCBF6C0003685D40007340DFFFF6719FFFCB059800403247FFE3F389FFF0DFFA
000000000000000000000000000000000000000000000000000000000000000000
FFF8B5C280035C9AFFFEE6C580003A95B0003CFDB800246AF3FFF0B7E1FFFC20D6
000000000000000000000000000000000000000000000000000000000000000000
000000000000000000000000000000000000000000000000000000000000000000
000000000000000000000000000000000000000000000000000000000000000000
000000000000000000000000000000000000000000000000000000000000000000
000000000000000000000000000000000000000000000000000000000000000000
000000000000000000000000000000000000000000000000000000000000000000
000000000000000000000000000000000000000000000000000000000000000000
000000000000000000000000000000000000000000000000000000000000000000
000000000000000000000000000000000000000000000000000000000000000000
000000000000000000000000000000000000000000000000000000000000000000
000000000000000000000000000000000000000000000000000000000000000000
000000000000000000000000000000000000000000000000000000000000000000
000000000000000000000000000000000000000000000000000000000000000000
000000000000000000000000000000000000000000000000000000000000000000
000000000000000000000000000000000000000000000000000000000000000000
000000000000000000000000000000000000000000000000000000000000000000
000000000000000000000000000000000000000000000000000000000000000000
00017EFB80024971FFFF70515FFF43D8EFFFA5C9E7FFE32533FFE2A5C60005B4AD
000000000000000000000000000000000000000000000000000000000000000000
000000000000000000000000000000000000000000000000000000000000000000
000000000000000000000000000000000000000000000000000000000000000000
000000000000000000000000000000000000000000000000000000000000000000
000000000000000000000000000000000000000000000000000000000000000000
000000000000000000000000000000000000000000000000000000000000000000
FFFD5AFC80041FF1FFFFCCC2FFFF460D400081A457FFCF6B80000C4AA6000C6ECA
0002FC1CFFFFBD5D3FFF3DF980008CDE000044108FFFD2D6B7FFF0E5F9FFEE44A3
000000000000000000000000000000000000000000000000000000000000000000
FFFC8A620000060C7FFE7ED9E0002DCB1000368A4FFFB74478000461A40004F828
000000000000000000000000000000000000000000000000000000000000000000
000000000000000000000000000000000000000000000000000000000000000000
000000000000000000000000000000000000000000000000000000000000000000
000000000000000000000000000000000000000000000000000000000000000000
000000000000000000000000000000000000000000000000000000000000000000
000000000000000000000000000000000000000000000000000000000000000000
000000000000000000000000000000000000000000000000000000000000000000
000000000000000000000000000000000000000000000000000000000000000000
000000000000000000000000000000000000000000000000000000000000000000
0008CA60FFFFFC5F3FFE971FC000E1449FFFD30B8FFFF5E48C00066E3BFFFD8B90
000000000000000000000000000000000000000000000000000000000000000000
000771E380029C8A7FFE34A7DFFF8444C000400347FFFEE6E800225622000DFC94
FFF91F167FFF778B40003E3F0000132D6FFFF84E0800450A23FFF455D9FFFCC19C
000000000000000000000000000000000000000000000000000000000000000000
000000000000000000000000000000000000000000000000000000000000000000
000377577FFF3F990000E063FFFFC5401FFFB67EEFFFD09AE4001530C000034CB4
000000000000000000000000000000000000000000000000000000000000000000
00010892800076ED0000C75340004C5FE00030998FFFF0455FFFF145F9FFFEE8CF
000000000000000000000000000000000000000000000000000000000000000000
000000000000000000000000000000000000000000000000000000000000000000
000000000000000000000000000000000000000000000000000000000000000000
000000000000000000000000000000000000000000000000000000000000000000
000000000000000000000000000000000000000000000000000000000000000000
000000000000000000000000000000000000000000000000000000000000000000
000000000000000000000000000000000000000000000000000000000000000000
00049D9AFFFDE4FF80000DB1A000DFB13000466177FFD78E380004C170000C1767
000000000000000000000000000000000000000000000000000000000000000000
FFFEF70DFFFF6B977FFE442F6000E040AFFFDA674FFFC00BA0000F3514000929F5
000000000000000000000000000000000000000000000000000000000000000000
000000000000000000000000000000000000000000000000000000000000000000
000000000000000000000000000000000000000000000000000000000000000000
000000000000000000000000000000000000000000000000000000000000000000
000000000000000000000000000000000000000000000000000000000000000000
000000000000000000000000000000000000000000000000000000000000000000
000000000000000000000000000000000000000000000000000000000000000000
000000000000000000000000000000000000000000000000000000000000000000
0000505B800189128001A6D6C00009E5800057AE280030738BFFFFDD5DFFFF2CFB
FFF779758002171BC00077EC7FFFCB4210001D284FFFC28D6000063C35FFFB0795
000000000000000000000000000000000000000000000000000000000000000000
000000000000000000000000000000000000000000000000000000000000000000
00029712FFFE61E740007B5A9FFF77195FFFF2343800241307FFFB4399FFF68B56
000000000000000000000000000000000000000000000000000000000000000000
000000000000000000000000000000000000000000000000000000000000000000
000000000000000000000000000000000000000000000000000000000000000000
000000000000000000000000000000000000000000000000000000000000000000
000000000000000000000000000000000000000000000000000000000000000000
000000000000000000000000000000000000000000000000000000000000000000
FFFB7619FFFDD560800024B37FFF7803AFFFD638BFFFDDF017FFFE0098000E9BDF
000000000000000000000000000000000000000000000000000000000000000000
00019B8E7FFCF68B800149AFDFFF14376FFFCE1B180016E5A40023E041FFFD140F
000000000000000000000000000000000000000000000000000000000000000000
000000000000000000000000000000000000000000000000000000000000000000
FFF9B1248002A1824000E2E1C0004D30200016C39FFFE8771C001945E1FFFEB7F7
000000000000000000000000000000000000000000000000000000000000000000
000000000000000000000000000000000000000000000000000000000000000000
FFFF126680002C548000155960009753DFFFE3EDD7FFD38693FFFE106A0006C25D
000000000000000000000000000000000000000000000000000000000000000000
000000000000000000000000000000000000000000000000000000000000000000
000000000000000000000000000000000000000000000000000000000000000000
000000000000000000000000000000000000000000000000000000000000000000
000000000000000000000000000000000000000000000000000000000000000000
000000000000000000000000000000000000000000000000000000000000000000
0006CB458000C77000012587DFFFC729AFFFE57DA80018F1F3FFFF1C6A000642B4
000000000000000000000000000000000000000000000000000000000000000000
FFFCD0017FFCB78240011D7FA000C4021FFF79AF28001900BFFFDD0DA00011C011
000000000000000000000000000000000000000000000000000000000000000000
00058D93FFFDBDF6000133DC00012DBDDFFFE73057FFDF41900002F26FFFF07732
000000000000000000000000000000000000000000000000000000000000000000
000000000000000000000000000000000000000000000000000000000000000000
000000000000000000000000000000000000000000000000000000000000000000
FFFBEA1500036605BFFF20F8E0002860A00077BEC7FFC51517FFE612E40000521D
000000000000000000000000000000000000000000000000000000000000000000
000000000000000000000000000000000000000000000000000000000000000000
000000000000000000000000000000000000000000000000000000000000000000
000000000000000000000000000000000000000000000000000000000000000000
000000000000000000000000000000000000000000000000000000000000000000
FFFA456BFFFC40BE80015EF19FFF4F24C00067D090002AE0CC000680E3FFEFD527
000000000000000000000000000000000000000000000000000000000000000000
FFFA1D9C7FFCE5277FFE06CD1FFFCBE1A00072830000239B600005E56A000E094B
000000000000000000000000000000000000000000000000000000000000000000
00031ACD0002A7F4BFFF31B87FFF6869FFFFF441980013C623FFDF9385FFFD250F
000000000000000000000000000000000000000000000000000000000000000000
000000000000000000000000000000000000000000000000000000000000000000
000000000000000000000000000000000000000000000000000000000000000000
000000000000000000000000000000000000000000000000000000000000000000
000000000000000000000000000000000000000000000000000000000000000000
000000000000000000000000000000000000000000000000000000000000000000
FFFCC235800252DC0001AB6420005BCD50000F8030000283D3FFF12FB1FFFF0A73
000000000000000000000000000000000000000000000000000000000000000000
000000000000000000000000000000000000000000000000000000000000000000
000000000000000000000000000000000000000000000000000000000000000000
000000000000000000000000000000000000000000000000000000000000000000
000000000000000000000000000000000000000000000000000000000000000000
000000000000000000000000000000000000000000000000000000000000000000
000000000000000000000000000000000000000000000000000000000000000000
FFF8D42500017B57000051625FFF7079A00005DE200032DEEBFFDDE609FFFBA79D
FFFB317EFFFC5E4EC00169C79FFFFD82F000494B58003855EFFFEDA5000009A958
000000000000000000000000000000000000000000000000000000000000000000
000000000000000000000000000000000000000000000000000000000000000000
000312327FFD1E303FFE5F475FFF4B3970002E3DFFFFD5D8FBFFEDF738000CC523
000000000000000000000000000000000000000000000000000000000000000000
000000000000000000000000000000000000000000000000000000000000000000
000000000000000000000000000000000000000000000000000000000000000000
000000000000000000000000000000000000000000000000000000000000000000
000497F2FFFDB2D5C001767ABFFF475E0FFFFD5E97FFE49284000006D5FFFFC179
000000000000000000000000000000000000000000000000000000000000000000
FFFEF0B7FFFFD1E580007A13400047358FFFCFD85000208BF4000C931C00071CBC
000000000000000000000000000000000000000000000000000000000000000000
FFFDF71C0003B29E40016DEEDFFFAD515FFF8E1EC7FFF4B9DFFFEBCE49FFECD406
000000000000000000000000000000000000000000000000000000000000000000
000000000000000000000000000000000000000000000000000000000000000000
000000000000000000000000000000000000000000000000000000000000000000
000000000000000000000000000000000000000000000000000000000000000000
000000000000000000000000000000000000000000000000000000000000000000
000000000000000000000000000000000000000000000000000000000000000000
000000000000000000000000000000000000000000000000000000000000000000
000000000000000000000000000000000000000000000000000000000000000000
000000000000000000000000000000000000000000000000000000000000000000
000000000000000000000000000000000000000000000000000000000000000000
000000000000000000000000000000000000000000000000000000000000000000
FFFBB5147FFE347E80005B802000519DD0003E2118001A84640016B6C600056BF9
000000000000000000000000000000000000000000000000000000000000000000
000000000000000000000000000000000000000000000000000000000000000000
0000F1E5800377D17FFEB2271FFF47EE5FFFFF0D5FFFF81953FFE42D1A0001C57D
000000000000000000000000000000000000000000000000000000000000000000
000320897FFC47BB8000063BDFFF963B7000240BFFFFE77DEC0012C0C3FFF188AA
000000000000000000000000000000000000000000000000000000000000000000
000000000000000000000000000000000000000000000000000000000000000000
000000000000000000000000000000000000000000000000000000000000000000
FFF8B545FFFD6BB27FFEF810E0005A96E000541697FFCFAA38001B1943FFF3FAE1
000000000000000000000000000000000000000000000000000000000000000000
000000000000000000000000000000000000000000000000000000000000000000
0007A33A7FFC63613FFE1BC5E00093DE1FFFFAD31FFFD3DE800001826000080AC7
000000000000000000000000000000000000000000000000000000000000000000
000000000000000000000000000000000000000000000000000000000000000000
000000000000000000000000000000000000000000000000000000000000000000
000000000000000000000000000000000000000000000000000000000000000000
000000000000000000000000000000000000000000000000000000000000000000
000000000000000000000000000000000000000000000000000000000000000000
000000000000000000000000000000000000000000000000000000000000000000
000000000000000000000000000000000000000000000000000000000000000000
000000000000000000000000000000000000000000000000000000000000000000
000000000000000000000000000000000000000000000000000000000000000000
000000000000000000000000000000000000000000000000000000000000000000
FFFBD95A7FFF40ADC0018C575FFF8CAEB0007915E8003132F000097A9E000ABEEB
000000000000000000000000000000000000000000000000000000000000000000
000000000000000000000000000000000000000000000000000000000000000000
000000000000000000000000000000000000000000000000000000000000000000
000000000000000000000000000000000000000000000000000000000000000000
000000000000000000000000000000000000000000000000000000000000000000
000000000000000000000000000000000000000000000000000000000000000000
000000000000000000000000000000000000000000000000000000000000000000
000000000000000000000000000000000000000000000000000000000000000000
000000000000000000000000000000000000000000000000000000000000000000
FFF87CFB00023D350001FD7A20006493E0001D93B7FFD47B60000CC6E2000CAD00
000000000000000000000000000000000000000000000000000000000000000000
0007863B000150244000867F80003D33AFFFF062A0002A2467FFDBFFD1FFFB46C6
000000000000000000000000000000000000000000000000000000000000000000
000000000000000000000000000000000000000000000000000000000000000000
000000000000000000000000000000000000000000000000000000000000000000
FFFAF41CFFFE9536FFFDFCE2FFFF4BC1BFFFF4F4B80008530FFFEA4DADFFF4B7B0
FFFCC4437FFC2B640000CD5300003063A0003208C7FFDFB023FFF40C8C00045763
000000000000000000000000000000000000000000000000000000000000000000
FFFE6602000371F7800094788000CC4E500074F118002F82C7FFFEF0BC00059A7B
00043B7F00002FEEFFFFB077800035AC200041EB1FFFC0B28C0000BD8600087C2B
000000000000000000000000000000000000000000000000000000000000000000
000000000000000000000000000000000000000000000000000000000000000000
000000000000000000000000000000000000000000000000000000000000000000
000000000000000000000000000000000000000000000000000000000000000000
000000000000000000000000000000000000000000000000000000000000000000
000487090002445E4001DDD4A0007A5B5FFF990A48002845E800144C0A00026D0C
000000000000000000000000000000000000000000000000000000000000000000
000000000000000000000000000000000000000000000000000000000000000000
000000000000000000000000000000000000000000000000000000000000000000
000000000000000000000000000000000000000000000000000000000000000000
000000000000000000000000000000000000000000000000000000000000000000
000000000000000000000000000000000000000000000000000000000000000000
000000000000000000000000000000000000000000000000000000000000000000
000000000000000000000000000000000000000000000000000000000000000000
FFFBB3F27FFE6D294001762A2000E65B1FFFFAA7B7FFFD353C001C9F1FFFFDA685
000000000000000000000000000000000000000000000000000000000000000000
000000000000000000000000000000000000000000000000000000000000000000
000000000000000000000000000000000000000000000000000000000000000000
000000000000000000000000000000000000000000000000000000000000000000
FFFBEA14FFFC1625400152372000E43A000012F6C7FFD8887FFFEA5CF3FFFCF2F8
000000000000000000000000000000000000000000000000000000000000000000
00007A93FFFD917BFFFE451F4000B6EB100015B0880022411C0019C187FFF71BE9
00052C8C7FFF2F0ABFFF6A1ABFFF1E2C8FFFAE1E17FFD67E30000E722800095FC5
000000000000000000000000000000000000000000000000000000000000000000
000815D3FFFDF6974002056ADFFF18C03FFF91283FFFCE73ABFFF7FC0E000FFE88
FFFA74BA7FFE9C854000A54E40008AF19FFFB32340002201DBFFE23BDC000B3B74
00050B4E7FFBFD2A800141DADFFFFE4DA00016EDFFFFE234F00010AEC7FFF684A9
000090797FFDB9BBFFFFAA972000C85CDFFF8B733FFFEE1DB3FFEFACD5FFFD18CF
FFFFCE908002E0947FFF05341FFFA2C4DFFFDD37D7FFE404EFFFE77DDE00016CE7
000000000000000000000000000000000000000000000000000000000000000000
000000000000000000000000000000000000000000000000000000000000000000
000000000000000000000000000000000000000000000000000000000000000000
000000000000000000000000000000000000000000000000000000000000000000
00012DBC7FFD03094001C642DFFF0D3D50005904C7FFDF457FFFF16C2BFFF2FE95
000000000000000000000000000000000000000000000000000000000000000000
000000000000000000000000000000000000000000000000000000000000000000
000000000000000000000000000000000000000000000000000000000000000000
FFFA65F88002592F8000FE855FFF9A8C20007005AFFFD6304FFFFA66D3FFFA013A
0004F8A580024600FFFF985CBFFFA64C3FFFCB8407FFCBB77FFFE2B2E1FFF703B1
000000000000000000000000000000000000000000000000000000000000000000
FFFF3A710001A2727FFE3FF83FFF6E08A0001BD2A8000642D0000FCB91FFF3A493
FFFC9B3B800251BCBFFE5E47A0006892C0002FF6AFFFDCB48C001122780005E44B
000000000000000000000000000000000000000000000000000000000000000000
000000000000000000000000000000000000000000000000000000000000000000
000000000000000000000000000000000000000000000000000000000000000000
000000000000000000000000000000000000000000000000000000000000000000
000000000000000000000000000000000000000000000000000000000000000000
000000000000000000000000000000000000000000000000000000000000000000
000000000000000000000000000000000000000000000000000000000000000000
000000000000000000000000000000000000000000000000000000000000000000
000000000000000000000000000000000000000000000000000000000000000000
000000000000000000000000000000000000000000000000000000000000000000
000000000000000000000000000000000000000000000000000000000000000000
000000000000000000000000000000000000000000000000000000000000000000
000000000000000000000000000000000000000000000000000000000000000000
0004C3C2FFFC1D4D3FFF7A40BFFEEA872000201037FFE0E06BFFFFF5DFFFFA78CB
000000000000000000000000000000000000000000000000000000000000000000
000000000000000000000000000000000000000000000000000000000000000000
000000000000000000000000000000000000000000000000000000000000000000
000000000000000000000000000000000000000000000000000000000000000000
000000000000000000000000000000000000000000000000000000000000000000
000000000000000000000000000000000000000000000000000000000000000000
000000000000000000000000000000000000000000000000000000000000000000
000000000000000000000000000000000000000000000000000000000000000000
000000000000000000000000000000000000000000000000000000000000000000
FFFEEC75FFFD0839000184B960009C5B600073FFB80039F193FFF01BC20004A75D
FFFA93807FFCC91FC001DE2FE000D403B0005788480022EEF3FFECAE960004CE9B
000000000000000000000000000000000000000000000000000000000000000000
000000000000000000000000000000000000000000000000000000000000000000
000000000000000000000000000000000000000000000000000000000000000000
000000000000000000000000000000000000000000000000000000000000000000
000000000000000000000000000000000000000000000000000000000000000000
000000000000000000000000000000000000000000000000000000000000000000
00051CEB000027427FFFB18360002F0CCFFFF78F57FFD87E5C000DE19400021004
000000000000000000000000000000000000000000000000000000000000000000
000000000000000000000000000000000000000000000000000000000000000000
0000314E80040640BFFF0630FFFF8B86D00004D0C8002D50E7FFFCCF6E000DB4A2
000000000000000000000000000000000000000000000000000000000000000000
000000000000000000000000000000000000000000000000000000000000000000
FFF7CB1E800113AB3FFFE70E1FFF194690006F8177FFC790BC000C658200067296
000000000000000000000000000000000000000000000000000000000000000000
000000000000000000000000000000000000000000000000000000000000000000
000000000000000000000000000000000000000000000000000000000000000000
000000000000000000000000000000000000000000000000000000000000000000
000000000000000000000000000000000000000000000000000000000000000000
000000000000000000000000000000000000000000000000000000000000000000
000000000000000000000000000000000000000000000000000000000000000000
000000000000000000000000000000000000000000000000000000000000000000
FFFFF58D7FFC783D000079FC9FFFB7EA600056707FFFDE1A3FFFFB750DFFFC2548
000000000000000000000000000000000000000000000000000000000000000000
000000000000000000000000000000000000000000000000000000000000000000
000403397FFEE0C2C000D5937FFFA475C00066B6B800020863FFF87741FFFAA15C
000000000000000000000000000000000000000000000000000000000000000000
000000000000000000000000000000000000000000000000000000000000000000
000000000000000000000000000000000000000000000000000000000000000000
000000000000000000000000000000000000000000000000000000000000000000
000000000000000000000000000000000000000000000000000000000000000000
00089297FFFD5DF13FFE2903000065C0D000483C9FFFBF0CC8001F1ABC0002F6E1
FFFBAC50800334BFFFFEDC6BE000257B90004457F000160B38000A429FFFF7ECF0
000000000000000000000000000000000000000000000000000000000000000000
000000000000000000000000000000000000000000000000000000000000000000
000000000000000000000000000000000000000000000000000000000000000000
000000000000000000000000000000000000000000000000000000000000000000
FFFEE9507FFF9B7FC00007EEE0007BD7A000259ED80011A7A4000D3CBA0006E0E9
000000000000000000000000000000000000000000000000000000000000000000
000000000000000000000000000000000000000000000000000000000000000000
000000000000000000000000000000000000000000000000000000000000000000
000000000000000000000000000000000000000000000000000000000000000000
000000000000000000000000000000000000000000000000000000000000000000
FFFF4CB80000E9E78001D85AA000A36C9FFFABE517FFE2175FFFF5D35BFFF9D000
000000000000000000000000000000000000000000000000000000000000000000
000000000000000000000000000000000000000000000000000000000000000000
000000000000000000000000000000000000000000000000000000000000000000
000000000000000000000000000000000000000000000000000000000000000000
000000000000000000000000000000000000000000000000000000000000000000
000000000000000000000000000000000000000000000000000000000000000000
FFFA75C5FFFD8A02C0005BADE0006C00C0000894A800123DC40010AA6000055234
000000000000000000000000000000000000000000000000000000000000000000
000000000000000000000000000000000000000000000000000000000000000000
000000000000000000000000000000000000000000000000000000000000000000
000000000000000000000000000000000000000000000000000000000000000000
0002089FFFFE71287FFE5B74A000B0F640006E95D80041A3780018C669FFEF4CCE
000000000000000000000000000000000000000000000000000000000000000000
00063811FFFDAE8140018403A000089F9FFFA97FC0000613A0000C6C740006B88F
000000000000000000000000000000000000000000000000000000000000000000
FFFF0A90FFFEBC960001C3C85FFFE9F4DFFFF7B54800452D57FFF1900E000BC3AB
000000000000000000000000000000000000000000000000000000000000000000
000000000000000000000000000000000000000000000000000000000000000000
000000000000000000000000000000000000000000000000000000000000000000
000523660002B13DC0007790C000DAD860004D66180016E20FFFEE0A17FFFAA226
000000000000000000000000000000000000000000000000000000000000000000
000000000000000000000000000000000000000000000000000000000000000000
000000000000000000000000000000000000000000000000000000000000000000
FFFBE0FE800187C3FFFFE92D1FFFC9444FFFC23317FFF242C3FFF79C6BFFFE8DC7
000000000000000000000000000000000000000000000000000000000000000000
000814AD7FFEA932BFFF157E8000EE8C50007E5368001205C3FFE5339BFFF61926
0005FEF50001BDF180019E06E0007D8A2FFFC0C7900028E8F000072A08000E1644
000000000000000000000000000000000000000000000000000000000000000000
0003E13C7FFFD5BDFFFFD3760000693BE00006E6B7FFDB454800037B8C00014BF9
00041B3D8001650DFFFF4491E00038C6B00036B0A7FFD8A238001466DC000B2635
000000000000000000000000000000000000000000000000000000000000000000
000000000000000000000000000000000000000000000000000000000000000000
000000000000000000000000000000000000000000000000000000000000000000
000000000000000000000000000000000000000000000000000000000000000000
FFFD950700023E207FFEE384FFFFA3DE90005612F7FFE98E1BFFFECC75FFF856CB
000000000000000000000000000000000000000000000000000000000000000000
000000000000000000000000000000000000000000000000000000000000000000
0005F86D000063E2000082685FFFCC7150004C764FFFFD13C3FFF968C3FFF29BBA
0004A9667FFCFDCC000115BDBFFFA1CD8FFFD1E048002AB288000B6C480001E864
000000000000000000000000000000000000000000000000000000000000000000
0004FD41FFFBE6F300013AB0BFFFC6E67FFF88E3D000021EFFFFE7CE6E00066DCC
000000000000000000000000000000000000000000000000000000000000000000
000000000000000000000000000000000000000000000000000000000000000000
000000000000000000000000000000000000000000000000000000000000000000
000000000000000000000000000000000000000000000000000000000000000000
000000000000000000000000000000000000000000000000000000000000000000
000000000000000000000000000000000000000000000000000000000000000000
000000000000000000000000000000000000000000000000000000000000000000
000000000000000000000000000000000000000000000000000000000000000000
000222D77FFBEE34400060E09FFF7AD23FFFD24667FFC94194000058D3FFF13377
000000000000000000000000000000000000000000000000000000000000000000
FFFDAD46FFFF26FD0000399A5FFF4904A000219F680017E304000BC0B8000C3FEB
000000000000000000000000000000000000000000000000000000000000000000
000000000000000000000000000000000000000000000000000000000000000000
000000000000000000000000000000000000000000000000000000000000000000
000000000000000000000000000000000000000000000000000000000000000000
000000000000000000000000000000000000000000000000000000000000000000
0003B7FC7FFEC72CBFFE3FDF5FFED0C53FFFB9A1900004E1E8000A3C3DFFF56F21
0007E08F800080E2BFFF3FA61FFF8AB5E00012B85000389AABFFE70205FFF9CF9D
FFFAB4AA8001FF2BC00094EB7FFFBBA00FFF8B1D07FFECAD4C0019A191FFFFCEB2
000000000000000000000000000000000000000000000000000000000000000000
000000000000000000000000000000000000000000000000000000000000000000
000000000000000000000000000000000000000000000000000000000000000000
000000000000000000000000000000000000000000000000000000000000000000
000000000000000000000000000000000000000000000000000000000000000000
000000000000000000000000000000000000000000000000000000000000000000
000000000000000000000000000000000000000000000000000000000000000000
FFFB6762FFFF2B7AC0006E5F3FFF3762000003323FFFCF8A1BFFD7E93E0008CE75
000000000000000000000000000000000000000000000000000000000000000000
FFFB16D4FFFDC3FB7FFF7C277FFFF490F00031FBFFFFD516AFFFEBF76000067126
000000000000000000000000000000000000000000000000000000000000000000
000000000000000000000000000000000000000000000000000000000000000000
FFFC42E9FFFDC40AC00050154000E34110007C9DB7FFCBCE8FFFE1617C000B7297
000000000000000000000000000000000000000000000000000000000000000000
00033DDC0003D36A3FFE5A71A0000FA15FFF995C3FFFD5493BFFF0AAEA00096E9A
000000000000000000000000000000000000000000000000000000000000000000
000000000000000000000000000000000000000000000000000000000000000000
000000000000000000000000000000000000000000000000000000000000000000
000000000000000000000000000000000000000000000000000000000000000000
000000000000000000000000000000000000000000000000000000000000000000
FFFF9493FFFEDCE6FFFED15EBFFFFA9A700036BC3FFFD559A7FFF8E6E8000AC7FD
000198A30001B4E33FFF0B895FFF1E985FFFF5FFA00014FCDBFFEF5396000282A0
000000000000000000000000000000000000000000000000000000000000000000
000000000000000000000000000000000000000000000000000000000000000000
0002AD1C8001216A00008DD6200027D13FFF9B14F800141260000C1D73FFF37FD8
FFFE12948001B9137FFFA5675FFF799D000063C0C800243F04001B1305FFFB55E1
000000000000000000000000000000000000000000000000000000000000000000
000000000000000000000000000000000000000000000000000000000000000000
000000000000000000000000000000000000000000000000000000000000000000
000000000000000000000000000000000000000000000000000000000000000000
000000000000000000000000000000000000000000000000000000000000000000
000000000000000000000000000000000000000000000000000000000000000000
FFFBC2E0FFFDF3F7C0003B55DFFFA279A00015255FFFBDECA0000FFFA40009A9F8
000000000000000000000000000000000000000000000000000000000000000000
000000000000000000000000000000000000000000000000000000000000000000
000000000000000000000000000000000000000000000000000000000000000000
000000000000000000000000000000000000000000000000000000000000000000
00071004FFFE3A24C00014767FFF5A415FFFC05F9000178A2FFFE66793FFFEB635
000000000000000000000000000000000000000000000000000000000000000000
000000000000000000000000000000000000000000000000000000000000000000
0003C57980042FCD8000ED841FFF711A0FFF754AE8001C36740005B067FFEE7FAF
000000000000000000000000000000000000000000000000000000000000000000
FFF8FFBEFFFEC5E27FFE00DD4000163F0FFFB34E00001F13E8001A1283FFF05207
000000000000000000000000000000000000000000000000000000000000000000
000000000000000000000000000000000000000000000000000000000000000000
000000000000000000000000000000000000000000000000000000000000000000
000000000000000000000000000000000000000000000000000000000000000000
000368E2FFFDF49600008BC2DFFF67CA20003B6F07FFCC5F78001133720001CC31
000000000000000000000000000000000000000000000000000000000000000000
000000000000000000000000000000000000000000000000000000000000000000
000000000000000000000000000000000000000000000000000000000000000000
000000000000000000000000000000000000000000000000000000000000000000
000000000000000000000000000000000000000000000000000000000000000000
FFF7EFE77FFFEC1AFFFF48B7DFFFF6860FFF99B18FFFF36CF0001F669FFFF7D9CE
000000000000000000000000000000000000000000000000000000000000000000
000000000000000000000000000000000000000000000000000000000000000000
000000000000000000000000000000000000000000000000000000000000000000
000000000000000000000000000000000000000000000000000000000000000000
000000000000000000000000000000000000000000000000000000000000000000
000000000000000000000000000000000000000000000000000000000000000000
000000000000000000000000000000000000000000000000000000000000000000
000000000000000000000000000000000000000000000000000000000000000000
000000000000000000000000000000000000000000000000000000000000000000
000000000000000000000000000000000000000000000000000000000000000000
000000000000000000000000000000000000000000000000000000000000000000
000000000000000000000000000000000000000000000000000000000000000000
000000000000000000000000000000000000000000000000000000000000000000
000000000000000000000000000000000000000000000000000000000000000000
000000000000000000000000000000000000000000000000000000000000000000
FFF8231E7FFE23A37FFEB7FD7FFFC3B24FFF9AF1480026DD7BFFF9289FFFFB1E16
FFFFAE3A0000CC918000111EE00018AD100029708800149E8BFFEDB41A000AFF96
000000000000000000000000000000000000000000000000000000000000000000
000000000000000000000000000000000000000000000000000000000000000000
000000000000000000000000000000000000000000000000000000000000000000
000000000000000000000000000000000000000000000000000000000000000000
000000000000000000000000000000000000000000000000000000000000000000
000000000000000000000000000000000000000000000000000000000000000000
000000000000000000000000000000000000000000000000000000000000000000
000054060002E0E3BFFF73FA4000DE5B00000E17A0002E32DFFFF44059FFF59905
000000000000000000000000000000000000000000000000000000000000000000
000000000000000000000000000000000000000000000000000000000000000000
000000000000000000000000000000000000000000000000000000000000000000
000000000000000000000000000000000000000000000000000000000000000000
000000000000000000000000000000000000000000000000000000000000000000
0004DF7380014B120000F8A1FFFF5DF1800047676FFFEE877C001C6426000B06E7
000000000000000000000000000000000000000000000000000000000000000000
FFFA498800034AFCC001B517E000D29720009129CFFFC59833FFE2E80A0006A37C
000000000000000000000000000000000000000000000000000000000000000000
FFF9EF73FFFDB8E2C001EF1BDFFF897A30000E3B68000B7B3800118A4FFFF828A5
000000000000000000000000000000000000000000000000000000000000000000
000000000000000000000000000000000000000000000000000000000000000000
000000000000000000000000000000000000000000000000000000000000000000
000000000000000000000000000000000000000000000000000000000000000000
000000000000000000000000000000000000000000000000000000000000000000
0004A174000182AEBFFE9FF69FFFD34880009004BFFFFD0DAC001524D20002EC9E
00003EF600045E8EC0021E8ABFFF37BD000080020800254330001600AFFFF46883
000000000000000000000000000000000000000000000000000000000000000000
000000000000000000000000000000000000000000000000000000000000000000
000000000000000000000000000000000000000000000000000000000000000000
000000000000000000000000000000000000000000000000000000000000000000
000000000000000000000000000000000000000000000000000000000000000000
0005C27C0000313EFFFFFD70600110759FFFEFEAF00013461FFFF8F8B5FFFA67D7
000000000000000000000000000000000000000000000000000000000000000000
000000000000000000000000000000000000000000000000000000000000000000
000000000000000000000000000000000000000000000000000000000000000000
000000000000000000000000000000000000000000000000000000000000000000
000000000000000000000000000000000000000000000000000000000000000000
000000000000000000000000000000000000000000000000000000000000000000
000000000000000000000000000000000000000000000000000000000000000000
0007E61FFFFCBDCA4000469FFFFFF8240FFFFD79F7FFEA2A4BFFF8C519FFF9C1F0
000000000000000000000000000000000000000000000000000000000000000000
FFFF6A460001C987C000187000006837F0004E6EEFFFD4943400105FCC00050141
000000000000000000000000000000000000000000000000000000000000000000
0000629D80031FF780009E66FFFEFF49900055E5A000035AD7FFF4CD5200016840
000000000000000000000000000000000000000000000000000000000000000000
000000000000000000000000000000000000000000000000000000000000000000
000000000000000000000000000000000000000000000000000000000000000000
000000000000000000000000000000000000000000000000000000000000000000
000000000000000000000000000000000000000000000000000000000000000000
FFFF940A0000E957BFFE6CB37FFF6519E0003AFCF000126FAC001B4469FFF836C7
000000000000000000000000000000000000000000000000000000000000000000
0003ACA3800349F37FFE6646E00081E970001E6FB7FFE35B4C000605FBFFFD2604
000000000000000000000000000000000000000000000000000000000000000000
000000000000000000000000000000000000000000000000000000000000000000
FFFCAD5F80025651BFFEAC972000F393EFFFD55057FFCE4673FFFC43E0000BC836
000000000000000000000000000000000000000000000000000000000000000000
000000000000000000000000000000000000000000000000000000000000000000
000000000000000000000000000000000000000000000000000000000000000000
00020B438002267A4000EA62DFFF2A5E4FFFD129B8003267700010A3CC000D9949
000000000000000000000000000000000000000000000000000000000000000000
000000000000000000000000000000000000000000000000000000000000000000
000000000000000000000000000000000000000000000000000000000000000000
000000000000000000000000000000000000000000000000000000000000000000
000000000000000000000000000000000000000000000000000000000000000000
000000000000000000000000000000000000000000000000000000000000000000
000000000000000000000000000000000000000000000000000000000000000000
000000000000000000000000000000000000000000000000000000000000000000
FFFAD2807FFF7C867FFEB6C0BFFF840D4000898437FFE0E4500005C81DFFF43660
00060741FFFDF2BE7FFED970800094BDDFFFA745580022ADCFFFDF13DA000DF262
00047CE17FFE2EF24001669DBFFFAF64C0000973380020499C00052BD8000C7D75
0008A80F0003CE3200009CA9A000B7185FFFCCFDD8001B6814001919CFFFF334B2
000000000000000000000000000000000000000000000000000000000000000000
0000F8040002212A400154778000C9126FFFA73638004124FBFFE0F788000146B0
000000000000000000000000000000000000000000000000000000000000000000
000000000000000000000000000000000000000000000000000000000000000000
000000000000000000000000000000000000000000000000000000000000000000
000000000000000000000000000000000000000000000000000000000000000000
000000000000000000000000000000000000000000000000000000000000000000
000000000000000000000000000000000000000000000000000000000000000000
000000000000000000000000000000000000000000000000000000000000000000
000000000000000000000000000000000000000000000000000000000000000000
000000000000000000000000000000000000000000000000000000000000000000
000000000000000000000000000000000000000000000000000000000000000000
FFFAE60EFFFDDFE43FFFD5A81FFF4942B0002C5F07FFE50D0C00135A95FFFB5CA9
000000000000000000000000000000000000000000000000000000000000000000
0005A8E37FFF0D817FFEC56A7FFFB7C010002DA77FFFCB233C00021FFFFFFB1B63
000000000000000000000000000000000000000000000000000000000000000000
000000000000000000000000000000000000000000000000000000000000000000
000000000000000000000000000000000000000000000000000000000000000000
FFFC4ED57FFC2FFE7FFF2C8D7FFF35BBB0000B5CDFFFEC26280011220600042CFF
000000000000000000000000000000000000000000000000000000000000000000
000000000000000000000000000000000000000000000000000000000000000000
000000000000000000000000000000000000000000000000000000000000000000
000000000000000000000000000000000000000000000000000000000000000000
000000000000000000000000000000000000000000000000000000000000000000
000000000000000000000000000000000000000000000000000000000000000000
000000000000000000000000000000000000000000000000000000000000000000
FFFCFCBE7FFCF4DA80006F37BFFFE038E00013BC8FFFFF1924000B63DBFFFC9A66
0004B73E7FFF205F3FFE6016000005B2FFFFA294FFFFEABCA80003DFA600073A02
0002AB0F80001C8CC0013B1F60009B70CFFFB51EC00002EDC400088EF400050E84
000000000000000000000000000000000000000000000000000000000000000000
FFF8101A7FFE6BF080001E3AFFFFDB806FFF868C800006FC640001AFB80003B34F
000000000000000000000000000000000000000000000000000000000000000000
000000000000000000000000000000000000000000000000000000000000000000
000000000000000000000000000000000000000000000000000000000000000000
000000000000000000000000000000000000000000000000000000000000000000
000000000000000000000000000000000000000000000000000000000000000000
000000000000000000000000000000000000000000000000000000000000000000
000000000000000000000000000000000000000000000000000000000000000000
000000000000000000000000000000000000000000000000000000000000000000
000000000000000000000000000000000000000000000000000000000000000000
000000000000000000000000000000000000000000000000000000000000000000
000000000000000000000000000000000000000000000000000000000000000000
FFFD83B97FFCB51FC001B522DFFFAA4B2FFFFAA8D0000EC25C0003DA88000B6547
000000000000000000000000000000000000000000000000000000000000000000
000000000000000000000000000000000000000000000000000000000000000000
000000000000000000000000000000000000000000000000000000000000000000
000000000000000000000000000000000000000000000000000000000000000000
FFFA02A880022CBA7FFFC0B69FFFE43C4FFFFA66580033852BFFF5D78C0002658D
000000000000000000000000000000000000000000000000000000000000000000
000000000000000000000000000000000000000000000000000000000000000000
FFFA45687FFD54C1FFFFA078800100CC1FFFF1AE07FFEB3C3BFFFD86DBFFFE6CF6
000000000000000000000000000000000000000000000000000000000000000000
000000000000000000000000000000000000000000000000000000000000000000
000000000000000000000000000000000000000000000000000000000000000000
000000000000000000000000000000000000000000000000000000000000000000
000487B3800253D2BFFF446AFFFF7BD08FFFB0451FFFC8517000058E36000CB538
000000000000000000000000000000000000000000000000000000000000000000
000000000000000000000000000000000000000000000000000000000000000000
000000000000000000000000000000000000000000000000000000000000000000
000000000000000000000000000000000000000000000000000000000000000000
000000000000000000000000000000000000000000000000000000000000000000
000000000000000000000000000000000000000000000000000000000000000000
000000000000000000000000000000000000000000000000000000000000000000
000000000000000000000000000000000000000000000000000000000000000000
FFFB8F598002F1D5BFFEDE001FFF7C35F0005E8347FFF6C51800117006000654B2
000000000000000000000000000000000000000000000000000000000000000000
000000000000000000000000000000000000000000000000000000000000000000
000000000000000000000000000000000000000000000000000000000000000000
000000000000000000000000000000000000000000000000000000000000000000
0006E432FFFF8817C0004249200083148FFF8FEAC7FFFC533C0005CB4FFFF4100E
000000000000000000000000000000000000000000000000000000000000000000
000000000000000000000000000000000000000000000000000000000000000000
000000000000000000000000000000000000000000000000000000000000000000
000000000000000000000000000000000000000000000000000000000000000000
000247008002C964FFFF51596000AE0F700076BB9FFFD582E400140EE7FFFAF211
000000000000000000000000000000000000000000000000000000000000000000
00011ABCFFFC125C7FFF471CBFFF26551FFFC18538000783540008B84600059692
000000000000000000000000000000000000000000000000000000000000000000
0005B348000372EABFFEC8485FFF889BCFFFD31BC7FFEEBF1800084F060009C771
000000000000000000000000000000000000000000000000000000000000000000
000000000000000000000000000000000000000000000000000000000000000000
0000BBE57FFF1FB50000B1603FFFF14C50003B2F3800266ED7FFEAE81FFFF432E9
000000000000000000000000000000000000000000000000000000000000000000
000000000000000000000000000000000000000000000000000000000000000000
000000000000000000000000000000000000000000000000000000000000000000
000000000000000000000000000000000000000000000000000000000000000000
FFFD74C28002E0857FFEE616A000A414000002A35FFFC5ADBC000DD8B600020668
000040590002B66A000034C2A000AFC92FFFB1803FFFF4E178000C15E3FFF98282
000000000000000000000000000000000000000000000000000000000000000000
000000000000000000000000000000000000000000000000000000000000000000
000243A37FFD274FFFFF9A213FFF31E2300074F667FFD4ADFBFFECF11E0009F4F3
000000000000000000000000000000000000000000000000000000000000000000
0005CD148000E8553FFF974AC000B9FE20004EC2EFFFE69CABFFF72A4A000F80EE
000000000000000000000000000000000000000000000000000000000000000000
FFFC9B257FFC5949BFFF3B0BFFFF82F530002A39900008FA18001C1A3E00028006
000000000000000000000000000000000000000000000000000000000000000000
000000000000000000000000000000000000000000000000000000000000000000
0004D62B000300B90001E1E4BFFF734D500036B6E7FFD9B378001EB1F5FFF0DFDB
000000000000000000000000000000000000000000000000000000000000000000
000000000000000000000000000000000000000000000000000000000000000000
000000000000000000000000000000000000000000000000000000000000000000
000000000000000000000000000000000000000000000000000000000000000000
000000000000000000000000000000000000000000000000000000000000000000
000956E000013CA3C000345C1FFF19931FFFF6BED7FFFC1ED4000177C3FFF5BEEF
000000000000000000000000000000000000000000000000000000000000000000
000000000000000000000000000000000000000000000000000000000000000000
0006EBBCFFFF58CAC000B8BDE000EF554FFFA0ADFFFFC9C8AFFFFD9705FFF20996
000000000000000000000000000000000000000000000000000000000000000000
FFFA44A7FFFEC08FBFFE1E4320001CAE1000199060001799A00005E3E400087B27
000000000000000000000000000000000000000000000000000000000000000000
000000000000000000000000000000000000000000000000000000000000000000
0005BA6C7FFF22BF40018C47C00050D57FFFF78497FFD4703BFFEFC7B00008FD9B
000000000000000000000000000000000000000000000000000000000000000000
000000000000000000000000000000000000000000000000000000000000000000
000000000000000000000000000000000000000000000000000000000000000000
000000000000000000000000000000000000000000000000000000000000000000
FFFF2CF180017DC600009F0C40005C223FFFF82E2FFFCD4037FFD4C059FFFB8902
FFFF35768002D5853FFE907860003B0B0FFFE408BFFFBF703FFFEDD0F7FFF48DD9
000000000000000000000000000000000000000000000000000000000000000000
000000000000000000000000000000000000000000000000000000000000000000
FFFB5214800064923FFF6655BFFFBA6AE0003000EFFFFFF59C000000C0000D2C72
000000000000000000000000000000000000000000000000000000000000000000
000000000000000000000000000000000000000000000000000000000000000000
000000000000000000000000000000000000000000000000000000000000000000
000000000000000000000000000000000000000000000000000000000000000000
000000000000000000000000000000000000000000000000000000000000000000
000000000000000000000000000000000000000000000000000000000000000000
000000000000000000000000000000000000000000000000000000000000000000
000000000000000000000000000000000000000000000000000000000000000000
000398FEFFFD7F32FFFFECB800002F7F5FFFACD4E8001F4B84001BC889FFF5A41A
000000000000000000000000000000000000000000000000000000000000000000
000000000000000000000000000000000000000000000000000000000000000000
00060E26FFFFEDC0C00104A73FFF8FA39FFFA527680002CC80001126E00000AF55
000448BD0003CFC77FFEF30C4000553F200001EF6FFFC87BC800177BC400079757
000000000000000000000000000000000000000000000000000000000000000000
000000000000000000000000000000000000000000000000000000000000000000
000000000000000000000000000000000000000000000000000000000000000000
000000000000000000000000000000000000000000000000000000000000000000
000000000000000000000000000000000000000000000000000000000000000000
000000000000000000000000000000000000000000000000000000000000000000
000000000000000000000000000000000000000000000000000000000000000000
000000000000000000000000000000000000000000000000000000000000000000
000000000000000000000000000000000000000000000000000000000000000000
00049BA1FFFD7DE6400014DDBFFFB9A60FFF9AC9BFFFD11EE7FFF21DFDFFF60903
000000000000000000000000000000000000000000000000000000000000000000
000000000000000000000000000000000000000000000000000000000000000000
FFFD4EBF80003D22BFFFFAE4FFFF59036000349547FFDEDF740008090C000AE4E0
000000000000000000000000000000000000000000000000000000000000000000
0002E0CA7FFEDA62BFFDA3BD9FFFACC80FFFD2344000189AA00002C552000C9167
FFFE3AEA800161A700006FADBFFF463D60002760A0000E9E73FFE9664E000D1C6E
00079BF480036E7D80017236BFFFFF295FFFF7D837FFCEAB140019692E0005D097
0002575600012D5BC0015DE2FFFF4DFC0FFFDC91DFFFED4BA8000ABE2BFFF1EC52
000000000000000000000000000000000000000000000000000000000000000000
000000000000000000000000000000000000000000000000000000000000000000
000000000000000000000000000000000000000000000000000000000000000000
FFF88667FFFE6761C00183D44000D4C0400005D400002D3A9400218D0FFFF24604
000000000000000000000000000000000000000000000000000000000000000000
000000000000000000000000000000000000000000000000000000000000000000
000000000000000000000000000000000000000000000000000000000000000000
000000000000000000000000000000000000000000000000000000000000000000
00035E07FFFFDC5600015EC38000703F4FFFFA779FFFC81CC7FFFC71520009FC8A
000000000000000000000000000000000000000000000000000000000000000000
000000000000000000000000000000000000000000000000000000000000000000
FFFD61C1FFFE64B6FFFF0946BFFFC31B9FFF8F4FA00037CC88000BC6ABFFF4A12C
000000000000000000000000000000000000000000000000000000000000000000
000000000000000000000000000000000000000000000000000000000000000000
000000000000000000000000000000000000000000000000000000000000000000
FFFFE5ABFFFC8DE9C00101E720008423D00013A7700000E9B3FFECD0CE000789A6
000000000000000000000000000000000000000000000000000000000000000000
000000000000000000000000000000000000000000000000000000000000000000
000000000000000000000000000000000000000000000000000000000000000000
000000000000000000000000000000000000000000000000000000000000000000
000000000000000000000000000000000000000000000000000000000000000000
000000000000000000000000000000000000000000000000000000000000000000
FFF7A72180010A1280014F7520007D301FFFC44260002AE473FFFA792E000D38AE
000000000000000000000000000000000000000000000000000000000000000000
FFFA93907FFF9D1B7FFF0F9FC00062882000344F37FFD421D00015482600056433
000000000000000000000000000000000000000000000000000000000000000000
000000000000000000000000000000000000000000000000000000000000000000
FFF9C3D57FFF0350000028153FFFA2BC1FFFB2CD900020884C000064A5FFF5782F
000000000000000000000000000000000000000000000000000000000000000000
FFFCD537FFFD288080001224DFFF83204FFFFBBBAFFFF267EC0011D5A9FFFACEC8
000000000000000000000000000000000000000000000000000000000000000000
00022C1100009143800148DE60000C859FFFAB29C80016D217FFFEBAAFFFF203F3
00067B71FFFF05D180004F359FFF2DB320007BFD2FFFCD0A4FFFED1C5600082047
000000000000000000000000000000000000000000000000000000000000000000
00070443FFFF80954001DD1980006C0B000013BEAFFFF02FCC001C203DFFFAACC1
000000000000000000000000000000000000000000000000000000000000000000
000000000000000000000000000000000000000000000000000000000000000000
000000000000000000000000000000000000000000000000000000000000000000
0002ADC07FFFFC0E40017EA95FFF605B70000D6B3FFFCB0E9FFFE887DDFFFE0AE4
0000ADAA7FFC9E3100017BBD00000191D0001C536800039DC3FFF1F61A000D5CDC
000000000000000000000000000000000000000000000000000000000000000000
000000000000000000000000000000000000000000000000000000000000000000
000000000000000000000000000000000000000000000000000000000000000000
000000000000000000000000000000000000000000000000000000000000000000
FFF88580FFFF2BBDC0020733C0012C5F80000D6B1FFFFFE6BBFFF7A7F000084E3E
000000000000000000000000000000000000000000000000000000000000000000
000000000000000000000000000000000000000000000000000000000000000000
000000000000000000000000000000000000000000000000000000000000000000
000000000000000000000000000000000000000000000000000000000000000000
000000000000000000000000000000000000000000000000000000000000000000
000000000000000000000000000000000000000000000000000000000000000000
000000000000000000000000000000000000000000000000000000000000000000
000000000000000000000000000000000000000000000000000000000000000000
000000000000000000000000000000000000000000000000000000000000000000
000000000000000000000000000000000000000000000000000000000000000000
000000000000000000000000000000000000000000000000000000000000000000
FFFC69C80001247640024F986000B52580005AEEB8001B661C001C6C15FFFFE4FE
000000000000000000000000000000000000000000000000000000000000000000
FFFF996B8000AB883FFF47313FFF364C7FFF94B05000028013FFF1ACE3FFF1BA78
000000000000000000000000000000000000000000000000000000000000000000
000000000000000000000000000000000000000000000000000000000000000000
000000000000000000000000000000000000000000000000000000000000000000
000000000000000000000000000000000000000000000000000000000000000000
000676E57FFF150F7FFE7D4D9FFF7C37500001C09FFFD241A40023B4780006692E
000000000000000000000000000000000000000000000000000000000000000000
FFF9989B7FFF0E707FFF44335FFFEB875FFF8B7547FFF67EB7FFE9F211FFFD3E12
000000000000000000000000000000000000000000000000000000000000000000
000000000000000000000000000000000000000000000000000000000000000000
000000000000000000000000000000000000000000000000000000000000000000
000000000000000000000000000000000000000000000000000000000000000000
000000000000000000000000000000000000000000000000000000000000000000
000000000000000000000000000000000000000000000000000000000000000000
0002D09D80003CF5FFFFCFAB1FFFDCAEEFFFC02C880027516BFFE5E749FFF6226E
000000000000000000000000000000000000000000000000000000000000000000
000000000000000000000000000000000000000000000000000000000000000000
000000000000000000000000000000000000000000000000000000000000000000
000690318002CF177FFF78297FFFB593EFFFA27427FFE57643FFFD350BFFF03F2D
000000000000000000000000000000000000000000000000000000000000000000
000000000000000000000000000000000000000000000000000000000000000000
000000000000000000000000000000000000000000000000000000000000000000
0003D39F8001596B80006CC86000A06BC00023EA6000088963FFE60385FFFD6DFC
000000000000000000000000000000000000000000000000000000000000000000
000000000000000000000000000000000000000000000000000000000000000000
000000000000000000000000000000000000000000000000000000000000000000
000000000000000000000000000000000000000000000000000000000000000000
000000000000000000000000000000000000000000000000000000000000000000
000000000000000000000000000000000000000000000000000000000000000000
000000000000000000000000000000000000000000000000000000000000000000
FFFDC8EB800104CDBFFF73D86000414E1FFFFCB4D7FFFE0DC80005DC3FFFF7FFBC
FFFEA2CBFFFFA74F00014A0140006F0360006785E7FFF39067FFEC207000084067
000000000000000000000000000000000000000000000000000000000000000000
000000000000000000000000000000000000000000000000000000000000000000
000000000000000000000000000000000000000000000000000000000000000000
000000000000000000000000000000000000000000000000000000000000000000
0005903EFFFCC28E3FFFCB01A0000A14E0004DA3A8002A7F8C0002EE23FFF84C66
0002B2D2FFFD648E3FFFDB993FFFC504D000752D60002FEECFFFEE8C73FFF3BC5F
00026907FFFF6D7140017A4DC0008CB540006F43B800322217FFFB131800021AE9
00068D67FFFD7A8500013106DFFF49A4B000163B10003B6988000B79C9FFF75202
000000000000000000000000000000000000000000000000000000000000000000
FFFBE4177FFDFE760000EDF87FFF32C9300057B647FFEFD274000C04C5FFF6204B
FFFD861BFFFCE7717FFEB2C4BFFFBD7AEFFF89D0F7FFE73057FFFCF92E00067B2F
000000000000000000000000000000000000000000000000000000000000000000
000000000000000000000000000000000000000000000000000000000000000000
000000000000000000000000000000000000000000000000000000000000000000
000000000000000000000000000000000000000000000000000000000000000000
000000000000000000000000000000000000000000000000000000000000000000
000000000000000000000000000000000000000000000000000000000000000000
000000000000000000000000000000000000000000000000000000000000000000
000000000000000000000000000000000000000000000000000000000000000000
000000000000000000000000000000000000000000000000000000000000000000
000000000000000000000000000000000000000000000000000000000000000000
000000000000000000000000000000000000000000000000000000000000000000
000000000000000000000000000000000000000000000000000000000000000000
000000000000000000000000000000000000000000000000000000000000000000
000000000000000000000000000000000000000000000000000000000000000000
000000000000000000000000000000000000000000000000000000000000000000
000000000000000000000000000000000000000000000000000000000000000000
000000000000000000000000000000000000000000000000000000000000000000
FFFE72A60003CB210001AE14A00002D3FFFFFD55B80019B89FFFFF5E49FFF4A33A
00028F9500021D4BC0000F0D1FFF5C4EB000870FAFFFB84134001B3F200001E6A1
000000000000000000000000000000000000000000000000000000000000000000
000000000000000000000000000000000000000000000000000000000000000000
000000000000000000000000000000000000000000000000000000000000000000
000000000000000000000000000000000000000000000000000000000000000000
00012E2E00033A85FFFF2E29DFFF4E5940002E31780008429FFFE59091FFF130AE
000000000000000000000000000000000000000000000000000000000000000000
000000000000000000000000000000000000000000000000000000000000000000
FFFAE4247FFD56778001E70D2000CC7780000866FFFFFBF5BBFFFCF1A800054D8B
000000000000000000000000000000000000000000000000000000000000000000
000000000000000000000000000000000000000000000000000000000000000000
FFFE200AFFFF5EE78000A6F6DFFFD131AFFF6C4470001865A3FFECF4FA0010CEF4
000000000000000000000000000000000000000000000000000000000000000000
000000000000000000000000000000000000000000000000000000000000000000
000688E2FFFEB4BC3FFFD9BFBFFF23D850003852F0001D679C001FC8540001C31C
000000000000000000000000000000000000000000000000000000000000000000
000000000000000000000000000000000000000000000000000000000000000000
000000000000000000000000000000000000000000000000000000000000000000
000000000000000000000000000000000000000000000000000000000000000000
FFFF6902000100FE3FFE950D400084567000066187FFFF6C64000464DA0003161C
000000000000000000000000000000000000000000000000000000000000000000
000000000000000000000000000000000000000000000000000000000000000000
FFFB8006FFFF9E81800163AEDFFFE11E9FFF7D0B100006E28FFFEDF505FFFC1643
000000000000000000000000000000000000000000000000000000000000000000
000000000000000000000000000000000000000000000000000000000000000000
FFFE927FFFFDE82E000059BEFFFF8917BFFF899350002FF83FFFFBDEFBFFF9AD4A
000000000000000000000000000000000000000000000000000000000000000000
FFFE0A8D00006DAD3FFFD79D3FFF4048BFFFDFF80800206508002209560002C658
000000000000000000000000000000000000000000000000000000000000000000
000000000000000000000000000000000000000000000000000000000000000000
000000000000000000000000000000000000000000000000000000000000000000
FFFCD2B080006136800164CC3FFF2DF56FFFAD803FFFC8538FFFFBD0F8000C0615
000000000000000000000000000000000000000000000000000000000000000000
000000000000000000000000000000000000000000000000000000000000000000
000000000000000000000000000000000000000000000000000000000000000000
000000000000000000000000000000000000000000000000000000000000000000
000000000000000000000000000000000000000000000000000000000000000000
000000000000000000000000000000000000000000000000000000000000000000
000000000000000000000000000000000000000000000000000000000000000000
FFF76F3AFFFCE7C4000145A4E000D654900043BA97FFC07BA0001AF65BFFF1A38B
FFFB9BC3FFFC85354001E1F8BFFF7A812FFFC93EF7FFD3069FFFF8BDCBFFFD0C66
000000000000000000000000000000000000000000000000000000000000000000
000000000000000000000000000000000000000000000000000000000000000000
000000000000000000000000000000000000000000000000000000000000000000
000000000000000000000000000000000000000000000000000000000000000000
000000000000000000000000000000000000000000000000000000000000000000
000000000000000000000000000000000000000000000000000000000000000000
000000000000000000000000000000000000000000000000000000000000000000
FFFDAD9FFFFEE0468001D725DFFFF49AE000176538001C74EFFFF26C75FFFDCE9F
000000000000000000000000000000000000000000000000000000000000000000
000000000000000000000000000000000000000000000000000000000000000000
000000000000000000000000000000000000000000000000000000000000000000
00043B01800100A17FFE80D26000DCFD7FFF7E046FFFFEF497FFEDB5E3FFF55FDF
000000000000000000000000000000000000000000000000000000000000000000
FFFB034E8001F54C3FFF14AE3FFF25D06FFFA5E710000974E0000B2927FFFF66F5
000000000000000000000000000000000000000000000000000000000000000000
000000000000000000000000000000000000000000000000000000000000000000
000000000000000000000000000000000000000000000000000000000000000000
FFFDF59B00044088000097FD4000AA875FFF8FDC30001E10B8001C6ED9FFFD4252
000000000000000000000000000000000000000000000000000000000000000000
000000000000000000000000000000000000000000000000000000000000000000
FFF928ECFFFCE1D0BFFEC8021FFF09E43000363040002327EC00150911FFFE8F1E
000000000000000000000000000000000000000000000000000000000000000000
000000000000000000000000000000000000000000000000000000000000000000
000000000000000000000000000000000000000000000000000000000000000000
000000000000000000000000000000000000000000000000000000000000000000
000000000000000000000000000000000000000000000000000000000000000000
000000000000000000000000000000000000000000000000000000000000000000
000000000000000000000000000000000000000000000000000000000000000000
000000000000000000000000000000000000000000000000000000000000000000
000344FD8000F2640001597B1FFF5CC8BFFFA560480015E30BFFFB997E000FB8C0
0006559C800178EEBFFF553AFFFFC31AEFFFAF4B87FFD944800013D5900011A4B7
000000000000000000000000000000000000000000000000000000000000000000
000000000000000000000000000000000000000000000000000000000000000000
0000770C80012CB800019E10C000F9D13000387A8FFFBE8F2000145F2BFFF456B4
000000000000000000000000000000000000000000000000000000000000000000
000000000000000000000000000000000000000000000000000000000000000000
000000000000000000000000000000000000000000000000000000000000000000
000000000000000000000000000000000000000000000000000000000000000000
FFF9834F7FFEA33AC001116C400047593FFFCA8F080033F7B0001AA59BFFF96CFC
000000000000000000000000000000000000000000000000000000000000000000
000000000000000000000000000000000000000000000000000000000000000000
000000000000000000000000000000000000000000000000000000000000000000
000000000000000000000000000000000000000000000000000000000000000000
000000000000000000000000000000000000000000000000000000000000000000
000000000000000000000000000000000000000000000000000000000000000000
000000000000000000000000000000000000000000000000000000000000000000
FFFEEDFBFFFDB9DE800015158000B16CD000393A3FFFEADF1FFFF7E78E00013550
000000000000000000000000000000000000000000000000000000000000000000
FFF9D622FFFF53277FFF0B17E000B69740004D95A000493F8FFFEE68400009013E
000000000000000000000000000000000000000000000000000000000000000000
000000000000000000000000000000000000000000000000000000000000000000
000000000000000000000000000000000000000000000000000000000000000000
FFFEE38FFFFCF7453FFE7BAEE00048A6D00001957000020D5FFFF77329FFFF2DEB
000034FD00021320C00095161FFF7302DFFFF2EFB80021BAF8001C6818000CBAA4
000000000000000000000000000000000000000000000000000000000000000000
000000000000000000000000000000000000000000000000000000000000000000
000000000000000000000000000000000000000000000000000000000000000000
000000000000000000000000000000000000000000000000000000000000000000
000007AB0003BBC6FFFFEE44DFFF4A1AD0006D1A080032CD700012EBD60002E4E4
000000000000000000000000000000000000000000000000000000000000000000
000000000000000000000000000000000000000000000000000000000000000000
000000000000000000000000000000000000000000000000000000000000000000
FFFFD9E27FFC914B40013385400093138FFFBB27F0002B5C37FFFF9699FFF5BBA6
000000000000000000000000000000000000000000000000000000000000000000
000000000000000000000000000000000000000000000000000000000000000000
000000000000000000000000000000000000000000000000000000000000000000
000000000000000000000000000000000000000000000000000000000000000000
000000000000000000000000000000000000000000000000000000000000000000
0004D80C7FFF3447BFFF4EEC20002E4E7000627520004AF9A400095E340008A192
00010FB7FFFDBF6B7FFF189E20000DCEB0004D04F7FFC333680011BF2FFFF66EE2
000000000000000000000000000000000000000000000000000000000000000000
000000000000000000000000000000000000000000000000000000000000000000
000000000000000000000000000000000000000000000000000000000000000000
0000DC2B8003EB08FFFF1FC6BFFF772A500015E657FFD1652C000C6A06000531BF
000000000000000000000000000000000000000000000000000000000000000000
0004F73EFFFF05940000666A20004E5C400012985000163297FFE9A3DE0006037B
FFF97D89FFFC64CEC000B8596000B2C6B000428217FFDC2A43FFE4DFC1FFFA9F5B
000000000000000000000000000000000000000000000000000000000000000000
000000000000000000000000000000000000000000000000000000000000000000
000000000000000000000000000000000000000000000000000000000000000000
000000000000000000000000000000000000000000000000000000000000000000
000000000000000000000000000000000000000000000000000000000000000000
000000000000000000000000000000000000000000000000000000000000000000
000000000000000000000000000000000000000000000000000000000000000000
000000000000000000000000000000000000000000000000000000000000000000
000000000000000000000000000000000000000000000000000000000000000000
000000000000000000000000000000000000000000000000000000000000000000
00051437000220A6BFFE3F91200018613FFFA754480049B65C001A31F7FFFBA221
0000D36A0000BDE58001ED3CBFFF8D896FFF8FD727FFF7B7980000746BFFFC3161
000000000000000000000000000000000000000000000000000000000000000000
000000000000000000000000000000000000000000000000000000000000000000
000000000000000000000000000000000000000000000000000000000000000000
000000000000000000000000000000000000000000000000000000000000000000
000000000000000000000000000000000000000000000000000000000000000000
000228E17FFC5D76BFFFA5257FFF18423000208D68000EE60FFFDAA08400052635
000000000000000000000000000000000000000000000000000000000000000000
FFFC942AFFFBF84E40007BA18000D366600005D2C7FFF9BD8BFFEC507400094551
FFFEFD4000010E6F0000FCD5800049865FFFE40AC00040FFB400100180001252F3
000000000000000000000000000000000000000000000000000000000000000000
000000000000000000000000000000000000000000000000000000000000000000
000000000000000000000000000000000000000000000000000000000000000000
000000000000000000000000000000000000000000000000000000000000000000
000000000000000000000000000000000000000000000000000000000000000000
00017F49FFFE7936C00083609FFF1B9FCFFFAA90180020D573FFEAE484000213C2
000000000000000000000000000000000000000000000000000000000000000000
000000000000000000000000000000000000000000000000000000000000000000
000000000000000000000000000000000000000000000000000000000000000000
000000000000000000000000000000000000000000000000000000000000000000
FFFED828FFFCC83300006F9DFFFFF69A60003BA6B7FFD839AC001538BC00037361
FFF9139E0003F9B50000AF9EDFFFABDAB000162AEFFFFA4E1BFFE72229FFF8A290
FFF902A10000070F0000DE303FFF3B024FFFA1F327FFE80AC4001C225BFFF32CD5
FFF897E20002B6B4FFFEC10B5FFF93127FFFBED838000A1E6400076639FFFF9097
000000000000000000000000000000000000000000000000000000000000000000
000000000000000000000000000000000000000000000000000000000000000000
000000000000000000000000000000000000000000000000000000000000000000
000000000000000000000000000000000000000000000000000000000000000000
000000000000000000000000000000000000000000000000000000000000000000
000000000000000000000000000000000000000000000000000000000000000000
000000000000000000000000000000000000000000000000000000000000000000
000000000000000000000000000000000000000000000000000000000000000000
000000000000000000000000000000000000000000000000000000000000000000
000000000000000000000000000000000000000000000000000000000000000000
FFFF73E1000174F6000210E6200037A24FFFABD918002FF2240006EA23FFF191B0
000000000000000000000000000000000000000000000000000000000000000000
000000000000000000000000000000000000000000000000000000000000000000
000000000000000000000000000000000000000000000000000000000000000000
000000000000000000000000000000000000000000000000000000000000000000
000000000000000000000000000000000000000000000000000000000000000000
000000000000000000000000000000000000000000000000000000000000000000
000000000000000000000000000000000000000000000000000000000000000000
000000000000000000000000000000000000000000000000000000000000000000
000652A40002590600018C58DFFFFBC95FFFB47A280017801FFFEBA1C40000F17A
000000000000000000000000000000000000000000000000000000000000000000
000000000000000000000000000000000000000000000000000000000000000000
000000000000000000000000000000000000000000000000000000000000000000
000000000000000000000000000000000000000000000000000000000000000000
000000000000000000000000000000000000000000000000000000000000000000
000000000000000000000000000000000000000000000000000000000000000000
000000000000000000000000000000000000000000000000000000000000000000
000000000000000000000000000000000000000000000000000000000000000000
0006E4AE0001C9847FFE42CEE0007A4DE000501C10001F1517FFEA5C12001271C0
000000000000000000000000000000000000000000000000000000000000000000
000000000000000000000000000000000000000000000000000000000000000000
FFFFD0DCFFFEC0E1BFFE33528000233F3FFFF0CA2FFFF738C400147F7DFFFEC6F5
000000000000000000000000000000000000000000000000000000000000000000
000000000000000000000000000000000000000000000000000000000000000000
000000000000000000000000000000000000000000000000000000000000000000
000000000000000000000000000000000000000000000000000000000000000000
000000000000000000000000000000000000000000000000000000000000000000
FFFF6B087FFDC846C000F0E28000D976DFFFA48B180040E257FFE2FA33FFFFCDCC
000000000000000000000000000000000000000000000000000000000000000000
000000000000000000000000000000000000000000000000000000000000000000
000000000000000000000000000000000000000000000000000000000000000000
000000000000000000000000000000000000000000000000000000000000000000
000626567FFCA6D6FFFE89EAFFFF07C1C0004514C7FFC69943FFE6C414000DB53D
000000000000000000000000000000000000000000000000000000000000000000
000000000000000000000000000000000000000000000000000000000000000000
00040D9A0000F432800001DFFFFF31D9C00054D36FFFE5FAE3FFF31B9E000CCE60
000000000000000000000000000000000000000000000000000000000000000000
000000000000000000000000000000000000000000000000000000000000000000
000000000000000000000000000000000000000000000000000000000000000000
000000000000000000000000000000000000000000000000000000000000000000
FFFC911DFFFD3304400166375FFF68286FFFACF050000556B7FFF7A945FFF40F8F
0001CC460003276A4000FE27BFFF8611BFFFA96B28001142040013CA81FFFACEC8
FFFE3775FFFF6AA9FFFEEC7A4000F2DE400039B9B0002CFEB7FFE3459E0003A8BF
000000000000000000000000000000000000000000000000000000000000000000
000000000000000000000000000000000000000000000000000000000000000000
000000000000000000000000000000000000000000000000000000000000000000
000000000000000000000000000000000000000000000000000000000000000000
0007B51D7FFF23577FFE9AA09FFF098E000068F8BFFFF4263C001A973FFFF440A2
000000000000000000000000000000000000000000000000000000000000000000
FFFDBA1A0000235D7FFF7753A00002A3DFFFA24407FFE57757FFEC82D5FFF13890
000000000000000000000000000000000000000000000000000000000000000000
00011C5F7FFC2E06C000C61D80007EE7EFFFAB19F0000326D7FFEB38E3FFFD6D19
000000000000000000000000000000000000000000000000000000000000000000
000000000000000000000000000000000000000000000000000000000000000000
000404CD7FFE7C9A40003C3A6000EB2D9FFF6BC2E800063AEBFFFF8E71FFF8C3B7
000000000000000000000000000000000000000000000000000000000000000000
000000000000000000000000000000000000000000000000000000000000000000
000000000000000000000000000000000000000000000000000000000000000000
000000000000000000000000000000000000000000000000000000000000000000
0000394B0002CCED4001E4A8BFFFD419AFFFB8D65FFFEB98AC0007F9D5FFF9612A
0001780B7FFF52F3FFFEC8992000B888F0005643580039CAD4001473AE000EB55E
0001139F0003D4163FFE3A57DFFF3816C000073AE0002DC937FFFF4C1DFFF11660
000000000000000000000000000000000000000000000000000000000000000000
000000000000000000000000000000000000000000000000000000000000000000
000000000000000000000000000000000000000000000000000000000000000000
000000000000000000000000000000000000000000000000000000000000000000
000000000000000000000000000000000000000000000000000000000000000000
000000000000000000000000000000000000000000000000000000000000000000
000000000000000000000000000000000000000000000000000000000000000000
000000000000000000000000000000000000000000000000000000000000000000
000000000000000000000000000000000000000000000000000000000000000000
000000000000000000000000000000000000000000000000000000000000000000
000000000000000000000000000000000000000000000000000000000000000000
000000000000000000000000000000000000000000000000000000000000000000
FFFF8CD77FFD939EFFFFB9FF80009A76DFFFC889CFFFF76C93FFF2E5BDFFF721C8
000000000000000000000000000000000000000000000000000000000000000000
000000000000000000000000000000000000000000000000000000000000000000
0004DE0280022AC53FFDABA81FFF41AAB00007A768000D4E180003A02A0008E1FE
000000000000000000000000000000000000000000000000000000000000000000
0007F3B3FFFFA74A400124A2FFFF84FEBFFF761B37FFEFB2A80005721800023099
0003DA3EFFFDC3060000F69C8000A27540006523C7FFC71927FFFFFACE000D0F6A
000000000000000000000000000000000000000000000000000000000000000000
000000000000000000000000000000000000000000000000000000000000000000
000000000000000000000000000000000000000000000000000000000000000000
000000000000000000000000000000000000000000000000000000000000000000
000000000000000000000000000000000000000000000000000000000000000000
000000000000000000000000000000000000000000000000000000000000000000
000000000000000000000000000000000000000000000000000000000000000000
000000000000000000000000000000000000000000000000000000000000000000
000000000000000000000000000000000000000000000000000000000000000000
000000000000000000000000000000000000000000000000000000000000000000
000000000000000000000000000000000000000000000000000000000000000000
FFFF8A2C7FFE13BBFFFE80B10000E8917FFFA90D8000256AF3FFECEB42000D4A8F
FFFEF1AD80027E4BBFFF6D97C0003FD70FFF8C3B080029340400135AC40008E73E
000000000000000000000000000000000000000000000000000000000000000000
000000000000000000000000000000000000000000000000000000000000000000
000000000000000000000000000000000000000000000000000000000000000000
000000000000000000000000000000000000000000000000000000000000000000
000000000000000000000000000000000000000000000000000000000000000000
000000000000000000000000000000000000000000000000000000000000000000
000000000000000000000000000000000000000000000000000000000000000000
000000000000000000000000000000000000000000000000000000000000000000
00019848FFFDD69D0001A779400142D300004B0C4FFFC0F4C400183A74000E8CAE
000000000000000000000000000000000000000000000000000000000000000000
000000000000000000000000000000000000000000000000000000000000000000
000000000000000000000000000000000000000000000000000000000000000000
000000000000000000000000000000000000000000000000000000000000000000
000000000000000000000000000000000000000000000000000000000000000000
000000000000000000000000000000000000000000000000000000000000000000
FFFF850F8002D646C000B5EA800081E9B00070C51FFFD89A7FFFE58BF5FFF1F055
00072CF580003BAD0000AFBC3FFFA3D6C000304BD7FFCE398FFFF9EDF800013D46
000000000000000000000000000000000000000000000000000000000000000000
000000000000000000000000000000000000000000000000000000000000000000
00079D0AFFFD7806000132E9A000F269E0002919D000254A180020DE5E0002F15C
000000000000000000000000000000000000000000000000000000000000000000
000000000000000000000000000000000000000000000000000000000000000000
000000000000000000000000000000000000000000000000000000000000000000
000000000000000000000000000000000000000000000000000000000000000000
000000000000000000000000000000000000000000000000000000000000000000
000000000000000000000000000000000000000000000000000000000000000000
0001E42E80021F667FFF9C17DFFFF1A0AFFFBD2A9800153F77FFE0EAE9FFEFB03C
FFF86822FFFD8064FFFFCFE46000B509C0007088B7FFC71117FFECF3E8000382C7
000000000000000000000000000000000000000000000000000000000000000000
000000000000000000000000000000000000000000000000000000000000000000
000000000000000000000000000000000000000000000000000000000000000000
000000000000000000000000000000000000000000000000000000000000000000
000000000000000000000000000000000000000000000000000000000000000000
000000000000000000000000000000000000000000000000000000000000000000
000000000000000000000000000000000000000000000000000000000000000000
000000000000000000000000000000000000000000000000000000000000000000
000000000000000000000000000000000000000000000000000000000000000000
000000000000000000000000000000000000000000000000000000000000000000
000000000000000000000000000000000000000000000000000000000000000000
FFFD28A90003121DFFFE3950FFFFC95A5FFF91503FFFD25B4FFFF0BBDFFFF8E0CA
000000000000000000000000000000000000000000000000000000000000000000
000000000000000000000000000000000000000000000000000000000000000000
000000000000000000000000000000000000000000000000000000000000000000
000000000000000000000000000000000000000000000000000000000000000000
000000000000000000000000000000000000000000000000000000000000000000
000000000000000000000000000000000000000000000000000000000000000000
00062E2AFFFD1D2BFFFDEAACA00091CA5FFFEE8B880026C043FFEE114400052826
000000000000000000000000000000000000000000000000000000000000000000
000000000000000000000000000000000000000000000000000000000000000000
000000000000000000000000000000000000000000000000000000000000000000
0007AAC47FFC1DF00000ABBA0000656AC0003363A7FFEA225C0004BE0FFFEFCBFC
000000000000000000000000000000000000000000000000000000000000000000
000000000000000000000000000000000000000000000000000000000000000000
000000000000000000000000000000000000000000000000000000000000000000
00020E37FFFFC35F800179549FFFF79FDFFFD256F80015408BFFEFCD8DFFFDE4F6
000000000000000000000000000000000000000000000000000000000000000000
000000000000000000000000000000000000000000000000000000000000000000
FFFC2F357FFFEB67BFFFA58220000F1D6FFFC3EDF7FFF87F6FFFECBA93FFFA79DB
000000000000000000000000000000000000000000000000000000000000000000
000000000000000000000000000000000000000000000000000000000000000000
000000000000000000000000000000000000000000000000000000000000000000
FFFDBD7C800366FBFFFFDD173FFFD7DC90001E8888001F45480016FD60000785BD
000000000000000000000000000000000000000000000000000000000000000000
000000000000000000000000000000000000000000000000000000000000000000
0006E9938001C2387FFF274AC000A5809000461F300031241C00119223FFF5FB9D
00055EF8FFFCB68D4001865F9FFF99BB1FFFD2F03000226E90000F055C0004D4FC
000000000000000000000000000000000000000000000000000000000000000000
000000000000000000000000000000000000000000000000000000000000000000
000000000000000000000000000000000000000000000000000000000000000000
000000000000000000000000000000000000000000000000000000000000000000
000000000000000000000000000000000000000000000000000000000000000000
000000000000000000000000000000000000000000000000000000000000000000
000000000000000000000000000000000000000000000000000000000000000000
00037AEF8001D835FFFED628C000C3DA9FFFC993C800197928000AB9E3FFF2BD2F
000000000000000000000000000000000000000000000000000000000000000000
000603ACFFFE5FEB7FFECA215FFF9763BFFFB98300001F5A73FFF54F9FFFF7E956
000000000000000000000000000000000000000000000000000000000000000000
000000000000000000000000000000000000000000000000000000000000000000
FFFE45CC0003020F4000439000011B62900015C1CFFFDEA9F7FFF2AA17FFFC8D2B
000000000000000000000000000000000000000000000000000000000000000000
000000000000000000000000000000000000000000000000000000000000000000
000000000000000000000000000000000000000000000000000000000000000000
000000000000000000000000000000000000000000000000000000000000000000
000000000000000000000000000000000000000000000000000000000000000000
000000000000000000000000000000000000000000000000000000000000000000
000000000000000000000000000000000000000000000000000000000000000000
FFFC89140001BDE67FFF1995BFFF7D2ADFFF7D23E00047D41C0019B85FFFF04018
000000000000000000000000000000000000000000000000000000000000000000
000000000000000000000000000000000000000000000000000000000000000000
000000000000000000000000000000000000000000000000000000000000000000
0007530C7FFE30B8400040A2200053DFEFFFC733D0001316B7FFDF4CE1FFFCD775
000000000000000000000000000000000000000000000000000000000000000000
000000000000000000000000000000000000000000000000000000000000000000
000000000000000000000000000000000000000000000000000000000000000000
000000000000000000000000000000000000000000000000000000000000000000
000000000000000000000000000000000000000000000000000000000000000000
00057D030002BC2F8002156940010369FFFF9EADF7FFE664200003EBE2000CFF2E
000000000000000000000000000000000000000000000000000000000000000000
000000000000000000000000000000000000000000000000000000000000000000
000000000000000000000000000000000000000000000000000000000000000000
FFFB1D127FFDB780BFFF5338C0004C6FD000167837FFDEF247FFFB799000089284
0003945E7FFD435D8000500F4000B55FFFFFA78F27FFD2E1D3FFEB076A0002FB73
000000000000000000000000000000000000000000000000000000000000000000
FFFF0CC17FFC2ED0C00131685FFFDC1F4FFFEC5C9000033B600008C2C3FFF31A11
000000000000000000000000000000000000000000000000000000000000000000
000000000000000000000000000000000000000000000000000000000000000000
00017A6F7FFED0963FFFAB39A000C7D27FFF7F73F000517510001F0F6000079FCE
000000000000000000000000000000000000000000000000000000000000000000
000000000000000000000000000000000000000000000000000000000000000000
000000000000000000000000000000000000000000000000000000000000000000
000000000000000000000000000000000000000000000000000000000000000000
000000000000000000000000000000000000000000000000000000000000000000
000000000000000000000000000000000000000000000000000000000000000000
000000000000000000000000000000000000000000000000000000000000000000
000000000000000000000000000000000000000000000000000000000000000000
000000000000000000000000000000000000000000000000000000000000000000
000279A7FFFF39B20001360B5FFF8F9C2FFFFD69D7FFDCF5DC000A20E3FFFE9CDE
FFFE6AC4FFFD4EA9BFFF373E9FFFE6C6DFFFE86F07FFF3C5AFFFE272E7FFF89865
000000000000000000000000000000000000000000000000000000000000000000
000000000000000000000000000000000000000000000000000000000000000000
000000000000000000000000000000000000000000000000000000000000000000
000000000000000000000000000000000000000000000000000000000000000000
000000000000000000000000000000000000000000000000000000000000000000
000000000000000000000000000000000000000000000000000000000000000000
000000000000000000000000000000000000000000000000000000000000000000
000000000000000000000000000000000000000000000000000000000000000000
000000000000000000000000000000000000000000000000000000000000000000
000000000000000000000000000000000000000000000000000000000000000000
000000000000000000000000000000000000000000000000000000000000000000
000000000000000000000000000000000000000000000000000000000000000000
000000000000000000000000000000000000000000000000000000000000000000
000000000000000000000000000000000000000000000000000000000000000000
0003BFB17FFFA22D3FFF87B27FFF04CF10003D003FFFEB8A87FFEE66F3FFEF1A1E
000000000000000000000000000000000000000000000000000000000000000000
000000000000000000000000000000000000000000000000000000000000000000
000000000000000000000000000000000000000000000000000000000000000000
000000000000000000000000000000000000000000000000000000000000000000
000000000000000000000000000000000000000000000000000000000000000000
000000000000000000000000000000000000000000000000000000000000000000
000000000000000000000000000000000000000000000000000000000000000000
000669E680026F3D7FFE16DB7FFEDA2ED000472CE0003C9C7BFFE5ED1C0002D44D
000000000000000000000000000000000000000000000000000000000000000000
000000000000000000000000000000000000000000000000000000000000000000
000000000000000000000000000000000000000000000000000000000000000000
000000000000000000000000000000000000000000000000000000000000000000
000000000000000000000000000000000000000000000000000000000000000000
000000000000000000000000000000000000000000000000000000000000000000
000000000000000000000000000000000000000000000000000000000000000000
FFF8D29F00033CF27FFFBA445FFFD79B80005307EFFFEC9180001952DA000034E9
0006A44E800156F07FFF31F95FFFADB11FFFE017800006550FFFFFA2C7FFF978BE
000000000000000000000000000000000000000000000000000000000000000000
000000000000000000000000000000000000000000000000000000000000000000
FFFF02520002D479FFFEE1071FFFFFE3B000750B780019EBCFFFEF89D9FFF511A8
000677108001DA0E0000D50A0000678D200020EF780000BE880000D137FFFCC5CF
000000000000000000000000000000000000000000000000000000000000000000
000000000000000000000000000000000000000000000000000000000000000000
FFFA26FAFFFFDA55000089D90000C09BAFFFA7FBDFFFF6F077FFE71D3000082411
000000000000000000000000000000000000000000000000000000000000000000
000000000000000000000000000000000000000000000000000000000000000000
000000000000000000000000000000000000000000000000000000000000000000
000000000000000000000000000000000000000000000000000000000000000000
000000000000000000000000000000000000000000000000000000000000000000
000000000000000000000000000000000000000000000000000000000000000000
000000000000000000000000000000000000000000000000000000000000000000
FFFF53AF7FFD75694001A91C9FFF3F56AFFFFF8197FFDEE30C001F04C5FFFDF259
000000000000000000000000000000000000000000000000000000000000000000
FFF84013000040F1FFFF80F99FFFE236300054938FFFF42094001588C2000B5EC6
000000000000000000000000000000000000000000000000000000000000000000
FFFB42D680057A6C400114ACBFFF121EFFFFDEEC8FFFD9EB740008CC6BFFF07112
000000000000000000000000000000000000000000000000000000000000000000
000000000000000000000000000000000000000000000000000000000000000000
000000000000000000000000000000000000000000000000000000000000000000
000000000000000000000000000000000000000000000000000000000000000000
FFFDFF8AFFFC2EDDFFFF142620000939B0002EDDD0002D3D13FFEB36EDFFFF54D0
000000000000000000000000000000000000000000000000000000000000000000
000000000000000000000000000000000000000000000000000000000000000000
000000000000000000000000000000000000000000000000000000000000000000
000000000000000000000000000000000000000000000000000000000000000000
000000000000000000000000000000000000000000000000000000000000000000
FFF9CC74FFFE18003FFE37F67FFF1D328FFFEA4507FFDC9D17FFF27F1E000741EA
000000000000000000000000000000000000000000000000000000000000000000
000000000000000000000000000000000000000000000000000000000000000000
000000000000000000000000000000000000000000000000000000000000000000
000000000000000000000000000000000000000000000000000000000000000000
00006722FFFFC3FD4001AF419FFFFC0B20001DC8F8000F74700004489600035DF3
000000000000000000000000000000000000000000000000000000000000000000
000000000000000000000000000000000000000000000000000000000000000000
00005232800047E48000F3303FFF4CAF200040E5B800173E5C00154DA60000AC80
000000000000000000000000000000000000000000000000000000000000000000
000000000000000000000000000000000000000000000000000000000000000000
000000000000000000000000000000000000000000000000000000000000000000
000000000000000000000000000000000000000000000000000000000000000000
000000000000000000000000000000000000000000000000000000000000000000
FFFCFDCBFFFDBEE00001833A1FFF9446000026CC20000C03ABFFE4C6F20009D2A9
000000000000000000000000000000000000000000000000000000000000000000
000000000000000000000000000000000000000000000000000000000000000000
000000000000000000000000000000000000000000000000000000000000000000
000060680002AB167FFE6B178000A0C3CFFFDBEA400041C530000DD689FFFB32D8
000000000000000000000000000000000000000000000000000000000000000000
000000000000000000000000000000000000000000000000000000000000000000
000000000000000000000000000000000000000000000000000000000000000000
00025F90FFFDF2948002219BFFFFE5F880001763DFFFD9C32000143297FFFD056B
000000000000000000000000000000000000000000000000000000000000000000
000000000000000000000000000000000000000000000000000000000000000000
000000000000000000000000000000000000000000000000000000000000000000
000189E27FFD1DB14000E4287FFFC567CFFFC9B678004C5003FFF484B4000A502D
000000000000000000000000000000000000000000000000000000000000000000
FFFD0AC77FFF4C150000FB0B00001CB84FFFF44B280031B0AFFFEAC904000D332C
000000000000000000000000000000000000000000000000000000000000000000
FFFCCA6380034E2180000895A00064EB4000140AD80023995C000B3EEBFFFCDDDD
0005B870FFFF63544000DCC300001FF48FFFF090A800177DB7FFEF0550000F4802
FFF9894B0001B00B8000FC487FFFEAA1CFFFBD6D48001EAD67FFF1E555FFF28F61
000000000000000000000000000000000000000000000000000000000000000000
000000000000000000000000000000000000000000000000000000000000000000
000000000000000000000000000000000000000000000000000000000000000000
000000000000000000000000000000000000000000000000000000000000000000
000000000000000000000000000000000000000000000000000000000000000000
000000000000000000000000000000000000000000000000000000000000000000
000000000000000000000000000000000000000000000000000000000000000000
000000000000000000000000000000000000000000000000000000000000000000
00030E0B7FFC27283FFFDD998000BEF76FFF8423D0003E4973FFEDEC380003F867
000000000000000000000000000000000000000000000000000000000000000000
000000000000000000000000000000000000000000000000000000000000000000
000000000000000000000000000000000000000000000000000000000000000000
000000000000000000000000000000000000000000000000000000000000000000
000000000000000000000000000000000000000000000000000000000000000000
0001A8B40002E885FFFD85199FFFDBD79FFFA42CB7FFD9435000138BA3FFFC0B33
000000000000000000000000000000000000000000000000000000000000000000
000000000000000000000000000000000000000000000000000000000000000000
0001A0B47FFCFA0F7FFDBC8FFFFF9BD5E000333F9FFFC1F527FFFBD639FFF9AF00
000000000000000000000000000000000000000000000000000000000000000000
000000000000000000000000000000000000000000000000000000000000000000
000000000000000000000000000000000000000000000000000000000000000000
000000000000000000000000000000000000000000000000000000000000000000
000000000000000000000000000000000000000000000000000000000000000000
000000000000000000000000000000000000000000000000000000000000000000
000000000000000000000000000000000000000000000000000000000000000000
000000000000000000000000000000000000000000000000000000000000000000
000000000000000000000000000000000000000000000000000000000000000000
00074613FFFD922A7FFEE008BFFF384630006A2C57FFF4CC43FFF80092000C85F5
00042B207FFCE7BC80020D3C5FFF39055000747707FFDCA61000063401FFFB0515
000000000000000000000000000000000000000000000000000000000000000000
0004079D00021B1340008CCC80007A37C00061B8F7FFEF2FF7FFFCEE15FFFA7F1B
000000000000000000000000000000000000000000000000000000000000000000
000000000000000000000000000000000000000000000000000000000000000000
000000000000000000000000000000000000000000000000000000000000000000
000000000000000000000000000000000000000000000000000000000000000000
000336F5FFFC65914001115AFFFFF01D8FFFCC60A7FFE6F18BFFE94A5FFFF7F852
000000000000000000000000000000000000000000000000000000000000000000
000000000000000000000000000000000000000000000000000000000000000000
FFFC8ECC80035DB9C00026454000E6EB7FFFE8C478000412B0001B92FE000DEC54
FFFA91D17FFBEB7A0001839B7FFF55332FFFDB25F8002923DFFFE8F68E0009E23E
000933AD80000DF47FFF839CFFFEFDD7B0006A4677FFF4CFF0000ED220000173DD
FFF9FAF900011B677FFF9BC300008BF630004D0667FFEF45EC00159233FFF05823
000000000000000000000000000000000000000000000000000000000000000000
00080E2A80023BA53FFF4AEC7FFF9E13D0005F6DEFFFECDFC7FFE031C800098F9B
000000000000000000000000000000000000000000000000000000000000000000
000000000000000000000000000000000000000000000000000000000000000000
000000000000000000000000000000000000000000000000000000000000000000
0005ECCA800208F77FFF3855C000F4090FFFDC2847FFCEF917FFE9DCC4000A9D15
000000000000000000000000000000000000000000000000000000000000000000
000000000000000000000000000000000000000000000000000000000000000000
000000000000000000000000000000000000000000000000000000000000000000
000000000000000000000000000000000000000000000000000000000000000000
000000000000000000000000000000000000000000000000000000000000000000
000000000000000000000000000000000000000000000000000000000000000000
000000000000000000000000000000000000000000000000000000000000000000
0008D450FFFDB86480022044E0002A677000270EFFFFD64927FFFD54C2000A3759
000000000000000000000000000000000000000000000000000000000000000000
000000000000000000000000000000000000000000000000000000000000000000
000000000000000000000000000000000000000000000000000000000000000000
000000000000000000000000000000000000000000000000000000000000000000
000000000000000000000000000000000000000000000000000000000000000000
00000E53FFFECE00BFFEC8579FFF7B5CBFFF9261100043C0FC0017CA81FFF49A8F
0005CD1EFFFE9DFBFFFFE06EFFFFBAEB0FFF8ED84FFFDA78C40002BDF000010A66
000000000000000000000000000000000000000000000000000000000000000000
000000000000000000000000000000000000000000000000000000000000000000
000000000000000000000000000000000000000000000000000000000000000000
000000000000000000000000000000000000000000000000000000000000000000
000000000000000000000000000000000000000000000000000000000000000000
FFFCBEBCFFFD40443FFF4C1CBFFFC85DB000339D0FFFC957C7FFF9B40800098839
000733588000C8E37FFF59027FFF5CB2EFFFDE8BA7FFC93723FFFF9BD1FFEF2E2C
000000000000000000000000000000000000000000000000000000000000000000
000000000000000000000000000000000000000000000000000000000000000000
000000000000000000000000000000000000000000000000000000000000000000
000000000000000000000000000000000000000000000000000000000000000000
000000000000000000000000000000000000000000000000000000000000000000
000000000000000000000000000000000000000000000000000000000000000000
000000000000000000000000000000000000000000000000000000000000000000
0003FE75800095AEFFFFE41DA000F60D50000D2A7FFFEFB5E7FFF82BABFFFF1A25
000000000000000000000000000000000000000000000000000000000000000000
000000000000000000000000000000000000000000000000000000000000000000
000000000000000000000000000000000000000000000000000000000000000000
000000000000000000000000000000000000000000000000000000000000000000
FFF9F582FFFE154FC00228D1800131AA30005D31DFFFC7C0EC000F737FFFFB01D9
000000000000000000000000000000000000000000000000000000000000000000
000000000000000000000000000000000000000000000000000000000000000000
000000000000000000000000000000000000000000000000000000000000000000
000000000000000000000000000000000000000000000000000000000000000000
0006642200025DA20001EF41E000C66E0FFFA58EB0001841CBFFFA925FFFFE4F8D
000000000000000000000000000000000000000000000000000000000000000000
000000000000000000000000000000000000000000000000000000000000000000
000000000000000000000000000000000000000000000000000000000000000000
000000000000000000000000000000000000000000000000000000000000000000
000135F67FFE3556400179A360007941D0002335F80040A727FFF61445FFF8BB61
000000000000000000000000000000000000000000000000000000000000000000
000423FE00011914FFFEBBE2200094834FFFC5AF2000218EF400154F92000E54ED
000000000000000000000000000000000000000000000000000000000000000000
000000000000000000000000000000000000000000000000000000000000000000
000000000000000000000000000000000000000000000000000000000000000000
000000000000000000000000000000000000000000000000000000000000000000
FFF92EE000035A62C000B691A000327D5FFFAEA257FFD930CFFFE765B5FFF9FE3C
000000000000000000000000000000000000000000000000000000000000000000
000000000000000000000000000000000000000000000000000000000000000000
000000000000000000000000000000000000000000000000000000000000000000
000000000000000000000000000000000000000000000000000000000000000000
000000000000000000000000000000000000000000000000000000000000000000
000000000000000000000000000000000000000000000000000000000000000000
000000000000000000000000000000000000000000000000000000000000000000
FFFC763D80026B2F0001AC664000D0922FFF9FF997FFE6DC7800142B9BFFF64EE0
000000000000000000000000000000000000000000000000000000000000000000
FFFFDAC47FFDE43CBFFEA1A960004ADBB000430D0FFFC36487FFE97D5BFFFB51E9
000000000000000000000000000000000000000000000000000000000000000000
000000000000000000000000000000000000000000000000000000000000000000
000000000000000000000000000000000000000000000000000000000000000000
000000000000000000000000000000000000000000000000000000000000000000
000000000000000000000000000000000000000000000000000000000000000000
000727A77FFE51ED7FFEABD72000714C900040418FFFE160E7FFF2D2B0000F9943
000000000000000000000000000000000000000000000000000000000000000000
FFFD62C57FFD00AABFFE270380006DAE60001181D7FFD046D8000911B1FFFC862D
000000000000000000000000000000000000000000000000000000000000000000
FFF768257FFD8689400088E21FFFB86040006BAFB800338B5FFFF16B0BFFFE4FFC
000000000000000000000000000000000000000000000000000000000000000000
00000B69FFFFD34BC001F1EFE000AB902FFF9A2CB7FFC0DF3C000A6489FFF6E0F7
000000000000000000000000000000000000000000000000000000000000000000
000000000000000000000000000000000000000000000000000000000000000000
FFF832C3FFFD7239FFFFD0556000E40630001381A8002952C0001DB53A000727B9
000000000000000000000000000000000000000000000000000000000000000000
000000000000000000000000000000000000000000000000000000000000000000
000000000000000000000000000000000000000000000000000000000000000000
000000000000000000000000000000000000000000000000000000000000000000
000206C0FFFEFC95BFFE67C5DFFFCDC580004AA9CFFFC7B524000295B5FFF171D1
000000000000000000000000000000000000000000000000000000000000000000
FFF9B1C5FFFBD85BC0019CC5DFFFB67CBFFF9B24400009D7F0000687AA000B87A5
0002175C0003B041C0000AF68000CB6A500054B4800007D7A3FFE3FDDC0010691C
0009D4FB000139AAC0005B48FFFF7F79D0003FF3A0002EE717FFFAB3C9FFF368FD
000000000000000000000000000000000000000000000000000000000000000000
000000000000000000000000000000000000000000000000000000000000000000
000000000000000000000000000000000000000000000000000000000000000000
000000000000000000000000000000000000000000000000000000000000000000
FFF9423380001B053FFFD840FFFF8DD02FFFB22B480021E5E3FFF15EB40001DCA2
000000000000000000000000000000000000000000000000000000000000000000
000000000000000000000000000000000000000000000000000000000000000000
0005DDFFFFFDC3553FFF7BB6C000560C100078BD600032BCAFFFF6929A0000A62B
000000000000000000000000000000000000000000000000000000000000000000
000000000000000000000000000000000000000000000000000000000000000000
000000000000000000000000000000000000000000000000000000000000000000
000000000000000000000000000000000000000000000000000000000000000000
000000000000000000000000000000000000000000000000000000000000000000
000000000000000000000000000000000000000000000000000000000000000000
000000000000000000000000000000000000000000000000000000000000000000
FFFB93A00002604CFFFECEA97FFF9B697FFFB64877FFCD3FCC00228B0C00001B3B
000000000000000000000000000000000000000000000000000000000000000000
000000000000000000000000000000000000000000000000000000000000000000
000000000000000000000000000000000000000000000000000000000000000000
000000000000000000000000000000000000000000000000000000000000000000
FFFA7C5AFFFC04517FFEBEC2DFFF1EBCA00081A5B7FFE6CA4FFFFCE658000C8B3C
000000000000000000000000000000000000000000000000000000000000000000
000000000000000000000000000000000000000000000000000000000000000000
000000000000000000000000000000000000000000000000000000000000000000
FFFB11DA7FFF68E3FFFFCBB900007C707FFF813520001C4FBBFFFB5B7E000DD00E
000000000000000000000000000000000000000000000000000000000000000000
000000000000000000000000000000000000000000000000000000000000000000
000000000000000000000000000000000000000000000000000000000000000000
000000000000000000000000000000000000000000000000000000000000000000
0003A17A00034DF63FFE3E0FE0000A856FFFD6D757FFF4B8CFFFE680E3FFF59BEC
000000000000000000000000000000000000000000000000000000000000000000
000000000000000000000000000000000000000000000000000000000000000000
000000000000000000000000000000000000000000000000000000000000000000
000000000000000000000000000000000000000000000000000000000000000000
000000000000000000000000000000000000000000000000000000000000000000
000000000000000000000000000000000000000000000000000000000000000000
000000000000000000000000000000000000000000000000000000000000000000
000000000000000000000000000000000000000000000000000000000000000000
000000000000000000000000000000000000000000000000000000000000000000
000000000000000000000000000000000000000000000000000000000000000000
000000000000000000000000000000000000000000000000000000000000000000
000000000000000000000000000000000000000000000000000000000000000000
0003E064800202563FFDE2CFA00079B310002D00CFFFE927E00005A63C000BEBD9
000000000000000000000000000000000000000000000000000000000000000000
000000000000000000000000000000000000000000000000000000000000000000
000000000000000000000000000000000000000000000000000000000000000000
000000000000000000000000000000000000000000000000000000000000000000
000000000000000000000000000000000000000000000000000000000000000000
000000000000000000000000000000000000000000000000000000000000000000
000000000000000000000000000000000000000000000000000000000000000000
00034A560001A1F04000FD5120002020D000586D5000381424000364120002F3C4
000000000000000000000000000000000000000000000000000000000000000000
000000000000000000000000000000000000000000000000000000000000000000
0003E3FD00006F72FFFEC4679FFF18F600002F903000231FEFFFFBB1C400105E27
000000000000000000000000000000000000000000000000000000000000000000
000000000000000000000000000000000000000000000000000000000000000000
000000000000000000000000000000000000000000000000000000000000000000
000000000000000000000000000000000000000000000000000000000000000000
000000000000000000000000000000000000000000000000000000000000000000
0003AE5880026419C00155045FFFF094200078F1BFFFFC0CEBFFFC5E95FFFA9507
000000000000000000000000000000000000000000000000000000000000000000
000000000000000000000000000000000000000000000000000000000000000000
000000000000000000000000000000000000000000000000000000000000000000
000000000000000000000000000000000000000000000000000000000000000000
000000000000000000000000000000000000000000000000000000000000000000
000000000000000000000000000000000000000000000000000000000000000000
000000000000000000000000000000000000000000000000000000000000000000
000000000000000000000000000000000000000000000000000000000000000000
000000000000000000000000000000000000000000000000000000000000000000
000000000000000000000000000000000000000000000000000000000000000000
000000000000000000000000000000000000000000000000000000000000000000
000000000000000000000000000000000000000000000000000000000000000000
00031CC18000A233C0001673A00018E5D000415B000006D0C8000D408DFFFCE3D3
000000000000000000000000000000000000000000000000000000000000000000
000000000000000000000000000000000000000000000000000000000000000000
000000000000000000000000000000000000000000000000000000000000000000
FFF98C37FFFD5A3D7FFE87099FFFFE18300014301800074C9800102BA4000629DE
000278A17FFDA9F67FFFCD2DDFFFD8BE8FFFF0EDB800278D5BFFFDDF2FFFF667D8
FFFCD3F70001CA41C00019419FFF60E3E0006AAD780013DADBFFE55993FFFFB6C2
000000000000000000000000000000000000000000000000000000000000000000
000000000000000000000000000000000000000000000000000000000000000000
000000000000000000000000000000000000000000000000000000000000000000
FFFB0A0A7FFD8D4CBFFECEB69FFF67E51FFFFA6C2FFFD65C53FFE59DF5FFFA9069
FFF929558003D2210001CE4300007BEC500050C64FFFCCBA33FFE9EE0C0008B514
000000000000000000000000000000000000000000000000000000000000000000
000000000000000000000000000000000000000000000000000000000000000000
0006834000036DB3C001264A8000774CBFFF874BD00038125400225BA600008DED
000000000000000000000000000000000000000000000000000000000000000000
000000000000000000000000000000000000000000000000000000000000000000
000000000000000000000000000000000000000000000000000000000000000000
000000000000000000000000000000000000000000000000000000000000000000
000000000000000000000000000000000000000000000000000000000000000000
000000000000000000000000000000000000000000000000000000000000000000
000000000000000000000000000000000000000000000000000000000000000000
FFFDF46EFFFE0F2F3FFE4267C000555B10002FA6DFFFFCFF18000776A4000EA089
FFFB0FF5000158E47FFFF38E00006DAC200026F3180005DA3FFFEFED9C00037E3B
FFF7B2A780016B15BFFE7972DFFFC40F8FFFF9A5CFFFCC3DB4000E6B0BFFF466D1
000000000000000000000000000000000000000000000000000000000000000000
000000000000000000000000000000000000000000000000000000000000000000
000000000000000000000000000000000000000000000000000000000000000000
FFF83EC7FFFF60A700004DAABFFF1AC690007488D7FFDC30FC000E0C33FFFDC5F5
000000000000000000000000000000000000000000000000000000000000000000
000000000000000000000000000000000000000000000000000000000000000000
000000000000000000000000000000000000000000000000000000000000000000
000000000000000000000000000000000000000000000000000000000000000000
000000000000000000000000000000000000000000000000000000000000000000
000848907FFF130CFFFFDF3EBFFF2C80100055ED380013DBA7FFF5F6A40000D6B9
000000000000000000000000000000000000000000000000000000000000000000
000000000000000000000000000000000000000000000000000000000000000000
000542550001B746BFFFCFE91FFFB4C480001D66F0000BF184001A100C000B914B
000000000000000000000000000000000000000000000000000000000000000000
000000000000000000000000000000000000000000000000000000000000000000
000000000000000000000000000000000000000000000000000000000000000000
FFF85B838003F408800090446000FD8CCFFF7DBED7FFE722C40019CDE4000E2F42
000000000000000000000000000000000000000000000000000000000000000000
000000000000000000000000000000000000000000000000000000000000000000
000000000000000000000000000000000000000000000000000000000000000000
00025CDFFFFE6B344001DD6A2000B7784FFFEE6887FFC5A678000219E60005E43A
000000000000000000000000000000000000000000000000000000000000000000
FFFD563C7FFE5A143FFEBF027FFF86E57000517E07FFD3BE18001C5808000017D1
000000000000000000000000000000000000000000000000000000000000000000
000000000000000000000000000000000000000000000000000000000000000000
000000000000000000000000000000000000000000000000000000000000000000
000000000000000000000000000000000000000000000000000000000000000000
000000000000000000000000000000000000000000000000000000000000000000
000000000000000000000000000000000000000000000000000000000000000000
000000000000000000000000000000000000000000000000000000000000000000
000000000000000000000000000000000000000000000000000000000000000000
000000000000000000000000000000000000000000000000000000000000000000
000000000000000000000000000000000000000000000000000000000000000000
000000000000000000000000000000000000000000000000000000000000000000
000000000000000000000000000000000000000000000000000000000000000000
0006588CFFFCFE997FFDA968000004E520001A83380031D9D400211148000A0D32
000000000000000000000000000000000000000000000000000000000000000000
000000000000000000000000000000000000000000000000000000000000000000
FFF9788E7FFE8C954000807B1FFEECB67000525D3FFFC590E3FFFBB2DFFFFB529B
000000000000000000000000000000000000000000000000000000000000000000
000000000000000000000000000000000000000000000000000000000000000000
000000000000000000000000000000000000000000000000000000000000000000
0002515E7FFCDE7D3FFED1433FFF0474DFFF9ACB180020C7CFFFE496E20004730C
FFFDBC097FFDC3C0000184EC7FFEEB9DBFFF997867FFB4E32FFFE01F9FFFFF8A5E
000000000000000000000000000000000000000000000000000000000000000000
000000000000000000000000000000000000000000000000000000000000000000
0008967C7FFFDC137FFEE6D83FFF470CEFFFD099E800301760001477EE0000B151
000000000000000000000000000000000000000000000000000000000000000000
000000000000000000000000000000000000000000000000000000000000000000
000000000000000000000000000000000000000000000000000000000000000000
000000000000000000000000000000000000000000000000000000000000000000
000000000000000000000000000000000000000000000000000000000000000000
FFFB1574000101147FFF0A695FFFC90280000D9E200005D8D7FFF56892000549B3
00032EA80000B534400099F9BFFF7C0070008AE577FFFEFE1BFFF14FF600048CD4
000000000000000000000000000000000000000000000000000000000000000000
000000000000000000000000000000000000000000000000000000000000000000
000000000000000000000000000000000000000000000000000000000000000000
000000000000000000000000000000000000000000000000000000000000000000
000000000000000000000000000000000000000000000000000000000000000000
000000000000000000000000000000000000000000000000000000000000000000
000000000000000000000000000000000000000000000000000000000000000000
FFFB8D177FFD93130001B9A74000F4270FFFE47947FFF063F800062CB7FFFC3EC9
FFFA0F19FFFD7DFFFFFE7947DFFFF512A000753067FFF9ED63FFE1C896000DA881
000000000000000000000000000000000000000000000000000000000000000000
000000000000000000000000000000000000000000000000000000000000000000
000000000000000000000000000000000000000000000000000000000000000000
000000000000000000000000000000000000000000000000000000000000000000
000000000000000000000000000000000000000000000000000000000000000000
000000000000000000000000000000000000000000000000000000000000000000
000000000000000000000000000000000000000000000000000000000000000000
000000000000000000000000000000000000000000000000000000000000000000
0000876D7FFB2756800222E0FFFF8D2600001E85F0002A6C9800036521FFF8FC5D
000000000000000000000000000000000000000000000000000000000000000000
000000000000000000000000000000000000000000000000000000000000000000
000000000000000000000000000000000000000000000000000000000000000000
000000000000000000000000000000000000000000000000000000000000000000
000000000000000000000000000000000000000000000000000000000000000000
000000000000000000000000000000000000000000000000000000000000000000
000000000000000000000000000000000000000000000000000000000000000000
000000000000000000000000000000000000000000000000000000000000000000
000000000000000000000000000000000000000000000000000000000000000000
000000000000000000000000000000000000000000000000000000000000000000
0006BC87000059F7400099F02001091EEFFFC6DAF8001620D3FFF814620007233B
000000000000000000000000000000000000000000000000000000000000000000
000000000000000000000000000000000000000000000000000000000000000000
000000000000000000000000000000000000000000000000000000000000000000
FFFF883A0003757DFFFF3807BFFF67A53FFF8EAA8FFFEB53200010CE3E0013839C
000000000000000000000000000000000000000000000000000000000000000000
000000000000000000000000000000000000000000000000000000000000000000
000000000000000000000000000000000000000000000000000000000000000000
000000000000000000000000000000000000000000000000000000000000000000
000000000000000000000000000000000000000000000000000000000000000000
000000000000000000000000000000000000000000000000000000000000000000
000000000000000000000000000000000000000000000000000000000000000000
000000000000000000000000000000000000000000000000000000000000000000
000000000000000000000000000000000000000000000000000000000000000000
FFFD1B9BFFFFB2FCBFFEC48F800075F4C0005A072FFFD4E19800131C6200057535
000000000000000000000000000000000000000000000000000000000000000000
000552267FFD0E393FFFF97EDFFFFD471FFFD495E80017123FFFFEFFDBFFF94CD9
000000000000000000000000000000000000000000000000000000000000000000
0005CF3B8002747F3FFE29D60000256570004B7A27FFD7590C00179C6FFFFAAA1A
FFFE38A200019E517FFED7FA1FFF131980005AA470000947E3FFF9B2A1FFF6B914
0002C0807FFC52C7BFFE7F5F20006D9B3FFF97A280000A24CBFFDFD045FFF2B9C0
0006F9577FFFB39D000110C4E000B73B300052A007FFCC2B6FFFEE8AF20007645F
000000000000000000000000000000000000000000000000000000000000000000
000000000000000000000000000000000000000000000000000000000000000000
000000000000000000000000000000000000000000000000000000000000000000
FFFB16B5FFFCAF4A8001A5F6FFFFBCC8AFFF9BA2A7FFCE5A33FFF169760001445C
00005D877FFF0B237FFE61A0DFFFC42CFFFFB1AC480038E15FFFEEBF68000598DE
000000000000000000000000000000000000000000000000000000000000000000
FFF935637FFD2B6F4001905E9FFFCD52EFFFDFBC0000291543FFF3AB0FFFFCC03C
000000000000000000000000000000000000000000000000000000000000000000
0004627080010774C0019474BFFF436DE00006F45FFFEDC2ABFFF7705000010D92
000000000000000000000000000000000000000000000000000000000000000000
000000000000000000000000000000000000000000000000000000000000000000
FFF7BDEC7FFD871700004A6EE00065A3AFFF98D630003D5BF0001ACD93FFFDA18D
000000000000000000000000000000000000000000000000000000000000000000
000000000000000000000000000000000000000000000000000000000000000000
000000000000000000000000000000000000000000000000000000000000000000
000000000000000000000000000000000000000000000000000000000000000000
000000000000000000000000000000000000000000000000000000000000000000
000000000000000000000000000000000000000000000000000000000000000000
00058159FFFD5D0F7FFF665DDFFFA6653FFFAA7E880008B514000499A0000D4C1B
000000000000000000000000000000000000000000000000000000000000000000
000000000000000000000000000000000000000000000000000000000000000000
000000000000000000000000000000000000000000000000000000000000000000
FFFC7901FFFC6063BFFE2D8C400078B480004C8C27FFE690C000103852000936D9
000000000000000000000000000000000000000000000000000000000000000000
000000000000000000000000000000000000000000000000000000000000000000
000000000000000000000000000000000000000000000000000000000000000000
000000000000000000000000000000000000000000000000000000000000000000
000000000000000000000000000000000000000000000000000000000000000000
000000000000000000000000000000000000000000000000000000000000000000
000000000000000000000000000000000000000000000000000000000000000000
000000000000000000000000000000000000000000000000000000000000000000
000000000000000000000000000000000000000000000000000000000000000000
FFF9FBB50000DC86BFFE7FD67FFFA34AEFFFADAD17FFEFCA5BFFF623AE0003C86A
000000000000000000000000000000000000000000000000000000000000000000
000000000000000000000000000000000000000000000000000000000000000000
000000000000000000000000000000000000000000000000000000000000000000
000000000000000000000000000000000000000000000000000000000000000000
000000000000000000000000000000000000000000000000000000000000000000
000000000000000000000000000000000000000000000000000000000000000000
000000000000000000000000000000000000000000000000000000000000000000
000000000000000000000000000000000000000000000000000000000000000000
000000000000000000000000000000000000000000000000000000000000000000
0009202C80023BFF7FFF15A71FFFCE46BFFFCBF2DFFFD24920001897B7FFFE6AF7
000000000000000000000000000000000000000000000000000000000000000000
FFFCFEB9FFFE8B9EBFFDF4CBC001004D7000397137FFDA20DFFFEBD02DFFF48E87
000000000000000000000000000000000000000000000000000000000000000000
000000000000000000000000000000000000000000000000000000000000000000
000000000000000000000000000000000000000000000000000000000000000000
000000000000000000000000000000000000000000000000000000000000000000
000000000000000000000000000000000000000000000000000000000000000000
000000000000000000000000000000000000000000000000000000000000000000
000000000000000000000000000000000000000000000000000000000000000000
000000000000000000000000000000000000000000000000000000000000000000
000000000000000000000000000000000000000000000000000000000000000000
000000000000000000000000000000000000000000000000000000000000000000
0004311A8003B883C001FD0C5FFF7CFDCFFF8C64FFFFF19C28000E4735FFF6E4CB
000000000000000000000000000000000000000000000000000000000000000000
000000000000000000000000000000000000000000000000000000000000000000
000000000000000000000000000000000000000000000000000000000000000000
000000000000000000000000000000000000000000000000000000000000000000
FFFEAA6CFFFC77F40000B2069FFF9B7C2FFFE1A968001110C3FFEAA931FFF430D8
000000000000000000000000000000000000000000000000000000000000000000
000000000000000000000000000000000000000000000000000000000000000000
000000000000000000000000000000000000000000000000000000000000000000
000000000000000000000000000000000000000000000000000000000000000000
000000000000000000000000000000000000000000000000000000000000000000
FFF78E3BFFFE1377C000C417DFFF51E68000743DE7FFF139A3FFE5E5440003B157
000000000000000000000000000000000000000000000000000000000000000000
FFFCDE988001C31A7FFEEE15DFFEF3512FFFC92687FFBE21FC0009A3CA00025A6F
000000000000000000000000000000000000000000000000000000000000000000
FFFFC2A300011540FFFE7F7D200057EF9FFF9DF250001618DC0017577C000509C1
000000000000000000000000000000000000000000000000000000000000000000
000000000000000000000000000000000000000000000000000000000000000000
FFFC81DD000201A33FFF356AE000599C0FFFA7593FFFD5E727FFF9CB680005103D
00008A89800439B53FFE2BCA3FFFD27B10006415D0000B37B80006048C0006A7BA
000000000000000000000000000000000000000000000000000000000000000000
000000000000000000000000000000000000000000000000000000000000000000
000000000000000000000000000000000000000000000000000000000000000000
000000000000000000000000000000000000000000000000000000000000000000
000000000000000000000000000000000000000000000000000000000000000000
000000000000000000000000000000000000000000000000000000000000000000
000000000000000000000000000000000000000000000000000000000000000000
000000000000000000000000000000000000000000000000000000000000000000
000000000000000000000000000000000000000000000000000000000000000000
000000000000000000000000000000000000000000000000000000000000000000
000000000000000000000000000000000000000000000000000000000000000000
000000000000000000000000000000000000000000000000000000000000000000
00005CD10001AB01BFFE3D808000A47E5FFFF4FCE800099407FFFFCC69FFFEAB63
000000000000000000000000000000000000000000000000000000000000000000
000000000000000000000000000000000000000000000000000000000000000000
000000000000000000000000000000000000000000000000000000000000000000
FFF928D98002CE583FFF6BE85FFF16156000218FCFFFFFF230000C9488000CEC38
000000000000000000000000000000000000000000000000000000000000000000
000000000000000000000000000000000000000000000000000000000000000000
FFFA4C617FFF18430000CAF00000B9CB40007F4D90002BDD68000C9CCA000A8013
000000000000000000000000000000000000000000000000000000000000000000
000000000000000000000000000000000000000000000000000000000000000000
000000000000000000000000000000000000000000000000000000000000000000
000000000000000000000000000000000000000000000000000000000000000000
000000000000000000000000000000000000000000000000000000000000000000
00027DE77FFF0D42BFFFA71E3FFF3664F000765B3FFFE2347BFFFBA7BE0010BB52
000000000000000000000000000000000000000000000000000000000000000000
000000000000000000000000000000000000000000000000000000000000000000
000000000000000000000000000000000000000000000000000000000000000000
000000000000000000000000000000000000000000000000000000000000000000
000731EBFFFF9541FFFE7C6EFFFF5EB010004661380023AF57FFE52B1C000523AD
000000000000000000000000000000000000000000000000000000000000000000
000000000000000000000000000000000000000000000000000000000000000000
000000000000000000000000000000000000000000000000000000000000000000
000000000000000000000000000000000000000000000000000000000000000000
000000000000000000000000000000000000000000000000000000000000000000
000000000000000000000000000000000000000000000000000000000000000000
000000000000000000000000000000000000000000000000000000000000000000
000000000000000000000000000000000000000000000000000000000000000000
000000000000000000000000000000000000000000000000000000000000000000
FFF9D6D600012E5B8001C3E9A00085565FFF873B1FFFDC9A540005B433FFFEA67C
FFFDC56A000457D77FFFC645600011985FFFB546C7FFDE9BF3FFE21B43FFEECCAF
FFFC29B57FFDC1567FFFE7AAFFFF1BA4FFFF69E800003DCF1C001B885E000732EC
000000000000000000000000000000000000000000000000000000000000000000
000000000000000000000000000000000000000000000000000000000000000000
000000000000000000000000000000000000000000000000000000000000000000
FFFEF8ED00010C7F3FFEF63980008001F000600FE000251BCBFFF207A200117815
000000000000000000000000000000000000000000000000000000000000000000
000000000000000000000000000000000000000000000000000000000000000000
0004F780FFFFC52DC0000AF23FFF5FF02FFFF8BA47FFD23C20000BF999FFFCAC7B
000000000000000000000000000000000000000000000000000000000000000000
0003D8E87FFC52B7800027308000C5640FFFA32250002F9F63FFFAF2A5FFF43850
000119658000158D00018500FFFF1FC260007BC5300008A8B8000B54F60002E039
000000000000000000000000000000000000000000000000000000000000000000
FFFD0C507FFD25287FFEA83E0000C4DEA0006E8B2FFFCEEF13FFEDBA46000F5201
000000000000000000000000000000000000000000000000000000000000000000
000000000000000000000000000000000000000000000000000000000000000000
000000000000000000000000000000000000000000000000000000000000000000
000000000000000000000000000000000000000000000000000000000000000000
000000000000000000000000000000000000000000000000000000000000000000
000483AB7FFD0A3DBFFF569C5FFFE8E1F000682F78002AA353FFFC0AE8000935CA
000000000000000000000000000000000000000000000000000000000000000000
000000000000000000000000000000000000000000000000000000000000000000
000000000000000000000000000000000000000000000000000000000000000000
000000000000000000000000000000000000000000000000000000000000000000
000000000000000000000000000000000000000000000000000000000000000000
000000000000000000000000000000000000000000000000000000000000000000
000000000000000000000000000000000000000000000000000000000000000000
000000000000000000000000000000000000000000000000000000000000000000
000000000000000000000000000000000000000000000000000000000000000000
000000000000000000000000000000000000000000000000000000000000000000
000000000000000000000000000000000000000000000000000000000000000000
000000000000000000000000000000000000000000000000000000000000000000
000000000000000000000000000000000000000000000000000000000000000000
FFFD16AD8002BAC03FFE51BBBFFF482A5FFF96A307FFECE837FFFDF90BFFFD1D8E
FFF82CBE0001C5824000B9388000DC600FFFEFE6F7FFFE42A0001BCF97FFF7D694
0000AF7380017F7800002BF980007369800063BF3FFFD5736400114B12000248C8
000733CE800202EAC0006F36E0004CF2D00087C2F80053F29BFFEE9907FFFAD249
000000000000000000000000000000000000000000000000000000000000000000
000000000000000000000000000000000000000000000000000000000000000000
000000000000000000000000000000000000000000000000000000000000000000
FFFB9810800193C0C000628B6000A4F7500067F49FFFF605BBFFFCF8E9FFF9AD07
000000000000000000000000000000000000000000000000000000000000000000
000000000000000000000000000000000000000000000000000000000000000000
000000000000000000000000000000000000000000000000000000000000000000
0005DEA27FFDB7977FFF1D2F80009D8280000C0A3FFFC9CBF00001CD800005DE9A
000000000000000000000000000000000000000000000000000000000000000000
000000000000000000000000000000000000000000000000000000000000000000
000000000000000000000000000000000000000000000000000000000000000000
000000000000000000000000000000000000000000000000000000000000000000
000000000000000000000000000000000000000000000000000000000000000000
000000000000000000000000000000000000000000000000000000000000000000
000000000000000000000000000000000000000000000000000000000000000000
000000000000000000000000000000000000000000000000000000000000000000
000000000000000000000000000000000000000000000000000000000000000000
000000000000000000000000000000000000000000000000000000000000000000
000000000000000000000000000000000000000000000000000000000000000000
0005ACFE80021653400039FDBFFEF98CE0000682F8002F1BF4001F3F4000075E82
FFF7CA950002991900009B9B2000FE3740000A1C0000202EEFFFEAF97BFFF32445
000000000000000000000000000000000000000000000000000000000000000000
000000000000000000000000000000000000000000000000000000000000000000
000000000000000000000000000000000000000000000000000000000000000000
000000000000000000000000000000000000000000000000000000000000000000
000000000000000000000000000000000000000000000000000000000000000000
0000EB2B7FFEE63F3FFD6DD02000C3ACAFFF7BB798000C526C0006E99FFFF2F305
000000000000000000000000000000000000000000000000000000000000000000
0008A1668002162E7FFDB5DF2000624C800008FA7FFFF7BBA40020322A0005E425
000000000000000000000000000000000000000000000000000000000000000000
000000000000000000000000000000000000000000000000000000000000000000
000000000000000000000000000000000000000000000000000000000000000000
000000000000000000000000000000000000000000000000000000000000000000
000000000000000000000000000000000000000000000000000000000000000000
000000000000000000000000000000000000000000000000000000000000000000
000000000000000000000000000000000000000000000000000000000000000000
0000B8C5000264857FFF3D40BFFFE5963000429E580037136BFFF35B62000FC087
FFFB40547FFBBA6C0000FBDE8000112BF0002C15980021B92400184088000BAAF9
000000000000000000000000000000000000000000000000000000000000000000
0000A191000030253FFECE5F7FFF3872BFFF946CFFFFEBE2DBFFEAACABFFF547FB
0002E2FA7FFF6445FFFF3FCC6000F3216FFFF7438000255AE400175984000F09A0
000000000000000000000000000000000000000000000000000000000000000000
000000000000000000000000000000000000000000000000000000000000000000
000000000000000000000000000000000000000000000000000000000000000000
000000000000000000000000000000000000000000000000000000000000000000
000742347FFEE7CF4000ECB6C001069F0FFFE1CBBFFFFA2C27FFFFE38BFFF93FD0
0001F80FFFFFB679000047B440000D65600028D87000136F7BFFE42D51FFF7937A
000000000000000000000000000000000000000000000000000000000000000000
000000000000000000000000000000000000000000000000000000000000000000
000000000000000000000000000000000000000000000000000000000000000000
000000000000000000000000000000000000000000000000000000000000000000
000000000000000000000000000000000000000000000000000000000000000000
000000000000000000000000000000000000000000000000000000000000000000
000000000000000000000000000000000000000000000000000000000000000000
000000000000000000000000000000000000000000000000000000000000000000
000194267FFE8C20000196DF00006507000047A617FFD4FCDFFFFB61E5FFFC805D
FFF791997FFE3537800146E2DFFFDA2A600004D2E0003FB853FFE45B01FFEF69EC
FFF8D8957FFEF0073FFFBB2880006B3370000CE6B80037F3DBFFF89B95FFF8112C
FFFB42797FFF3FFC80019264FFFF6366BFFF9A7177FFCD8E0FFFEE56BC0003D162
000000000000000000000000000000000000000000000000000000000000000000
FFF7B6C1FFFE555DC001A8FB7FFF90BEBFFF9644EFFFFA32E800117B5DFFF256E0
000000000000000000000000000000000000000000000000000000000000000000
FFFCE45300012278BFFDA0C1FFFF5292B00056B968003848EFFFEDBF94000419DF
000000000000000000000000000000000000000000000000000000000000000000
000000000000000000000000000000000000000000000000000000000000000000
000000000000000000000000000000000000000000000000000000000000000000
00080D9280021D19000184796000BDA78000353967FFD195680005DD1800070C68
FFFCEF687FFD22D40001D5765FFF4E82AFFFCE3AF800148DC4000D0A74000168F5
000000000000000000000000000000000000000000000000000000000000000000
000000000000000000000000000000000000000000000000000000000000000000
000000000000000000000000000000000000000000000000000000000000000000
000000000000000000000000000000000000000000000000000000000000000000
000000000000000000000000000000000000000000000000000000000000000000
000000000000000000000000000000000000000000000000000000000000000000
000000000000000000000000000000000000000000000000000000000000000000
FFFB5C2D00022071400143657FFF4A0C70000C709FFFE48CB7FFFD8C5200051889
000000000000000000000000000000000000000000000000000000000000000000
000000000000000000000000000000000000000000000000000000000000000000
000000000000000000000000000000000000000000000000000000000000000000
FFF785CD0002CD4C3FFEEEE1C0008F4350003EBA8FFFE3EC7C0007A8D2000ADC75
000000000000000000000000000000000000000000000000000000000000000000
0000CF9C8003E72F000205B9DFFF15DFEFFFE00047FFC835C3FFE31C4C000C9D73
000000000000000000000000000000000000000000000000000000000000000000
000000000000000000000000000000000000000000000000000000000000000000
000000000000000000000000000000000000000000000000000000000000000000
000000000000000000000000000000000000000000000000000000000000000000
000000000000000000000000000000000000000000000000000000000000000000
000000000000000000000000000000000000000000000000000000000000000000
000000000000000000000000000000000000000000000000000000000000000000
000000000000000000000000000000000000000000000000000000000000000000
000000000000000000000000000000000000000000000000000000000000000000
000000000000000000000000000000000000000000000000000000000000000000
000000000000000000000000000000000000000000000000000000000000000000
FFFFC317800448CB400164D7800091F0AFFF8CE077FFE8A203FFEC872A00099C11
0008B6B50003618C3FFE99D01FFFCCEE10005DC63800134403FFF09335FFFE2000
000000000000000000000000000000000000000000000000000000000000000000
000000000000000000000000000000000000000000000000000000000000000000
000000000000000000000000000000000000000000000000000000000000000000
0004942EFFFB5439FFFE19AFE0003A72AFFFC39EA00005584BFFE25A6E000E358F
000000000000000000000000000000000000000000000000000000000000000000
000000000000000000000000000000000000000000000000000000000000000000
FFF918F6FFFC1E5DFFFEFA008000C7B5FFFFED9D6FFFD8F237FFEE1867FFF63F90
000000000000000000000000000000000000000000000000000000000000000000
FFFA81BB80033CED0002208C60006941000076C17FFFE9431000157055FFF1EB69
000000000000000000000000000000000000000000000000000000000000000000
000000000000000000000000000000000000000000000000000000000000000000
000000000000000000000000000000000000000000000000000000000000000000
000000000000000000000000000000000000000000000000000000000000000000
000000000000000000000000000000000000000000000000000000000000000000
000000000000000000000000000000000000000000000000000000000000000000
FFFDDA7F0001F2133FFF628740003D0730001F840000028C8BFFE85782000764C3
000000000000000000000000000000000000000000000000000000000000000000
000000000000000000000000000000000000000000000000000000000000000000
000000000000000000000000000000000000000000000000000000000000000000
000000000000000000000000000000000000000000000000000000000000000000
000000000000000000000000000000000000000000000000000000000000000000
000351108003425C8001D5F0BFFF561E0FFFCC9917FFFFFD5FFFFAA8F3FFF78949
000000000000000000000000000000000000000000000000000000000000000000
000000000000000000000000000000000000000000000000000000000000000000
000000000000000000000000000000000000000000000000000000000000000000
000000000000000000000000000000000000000000000000000000000000000000
000000000000000000000000000000000000000000000000000000000000000000
000000000000000000000000000000000000000000000000000000000000000000
000000000000000000000000000000000000000000000000000000000000000000
000000000000000000000000000000000000000000000000000000000000000000
000000000000000000000000000000000000000000000000000000000000000000
000000000000000000000000000000000000000000000000000000000000000000
FFF823D47FFE00593FFE518CFFFFF1FF5FFF816A380004F76BFFF05318000D8C5F
000000000000000000000000000000000000000000000000000000000000000000
000000000000000000000000000000000000000000000000000000000000000000
000000000000000000000000000000000000000000000000000000000000000000
000000000000000000000000000000000000000000000000000000000000000000
000000000000000000000000000000000000000000000000000000000000000000
FFF922427FFE93DC0000ECD980001E68E0001C28C800184FE400144789FFFFAC8C
000000000000000000000000000000000000000000000000000000000000000000
FFF7B70E7FFD76FEFFFEE709C000BCC890006C46780010E95FFFF780A80002D212
0002D507FFFF5F763FFEF12ADFFFC0B97FFFAC19F7FFC805880016211DFFF24144
FFFB1DD58000918FFFFDCB25E00019A7000002120FFFD5C047FFE10F84000F9FAA
FFF89B41FFFEC1AD7FFF9AFAFFFFC2C4B000021E200015FE6400191AE7FFFE4C1F
000000000000000000000000000000000000000000000000000000000000000000
00054D5A8001396F7FFFE32C80005E1DFFFF6F2147FFD4C5F40006B929FFFFF31A
0004EEBD7FFDEF14400155B53FFF91150FFF942FD800365B48002561D4000FDF7E
000000000000000000000000000000000000000000000000000000000000000000
000000000000000000000000000000000000000000000000000000000000000000
000000000000000000000000000000000000000000000000000000000000000000
000000000000000000000000000000000000000000000000000000000000000000
000000000000000000000000000000000000000000000000000000000000000000
000000000000000000000000000000000000000000000000000000000000000000
000000000000000000000000000000000000000000000000000000000000000000
FFFE06E4000115527FFFCB777FFF56FBEFFF7ABAC7FFCE51B3FFFF2C01FFFC8001
000000000000000000000000000000000000000000000000000000000000000000
000262FBFFFD11AB7FFFAE8CA00087B6B0003EFF4FFFE6D2A7FFE6F9CBFFF43015
00075A038003337FC000538CA000ECCD5FFFF119C00011FB0FFFFBB5BA0001C29F
000000000000000000000000000000000000000000000000000000000000000000
000000000000000000000000000000000000000000000000000000000000000000
000000000000000000000000000000000000000000000000000000000000000000
000000000000000000000000000000000000000000000000000000000000000000
000000000000000000000000000000000000000000000000000000000000000000
000000000000000000000000000000000000000000000000000000000000000000
000000000000000000000000000000000000000000000000000000000000000000
000000000000000000000000000000000000000000000000000000000000000000
0006FF51FFFDFC5F00012F64A000F886500078C140003DE9B3FFF96461FFF4E965
000685BAFFFF256AC0002CFEC00082DCAFFF6EDEA8002C1BC3FFFEF834000C792D
000000000000000000000000000000000000000000000000000000000000000000
000000000000000000000000000000000000000000000000000000000000000000
FFF8A0B8FFFFDE19000049D41FFFB6A6F0000AE3D800129B2BFFFDAB73FFF57E00
000000000000000000000000000000000000000000000000000000000000000000
000000000000000000000000000000000000000000000000000000000000000000
000000000000000000000000000000000000000000000000000000000000000000
000000000000000000000000000000000000000000000000000000000000000000
000000000000000000000000000000000000000000000000000000000000000000
000000000000000000000000000000000000000000000000000000000000000000
FFFF6FDF7FFDB546C000718F800010C11FFFBFA19FFFC799240021ECA2000C2D6A
00065DA080023F23FFFF74847FFFD16DAFFFFEA3C80030AE07FFF93891FFF5A327
000000000000000000000000000000000000000000000000000000000000000000
000000000000000000000000000000000000000000000000000000000000000000
000000000000000000000000000000000000000000000000000000000000000000
000000000000000000000000000000000000000000000000000000000000000000
000000000000000000000000000000000000000000000000000000000000000000
000000000000000000000000000000000000000000000000000000000000000000
000000000000000000000000000000000000000000000000000000000000000000
FFFEBACE7FFE19897FFF0E63A00061210000633A5FFFE5EFAFFFEEEE11FFF4A32F
000000000000000000000000000000000000000000000000000000000000000000
FFF75669FFFCCA15FFFEF2046000D7B28FFFC71B3FFFCB698400163AD800090FDB
000000000000000000000000000000000000000000000000000000000000000000
000000000000000000000000000000000000000000000000000000000000000000
FFFDC7287FFFC406C001D9378000CEFA50002B8570000A746C001A7DC00010335D
000000000000000000000000000000000000000000000000000000000000000000
FFF812A87FFCC4CEC001469EE00084DED0005489FFFFECE823FFFC59BBFFEF5FD5
000000000000000000000000000000000000000000000000000000000000000000
000000000000000000000000000000000000000000000000000000000000000000
000000000000000000000000000000000000000000000000000000000000000000
000000000000000000000000000000000000000000000000000000000000000000
000000000000000000000000000000000000000000000000000000000000000000
00053C947FFEF03E0000D872E0000DFB700016A0D00055C910001D8CD3FFFF3DF9
0002B3AA7FFF463C3FFFD3ED5FFFAC6C40009311D00043799800047EA7FFFAA6A9
000000000000000000000000000000000000000000000000000000000000000000
000000000000000000000000000000000000000000000000000000000000000000
000000000000000000000000000000000000000000000000000000000000000000
000000000000000000000000000000000000000000000000000000000000000000
000000000000000000000000000000000000000000000000000000000000000000
000000000000000000000000000000000000000000000000000000000000000000
000000000000000000000000000000000000000000000000000000000000000000
000000000000000000000000000000000000000000000000000000000000000000
000000000000000000000000000000000000000000000000000000000000000000
0006442F7FFF3AECFFFE1512FFFF01A04FFF9882D80049D770001BE9B3FFF3E99A
000000000000000000000000000000000000000000000000000000000000000000
000000000000000000000000000000000000000000000000000000000000000000
000000000000000000000000000000000000000000000000000000000000000000
FFF9CD0880016A0D00014C05C000677C3FFFB4960800313F34002219BA0004C16E
000000000000000000000000000000000000000000000000000000000000000000
000000000000000000000000000000000000000000000000000000000000000000
FFFF44607FFCF5A0FFFDC3ACDFFF8F1E3FFFD7D5A0001503200018DAB3FFFE15E2
000000000000000000000000000000000000000000000000000000000000000000
000000000000000000000000000000000000000000000000000000000000000000
000000000000000000000000000000000000000000000000000000000000000000
000000000000000000000000000000000000000000000000000000000000000000
0000F3758002380D3FFEBA11FFFFA68A0FFFFCC518001A927BFFEF80B3FFFDE52D
000000000000000000000000000000000000000000000000000000000000000000
000000000000000000000000000000000000000000000000000000000000000000
000000000000000000000000000000000000000000000000000000000000000000
000000000000000000000000000000000000000000000000000000000000000000
000000000000000000000000000000000000000000000000000000000000000000
0005C3E5FFFFF9A54000AD87DFFF5BCBE00039E310001277440015BB89FFFF53BD
000000000000000000000000000000000000000000000000000000000000000000
000000000000000000000000000000000000000000000000000000000000000000
000000000000000000000000000000000000000000000000000000000000000000
000000000000000000000000000000000000000000000000000000000000000000
000000000000000000000000000000000000000000000000000000000000000000
FFF82924000099F18000CB46FFFF9FA18FFFFBB2E7FFEF484800057F560006EAC2
000000000000000000000000000000000000000000000000000000000000000000
000000000000000000000000000000000000000000000000000000000000000000
000558B77FFC754AFFFEF018C000B3B69000009D6000270F67FFF8D734000A87A5
000000000000000000000000000000000000000000000000000000000000000000
000000000000000000000000000000000000000000000000000000000000000000
00012B117FFDCB180002085E9FFF0D6BB0006FB7DFFFFAA63FFFF14547FFFF24C4
000000000000000000000000000000000000000000000000000000000000000000
000000000000000000000000000000000000000000000000000000000000000000
000000000000000000000000000000000000000000000000000000000000000000
000000000000000000000000000000000000000000000000000000000000000000
000000000000000000000000000000000000000000000000000000000000000000
0001C23BFFFD015680002ADB8000B5616FFFBC56BFFFD47BC3FFE7B222000E6897
000000000000000000000000000000000000000000000000000000000000000000
0002F1EA8000CD7CFFFFD89D60006127B0005848180017969FFFF18FC1FFF23AD9
000000000000000000000000000000000000000000000000000000000000000000
000000000000000000000000000000000000000000000000000000000000000000
000000000000000000000000000000000000000000000000000000000000000000
00097C117FFD32CCC000C4A3DFFF6FF1BFFFDD24E000275CC400173394000687D0
000000000000000000000000000000000000000000000000000000000000000000
000000000000000000000000000000000000000000000000000000000000000000
000000000000000000000000000000000000000000000000000000000000000000
000000000000000000000000000000000000000000000000000000000000000000
000000000000000000000000000000000000000000000000000000000000000000
00035E17FFFDD1848001B39A00009AFA90002B3167FFE03390000E38D6000384CC
0001BB54FFFF28043FFF5495A000402DE00062326FFFE3D70BFFF89794000A4CFB
000579F87FFCB5E1BFFED5591FFF4617A0008BE36FFFF7EBAFFFEDA24000107D76
000000000000000000000000000000000000000000000000000000000000000000
000314230002E6090000BE949FFF98F4E0007BE83FFFF95D27FFF570A5FFF81ADE
000000000000000000000000000000000000000000000000000000000000000000
000000000000000000000000000000000000000000000000000000000000000000
000000000000000000000000000000000000000000000000000000000000000000
000000000000000000000000000000000000000000000000000000000000000000
000000000000000000000000000000000000000000000000000000000000000000
000000000000000000000000000000000000000000000000000000000000000000
0007C4D60000A99F0001CC537FFFB50B60004106D7FFCBDF63FFFF30BE000694BB
FFFB2BBA8001ED513FFDDE0AE000DB20B00060CE68000F03B3FFEA919FFFF46205
FFFAE4C57FFC7D127FFE2D25000118706FFFA866980009D43FFFF7A2560005A6B5
FFFD35D5FFFBD311C0003537000036FFC0000AA14FFFD95813FFF63DE2000DF46D
000000000000000000000000000000000000000000000000000000000000000000
000000000000000000000000000000000000000000000000000000000000000000
000000000000000000000000000000000000000000000000000000000000000000
000000000000000000000000000000000000000000000000000000000000000000
000000000000000000000000000000000000000000000000000000000000000000
000000000000000000000000000000000000000000000000000000000000000000
000000000000000000000000000000000000000000000000000000000000000000
000000000000000000000000000000000000000000000000000000000000000000
000000000000000000000000000000000000000000000000000000000000000000
000000000000000000000000000000000000000000000000000000000000000000
000000000000000000000000000000000000000000000000000000000000000000
0005DF44FFFF12D8FFFDF50F000040E0300008FD67FFDD75E0000D836800096DD3
000000000000000000000000000000000000000000000000000000000000000000
000000000000000000000000000000000000000000000000000000000000000000
000000000000000000000000000000000000000000000000000000000000000000
FFFD91EA0001156FBFFFC4219FFF45FDAFFFEF0BBFFFEBE6240006072200004A41
000000000000000000000000000000000000000000000000000000000000000000
000000000000000000000000000000000000000000000000000000000000000000
000000000000000000000000000000000000000000000000000000000000000000
000000000000000000000000000000000000000000000000000000000000000000
000000000000000000000000000000000000000000000000000000000000000000
000000000000000000000000000000000000000000000000000000000000000000
00037B4F7FFD38DCC001C316C000D7B5600010ACE80004BE5BFFFA3317FFF9A564
000000000000000000000000000000000000000000000000000000000000000000
000443928003C2407FFEC272A00095B8000044ADD00001770BFFFAF5E7FFF20801
000000000000000000000000000000000000000000000000000000000000000000
FFFB0CDF0002638BC000ED0DE0003771B00042A7C00007CE1BFFE329EBFFFD8D1E
FFFC25888000C0564000D4C89FFF7CDF0FFF9FD690000C21E800069E49FFF9F1AF
000000000000000000000000000000000000000000000000000000000000000000
000000000000000000000000000000000000000000000000000000000000000000
FFFDDA898003A1977FFFD5026000A4836000629FC800426A400017576E0001F445
000000000000000000000000000000000000000000000000000000000000000000
000000000000000000000000000000000000000000000000000000000000000000
0004522F8001032BBFFEF8D13FFF3DFCAFFFBF12D8000DE793FFE79495FFFD4501
000000000000000000000000000000000000000000000000000000000000000000
000000000000000000000000000000000000000000000000000000000000000000
FFFD11988000C3DEBFFFB1AF7FFFD13DBFFF977F6FFFFEE12FFFF015B7FFF10B39
000000000000000000000000000000000000000000000000000000000000000000
000000000000000000000000000000000000000000000000000000000000000000
000000000000000000000000000000000000000000000000000000000000000000
000000000000000000000000000000000000000000000000000000000000000000
000000000000000000000000000000000000000000000000000000000000000000
000000000000000000000000000000000000000000000000000000000000000000
000000000000000000000000000000000000000000000000000000000000000000
000000000000000000000000000000000000000000000000000000000000000000
000000000000000000000000000000000000000000000000000000000000000000
0000C24B7FFDF546BFFFF8919FFFC38960005E15C000158497FFF28B20000644EB
000000000000000000000000000000000000000000000000000000000000000000
000000000000000000000000000000000000000000000000000000000000000000
000000000000000000000000000000000000000000000000000000000000000000
000000000000000000000000000000000000000000000000000000000000000000
000000000000000000000000000000000000000000000000000000000000000000
000000000000000000000000000000000000000000000000000000000000000000
0001854A8001AF7DBFFF572280005651C00017947FFFE7FDABFFF05F91FFF13EF1
000000000000000000000000000000000000000000000000000000000000000000
000000000000000000000000000000000000000000000000000000000000000000
FFFA1196FFFE166A80008986A0002F752FFFB2705800136C07FFE75E17FFF4F636
000000000000000000000000000000000000000000000000000000000000000000
0006A891FFFEB37E00016A9FFFFF9A3570005138EFFFCA7E5800112F14000EC3E5
000000000000000000000000000000000000000000000000000000000000000000
FFFE9886FFFE90F7C00246D3C0003E0290003181380015EE300007AE880008C1FE
000000000000000000000000000000000000000000000000000000000000000000
000000000000000000000000000000000000000000000000000000000000000000
FFF9590BFFFC6B8D0000B9EE5FFF4948DFFFFF110800414B84001AC4F20007B63D
000000000000000000000000000000000000000000000000000000000000000000
000000000000000000000000000000000000000000000000000000000000000000
000000000000000000000000000000000000000000000000000000000000000000
000000000000000000000000000000000000000000000000000000000000000000
FFF9AEC200034CC0C001C9B49FFFA70F7000422CA0000910700011E664000E22E3
000000000000000000000000000000000000000000000000000000000000000000
000000000000000000000000000000000000000000000000000000000000000000
000000000000000000000000000000000000000000000000000000000000000000
000000000000000000000000000000000000000000000000000000000000000000
000000000000000000000000000000000000000000000000000000000000000000
FFFAF6C17FFCAEA7FFFDF24700005D12E00024FBC000192A47FFF744CE000C8323
000000000000000000000000000000000000000000000000000000000000000000
000000000000000000000000000000000000000000000000000000000000000000
000000000000000000000000000000000000000000000000000000000000000000
000000000000000000000000000000000000000000000000000000000000000000
000000000000000000000000000000000000000000000000000000000000000000
000000000000000000000000000000000000000000000000000000000000000000
000000000000000000000000000000000000000000000000000000000000000000
000000000000000000000000000000000000000000000000000000000000000000
000000000000000000000000000000000000000000000000000000000000000000
000000000000000000000000000000000000000000000000000000000000000000
0004C7557FFE1A2BC000F1C55FFFACF8B000053FFFFFF97878000C848800071CC8
000000000000000000000000000000000000000000000000000000000000000000
000000000000000000000000000000000000000000000000000000000000000000
000000000000000000000000000000000000000000000000000000000000000000
000000000000000000000000000000000000000000000000000000000000000000
FFFD8925FFFCD061BFFF3C1020010C327FFFB9F978003D4BC7FFFED06C00011E0D
000000000000000000000000000000000000000000000000000000000000000000
00019E8AFFFF3AFEC000D4752000C10C4FFFF85BBFFFCCF48FFFFA6C01FFF3E55E
000000000000000000000000000000000000000000000000000000000000000000
0005DD457FFE60303FFEAE069FFF17F19FFFFA1D1000333F100004D450000D78FA
000000000000000000000000000000000000000000000000000000000000000000
000000000000000000000000000000000000000000000000000000000000000000
00051A71000399B6BFFE23693FFF11B30FFFC0C22FFFEAE5DBFFE75F4800100A09
0002FF6880035E6B4000783C6000D8AA0FFFBF4C10002EC514000E791FFFF29610
000000000000000000000000000000000000000000000000000000000000000000
000000000000000000000000000000000000000000000000000000000000000000
000000000000000000000000000000000000000000000000000000000000000000
000000000000000000000000000000000000000000000000000000000000000000
000000000000000000000000000000000000000000000000000000000000000000
FFFE7FB58000FE8E8000409FC0006BCEF0004F985FFFD43B3C00082CA800108870
0005AC997FFCF6964000A6403FFF95866FFF7C3A87FFC22D740007F0760005CCE8
00011597800234A27FFEE6C460009C9EF0006CF798001B324400145F69FFFF0E85
FFF7FD5FFFFF580740000E195FFFEEDDAFFFBD34B7FFE32924001FEC1A0000C1FF
000000000000000000000000000000000000000000000000000000000000000000
000000000000000000000000000000000000000000000000000000000000000000
000000000000000000000000000000000000000000000000000000000000000000
000000000000000000000000000000000000000000000000000000000000000000
000000000000000000000000000000000000000000000000000000000000000000
000000000000000000000000000000000000000000000000000000000000000000
000000000000000000000000000000000000000000000000000000000000000000
000000000000000000000000000000000000000000000000000000000000000000
000000000000000000000000000000000000000000000000000000000000000000
000000000000000000000000000000000000000000000000000000000000000000
FFFC7F490001579B800155A3FFFF710AEFFF929AE0004499D7FFE8D5D9FFF3C291
000000000000000000000000000000000000000000000000000000000000000000
000000000000000000000000000000000000000000000000000000000000000000
00070D1EFFFCE6A14000475F60005D9E7FFF78DCDFFFD5A1480004672A0002C616
000000000000000000000000000000000000000000000000000000000000000000
000000000000000000000000000000000000000000000000000000000000000000
FFFE394E00038161C0009A3B7FFFDF3CFFFFCCC490003F237000173AFBFFF67D70
000000000000000000000000000000000000000000000000000000000000000000
000000000000000000000000000000000000000000000000000000000000000000
000000000000000000000000000000000000000000000000000000000000000000
000000000000000000000000000000000000000000000000000000000000000000
00044BF18000BAABBFFEE453A00046FE000006BA800019201400176FF2000626AA
000469BCFFFC3E0E000154BCC000A96FB0007FED5FFFEB961C000509540010E294
000000000000000000000000000000000000000000000000000000000000000000
000000000000000000000000000000000000000000000000000000000000000000
000000000000000000000000000000000000000000000000000000000000000000
FFFF510E8004985700003DB8C0006B61CFFFA4DC17FFCB89F800115511FFF8C505
0003E4D3800430514001071BE000FD5F0FFF6C9AE7FFE1AB84000144D1FFF28FC0
000000000000000000000000000000000000000000000000000000000000000000
000000000000000000000000000000000000000000000000000000000000000000
0002610E8000D9F0BFFE2EE82000D29890003ECBEFFFE0D07C001E9F97FFF47454
000000000000000000000000000000000000000000000000000000000000000000
00025F26000363828001719640003FB8600055AD6FFFE93E640018E0C8000E9500
000000000000000000000000000000000000000000000000000000000000000000
000000000000000000000000000000000000000000000000000000000000000000
000000000000000000000000000000000000000000000000000000000000000000
000000000000000000000000000000000000000000000000000000000000000000
000000000000000000000000000000000000000000000000000000000000000000
FFFBB23EFFFF93F240004A42FFFF55572FFFE9A5AFFFC98D6BFFEF54CFFFFA2AE3
000000000000000000000000000000000000000000000000000000000000000000
000000000000000000000000000000000000000000000000000000000000000000
FFFFABC68001B77A3FFFF753BFFFC7154FFFE554E800002D64001660E3FFFD1DC1
000000000000000000000000000000000000000000000000000000000000000000
000000000000000000000000000000000000000000000000000000000000000000
000000000000000000000000000000000000000000000000000000000000000000
000000000000000000000000000000000000000000000000000000000000000000
000000000000000000000000000000000000000000000000000000000000000000
000000000000000000000000000000000000000000000000000000000000000000
000000000000000000000000000000000000000000000000000000000000000000
000000000000000000000000000000000000000000000000000000000000000000
000000000000000000000000000000000000000000000000000000000000000000
000000000000000000000000000000000000000000000000000000000000000000
000000000000000000000000000000000000000000000000000000000000000000
000000000000000000000000000000000000000000000000000000000000000000
0002685E80047D253FFEDB9C1FFF7B355FFF801087FFD032A4000929560007B77B
000000000000000000000000000000000000000000000000000000000000000000
000000000000000000000000000000000000000000000000000000000000000000
000000000000000000000000000000000000000000000000000000000000000000
FFFCBB9200002CF1BFFE3261C0004C70900034A867FFE567ABFFE64DF3FFF73DCF
000000000000000000000000000000000000000000000000000000000000000000
FFFEA1848001B3120001AA655FFF3B8120003EA8CFFFD176880019E873FFF57C09
000000000000000000000000000000000000000000000000000000000000000000
000000000000000000000000000000000000000000000000000000000000000000
000000000000000000000000000000000000000000000000000000000000000000
000000000000000000000000000000000000000000000000000000000000000000
000000000000000000000000000000000000000000000000000000000000000000
000433C400004D2E0001A7BADFFEFB3B9FFF9AC140001D0EEC000E38EA0001803A
000000000000000000000000000000000000000000000000000000000000000000
000000000000000000000000000000000000000000000000000000000000000000
000000000000000000000000000000000000000000000000000000000000000000
000000000000000000000000000000000000000000000000000000000000000000
000000000000000000000000000000000000000000000000000000000000000000
00031B80FFFE52247FFE330C9FFF55ACB0001C9CCFFFFDADEFFFF9B6AC000DCFEF
000000000000000000000000000000000000000000000000000000000000000000
000000000000000000000000000000000000000000000000000000000000000000
000000000000000000000000000000000000000000000000000000000000000000
000000000000000000000000000000000000000000000000000000000000000000
000000000000000000000000000000000000000000000000000000000000000000
000000000000000000000000000000000000000000000000000000000000000000
00013867FFFFF5333FFF388AC000CD9C60005B0697FFE124E3FFFCC9BA000E9B69
000000000000000000000000000000000000000000000000000000000000000000
FFFA5E2E800331FE000114D20000CFFEA0005C944FFFF549940013BC65FFF7774C
000000000000000000000000000000000000000000000000000000000000000000
000000000000000000000000000000000000000000000000000000000000000000
000000000000000000000000000000000000000000000000000000000000000000
000000000000000000000000000000000000000000000000000000000000000000
000000000000000000000000000000000000000000000000000000000000000000
000000000000000000000000000000000000000000000000000000000000000000
000000000000000000000000000000000000000000000000000000000000000000
000000000000000000000000000000000000000000000000000000000000000000
000000000000000000000000000000000000000000000000000000000000000000
000783EF8002BBB1C0027AFE3FFEF7A15FFFE82D27FFF3C383FFEA37E7FFF39789
000000000000000000000000000000000000000000000000000000000000000000
FFFF9900800177E80000D322A0009681B0001684280033E4FFFFE0E41A0012D64D
000000000000000000000000000000000000000000000000000000000000000000
000000000000000000000000000000000000000000000000000000000000000000
00006F5F8000F0240001B0AFFFFF742F9FFFCD517FFFDE4B98001989EBFFFF14B0
000000000000000000000000000000000000000000000000000000000000000000
000000000000000000000000000000000000000000000000000000000000000000
000000000000000000000000000000000000000000000000000000000000000000
000000000000000000000000000000000000000000000000000000000000000000
000000000000000000000000000000000000000000000000000000000000000000
000000000000000000000000000000000000000000000000000000000000000000
000000000000000000000000000000000000000000000000000000000000000000
000000000000000000000000000000000000000000000000000000000000000000
000000000000000000000000000000000000000000000000000000000000000000
0003515D8000286CFFFE1F5980004D368FFF984300000E2FE7FFDBCDA7FFFB138C
000000000000000000000000000000000000000000000000000000000000000000
00005E8A800098C0FFFFB9055FFF35D100004E7F2FFFFA2C5BFFFC8E11FFFC4D9F
000000000000000000000000000000000000000000000000000000000000000000
000000000000000000000000000000000000000000000000000000000000000000
0000FF73800023CC7FFE5FFAC00070B260005DBFAFFFD3E33FFFDEF72C0001DFB4
000000000000000000000000000000000000000000000000000000000000000000
FFFA32067FFC3EA9C0013D7C7FFF240A1000184CF0001DC1B40015E107FFF6838E
000000000000000000000000000000000000000000000000000000000000000000
FFF8F20EFFFDC92E3FFECF1E600100738FFFBBBB5FFFE84D3BFFFCE104000B05FD
000000000000000000000000000000000000000000000000000000000000000000
000000000000000000000000000000000000000000000000000000000000000000
000000000000000000000000000000000000000000000000000000000000000000
000000000000000000000000000000000000000000000000000000000000000000
000000000000000000000000000000000000000000000000000000000000000000
000000000000000000000000000000000000000000000000000000000000000000
000000000000000000000000000000000000000000000000000000000000000000
000000000000000000000000000000000000000000000000000000000000000000
000000000000000000000000000000000000000000000000000000000000000000
000547718001D5668001352960000448B00051C490002E103400099E7000081C62
000000000000000000000000000000000000000000000000000000000000000000
FFF7DDD70003A76840002F1D1FFF2B42600048EFB00018BB04000ACEC40001BF0E
000000000000000000000000000000000000000000000000000000000000000000
000000000000000000000000000000000000000000000000000000000000000000
000000000000000000000000000000000000000000000000000000000000000000
000367DC7FFC3E063FFFE5A2FFFFE56AB00083A07800431DBC000F30AC0010BC13
000000000000000000000000000000000000000000000000000000000000000000
FFFF2D338001436F800191C39FFF390DAFFFA9E1B00010ACB800159633FFF7689B
000000000000000000000000000000000000000000000000000000000000000000
000000000000000000000000000000000000000000000000000000000000000000
000000000000000000000000000000000000000000000000000000000000000000
000000000000000000000000000000000000000000000000000000000000000000
000000000000000000000000000000000000000000000000000000000000000000
00055CA8FFFF0C6B0000342280009A8FD00054A7180018E6FBFFF622A0000BEA08
000000000000000000000000000000000000000000000000000000000000000000
FFFF38C000034FF400009DD4600091338000027C5FFFC5B29FFFF857B600054355
00001A8800004EC3C001D0C69FFF8DBA5FFFF4DF28001F8D7C0000BF4FFFFA0DA7
000000000000000000000000000000000000000000000000000000000000000000
FFFF988FFFFE543F8001363E400051201FFFA0EA1800149507FFE2BE2DFFF7B6DF
000000000000000000000000000000000000000000000000000000000000000000
0007CA03FFFB9124FFFE29720000C12E4FFFFCFDFFFFDA5467FFF744EDFFF2FA02
000000000000000000000000000000000000000000000000000000000000000000
000000000000000000000000000000000000000000000000000000000000000000
FFFC31508000ECB0FFFE82424000B1CD6FFFB1FCC7FFF277E40005522C0003F1F7
000000000000000000000000000000000000000000000000000000000000000000
000000000000000000000000000000000000000000000000000000000000000000
000000000000000000000000000000000000000000000000000000000000000000
000000000000000000000000000000000000000000000000000000000000000000
000000000000000000000000000000000000000000000000000000000000000000
000000000000000000000000000000000000000000000000000000000000000000
000000000000000000000000000000000000000000000000000000000000000000
000000000000000000000000000000000000000000000000000000000000000000
000000000000000000000000000000000000000000000000000000000000000000
00025DA27FFFA868C0004AFB9FFF9E463FFFBC9190001B7707FFFCC32DFFFA815C
000000000000000000000000000000000000000000000000000000000000000000
000000000000000000000000000000000000000000000000000000000000000000
FFFC9F7C0002686A3FFF517EDFFF4403F00007ABD0003A1F9FFFF8ED07FFF62131
000000000000000000000000000000000000000000000000000000000000000000
000611C47FFCD8543FFEE49A1FFF74ED2FFF8E1767FFF19947FFFDE20C0002C269
000000000000000000000000000000000000000000000000000000000000000000
000000000000000000000000000000000000000000000000000000000000000000
000000000000000000000000000000000000000000000000000000000000000000
0004003BFFFED148800007B23FFF806A2FFF945B2FFFCCDEF400076D00000B7FAF
000000000000000000000000000000000000000000000000000000000000000000
0002BEA080015AC73FFE2BBD5FFEFA6FCFFFD32470000D1EEBFFE4B0D0000D9D60
000123E00000CC2DFFFEC11040007066700064A53FFFE42903FFE70555FFF3E510
000000000000000000000000000000000000000000000000000000000000000000
000000000000000000000000000000000000000000000000000000000000000000
000000000000000000000000000000000000000000000000000000000000000000
000000000000000000000000000000000000000000000000000000000000000000
000000000000000000000000000000000000000000000000000000000000000000
000000000000000000000000000000000000000000000000000000000000000000
000000000000000000000000000000000000000000000000000000000000000000
000000000000000000000000000000000000000000000000000000000000000000
000000000000000000000000000000000000000000000000000000000000000000
000000000000000000000000000000000000000000000000000000000000000000
0009730CFFFD248EBFFEEDF14000045BFFFF865E2000157183FFDBD2B4000CAFCD
000000000000000000000000000000000000000000000000000000000000000000
000000000000000000000000000000000000000000000000000000000000000000
000299D70001070C7FFE9FAB9FFFE93D9FFF9B051800272EB7FFF47DCE000B97F1
00007F320002232C7FFFC53E80003086BFFFF73AE8002D563400026F33FFF58A7A
000000000000000000000000000000000000000000000000000000000000000000
000000000000000000000000000000000000000000000000000000000000000000
000000000000000000000000000000000000000000000000000000000000000000
000000000000000000000000000000000000000000000000000000000000000000
000000000000000000000000000000000000000000000000000000000000000000
FFFCECB4000353BDBFFFCEDA7FFF6C64AFFFBC44980015E4D3FFF408F800043688
000000000000000000000000000000000000000000000000000000000000000000
000000000000000000000000000000000000000000000000000000000000000000
FFF8CA120003DC5080020A13C000EA3DEFFFCD97D7FFC4E717FFF763DC0007F0FB
FFF7C36300006FC800005A844000B5C250007FC2280027D60C0007451DFFF69479
000000000000000000000000000000000000000000000000000000000000000000
FFFDC84EFFFFC9A33FFEF213E000F97FAFFFAE5E20003704440008F63DFFF009CB
000000000000000000000000000000000000000000000000000000000000000000
000000000000000000000000000000000000000000000000000000000000000000
000000000000000000000000000000000000000000000000000000000000000000
FFF7FF0E7FFEF332BFFD6C51E00061522FFF8387EFFFBF4E080008036FFFFF54DB
00056B5D7FFE7F49000122A6BFFF908BC00034CA5800294AAFFFEF1924000F0083
000000000000000000000000000000000000000000000000000000000000000000
000000000000000000000000000000000000000000000000000000000000000000
000000000000000000000000000000000000000000000000000000000000000000
FFFECFD4FFFD94D1800204EAE000C4E2AFFF8D22C80026149BFFF53241FFFBC024
000000000000000000000000000000000000000000000000000000000000000000
000000000000000000000000000000000000000000000000000000000000000000
000000000000000000000000000000000000000000000000000000000000000000
00074D9100009BB840013CA3400081790FFFBAC747FFD3FE4000020BEBFFF3A1E6
000000000000000000000000000000000000000000000000000000000000000000
000000000000000000000000000000000000000000000000000000000000000000
000000000000000000000000000000000000000000000000000000000000000000
FFF7289D8002D54C0000A1AEE000660F20004CE1F8001B2F8C000F0E8A0003B5F4
FFFF2985FFFCB2C53FFFEFC6C000E99550008E0FD00017781000055D07FFF4215D
000000000000000000000000000000000000000000000000000000000000000000
000000000000000000000000000000000000000000000000000000000000000000
000000000000000000000000000000000000000000000000000000000000000000
000000000000000000000000000000000000000000000000000000000000000000
000000000000000000000000000000000000000000000000000000000000000000
000000000000000000000000000000000000000000000000000000000000000000
000000000000000000000000000000000000000000000000000000000000000000
FFFBE1798001F9EA00008A781FFFF8566FFFC3CDBFFFD52207FFFABD720005D10B
000000000000000000000000000000000000000000000000000000000000000000
000000000000000000000000000000000000000000000000000000000000000000
000000000000000000000000000000000000000000000000000000000000000000
000000000000000000000000000000000000000000000000000000000000000000
000000000000000000000000000000000000000000000000000000000000000000
000000000000000000000000000000000000000000000000000000000000000000
000000000000000000000000000000000000000000000000000000000000000000
000000000000000000000000000000000000000000000000000000000000000000
000000000000000000000000000000000000000000000000000000000000000000
FFFC1A300004145F7FFF6A979FFF24DE9FFF65EFD7FFC6ED50000BDB03FFFAF27B
000157120000B3C5FFFF672520001B79A00029017FFFE5A9F3FFF4DCE9FFFFAEE7
000000000000000000000000000000000000000000000000000000000000000000
000000000000000000000000000000000000000000000000000000000000000000
000000000000000000000000000000000000000000000000000000000000000000
000000000000000000000000000000000000000000000000000000000000000000
FFFC67E37FFE1E8DFFFF52200000B2EF30002DC7E80015659FFFDE8135FFFFE89B
000000000000000000000000000000000000000000000000000000000000000000
000000000000000000000000000000000000000000000000000000000000000000
000000000000000000000000000000000000000000000000000000000000000000
000000000000000000000000000000000000000000000000000000000000000000
000000000000000000000000000000000000000000000000000000000000000000
000000000000000000000000000000000000000000000000000000000000000000
000000000000000000000000000000000000000000000000000000000000000000
0007F28A7FFFE5B74001A993600089A1500019F4EFFFE261BBFFF30C04000B4569
FFFF94DB800053EA00010240E0006DEC00006EF538000E4E4BFFF20A8E00043394
000000000000000000000000000000000000000000000000000000000000000000
00012CAF8001260CC0015E498000AAF0CFFF88A1C7FFD85C900010440FFFFC62DE
000000000000000000000000000000000000000000000000000000000000000000
FFFBAEA87FFDD74EC000B63020009DAB2FFFBC50480044060FFFEE887E0001EDA1
000000000000000000000000000000000000000000000000000000000000000000
000000000000000000000000000000000000000000000000000000000000000000
000000000000000000000000000000000000000000000000000000000000000000
000000000000000000000000000000000000000000000000000000000000000000
000000000000000000000000000000000000000000000000000000000000000000
000000000000000000000000000000000000000000000000000000000000000000
000000000000000000000000000000000000000000000000000000000000000000
000000000000000000000000000000000000000000000000000000000000000000
000000000000000000000000000000000000000000000000000000000000000000
00058D817FFF6A85BFFF1A13C000532B00000C495000135458000DCC5E000C9432
000000000000000000000000000000000000000000000000000000000000000000
00001DA7000298FDBFFEB8BB7FFEFCA2200015EE3FFFFA6200001614B0000ABAB7
000000000000000000000000000000000000000000000000000000000000000000
000000000000000000000000000000000000000000000000000000000000000000
000000000000000000000000000000000000000000000000000000000000000000
FFFC9D237FFB7062FFFEAFF85FFF1B7C4000804FC0000815CC0006AAB7FFEDFCB6
000794F88002E69B0001C9F4E000AE9590006FBD90000FF88FFFF10A05FFF601BA
000000000000000000000000000000000000000000000000000000000000000000
000000000000000000000000000000000000000000000000000000000000000000
000000000000000000000000000000000000000000000000000000000000000000
000000000000000000000000000000000000000000000000000000000000000000
000000000000000000000000000000000000000000000000000000000000000000
000000000000000000000000000000000000000000000000000000000000000000
000000000000000000000000000000000000000000000000000000000000000000
FFFC9E5000003552BFFF2999BFFFF23520005FBE3FFFD482BFFFF7D50BFFF829DE
000000000000000000000000000000000000000000000000000000000000000000
FFFCC3337FFE89C6800133503FFFACCE5FFFE3A2C0001C6EABFFEA6032000C45FB
000000000000000000000000000000000000000000000000000000000000000000
000000000000000000000000000000000000000000000000000000000000000000
FFFFA7A4FFFF20704001490D8000F1C2600078DB87FFDFA15BFFEFAF12000595A7
FFFE70317FFC72D67FFE1E2D5FFF9148C000664A8FFFE775C7FFFE1FF0000C1100
000000000000000000000000000000000000000000000000000000000000000000
000000000000000000000000000000000000000000000000000000000000000000
000000000000000000000000000000000000000000000000000000000000000000
000000000000000000000000000000000000000000000000000000000000000000
0005B6E88002124B0001B9C71FFF18EA3000013857FFEC3AEBFFF38B61FFF64AAB
000668B4FFFF68D04000A567DFFFD258BFFF826CCFFFEF5E83FFEFADF3FFFDC130
000000000000000000000000000000000000000000000000000000000000000000
0004706880035BC1BFFFE0FB0000B70C600031DE87FFC4188BFFFF270600023FE8
000000000000000000000000000000000000000000000000000000000000000000
000000000000000000000000000000000000000000000000000000000000000000
000000000000000000000000000000000000000000000000000000000000000000
000000000000000000000000000000000000000000000000000000000000000000
000547CA00016AB23FFE3395E00001BD2FFFF97E600001DEAFFFEAB085FFF7B0D8
000000000000000000000000000000000000000000000000000000000000000000
000000000000000000000000000000000000000000000000000000000000000000
000000000000000000000000000000000000000000000000000000000000000000
000000000000000000000000000000000000000000000000000000000000000000
000000000000000000000000000000000000000000000000000000000000000000
000000000000000000000000000000000000000000000000000000000000000000
FFFEE70A8001FBA0C0001E8CFFFF0FF680001693F7FFDAF3B3FFF87409FFFF2592
000000000000000000000000000000000000000000000000000000000000000000
000369890001E80B7FFF083060002B7CD0004B696FFFDF8F480003626DFFF715DA
000000000000000000000000000000000000000000000000000000000000000000
000000000000000000000000000000000000000000000000000000000000000000
00005F817FFDAD71BFFE34A8BFFFC1537FFF58E4EFFFB54D97FFE91F73FFFAD89E
000000000000000000000000000000000000000000000000000000000000000000
000000000000000000000000000000000000000000000000000000000000000000
000000000000000000000000000000000000000000000000000000000000000000
000000000000000000000000000000000000000000000000000000000000000000
000000000000000000000000000000000000000000000000000000000000000000
000000000000000000000000000000000000000000000000000000000000000000
000000000000000000000000000000000000000000000000000000000000000000
000000000000000000000000000000000000000000000000000000000000000000
000000000000000000000000000000000000000000000000000000000000000000
000000000000000000000000000000000000000000000000000000000000000000
FFFF48037FFD1B6DBFFF060A5FFF65FB10005D46FFFFE7313FFFF10640000D4382
000000000000000000000000000000000000000000000000000000000000000000
000000000000000000000000000000000000000000000000000000000000000000
FFFAABDCFFFD8FCD7FFFBFBD3FFF8C6CCFFFB11307FFF086C4001780C60006EA85
000000000000000000000000000000000000000000000000000000000000000000
000000000000000000000000000000000000000000000000000000000000000000
000000000000000000000000000000000000000000000000000000000000000000
000000000000000000000000000000000000000000000000000000000000000000
000000000000000000000000000000000000000000000000000000000000000000
000000000000000000000000000000000000000000000000000000000000000000
FFFCEFFAFFFF2A9E7FFFAA8C5FFF81C74000638BB7FFCC6E47FFED76AFFFFB1BFD
0005F46A7FFAD8467FFFC4F06001000CD0004937700015717800095560001133AF
FFFE0290FFFE596EBFFF67100000F5A89FFF9FDFC00012ECE0000194A1FFF2598C
0003DC188000BFD83FFE9121400075AFFFFFD543900023166C0015E653FFFC56FA
000000000000000000000000000000000000000000000000000000000000000000
000000000000000000000000000000000000000000000000000000000000000000
000000000000000000000000000000000000000000000000000000000000000000
000000000000000000000000000000000000000000000000000000000000000000
FFFEDB87FFFD41C1800073521FFFD5D3C000033ED80017E9B4001A1F0E00044D4A
000000000000000000000000000000000000000000000000000000000000000000
0001DDE9FFFC9CF200016AB2FFFF68835FFFB195A000045FA3FFE88A78000B4615
000000000000000000000000000000000000000000000000000000000000000000
000000000000000000000000000000000000000000000000000000000000000000
FFFA709B00008AE40000CFBE2000E856D0005F6E7000050247FFE4E0F1FFF62210
0005B381FFFD783C7FFDE068FFFFF26C1FFFDF2E98001F42900013A257FFF5D1A7
000000000000000000000000000000000000000000000000000000000000000000
000000000000000000000000000000000000000000000000000000000000000000
000000000000000000000000000000000000000000000000000000000000000000
0000F5A400034D9080014726A0009A4D90006B880800087380000A98D5FFF3BFB8
00026399FFFE9C92FFFF79175FFFC94300001F5FE7FFC9E9640007EE11FFFD1FFA
000000000000000000000000000000000000000000000000000000000000000000
000000000000000000000000000000000000000000000000000000000000000000
000000000000000000000000000000000000000000000000000000000000000000
000000000000000000000000000000000000000000000000000000000000000000
0001D476FFFE5AFBC0020BD0E00064029000744AFFFFBAFAD0000DF63600001CFC
000000000000000000000000000000000000000000000000000000000000000000
000000000000000000000000000000000000000000000000000000000000000000
FFFE013EFFFDB312FFFF1ADFDFFFAFA530001054B7FFF70B000002FBF4000A4022
000000000000000000000000000000000000000000000000000000000000000000
0007293A7FFDE57880013AAE200056EF10004BEC07FFEE373800156F8400111673
000000000000000000000000000000000000000000000000000000000000000000
000000000000000000000000000000000000000000000000000000000000000000
000000000000000000000000000000000000000000000000000000000000000000
000000000000000000000000000000000000000000000000000000000000000000
000000000000000000000000000000000000000000000000000000000000000000
000000000000000000000000000000000000000000000000000000000000000000
000000000000000000000000000000000000000000000000000000000000000000
000853DEFFFF600F3FFEAAAB60001E09CFFFEC7DA0004854C400211769FFFEB9EC
00047BC40002931F000030A1BFFFD004400010EB5FFFFEA1280005F32800046A24
000000000000000000000000000000000000000000000000000000000000000000
000000000000000000000000000000000000000000000000000000000000000000
000000000000000000000000000000000000000000000000000000000000000000
000000000000000000000000000000000000000000000000000000000000000000
000000000000000000000000000000000000000000000000000000000000000000
000000000000000000000000000000000000000000000000000000000000000000
000000000000000000000000000000000000000000000000000000000000000000
000000000000000000000000000000000000000000000000000000000000000000
0004EFC5FFFC416FBFFF289E9FFF1A1E0000456518000719DFFFECD1A0000C2F51
FFFDC7477FFF5C307FFF08235FFFE0C99FFFCBE5A8002F998C001C87ABFFF3D2EB
0000DDA28001FABF7FFF58CA7FFFC6561000000BA80007443C00193FE9FFFF7BD1
00080FD900029D104001A94D000075B92FFFD3F3B000278A63FFECA9A80005AAEF
000000000000000000000000000000000000000000000000000000000000000000
000000000000000000000000000000000000000000000000000000000000000000
000000000000000000000000000000000000000000000000000000000000000000
000000000000000000000000000000000000000000000000000000000000000000
000000000000000000000000000000000000000000000000000000000000000000
0005EFA37FFF55BE00003BE6DFFFF7FC20004FCC38001DDB03FFF84D2C000A1320
0001F24980015E300001AF76E00003E380004AFD20001D90E7FFF896E6000A6C81
000000000000000000000000000000000000000000000000000000000000000000
000000000000000000000000000000000000000000000000000000000000000000
000000000000000000000000000000000000000000000000000000000000000000
FFF81E9400025718BFFDCFE3A0002C054FFF82742000141924000ED7620008E015
000000000000000000000000000000000000000000000000000000000000000000
000000000000000000000000000000000000000000000000000000000000000000
000000000000000000000000000000000000000000000000000000000000000000
000000000000000000000000000000000000000000000000000000000000000000
000000000000000000000000000000000000000000000000000000000000000000
000000000000000000000000000000000000000000000000000000000000000000
000000000000000000000000000000000000000000000000000000000000000000
000000000000000000000000000000000000000000000000000000000000000000
000000000000000000000000000000000000000000000000000000000000000000
000000000000000000000000000000000000000000000000000000000000000000
000000000000000000000000000000000000000000000000000000000000000000
000038617FFF05973FFF97747FFF70D27FFFE236A00015ED2BFFE3D52C0005D1E5
000000000000000000000000000000000000000000000000000000000000000000
000000000000000000000000000000000000000000000000000000000000000000
000000000000000000000000000000000000000000000000000000000000000000
000000000000000000000000000000000000000000000000000000000000000000
FFFC20A1FFFE349EBFFFF0DC40003C15D00029F707FFDAB4B40005EDCC000477FA
FFFC8F0B000222C200015C7DE0012E3A40003FCA18000258E8000D242000050DF8
000000000000000000000000000000000000000000000000000000000000000000
000000000000000000000000000000000000000000000000000000000000000000
000000000000000000000000000000000000000000000000000000000000000000
000730587FFF35B40001DF92A000A983D00050494FFFE2BE3400105EE5FFF871AD
000000000000000000000000000000000000000000000000000000000000000000
FFFD88DF0002EF65FFFDAE80E00040340000543FD7FFD106C7FFEE407A00099708
000000000000000000000000000000000000000000000000000000000000000000
000000000000000000000000000000000000000000000000000000000000000000
000000000000000000000000000000000000000000000000000000000000000000
FFFAC51A7FFEB10CC001617B400010BFBFFFA4E2AFFFDF5CBBFFF540F1FFF5461C
000559040001092BFFFFEB299FFEFB563FFFDF61C000207F0FFFF7195FFFFA26D3
000000000000000000000000000000000000000000000000000000000000000000
000000000000000000000000000000000000000000000000000000000000000000
000000000000000000000000000000000000000000000000000000000000000000
00036DAD7FFCAAE7800060C9DFFFCD330000392F1FFFF61FE3FFF55B29FFF14822
000000000000000000000000000000000000000000000000000000000000000000
000000000000000000000000000000000000000000000000000000000000000000
000000000000000000000000000000000000000000000000000000000000000000
00053A0C7FFFF6C6BFFE9148A00091EECFFF9450B8000BA63C000C049E00049D91
000000000000000000000000000000000000000000000000000000000000000000
000000000000000000000000000000000000000000000000000000000000000000
0002BC877FFE5EBD4000FC000000E2A740002864600011243FFFE6443E000A07F9
000000000000000000000000000000000000000000000000000000000000000000
000000000000000000000000000000000000000000000000000000000000000000
000000000000000000000000000000000000000000000000000000000000000000
FFFE63E3FFFDE93F000110641FFF3AA75FFFA79CFFFFD386640011552BFFFFE36F
000000000000000000000000000000000000000000000000000000000000000000
0002F14680017474400056F8C000253C8FFFC73247FFF6577000149199FFFDC39D
000000000000000000000000000000000000000000000000000000000000000000
0004B83AFFFD488BBFFE48B26000E4C8F000630BF00030B60C000BC1900005BFA2
FFFABB038000B1E8FFFE2878C0004D895FFFF658480023D69FFFF1765200013558
000000000000000000000000000000000000000000000000000000000000000000
000000000000000000000000000000000000000000000000000000000000000000
000000000000000000000000000000000000000000000000000000000000000000
000000000000000000000000000000000000000000000000000000000000000000
000000000000000000000000000000000000000000000000000000000000000000
000000000000000000000000000000000000000000000000000000000000000000
000000000000000000000000000000000000000000000000000000000000000000
000000000000000000000000000000000000000000000000000000000000000000
0000FC82FFFEF2B4C00049BC7FFEE00060007A6790001BEF8FFFE383E5FFFAF19D
000000000000000000000000000000000000000000000000000000000000000000
000000000000000000000000000000000000000000000000000000000000000000
000000000000000000000000000000000000000000000000000000000000000000
000000000000000000000000000000000000000000000000000000000000000000
000000000000000000000000000000000000000000000000000000000000000000
000000000000000000000000000000000000000000000000000000000000000000
000000000000000000000000000000000000000000000000000000000000000000
000000000000000000000000000000000000000000000000000000000000000000
0002979C800278CC7FFEED5740003796AFFFEED8680014686400240E11FFF3CAA8
000000000000000000000000000000000000000000000000000000000000000000
000000000000000000000000000000000000000000000000000000000000000000
FFFD9A1F0000B774FFFEE11E00004053B00012278FFFEB3F08001ABAB600013EE7
000000000000000000000000000000000000000000000000000000000000000000
000000000000000000000000000000000000000000000000000000000000000000
0007C2757FFE43A2400077CB9FFF0A3D600087C0C7FFE26F3400038E2200064F4F
000000000000000000000000000000000000000000000000000000000000000000
000000000000000000000000000000000000000000000000000000000000000000
000000000000000000000000000000000000000000000000000000000000000000
000000000000000000000000000000000000000000000000000000000000000000
000000000000000000000000000000000000000000000000000000000000000000
0005117B0000E9A74001A1B400004D472FFF964C3800167DFC00192DA1FFF6C367
000000000000000000000000000000000000000000000000000000000000000000
000000000000000000000000000000000000000000000000000000000000000000
FFFCDB4B80049D75FFFEFE161FFF6DEAC0001B68700030BF30001B4CF60012B456
000000000000000000000000000000000000000000000000000000000000000000
000000000000000000000000000000000000000000000000000000000000000000
000000000000000000000000000000000000000000000000000000000000000000
000000000000000000000000000000000000000000000000000000000000000000
000000000000000000000000000000000000000000000000000000000000000000
000000000000000000000000000000000000000000000000000000000000000000
000000000000000000000000000000000000000000000000000000000000000000
000000000000000000000000000000000000000000000000000000000000000000
000000000000000000000000000000000000000000000000000000000000000000
000000000000000000000000000000000000000000000000000000000000000000
000000000000000000000000000000000000000000000000000000000000000000
000000000000000000000000000000000000000000000000000000000000000000
000000000000000000000000000000000000000000000000000000000000000000
000000000000000000000000000000000000000000000000000000000000000000
000000000000000000000000000000000000000000000000000000000000000000
000000000000000000000000000000000000000000000000000000000000000000
0001CE620000E621FFFFE8AD5FFF107990007A56480009CEF7FFF619D5FFFC6475
000000000000000000000000000000000000000000000000000000000000000000
FFFDD2668000B75FC001A78C3FFF8741600014B5CFFFFA639C0017CAEBFFF17990
000000000000000000000000000000000000000000000000000000000000000000
00066CC500009E91FFFF04217FFFE5BDBFFFDC53BFFFF3CC2FFFECA64FFFFFF146
FFFD57F37FFED567800249540000F0A5E0004F46DFFFC0CD8C0017D6FE000C27B7
000000000000000000000000000000000000000000000000000000000000000000
000000000000000000000000000000000000000000000000000000000000000000
000000000000000000000000000000000000000000000000000000000000000000
000000000000000000000000000000000000000000000000000000000000000000
0006FAB8FFFEB42F0002362A000044D66FFFED9700000436C8001543FA000F9A08
000000000000000000000000000000000000000000000000000000000000000000
000000000000000000000000000000000000000000000000000000000000000000
000000000000000000000000000000000000000000000000000000000000000000
000000000000000000000000000000000000000000000000000000000000000000
000000000000000000000000000000000000000000000000000000000000000000
000000000000000000000000000000000000000000000000000000000000000000
000000000000000000000000000000000000000000000000000000000000000000
0005F1077FFD8211FFFE7C3B3FFFC147400021E9080020EF740002F78C00049CD0
0009937780006A8A000045B99FFF6325AFFFF186FFFFF81C9400214D05FFF41609
000000000000000000000000000000000000000000000000000000000000000000
000000000000000000000000000000000000000000000000000000000000000000
0005710EFFFF013FFFFE6FC320011F1370006869200017A3D00014F1FE00083AA2
000000000000000000000000000000000000000000000000000000000000000000
000000000000000000000000000000000000000000000000000000000000000000
000000000000000000000000000000000000000000000000000000000000000000
FFF81F6A8001207F0001E0F88000831C00002C73BFFFE6858BFFEBB2F8000B84BC
FFF8038E80017874BFFE4AF7E000C39D6FFFB8175FFFBF5BA7FFF7D828000A5930
000000000000000000000000000000000000000000000000000000000000000000
000000000000000000000000000000000000000000000000000000000000000000
000000000000000000000000000000000000000000000000000000000000000000
000000000000000000000000000000000000000000000000000000000000000000
000000000000000000000000000000000000000000000000000000000000000000
000000000000000000000000000000000000000000000000000000000000000000
FFF9B7C58002AA8F3FFF724C7FFF3E050FFFF0B73FFFE2F0A000138C11FFF47652
000000000000000000000000000000000000000000000000000000000000000000
0002B5AE0000D27F7FFE12B62000D8D40FFFD4B7A000310C57FFF4BB9BFFF9EE77
000000000000000000000000000000000000000000000000000000000000000000
000000000000000000000000000000000000000000000000000000000000000000
000000000000000000000000000000000000000000000000000000000000000000
000433DF8000E8E100018F930000491B0FFFEDFCB7FFD4AB5C0016391000070E36
000000000000000000000000000000000000000000000000000000000000000000
00005F4C7FFF160F3FFFC1D14000F86AB0002928BFFFD9C293FFE6F6E00005543B
000000000000000000000000000000000000000000000000000000000000000000
000000000000000000000000000000000000000000000000000000000000000000
000000000000000000000000000000000000000000000000000000000000000000
000654FD80032B19C0001F517FFEF8C17000830FD000071A9400170BCC0007BFD7
000000000000000000000000000000000000000000000000000000000000000000
000000000000000000000000000000000000000000000000000000000000000000
000000000000000000000000000000000000000000000000000000000000000000
000000000000000000000000000000000000000000000000000000000000000000
00038D467FFDFDB00000C47EBFFFDA5D3FFFCC71A7FFF2417FFFE6A2BA000E05E2
0002DD667FFD0DFA7FFFC3212000C02AF0006CA080003C935000138573FFF00B1B
000000000000000000000000000000000000000000000000000000000000000000
000000000000000000000000000000000000000000000000000000000000000000
000000000000000000000000000000000000000000000000000000000000000000
000000000000000000000000000000000000000000000000000000000000000000
000000000000000000000000000000000000000000000000000000000000000000
00017EA37FFE18BB7FFFF1D41FFF512E5FFFCB3307FFC6ECAFFFE5E5400008D68D
00066509800122FEFFFE88C24000ED0050002FD638001A1423FFE0E4D3FFF81AC3
000000000000000000000000000000000000000000000000000000000000000000
000000000000000000000000000000000000000000000000000000000000000000
000000000000000000000000000000000000000000000000000000000000000000
0001D763000188733FFFEA56BFFF51F680006FE78FFFEEAECFFFF6CEA3FFF61C89
000000000000000000000000000000000000000000000000000000000000000000
000000000000000000000000000000000000000000000000000000000000000000
000000000000000000000000000000000000000000000000000000000000000000
FFFA0EEFFFFEADE0C001A914600043347FFFFFDDCFFFCB53E000229C3DFFFF6D19
00006EFB7FFDFD15FFFFDED43FFFC05CCFFF82A3C8000CD26FFFF3ACBA00025222
000000000000000000000000000000000000000000000000000000000000000000
000000000000000000000000000000000000000000000000000000000000000000
000000000000000000000000000000000000000000000000000000000000000000
000000000000000000000000000000000000000000000000000000000000000000
000000000000000000000000000000000000000000000000000000000000000000
000000000000000000000000000000000000000000000000000000000000000000
0004C89B800404153FFFF74CBFFFE4D16FFFA265200009D8300004BE2A000C6708
000000000000000000000000000000000000000000000000000000000000000000
000000000000000000000000000000000000000000000000000000000000000000
000000000000000000000000000000000000000000000000000000000000000000
000000000000000000000000000000000000000000000000000000000000000000
000000000000000000000000000000000000000000000000000000000000000000
000000000000000000000000000000000000000000000000000000000000000000
000000000000000000000000000000000000000000000000000000000000000000
FFFB30DE7FFEC3A0FFFF35F67FFF546930001217C7FFCF04CBFFFA50160013AAEB
000000000000000000000000000000000000000000000000000000000000000000
0003A7D80002365CFFFF104C3FFFD10F30006018DFFFEB435C000EA3B5FFF544C7
000000000000000000000000000000000000000000000000000000000000000000
000000000000000000000000000000000000000000000000000000000000000000
000000000000000000000000000000000000000000000000000000000000000000
FFF953CDFFFF54A2BFFE320E6000F350D0001EE5C00032A25FFFF16B79FFF5CC99
000000000000000000000000000000000000000000000000000000000000000000
000000000000000000000000000000000000000000000000000000000000000000
000253A18002A6774001417640000ADE6FFFE9C29FFFCCAF1C001DF80000091F0C
000000000000000000000000000000000000000000000000000000000000000000
000000000000000000000000000000000000000000000000000000000000000000
FFFEE9450000CA730000DCB83FFF4556CFFFEA3550000285440007F8E7FFFAE810
000000000000000000000000000000000000000000000000000000000000000000
000000000000000000000000000000000000000000000000000000000000000000
000000000000000000000000000000000000000000000000000000000000000000
000000000000000000000000000000000000000000000000000000000000000000
000000000000000000000000000000000000000000000000000000000000000000
000000000000000000000000000000000000000000000000000000000000000000
000000000000000000000000000000000000000000000000000000000000000000
00000BAE80020982BFFF6CAB5FFF41C14000232140002A547C00177E87FFFCAE87
0005F3F0800234CF000086A5A000674860003A75A80018F1F4000B4FCA0009641B
000000000000000000000000000000000000000000000000000000000000000000
000000000000000000000000000000000000000000000000000000000000000000
000000000000000000000000000000000000000000000000000000000000000000
000000000000000000000000000000000000000000000000000000000000000000
000000000000000000000000000000000000000000000000000000000000000000
0000AE7800002C8E40004896BFFEB5EAE00060D0C00016688C002255BC0008A386
FFFE4948FFFD95D7C0011A9F00000F886FFFD9423FFFFA275C0008E8F3FFF3355A
000000000000000000000000000000000000000000000000000000000000000000
0000DE7D00028B700000E4788000152FAFFF911AC7FFEBC4380022545FFFFFF90A
000000000000000000000000000000000000000000000000000000000000000000
000000000000000000000000000000000000000000000000000000000000000000
000000000000000000000000000000000000000000000000000000000000000000
000000000000000000000000000000000000000000000000000000000000000000
000000000000000000000000000000000000000000000000000000000000000000
0003BEDE7FFD5028FFFF980A0000FC4A5FFFB7B3C000319F2C00071D98000823DA
FFFAC0BC0001537B0001F9C180000E925FFFF1D64FFFC3F414001CA323FFFD5097
000000000000000000000000000000000000000000000000000000000000000000
000000000000000000000000000000000000000000000000000000000000000000
000000000000000000000000000000000000000000000000000000000000000000
000000000000000000000000000000000000000000000000000000000000000000
000000000000000000000000000000000000000000000000000000000000000000
000000000000000000000000000000000000000000000000000000000000000000
000000000000000000000000000000000000000000000000000000000000000000
000000000000000000000000000000000000000000000000000000000000000000
0007A78FFFFAA9F6BFFF2B839FFFBE848FFFB62570002E5063FFF1ADFDFFF03C3E
000000000000000000000000000000000000000000000000000000000000000000
000000000000000000000000000000000000000000000000000000000000000000
000000000000000000000000000000000000000000000000000000000000000000
FFFB8C58000428C63FFF350FE0005B661FFFBFED6000167AF0001D7529FFFAAB78
000000000000000000000000000000000000000000000000000000000000000000
000000000000000000000000000000000000000000000000000000000000000000
0007ADD08003CBAA7FFF4A7D7FFFE96950007942D7FFF3A260001A4BC9FFFF245C
000000000000000000000000000000000000000000000000000000000000000000
000000000000000000000000000000000000000000000000000000000000000000
000000000000000000000000000000000000000000000000000000000000000000
000000000000000000000000000000000000000000000000000000000000000000
0005EBC30001632FFFFE45B0DFFEDCADFFFFA64710001543B7FFE663E1FFF9E8CD
FFFB960BFFFEB5D440004C3ABFFF0EBFDFFFDC2DCFFFD584AC00166BEA0000DA32
000000000000000000000000000000000000000000000000000000000000000000
000000000000000000000000000000000000000000000000000000000000000000
000000000000000000000000000000000000000000000000000000000000000000
000000000000000000000000000000000000000000000000000000000000000000
000000000000000000000000000000000000000000000000000000000000000000
000000000000000000000000000000000000000000000000000000000000000000
000000000000000000000000000000000000000000000000000000000000000000
000000000000000000000000000000000000000000000000000000000000000000
000000000000000000000000000000000000000000000000000000000000000000
00016A5480002A4D7FFF738F3FFFA78F800019327FFFEB79D7FFE12461FFF204A4
000000000000000000000000000000000000000000000000000000000000000000
000000000000000000000000000000000000000000000000000000000000000000
000000000000000000000000000000000000000000000000000000000000000000
FFFA3C550000D6F6400075298000EBEB6000690F3FFFD32D97FFFA43040009B6BE
000000000000000000000000000000000000000000000000000000000000000000
000000000000000000000000000000000000000000000000000000000000000000
FFF7F258FFFCC40080018B7DBFFF9820DFFFC385B80036D288001B727BFFFE6996
000000000000000000000000000000000000000000000000000000000000000000
000000000000000000000000000000000000000000000000000000000000000000
FFFDD8660004BC82BFFF25AA1FFFA7407FFFEE09EFFFEF2493FFF4C411FFFB079E
000000000000000000000000000000000000000000000000000000000000000000
00020FBEFFFC0EE34001354E400055FA6FFFB1581FFFD4CCA7FFE827C6000C8AAC
000000000000000000000000000000000000000000000000000000000000000000
000000000000000000000000000000000000000000000000000000000000000000
000000000000000000000000000000000000000000000000000000000000000000
000000000000000000000000000000000000000000000000000000000000000000
000000000000000000000000000000000000000000000000000000000000000000
00061971FFFE06A5800223E9E0006388CFFFB43D280033F40C0013C7F8000829B1
000000000000000000000000000000000000000000000000000000000000000000
00032969000371E4BFFFF5F99FFFFF7BE0007D8D980010D9F800013C8BFFFA0B35
00073F0D7FFF85213FFEE1509FFF346BE0003B06B8002CD8A0000A59B600130117
000000000000000000000000000000000000000000000000000000000000000000
000000000000000000000000000000000000000000000000000000000000000000
FFFA690EFFFFD3EEC001C25760001012A00022EDB00032CBB400145E6A000643C8
000000000000000000000000000000000000000000000000000000000000000000
000000000000000000000000000000000000000000000000000000000000000000
000000000000000000000000000000000000000000000000000000000000000000
000000000000000000000000000000000000000000000000000000000000000000
000000000000000000000000000000000000000000000000000000000000000000
000000000000000000000000000000000000000000000000000000000000000000
000000000000000000000000000000000000000000000000000000000000000000
000473400000692C7FFF9E171FFF6131400032E0E000005CC40018C5A9FFEF31ED
000000000000000000000000000000000000000000000000000000000000000000
000000000000000000000000000000000000000000000000000000000000000000
000000000000000000000000000000000000000000000000000000000000000000
000000000000000000000000000000000000000000000000000000000000000000
000000000000000000000000000000000000000000000000000000000000000000
000000000000000000000000000000000000000000000000000000000000000000
FFF9E878FFFF362C8002754DFFFFBB130FFF863397FFCF3D83FFEFF9B600018439
0001103AFFFD5A643FFF3435400038BCF0001D49E8002279400023723DFFF7B731
000000000000000000000000000000000000000000000000000000000000000000
000000000000000000000000000000000000000000000000000000000000000000
000000000000000000000000000000000000000000000000000000000000000000
000000000000000000000000000000000000000000000000000000000000000000
000000000000000000000000000000000000000000000000000000000000000000
000000000000000000000000000000000000000000000000000000000000000000
000000000000000000000000000000000000000000000000000000000000000000
000000000000000000000000000000000000000000000000000000000000000000
000000000000000000000000000000000000000000000000000000000000000000
000000000000000000000000000000000000000000000000000000000000000000
000000000000000000000000000000000000000000000000000000000000000000
000000000000000000000000000000000000000000000000000000000000000000
000000000000000000000000000000000000000000000000000000000000000000
000000000000000000000000000000000000000000000000000000000000000000
FFF9ECAE000295DDBFFFDE993FFF658CFFFFD1A38FFFF8E394000EBE460002876B
FFFCBCB880000FD5C001213FE00068BC60003F40B800000D47FFEE47C800014D45
000000000000000000000000000000000000000000000000000000000000000000
000000000000000000000000000000000000000000000000000000000000000000
000000000000000000000000000000000000000000000000000000000000000000
FFFAA4C4FFFF7F8CBFFEA168E0003F0C300057ED50002ACB1FFFF0C6DBFFF6A790
000000000000000000000000000000000000000000000000000000000000000000
000000000000000000000000000000000000000000000000000000000000000000
000000000000000000000000000000000000000000000000000000000000000000
000000000000000000000000000000000000000000000000000000000000000000
000000000000000000000000000000000000000000000000000000000000000000
00071027800144E0BFFF07533FFF6C92F0006ABD98002D541000144B6200015B9A
000000000000000000000000000000000000000000000000000000000000000000
FFFBA0E8FFFF1113C00112E5A0005F8F0FFF8C620FFFF5A07FFFF53BE400093704
00029DE98001FE093FFE5B51C0010563DFFFA04A80001D613000020D7FFFFFBE6C
000000000000000000000000000000000000000000000000000000000000000000
000000000000000000000000000000000000000000000000000000000000000000
FFFA58BE80018F0F80009BDD9FFF21EA4FFFD3915FFFD27DBC001C683A000CBAD0
000000000000000000000000000000000000000000000000000000000000000000
000000000000000000000000000000000000000000000000000000000000000000
000000000000000000000000000000000000000000000000000000000000000000
000000000000000000000000000000000000000000000000000000000000000000
000000000000000000000000000000000000000000000000000000000000000000
FFFC83357FFD28A4C0008D0ADFFFCB7BA0007554C7FFD7C2ABFFE19DE5FFF194DD
000000000000000000000000000000000000000000000000000000000000000000
000000000000000000000000000000000000000000000000000000000000000000
000000000000000000000000000000000000000000000000000000000000000000
000000000000000000000000000000000000000000000000000000000000000000
FFFA28E47FFF78728002709D2000C4CA6FFFB8E577FFF5DB53FFE96C91FFFCF49C
000000000000000000000000000000000000000000000000000000000000000000
000000000000000000000000000000000000000000000000000000000000000000
FFF8C68D800225B280010E6B3FFFAE73900010A008001A87CFFFF79D8BFFF34FA4
000000000000000000000000000000000000000000000000000000000000000000
0006BD387FFF92093FFFBA1CC000AEA21000540370000962280010F4040001930B
FFFF1631000067374000E3583FFF58D500007598F7FFED416C0017E30C00096E0F
000000000000000000000000000000000000000000000000000000000000000000
000000000000000000000000000000000000000000000000000000000000000000
000000000000000000000000000000000000000000000000000000000000000000
000000000000000000000000000000000000000000000000000000000000000000
000000000000000000000000000000000000000000000000000000000000000000
FFFA3098800417F77FFFC4C6FFFF4826FFFFAEDCE8003AE5E80015B0B7FFFE34D7
000000000000000000000000000000000000000000000000000000000000000000
000000000000000000000000000000000000000000000000000000000000000000
000000000000000000000000000000000000000000000000000000000000000000
000000000000000000000000000000000000000000000000000000000000000000
000000000000000000000000000000000000000000000000000000000000000000
000000000000000000000000000000000000000000000000000000000000000000
00039AEB0003475ABFFE4782A000446B2FFF9ED25FFFD510C3FFF8CD25FFF81BBE
000529EA80034BA500010CB57FFFFB5E9FFF84094FFFEE9E93FFE5E267FFF536EF
000000000000000000000000000000000000000000000000000000000000000000
000000000000000000000000000000000000000000000000000000000000000000
000000000000000000000000000000000000000000000000000000000000000000
FFFE2BACFFFFD067FFFEEADF200107235000023FB0002A3E440011CD01FFEE6728
000000000000000000000000000000000000000000000000000000000000000000
000000000000000000000000000000000000000000000000000000000000000000
000000000000000000000000000000000000000000000000000000000000000000
000000000000000000000000000000000000000000000000000000000000000000
000000000000000000000000000000000000000000000000000000000000000000
000000000000000000000000000000000000000000000000000000000000000000
000000000000000000000000000000000000000000000000000000000000000000
000000000000000000000000000000000000000000000000000000000000000000
00037E32FFFC4553400013616000FDD0E00017D077FFD6E288001C73180006FBA8
000706E17FFEED563FFED1BE20005ADA30007EB470000722200005AE4C0007F8E9
000000000000000000000000000000000000000000000000000000000000000000
000000000000000000000000000000000000000000000000000000000000000000
00010963FFFD49E9FFFF9D5800000413EFFFB7FCCFFFFFA8D3FFF62A8FFFFE1650
000000000000000000000000000000000000000000000000000000000000000000
00010FCD0001D5BC7FFE2CD45FFFC12FAFFF835EA000093138001CD81A00072AF5
000000000000000000000000000000000000000000000000000000000000000000
000000000000000000000000000000000000000000000000000000000000000000
000000000000000000000000000000000000000000000000000000000000000000
000000000000000000000000000000000000000000000000000000000000000000
000000000000000000000000000000000000000000000000000000000000000000
00012236FFFC88353FFF253FFFFF57B91FFFF5F817FFFBB9600020F9B1FFEFD096
FFFEE4D77FFD2E0F0000B0ABDFFFCD7B90000E2357FFBD6B3000223E79FFF1A04E
000000000000000000000000000000000000000000000000000000000000000000
000000000000000000000000000000000000000000000000000000000000000000
000000000000000000000000000000000000000000000000000000000000000000
000000000000000000000000000000000000000000000000000000000000000000
000000000000000000000000000000000000000000000000000000000000000000
000000000000000000000000000000000000000000000000000000000000000000
000581E87FFFF75F0000A26E200073B3100012EC4FFFD13EB7FFF7A959FFF1C9A9
000000000000000000000000000000000000000000000000000000000000000000
000000000000000000000000000000000000000000000000000000000000000000
000000000000000000000000000000000000000000000000000000000000000000
000000000000000000000000000000000000000000000000000000000000000000
FFFF5B07FFFFFD0E4000915F9FFFDADF7FFFD60438001215AFFFF6AA11FFF992F2
000000000000000000000000000000000000000000000000000000000000000000
000000000000000000000000000000000000000000000000000000000000000000
000000000000000000000000000000000000000000000000000000000000000000
000000000000000000000000000000000000000000000000000000000000000000
000972BAFFFBFF954000BD2D6000209B2FFFB4ED4800207127FFF42DA80007B13D
FFFA05EA00006F31C001144D6000B38020005966080012BAEFFFDE8FB5FFF2AACC
000000000000000000000000000000000000000000000000000000000000000000
000000000000000000000000000000000000000000000000000000000000000000
000000000000000000000000000000000000000000000000000000000000000000
FFFC863780006994BFFEB1142000B201AFFFB47BE7FFEC1B33FFF05A15FFFE5BBB
00088C638001DCAABFFE529ABFFFE66D7FFFCD7600003AA17FFFFBC009FFF060EB
000000000000000000000000000000000000000000000000000000000000000000
0000EFF0FFFD9F4BBFFE7D3DBFFEBBEFB000617C1000000947FFE656E3FFF76C3D
000000000000000000000000000000000000000000000000000000000000000000
000000000000000000000000000000000000000000000000000000000000000000
000000000000000000000000000000000000000000000000000000000000000000
FFFB05E6FFFED0E3FFFFED0F5FFF60E17000403D7800303B98000BC8E2000C775F
000000000000000000000000000000000000000000000000000000000000000000
000000000000000000000000000000000000000000000000000000000000000000
FFFAB33AFFFC70E77FFE7CCB40003854EFFFBF66B0000659F0001807AA000185AB
000000000000000000000000000000000000000000000000000000000000000000
000000000000000000000000000000000000000000000000000000000000000000
000000000000000000000000000000000000000000000000000000000000000000
00003598800051F9C000BEF3C001075BB00037F6B7FFCF36C4001547DA0002A5A0
000000000000000000000000000000000000000000000000000000000000000000
000000000000000000000000000000000000000000000000000000000000000000
FFFF1C7DFFFFFD087FFE302D200001226FFFDD09B00011A2E7FFE53C17FFF68C9F
000000000000000000000000000000000000000000000000000000000000000000
000000000000000000000000000000000000000000000000000000000000000000
000374640000A42F8001156C80009F662FFFDC93B7FFD016EBFFEBA2E9FFFCDF45
00020884FFFE13667FFFCE9A3FFF3E352000876B27FFD95F77FFF6E036000C5A30
000000000000000000000000000000000000000000000000000000000000000000
000000000000000000000000000000000000000000000000000000000000000000
FFFB960BFFFDD60DBFFF4CCBDFFEE13C500036D87FFFF3BC84000490EBFFF213CB
0006A933800258C7FFFFE55EE0004F1E1FFFFCD7BFFFF61C24000D9AC1FFF802D6
000000000000000000000000000000000000000000000000000000000000000000
000000000000000000000000000000000000000000000000000000000000000000
000000000000000000000000000000000000000000000000000000000000000000
000000000000000000000000000000000000000000000000000000000000000000
000000000000000000000000000000000000000000000000000000000000000000
000000000000000000000000000000000000000000000000000000000000000000
000000000000000000000000000000000000000000000000000000000000000000
0001EE330000DB244001CB4CC000D8D0900006C8C800288184001465A000053BAC
000000000000000000000000000000000000000000000000000000000000000000
FFFF211A8001DE0CFFFFD4D53FFFB4F5E0001D2D80000A3E78000C6F52000452E2
000000000000000000000000000000000000000000000000000000000000000000
000000000000000000000000000000000000000000000000000000000000000000
FFFDFEAE80003D38BFFE7CD44000BA0A9FFFBC1288001E28DC001775B7FFF77AEF
000000000000000000000000000000000000000000000000000000000000000000
000000000000000000000000000000000000000000000000000000000000000000
000000000000000000000000000000000000000000000000000000000000000000
000000000000000000000000000000000000000000000000000000000000000000
000000000000000000000000000000000000000000000000000000000000000000
000000000000000000000000000000000000000000000000000000000000000000
FFFBD9FF8000B3BA0000F32FDFFFD3C510000871FFFFF5758000171B4A00013620
000000000000000000000000000000000000000000000000000000000000000000
000000000000000000000000000000000000000000000000000000000000000000
000000000000000000000000000000000000000000000000000000000000000000
000000000000000000000000000000000000000000000000000000000000000000
000000000000000000000000000000000000000000000000000000000000000000
000000000000000000000000000000000000000000000000000000000000000000
000000000000000000000000000000000000000000000000000000000000000000
000000000000000000000000000000000000000000000000000000000000000000
0006A38400025856000045078000356B60003BBB3FFFE33C03FFEFCD9600070707
000000000000000000000000000000000000000000000000000000000000000000
FFFA4016800069D0FFFEE7C5BFFF5FE17FFFCB5C5FFFF9164800039563FFF72607
000000000000000000000000000000000000000000000000000000000000000000
FFFBDBFD8003B490C00074D8BFFFA782B00018069000329C2FFFEBC01A000804DE
000000000000000000000000000000000000000000000000000000000000000000
000000000000000000000000000000000000000000000000000000000000000000
000000000000000000000000000000000000000000000000000000000000000000
000000000000000000000000000000000000000000000000000000000000000000
000000000000000000000000000000000000000000000000000000000000000000
000000000000000000000000000000000000000000000000000000000000000000
000000000000000000000000000000000000000000000000000000000000000000
000000000000000000000000000000000000000000000000000000000000000000
000000000000000000000000000000000000000000000000000000000000000000
FFF78CA5FFFBD0CD7FFF1492DFFF3A8C3FFFFBD3D00003B093FFE8199A000CAC96
000000000000000000000000000000000000000000000000000000000000000000
000000000000000000000000000000000000000000000000000000000000000000
000000000000000000000000000000000000000000000000000000000000000000
000000000000000000000000000000000000000000000000000000000000000000
000000000000000000000000000000000000000000000000000000000000000000
000000000000000000000000000000000000000000000000000000000000000000
FFF932A2FFFEB794C000B92BE000591FA0007F258FFFCDCF6BFFFF26F1FFFA6D77
000000000000000000000000000000000000000000000000000000000000000000
000000000000000000000000000000000000000000000000000000000000000000
000000000000000000000000000000000000000000000000000000000000000000
0000B109FFFCFDF7C001EACF0000201DE0005E6797FFE445BC00173CB3FFF48C48
000000000000000000000000000000000000000000000000000000000000000000
0006DD377FFE5C1AC0018E2BC00088609FFFB886AFFFCFD80000025008000436B5
FFFFD42280021499FFFF7106DFFF95EECFFFC2FA70000C7E040015B8B6000ECC17
FFFB7F2A7FFF7C4BFFFFF836C000E6365000141DBFFFDB260FFFE69EBA000A690F
000000000000000000000000000000000000000000000000000000000000000000
000000000000000000000000000000000000000000000000000000000000000000
000000000000000000000000000000000000000000000000000000000000000000
000000000000000000000000000000000000000000000000000000000000000000
000000000000000000000000000000000000000000000000000000000000000000
000000000000000000000000000000000000000000000000000000000000000000
000000000000000000000000000000000000000000000000000000000000000000
000000000000000000000000000000000000000000000000000000000000000000
000000000000000000000000000000000000000000000000000000000000000000
000000000000000000000000000000000000000000000000000000000000000000
000000000000000000000000000000000000000000000000000000000000000000
000000000000000000000000000000000000000000000000000000000000000000
000000000000000000000000000000000000000000000000000000000000000000
000000000000000000000000000000000000000000000000000000000000000000
000000000000000000000000000000000000000000000000000000000000000000
000000000000000000000000000000000000000000000000000000000000000000
000000000000000000000000000000000000000000000000000000000000000000
000000000000000000000000000000000000000000000000000000000000000000
00001D6C80014635C0000BF49FFF069390001B72F7FFE200C4000E8F51FFF2D86D
000000000000000000000000000000000000000000000000000000000000000000
000000000000000000000000000000000000000000000000000000000000000000
000000000000000000000000000000000000000000000000000000000000000000
0004C5417FFD50ABBFFE0AD1BFFFFD12200044F628002EF7F8000A1E50000655CF
000000000000000000000000000000000000000000000000000000000000000000
000000000000000000000000000000000000000000000000000000000000000000
00005C07800078B83FFF90599FFFF79FB0007BCC380004C47BFFE95E0C000BE4E9
000000000000000000000000000000000000000000000000000000000000000000
FFFBF8C18002A7D73FFE101D7FFFC8896FFFBE85F8003BD86BFFE1CB1C000FF4A1
000000000000000000000000000000000000000000000000000000000000000000
FFF94E7F00009E298000DBA94000CADB3FFFB11F9000338A980015BA39FFF26D17
000000000000000000000000000000000000000000000000000000000000000000
000000000000000000000000000000000000000000000000000000000000000000
000000000000000000000000000000000000000000000000000000000000000000
000000000000000000000000000000000000000000000000000000000000000000
FFF8B7E700041B3000008C08BFFFD7A66FFF9D0DFFFFF10D900006F9E8000BB34A
0004C133FFFEDED37FFDDF5FE0002AAA9FFFD1B970002CD38400164F21FFFFBBA1
FFFE1DD67FFD24C8C00045397FFF57422FFFBCB748001E9403FFEE7962000C1B6D
000000000000000000000000000000000000000000000000000000000000000000
000000000000000000000000000000000000000000000000000000000000000000
000000000000000000000000000000000000000000000000000000000000000000
000000000000000000000000000000000000000000000000000000000000000000
000000000000000000000000000000000000000000000000000000000000000000
000000000000000000000000000000000000000000000000000000000000000000
000853E2000344130000B5D34000119DE0006FEDF8002FC7EFFFE080E200054ADE
00044C9580024BDC00014E347FFF58F73FFFCA187FFFF1188BFFF7C98200104022
000000000000000000000000000000000000000000000000000000000000000000
000000000000000000000000000000000000000000000000000000000000000000
000000000000000000000000000000000000000000000000000000000000000000
000000000000000000000000000000000000000000000000000000000000000000
000000000000000000000000000000000000000000000000000000000000000000
000000000000000000000000000000000000000000000000000000000000000000
000000000000000000000000000000000000000000000000000000000000000000
0006738C8000C39380002B18000029136FFF9EA08FFFFC6E0C0006E25E000AF0B1
000000000000000000000000000000000000000000000000000000000000000000
000000000000000000000000000000000000000000000000000000000000000000
0002AECF7FFE62880001338C2000A7EC9000809FA0003D2D640008D670000B344C
000000000000000000000000000000000000000000000000000000000000000000
000000000000000000000000000000000000000000000000000000000000000000
000000000000000000000000000000000000000000000000000000000000000000
000000000000000000000000000000000000000000000000000000000000000000
FFFDCB9A7FFF759B0000086D0000BCFAF00077904000327F3BFFEDD1FDFFFE5EB2
000000000000000000000000000000000000000000000000000000000000000000
FFFBEE2F7FFC82C180001FE59FFF3BC9BFFFE1AECFFFD23CD80024C72E000589FA
000000000000000000000000000000000000000000000000000000000000000000
000000000000000000000000000000000000000000000000000000000000000000
FFFA700A7FFE9D9EBFFE5771600071B6CFFFFA7BE8001E4D27FFE1B7A9FFF189FF
000000000000000000000000000000000000000000000000000000000000000000
000000000000000000000000000000000000000000000000000000000000000000
000000000000000000000000000000000000000000000000000000000000000000
000000000000000000000000000000000000000000000000000000000000000000
FFFB61188000C0874000600E7FFFE2196FFFDEAB57FFBE1AB3FFFD392200067882
FFFEA9108000F43A3FFF62C03FFFB7177FFFA1BE780038236000021EEFFFF81DC1
FFFE2ECDFFFE1FA9C0005B316000EF415000615B3FFFB87D9C001A73F5FFF18B56
000000000000000000000000000000000000000000000000000000000000000000
000000000000000000000000000000000000000000000000000000000000000000
FFFFED310000F4FFC000305DC0004B5480002509CFFFC6ED14000B2A500006198A
0001B911FFFBFB12C00109751FFF94D8000028B64000312EBFFFDFB35E000B9286
000000000000000000000000000000000000000000000000000000000000000000
000000000000000000000000000000000000000000000000000000000000000000
FFF9104000041ABD8000367B00009A8A4FFFBD40B80007529FFFF821B9FFFD58F4
000000000000000000000000000000000000000000000000000000000000000000
000000000000000000000000000000000000000000000000000000000000000000
000000000000000000000000000000000000000000000000000000000000000000
FFFEF5237FFCBADC4001F9957FFFA9C69FFFC8B41FFFF99AD4000FE9CC0003118F
000000000000000000000000000000000000000000000000000000000000000000
000000000000000000000000000000000000000000000000000000000000000000
000000000000000000000000000000000000000000000000000000000000000000
000000000000000000000000000000000000000000000000000000000000000000
000000000000000000000000000000000000000000000000000000000000000000
000000000000000000000000000000000000000000000000000000000000000000
000000000000000000000000000000000000000000000000000000000000000000
000000000000000000000000000000000000000000000000000000000000000000
000000000000000000000000000000000000000000000000000000000000000000
000000000000000000000000000000000000000000000000000000000000000000
000000000000000000000000000000000000000000000000000000000000000000
000000000000000000000000000000000000000000000000000000000000000000
000000000000000000000000000000000000000000000000000000000000000000
000000000000000000000000000000000000000000000000000000000000000000
000000000000000000000000000000000000000000000000000000000000000000
000000000000000000000000000000000000000000000000000000000000000000
000000000000000000000000000000000000000000000000000000000000000000
000000000000000000000000000000000000000000000000000000000000000000
000000000000000000000000000000000000000000000000000000000000000000
000000000000000000000000000000000000000000000000000000000000000000
000000000000000000000000000000000000000000000000000000000000000000
000000000000000000000000000000000000000000000000000000000000000000
000000000000000000000000000000000000000000000000000000000000000000
000000000000000000000000000000000000000000000000000000000000000000
000000000000000000000000000000000000000000000000000000000000000000
000000000000000000000000000000000000000000000000000000000000000000
000000000000000000000000000000000000000000000000000000000000000000
000000000000000000000000000000000000000000000000000000000000000000
000000000000000000000000000000000000000000000000000000000000000000
FFFDCF56800234948000F977A000579960001FDC40000C8203FFFC01BBFFF6AE36
000000000000000000000000000000000000000000000000000000000000000000
000000000000000000000000000000000000000000000000000000000000000000
0004EE47FFFFF44FFFFE7C723FFF7027A00019C057FFDAB0CFFFE9B889FFF25D40
000000000000000000000000000000000000000000000000000000000000000000
000000000000000000000000000000000000000000000000000000000000000000
000000000000000000000000000000000000000000000000000000000000000000
000000000000000000000000000000000000000000000000000000000000000000
0005D3E8800412BB4000ABDA6000662B10006B8C78000725440016BEDC0004FD87
000000000000000000000000000000000000000000000000000000000000000000
FFFFED398001552EC000C9FD7FFF41C39000435F18001C9E67FFE971EBFFFEABB4
000000000000000000000000000000000000000000000000000000000000000000
000000000000000000000000000000000000000000000000000000000000000000
0003BEE57FFF0065FFFF4B1E20002E01EFFF890A300025A507FFFF3475FFFB92A7
000000000000000000000000000000000000000000000000000000000000000000
00071C2F7FFDC56B40027F401FFFF119CFFF71B5800017DC93FFE72CCDFFF354AB
0001BBB7000081A00000E7795FFF6C0830001D5FBFFFE27753FFEA8EDC000A0A86
000000000000000000000000000000000000000000000000000000000000000000
000000000000000000000000000000000000000000000000000000000000000000
000000000000000000000000000000000000000000000000000000000000000000
000000000000000000000000000000000000000000000000000000000000000000
000000000000000000000000000000000000000000000000000000000000000000
000000000000000000000000000000000000000000000000000000000000000000
000000000000000000000000000000000000000000000000000000000000000000
FFFA3CCC8002345D3FFF649C1FFF403ECFFFDE64B00028FC74000CAD69FFF5865F
000000000000000000000000000000000000000000000000000000000000000000
000000000000000000000000000000000000000000000000000000000000000000
000000000000000000000000000000000000000000000000000000000000000000
0001241DFFFD79D47FFFCAA26000DD78B0002090380022F64BFFF21C9400026CCB
000000000000000000000000000000000000000000000000000000000000000000
000000000000000000000000000000000000000000000000000000000000000000
0004099800007ED3000102F98000296BCFFFA4B447FFF85AA3FFFA093DFFFE94AD
000000000000000000000000000000000000000000000000000000000000000000
000000000000000000000000000000000000000000000000000000000000000000
000000000000000000000000000000000000000000000000000000000000000000
000000000000000000000000000000000000000000000000000000000000000000
FFFEE00DFFFDD4C6800042949FFF2BC7900054CC5FFFEB359000102BD7FFFC4E7A
000000000000000000000000000000000000000000000000000000000000000000
000000000000000000000000000000000000000000000000000000000000000000
000000000000000000000000000000000000000000000000000000000000000000
FFF8DC7C80016C860000C475BFFFC3B9100025FB1FFFCB3828000EE7B1FFF37179
000622E57FFE6BC8FFFED1203FFF7F40000012CD8FFFFC1974000B0AD1FFFCCC8D
000000000000000000000000000000000000000000000000000000000000000000
000000000000000000000000000000000000000000000000000000000000000000
000000000000000000000000000000000000000000000000000000000000000000
000000000000000000000000000000000000000000000000000000000000000000
000000000000000000000000000000000000000000000000000000000000000000
000000000000000000000000000000000000000000000000000000000000000000
FFFD4D5B00032E1CFFFF121EE0001523E00004CA57FFC9D823FFF03319FFFD250A
00006C22FFFD097F7FFEA569E00095543FFFF605580037F54FFFEDD2E3FFFEF412
000000000000000000000000000000000000000000000000000000000000000000
000000000000000000000000000000000000000000000000000000000000000000
000000000000000000000000000000000000000000000000000000000000000000
000000000000000000000000000000000000000000000000000000000000000000
000000000000000000000000000000000000000000000000000000000000000000
000000000000000000000000000000000000000000000000000000000000000000
000000000000000000000000000000000000000000000000000000000000000000
000000000000000000000000000000000000000000000000000000000000000000
000000000000000000000000000000000000000000000000000000000000000000
000000000000000000000000000000000000000000000000000000000000000000
0006841C0003BE99C000483620003AF24FFFBE4EB80033B0AC00080C1400077C3A
0002F6238003492A0001289C5FFFB34940003468B000173D9800177B7DFFF72917
000000000000000000000000000000000000000000000000000000000000000000
000000000000000000000000000000000000000000000000000000000000000000
000000000000000000000000000000000000000000000000000000000000000000
000000000000000000000000000000000000000000000000000000000000000000
000000000000000000000000000000000000000000000000000000000000000000
000410C87FFF27813FFEDA064000588ABFFFE04F5000454B47FFFE1363FFF8346A
000000000000000000000000000000000000000000000000000000000000000000
000000000000000000000000000000000000000000000000000000000000000000
000000000000000000000000000000000000000000000000000000000000000000
000000000000000000000000000000000000000000000000000000000000000000
0006F79F7FFF96BE4001CD208000111590004B8308003BC2D800085863FFF76EE2
000000000000000000000000000000000000000000000000000000000000000000
00030A1C00017D8040009E411FFFF1935FFFD483D8001AFFC4000E4920000102DA
000000000000000000000000000000000000000000000000000000000000000000
000000000000000000000000000000000000000000000000000000000000000000
000000000000000000000000000000000000000000000000000000000000000000
000000000000000000000000000000000000000000000000000000000000000000
000000000000000000000000000000000000000000000000000000000000000000
000000000000000000000000000000000000000000000000000000000000000000
FFFEE4918003AF8BC001F333FFFEE73FF000453E2000199F8800010C35FFF9D6A7
0003E3980003C2C480000D3C0000A599FFFFBDB5D00026D6340020EAF9FFFBE050
000000000000000000000000000000000000000000000000000000000000000000
000000000000000000000000000000000000000000000000000000000000000000
000000000000000000000000000000000000000000000000000000000000000000
000000000000000000000000000000000000000000000000000000000000000000
000000000000000000000000000000000000000000000000000000000000000000
FFFAF91600030A0B3FFE3F273FFF10962FFF99E99FFFF3F073FFF41F6400130D7D
000000000000000000000000000000000000000000000000000000000000000000
00030C3780009E4440012E097FFFE89360004B379FFFF406DBFFF1203A000342DA
00054AD9FFFF37BF000015E0FFFF9A3B60004C67E7FFF79DFC000DD6600009F30D
000000000000000000000000000000000000000000000000000000000000000000
000000000000000000000000000000000000000000000000000000000000000000
FFFE42988000C0DE3FFF5572400011E4E0000C7A9FFFFF2427FFE4D50DFFFC457B
000000000000000000000000000000000000000000000000000000000000000000
000000000000000000000000000000000000000000000000000000000000000000
000000000000000000000000000000000000000000000000000000000000000000
000390BA0001BBCCBFFF55CE7FFFA3C330003F9B8FFFCA5E3FFFE6419600001994
FFFD5CED0001ADAB3FFE8FEAA000EAE60FFF7C6B6000229407FFF0E0580003047C
000000000000000000000000000000000000000000000000000000000000000000
000000000000000000000000000000000000000000000000000000000000000000
0003AB0500027A4A8000F103FFFF52A40FFFC0A53000000247FFE2E8A200024EF1
0006DC9B80008AEA000118A7A0007F5B6000507068003AA633FFE5EBC8000BF246
000000000000000000000000000000000000000000000000000000000000000000
000000000000000000000000000000000000000000000000000000000000000000
000000000000000000000000000000000000000000000000000000000000000000
000000000000000000000000000000000000000000000000000000000000000000
000000000000000000000000000000000000000000000000000000000000000000
000000000000000000000000000000000000000000000000000000000000000000
FFFB3E6E0000819CC0021F9BE000C7757FFFCD4998002BDE9FFFE8B559FFF9E1A1
000000000000000000000000000000000000000000000000000000000000000000
000000000000000000000000000000000000000000000000000000000000000000
000000000000000000000000000000000000000000000000000000000000000000
000000000000000000000000000000000000000000000000000000000000000000
000000000000000000000000000000000000000000000000000000000000000000
FFFD01C5FFFCE0A9800193FF8000F125C000052B880029AE1800142F53FFF4DCB1
000000000000000000000000000000000000000000000000000000000000000000
000000000000000000000000000000000000000000000000000000000000000000
000000000000000000000000000000000000000000000000000000000000000000
000000000000000000000000000000000000000000000000000000000000000000
000000000000000000000000000000000000000000000000000000000000000000
000000000000000000000000000000000000000000000000000000000000000000
000343287FFD93178001F38EFFFF99207000053C8FFFCCD990001D4DF3FFF96143
000000000000000000000000000000000000000000000000000000000000000000
FFFD92DBFFFC196CFFFE70B84000E4C5D000877FE000401B6FFFECF9D5FFFCDDD1
000000000000000000000000000000000000000000000000000000000000000000
FFF8B29B00028B158000362D6000CDF09000422920003B4EB000067D43FFF7D787
FFF8585DFFFE809C3FFEA62E1FFFB61040003DF9FFFFDBEED40004F3E000081AF8
000000000000000000000000000000000000000000000000000000000000000000
000000000000000000000000000000000000000000000000000000000000000000
000000000000000000000000000000000000000000000000000000000000000000
000000000000000000000000000000000000000000000000000000000000000000
000000000000000000000000000000000000000000000000000000000000000000
000687737FFCF5A3BFFE57C26000408C200076C06800438F03FFFACC620008BE2C
000000000000000000000000000000000000000000000000000000000000000000
000000000000000000000000000000000000000000000000000000000000000000
FFFE6E1E7FFCDA6D7FFEAFA39FFF9953BFFF9DD97FFFFB50E40016EB03FFF42D58
000000000000000000000000000000000000000000000000000000000000000000
000000000000000000000000000000000000000000000000000000000000000000
000000000000000000000000000000000000000000000000000000000000000000
000000000000000000000000000000000000000000000000000000000000000000
000000000000000000000000000000000000000000000000000000000000000000
000000000000000000000000000000000000000000000000000000000000000000
000000000000000000000000000000000000000000000000000000000000000000
000000000000000000000000000000000000000000000000000000000000000000
000000000000000000000000000000000000000000000000000000000000000000
000000000000000000000000000000000000000000000000000000000000000000
FFF9C5F50001E9EE0001F500C0007AD79FFFDD9978000A8EDFFFFC0AB5FFFFA1E4
000000000000000000000000000000000000000000000000000000000000000000
000000000000000000000000000000000000000000000000000000000000000000
00025C1F0003766EBFFE4B269FFF59E6BFFFEE8E7800382F40000141F40006D276
000000000000000000000000000000000000000000000000000000000000000000
000000000000000000000000000000000000000000000000000000000000000000
000000000000000000000000000000000000000000000000000000000000000000
000000000000000000000000000000000000000000000000000000000000000000
000000000000000000000000000000000000000000000000000000000000000000
FFFA43E10002ED0C00013C03C000EFF9C00055D4F800360D2FFFF5ACC7FFFAC1B9
000000000000000000000000000000000000000000000000000000000000000000
FFFAB5BFFFFBF2597FFF754F5FFF76118FFF9FD3DFFFCA78B3FFE178D20006793E
000000000000000000000000000000000000000000000000000000000000000000
000000000000000000000000000000000000000000000000000000000000000000
000000000000000000000000000000000000000000000000000000000000000000
000000000000000000000000000000000000000000000000000000000000000000
000000000000000000000000000000000000000000000000000000000000000000
000000000000000000000000000000000000000000000000000000000000000000
000000000000000000000000000000000000000000000000000000000000000000
000000000000000000000000000000000000000000000000000000000000000000
00054E537FFB230D8001DEEEC00098EA2FFFA10AD7FFD08567FFE90865FFF6927B
000000000000000000000000000000000000000000000000000000000000000000
000000000000000000000000000000000000000000000000000000000000000000
000000000000000000000000000000000000000000000000000000000000000000
000000000000000000000000000000000000000000000000000000000000000000
000000000000000000000000000000000000000000000000000000000000000000
0005B26B800416EB80015F4E7FFFDE0D0FFFA36077FFDFB97FFFF7BF71FFF8D139
0003A3647FFF1C41C000A72EC000D9E1F0006C66D7FFF577440010D546000B0502
000000000000000000000000000000000000000000000000000000000000000000
000000000000000000000000000000000000000000000000000000000000000000
000000000000000000000000000000000000000000000000000000000000000000
000000000000000000000000000000000000000000000000000000000000000000
000000000000000000000000000000000000000000000000000000000000000000
0001DCDC7FFCC1927FFFEFE25FFFAFCF6FFFD920F7FFFC17ABFFE2D2FA0010BA22
000000000000000000000000000000000000000000000000000000000000000000
000000000000000000000000000000000000000000000000000000000000000000
FFFDBBD880030EEB400112C2A0004EFB2FFF764218000FD10000197640000ED4E6
000000000000000000000000000000000000000000000000000000000000000000
000000000000000000000000000000000000000000000000000000000000000000
000000000000000000000000000000000000000000000000000000000000000000
000000000000000000000000000000000000000000000000000000000000000000
000000000000000000000000000000000000000000000000000000000000000000
FFFDAC54FFFEE430BFFEC982A000A4599FFFE3CFA0000F801C0011D9560005E438
000000000000000000000000000000000000000000000000000000000000000000
000674B6000355F67FFE10CD60006B603FFF7DD937FFE338EFFFFD9B90000A0A0D
00070531000005C20000AB88E00099CCEFFFFB276FFFD9A0E40005A772000AFCF7
000000000000000000000000000000000000000000000000000000000000000000
000000000000000000000000000000000000000000000000000000000000000000
000000000000000000000000000000000000000000000000000000000000000000
000000000000000000000000000000000000000000000000000000000000000000
00022A8D8000BFE00001E570DFFEFB8B8FFF805A5FFFC2CF97FFF9CDBA00034D0E
000000000000000000000000000000000000000000000000000000000000000000
000000000000000000000000000000000000000000000000000000000000000000
0000C8FA7FFD8F244000A850A000347FE000262307FFF32D73FFDFF0CE0000AEE5
000000000000000000000000000000000000000000000000000000000000000000
000000000000000000000000000000000000000000000000000000000000000000
FFFCB1500003692B00012E24800013838FFF8E4880001833BBFFE49379FFF3C33E
FFFF1B930001173880015E3780008AFF6FFF7471F000371A00001CFCA7FFF27969
0003EDE30000D701BFFE2B48E0006819F00036C8C000115E5C000CBDC5FFF69B07
000000000000000000000000000000000000000000000000000000000000000000
FFF734BFFFFD46638000FDD02000DA7C4FFFE7FE07FFDD4F74000F3A01FFFD716F
000000000000000000000000000000000000000000000000000000000000000000
000000000000000000000000000000000000000000000000000000000000000000
000000000000000000000000000000000000000000000000000000000000000000
000049BA8003572FC001E6F25FFFA9B33FFFDDFABFFFC5A6E7FFFA89820005ED55
000000000000000000000000000000000000000000000000000000000000000000
000000000000000000000000000000000000000000000000000000000000000000
FFFECBAF80015370FFFDC6485FFF27133FFFDABFE0003833F3FFF7CD4A0000226F
000000000000000000000000000000000000000000000000000000000000000000
000000000000000000000000000000000000000000000000000000000000000000
000000000000000000000000000000000000000000000000000000000000000000
FFF94BC87FFD8A7F4001A61CBFFF7E1BAFFFFF8CFFFFF3C9600009FAD1FFF96519
000000000000000000000000000000000000000000000000000000000000000000
FFFBBD4C800379520000FCD65FFFB1264FFFC86C28000AC463FFEA0D87FFF8D011
FFFBAA42FFFF56EAFFFE75218000C1381FFFD15F8FFFEEAF140002E17E00012598
000000000000000000000000000000000000000000000000000000000000000000
000000000000000000000000000000000000000000000000000000000000000000
000000000000000000000000000000000000000000000000000000000000000000
000000000000000000000000000000000000000000000000000000000000000000
000000000000000000000000000000000000000000000000000000000000000000
00011A757FFC5F7680007DCBA000CF3CC00066668FFFC270B7FFF3906E0003B0EA
000000000000000000000000000000000000000000000000000000000000000000
000000000000000000000000000000000000000000000000000000000000000000
FFFDE6F7000016FEBFFE7431600002DBD0001A99F80012DBE4000A10B1FFFC7B29
000000000000000000000000000000000000000000000000000000000000000000
000000000000000000000000000000000000000000000000000000000000000000
000000000000000000000000000000000000000000000000000000000000000000
FFFA37558003370A0000073ADFFFF14B400017BB0FFFDCE193FFF0F341FFF66F29
000000000000000000000000000000000000000000000000000000000000000000
000000000000000000000000000000000000000000000000000000000000000000
000000000000000000000000000000000000000000000000000000000000000000
000000000000000000000000000000000000000000000000000000000000000000
000000000000000000000000000000000000000000000000000000000000000000
00042670FFFFA85E800072F97FFFAC07700068B060000BC05BFFFE35BA0001F530
000000000000000000000000000000000000000000000000000000000000000000
000000000000000000000000000000000000000000000000000000000000000000
000000000000000000000000000000000000000000000000000000000000000000
000000000000000000000000000000000000000000000000000000000000000000
000000000000000000000000000000000000000000000000000000000000000000
FFFB4B2AFFFCF2C740012B6E5FFFAE03DFFF817CF800420477FFDE2459FFFE53E3
000000000000000000000000000000000000000000000000000000000000000000
000000000000000000000000000000000000000000000000000000000000000000
000000000000000000000000000000000000000000000000000000000000000000
000000000000000000000000000000000000000000000000000000000000000000
FFFA0729800023A1FFFFA0812000F5A02FFFDE2A180039AEC0000DD0C8000BA764
000000000000000000000000000000000000000000000000000000000000000000
000000000000000000000000000000000000000000000000000000000000000000
000000000000000000000000000000000000000000000000000000000000000000
000000000000000000000000000000000000000000000000000000000000000000
000000000000000000000000000000000000000000000000000000000000000000
0006B960FFFDEB1300007F600000F8F78FFFD58050002B5A33FFF9FD51FFF98BB7
00074A93000386A67FFFBEBB6000AB0E80008EDE3800022FCC000AEAE40002DF4C
000000000000000000000000000000000000000000000000000000000000000000
000000000000000000000000000000000000000000000000000000000000000000
000000000000000000000000000000000000000000000000000000000000000000
00060018FFFD6B2DBFFF7F2EA00080C9600066CDE000258BC4000D3D5FFFF3BEC7
000000000000000000000000000000000000000000000000000000000000000000
0000A347FFFCA252BFFFC5A4C00047447FFFC3A2FFFFFBB00000123DBBFFF3434F
000000000000000000000000000000000000000000000000000000000000000000
FFF6CF8F80018EB23FFFF6406000FD63600073C66FFFE05B40000B3B89FFF22A30
000000000000000000000000000000000000000000000000000000000000000000
000000000000000000000000000000000000000000000000000000000000000000
000000000000000000000000000000000000000000000000000000000000000000
000583447FFE7FB5FFFE88449FFFB36CAFFFEE96C7FFD6252C001D67FFFFFFA79E
0005450B8000CC3CFFFDEB5B1FFF54E59000117C9FFFBFE1500002AC65FFF905CF
000000000000000000000000000000000000000000000000000000000000000000
000000000000000000000000000000000000000000000000000000000000000000
000000000000000000000000000000000000000000000000000000000000000000
000000000000000000000000000000000000000000000000000000000000000000
000000000000000000000000000000000000000000000000000000000000000000
000000000000000000000000000000000000000000000000000000000000000000
000000000000000000000000000000000000000000000000000000000000000000
000000000000000000000000000000000000000000000000000000000000000000
000000000000000000000000000000000000000000000000000000000000000000
FFFEF02C7FFE5D2DBFFF8CC02000E573000048C9D8004430D7FFE7F50000003987
FFFE2FE780020762C001E02760002E53F000073A980003471FFFECB8A3FFEFD450
000000000000000000000000000000000000000000000000000000000000000000
FFFDEF5580030242FFFE0E9FDFFFE24B1FFFF059CFFFDC789C001B464200116478
000000000000000000000000000000000000000000000000000000000000000000
000000000000000000000000000000000000000000000000000000000000000000
000000000000000000000000000000000000000000000000000000000000000000
000000000000000000000000000000000000000000000000000000000000000000
000000000000000000000000000000000000000000000000000000000000000000
FFF76D5EFFFD6C393FFFF9FE4000542D00004D762FFFE7873FFFEF97EDFFEFB118
000000000000000000000000000000000000000000000000000000000000000000
000000000000000000000000000000000000000000000000000000000000000000
000000000000000000000000000000000000000000000000000000000000000000
000000000000000000000000000000000000000000000000000000000000000000
000000000000000000000000000000000000000000000000000000000000000000
000000000000000000000000000000000000000000000000000000000000000000
000000000000000000000000000000000000000000000000000000000000000000
000000000000000000000000000000000000000000000000000000000000000000
000000000000000000000000000000000000000000000000000000000000000000
000000000000000000000000000000000000000000000000000000000000000000
000000000000000000000000000000000000000000000000000000000000000000
000000000000000000000000000000000000000000000000000000000000000000
000000000000000000000000000000000000000000000000000000000000000000
000000000000000000000000000000000000000000000000000000000000000000
000000000000000000000000000000000000000000000000000000000000000000
000000000000000000000000000000000000000000000000000000000000000000
000000000000000000000000000000000000000000000000000000000000000000
000000000000000000000000000000000000000000000000000000000000000000
000000000000000000000000000000000000000000000000000000000000000000
000000000000000000000000000000000000000000000000000000000000000000
000000000000000000000000000000000000000000000000000000000000000000
000000000000000000000000000000000000000000000000000000000000000000
0001CD6F0001A6464001978DC000DDF0F00028EABFFFD5336FFFF675E8000D555A
FFFCEB6E8002200CBFFFF260400076E24000743D87FFE0ED27FFEEED62000DACB1
000000000000000000000000000000000000000000000000000000000000000000
000000000000000000000000000000000000000000000000000000000000000000
FFFBA52B7FFBC603C0002A264000EBC9BFFFE8D947FFF70873FFF0D5BC00096BB7
0000373C800228DA40004D385FFF8CE420003438EFFFEF34B3FFF31B4000019373
000000000000000000000000000000000000000000000000000000000000000000
000000000000000000000000000000000000000000000000000000000000000000
000000000000000000000000000000000000000000000000000000000000000000
FFFBE9C48001DD66C001E61ABFFFB2F370005DDCB00034EC8000064C63FFEE8712
000000000000000000000000000000000000000000000000000000000000000000
000341300001CBD43FFF0B84BFFEF5F30FFFDDFC88003BD2B3FFDEA191FFF693F6
000000000000000000000000000000000000000000000000000000000000000000
000000000000000000000000000000000000000000000000000000000000000000
000000000000000000000000000000000000000000000000000000000000000000
000000000000000000000000000000000000000000000000000000000000000000
0003E995FFFD860A40018BE3BFFF1A47AFFFB4963000088E37FFEF689E00056E9C
000227B8000084C380007A32FFFFDCFBD0000BD037FFDA875FFFF55715FFFF54EA
00067098FFFF38460001549840009F524FFF8C547FFFEEAF03FFE7D19E000BFD89
000000000000000000000000000000000000000000000000000000000000000000
000000000000000000000000000000000000000000000000000000000000000000
0003B2BF000071993FFFC323FFFFBE7A1FFFB626D80021D6FBFFEABA08001060B8
FFFF6A8E800296BB3FFFA7E960009259DFFFB64597FFDEEC00000C7E1A000A5322
000000000000000000000000000000000000000000000000000000000000000000
00055293FFFF10CC0000CDCDA00072CBDFFFD04347FFE8969BFFE233AC000B6282
000000000000000000000000000000000000000000000000000000000000000000
000000000000000000000000000000000000000000000000000000000000000000
FFFD6F2B00029EF900012F36A000E4ECBFFFD2CC1000033CA400002DD20009D908
000000000000000000000000000000000000000000000000000000000000000000
000000000000000000000000000000000000000000000000000000000000000000
FFF816D57FFDBD827FFE80EAFFFF7E28CFFFDBBB17FFE1F16BFFE5B11BFFF25FDD
000000000000000000000000000000000000000000000000000000000000000000
000000000000000000000000000000000000000000000000000000000000000000
000000000000000000000000000000000000000000000000000000000000000000
000000000000000000000000000000000000000000000000000000000000000000
000000000000000000000000000000000000000000000000000000000000000000
000000000000000000000000000000000000000000000000000000000000000000
000000000000000000000000000000000000000000000000000000000000000000
000000000000000000000000000000000000000000000000000000000000000000
000000000000000000000000000000000000000000000000000000000000000000
000000000000000000000000000000000000000000000000000000000000000000
000000000000000000000000000000000000000000000000000000000000000000
000000000000000000000000000000000000000000000000000000000000000000
FFFA59E18002DED47FFEFEEE4000418B00003A0530000CF0BC000429FA000F9B6A
FFFD7A5A800305C940009C1FDFFF0075B000193127FFF90290001B03400005569A
000000000000000000000000000000000000000000000000000000000000000000
000000000000000000000000000000000000000000000000000000000000000000
000000000000000000000000000000000000000000000000000000000000000000
000000000000000000000000000000000000000000000000000000000000000000
000000000000000000000000000000000000000000000000000000000000000000
000000000000000000000000000000000000000000000000000000000000000000
000000000000000000000000000000000000000000000000000000000000000000
FFFD09B88003C4B9FFFEF4E4C0006E2690003D74C0003EFEEC0000C12FFFF253D4
000000000000000000000000000000000000000000000000000000000000000000
000000000000000000000000000000000000000000000000000000000000000000
000000000000000000000000000000000000000000000000000000000000000000
FFFA05760001B9E700010CD9E000696C600003554800141D47FFE65D820002846F
000000000000000000000000000000000000000000000000000000000000000000
000000000000000000000000000000000000000000000000000000000000000000
FFFDA691800205ED7FFE72EC3FFFE8D2AFFFCB9188004344A400149801FFF3FC1F
000000000000000000000000000000000000000000000000000000000000000000
000000000000000000000000000000000000000000000000000000000000000000
000000000000000000000000000000000000000000000000000000000000000000
000000000000000000000000000000000000000000000000000000000000000000
000000000000000000000000000000000000000000000000000000000000000000
000000000000000000000000000000000000000000000000000000000000000000
0001B4DB7FFC9FA8BFFE3F15E000EB225FFFAB7788001144E40005CCE0000AC2D6
000000000000000000000000000000000000000000000000000000000000000000
FFF98BD4FFFE8C9AFFFDD9A57FFFF3948FFFEA71A80014B053FFED2E8BFFF7C01D
000000000000000000000000000000000000000000000000000000000000000000
0000690DFFFB88917FFFD2837FFFD39EC0003A33AFFFFCC8D7FFEB3A280007FC76
000000000000000000000000000000000000000000000000000000000000000000
000000000000000000000000000000000000000000000000000000000000000000
FFFF15938002DF3CBFFE5FE12000D34FF000748170001530A3FFE89A600005DDFF
000000000000000000000000000000000000000000000000000000000000000000
000000000000000000000000000000000000000000000000000000000000000000
0003299900000F99C0004977A00002B53FFFBFB57800411013FFF1C034000A7945
000000000000000000000000000000000000000000000000000000000000000000
000000000000000000000000000000000000000000000000000000000000000000
000000000000000000000000000000000000000000000000000000000000000000
000000000000000000000000000000000000000000000000000000000000000000
000476A20000B869C00072E040011BFFB0000172580022D4BBFFE2DB35FFF98B7D
000000000000000000000000000000000000000000000000000000000000000000
000000000000000000000000000000000000000000000000000000000000000000
FFFCAA15800357374001151E5FFEFC1A60007BAC5000348CF4000DAD06000AD862
000000000000000000000000000000000000000000000000000000000000000000
000000000000000000000000000000000000000000000000000000000000000000
000000000000000000000000000000000000000000000000000000000000000000
000000000000000000000000000000000000000000000000000000000000000000
00005EE5800179F7BFFF6BCAE000EE36D00076D3F7FFF6AE48001679BC0000AD65
FFFA890F7FFF04C8FFFF272E800027CCCFFFD2532FFFEFADE7FFFE2E240005F010
000000000000000000000000000000000000000000000000000000000000000000
000000000000000000000000000000000000000000000000000000000000000000
000000000000000000000000000000000000000000000000000000000000000000
000000000000000000000000000000000000000000000000000000000000000000
000000000000000000000000000000000000000000000000000000000000000000
000000000000000000000000000000000000000000000000000000000000000000
000000000000000000000000000000000000000000000000000000000000000000
000000000000000000000000000000000000000000000000000000000000000000
000000000000000000000000000000000000000000000000000000000000000000
000000000000000000000000000000000000000000000000000000000000000000
FFFF0F478001D7A24001C7F41FFF97C640004B84180027A647FFF4413FFFF0D64E
000000000000000000000000000000000000000000000000000000000000000000
FFFE293E7FFC69BD40010D7C20010F836FFF9CA48FFFCA90D8000C8E3FFFEEFE38
000000000000000000000000000000000000000000000000000000000000000000
000000000000000000000000000000000000000000000000000000000000000000
000000000000000000000000000000000000000000000000000000000000000000
000000000000000000000000000000000000000000000000000000000000000000
FFFBE1F880001A3A40008F9FBFFFA2120FFF9B4BC80017CFEBFFF274C8000D50F5
000000000000000000000000000000000000000000000000000000000000000000
000000000000000000000000000000000000000000000000000000000000000000
000000000000000000000000000000000000000000000000000000000000000000
000000000000000000000000000000000000000000000000000000000000000000
000000000000000000000000000000000000000000000000000000000000000000
0007122D0003B2687FFF602260006C9E9FFFAAA2DFFFE99677FFF59C0DFFFE073D
FFFC3F838001B5CD4002778AA00054B17FFFF8B7F7FFF074BBFFF38CAC00075C52
000000000000000000000000000000000000000000000000000000000000000000
000472D6FFFE3606BFFFCBE6000012A52FFFB61E5FFFD89368001A67B1FFF443F4
000000000000000000000000000000000000000000000000000000000000000000
000242D9FFFE033D0000096DA00064354FFF91E887FFD4504BFFE01E1DFFF1DC96
FFFC54A20002DB314000AAEF9FFFDCFEAFFFB371A000336BABFFEC7A2600010E9C
000000000000000000000000000000000000000000000000000000000000000000
FFFD722BFFFC58B57FFE27E4C000EFE70FFF9747E0000FF280000A5C9800075789
000000000000000000000000000000000000000000000000000000000000000000
000000000000000000000000000000000000000000000000000000000000000000
000000000000000000000000000000000000000000000000000000000000000000
000000000000000000000000000000000000000000000000000000000000000000
0003F75D0001062B40016BAEE00019CD0FFFE979180026D870000C8595FFFAA9B4
000000000000000000000000000000000000000000000000000000000000000000
000618797FFE9AD5BFFE79237FFFA80E0FFFF9B6E000378E9FFFE06CBA000A42EE
000000000000000000000000000000000000000000000000000000000000000000
000000000000000000000000000000000000000000000000000000000000000000
000000000000000000000000000000000000000000000000000000000000000000
000000000000000000000000000000000000000000000000000000000000000000
000000000000000000000000000000000000000000000000000000000000000000
000000000000000000000000000000000000000000000000000000000000000000
0002A3D880002D5140009AB140002BC89FFF8882BFFFE2F8ABFFEDC7D60007618E
000000000000000000000000000000000000000000000000000000000000000000
000000000000000000000000000000000000000000000000000000000000000000
000000000000000000000000000000000000000000000000000000000000000000
FFFF4D97FFFDB56E800004160000219570002BB09800386AD00018E772000A561B
000000000000000000000000000000000000000000000000000000000000000000
000000000000000000000000000000000000000000000000000000000000000000
000000000000000000000000000000000000000000000000000000000000000000
000000000000000000000000000000000000000000000000000000000000000000
000000000000000000000000000000000000000000000000000000000000000000
000000000000000000000000000000000000000000000000000000000000000000
000000000000000000000000000000000000000000000000000000000000000000
000000000000000000000000000000000000000000000000000000000000000000
000000000000000000000000000000000000000000000000000000000000000000
000000000000000000000000000000000000000000000000000000000000000000
000000000000000000000000000000000000000000000000000000000000000000
000000000000000000000000000000000000000000000000000000000000000000
000000000000000000000000000000000000000000000000000000000000000000
000000000000000000000000000000000000000000000000000000000000000000
FFFDFF44FFFE019FC0011E03BFFFAE96400011E9E800026E17FFF7265A00083B63
00062720FFFE1F30FFFDB2E97FFFCCA960003E3FD80032B013FFEE9D3E00088B23
000000000000000000000000000000000000000000000000000000000000000000
0006B7DB0003A4517FFF85677FFEEAC870004034B00021F9DC0010B22DFFF2653A
000000000000000000000000000000000000000000000000000000000000000000
FFFE15437FFF46378001431DBFFF3C6D50007CBB6FFFDA941000130CBDFFF2A4C9
000000000000000000000000000000000000000000000000000000000000000000
000000000000000000000000000000000000000000000000000000000000000000
000000000000000000000000000000000000000000000000000000000000000000
000000000000000000000000000000000000000000000000000000000000000000
000000000000000000000000000000000000000000000000000000000000000000
000000000000000000000000000000000000000000000000000000000000000000
000000000000000000000000000000000000000000000000000000000000000000
000000000000000000000000000000000000000000000000000000000000000000
000000000000000000000000000000000000000000000000000000000000000000
000000000000000000000000000000000000000000000000000000000000000000
000000000000000000000000000000000000000000000000000000000000000000
000000000000000000000000000000000000000000000000000000000000000000
000000000000000000000000000000000000000000000000000000000000000000
0004D6567FFFF75180027129C000160DA00020CB300033048C0002737BFFFFE609
000000000000000000000000000000000000000000000000000000000000000000
000000000000000000000000000000000000000000000000000000000000000000
000000000000000000000000000000000000000000000000000000000000000000
000000000000000000000000000000000000000000000000000000000000000000
FFF926DA800016D1FFFEA73B5FFF3C3E900031CD100003F0EBFFF9B63A00065683
000000000000000000000000000000000000000000000000000000000000000000
000000000000000000000000000000000000000000000000000000000000000000
000000000000000000000000000000000000000000000000000000000000000000
000000000000000000000000000000000000000000000000000000000000000000
000000000000000000000000000000000000000000000000000000000000000000
00021A107FFC620EC001073400005B5DF00050C7E800241178000A929A00115156
