fff9b1ef000eb03d0001e1b400030a64fff7f408ffffa44300023321fff890dc
000c173bffff49d30000fdbcfff1aec0fff9de70fff931f80003d0b500010063
00054a46fffcf39dfff1e3e3fff6978bfffa3c24ffff4333000ceb8cfff2e606
ffff285100001a75fffe7f8cfffc7f4bfff54a15fffe52fefff5192e000aca25
fff15ac5fffbf48100080b710009b54a000fd14bfffe0e8500089128000ca5e3
fff4fd7ffff04c09000e65e7000b8fc50006f607000fa2eb000aa65b000bd487
fffc57fcfff89c6000095710000ccae7fff9c14d0006b7ddfffef616fff7f334
0000000000000000000000000000000000000000000000000000000000000000
0000000000000000000000000000000000000000000000000000000000000000
0000000000000000000000000000000000000000000000000000000000000000
0000000000000000000000000000000000000000000000000000000000000000
0000000000000000000000000000000000000000000000000000000000000000
0000000000000000000000000000000000000000000000000000000000000000
0000000000000000000000000000000000000000000000000000000000000000
0000000000000000000000000000000000000000000000000000000000000000
fff35933fff0ab4a000f1f0cfff67d9cfff4b239fff7ebb1000b364d000c4f67
0000000000000000000000000000000000000000000000000000000000000000
0000000000000000000000000000000000000000000000000000000000000000
0000000000000000000000000000000000000000000000000000000000000000
0000000000000000000000000000000000000000000000000000000000000000
fff102710009d9f3fff3c8dbfffb2775000c7fdd0003fbac00024a04fff2929c
fff0dab3000af4f9000aca5f0008fd3b000d0177fffc7084fff75e20fff67b3d
0000000000000000000000000000000000000000000000000000000000000000
0000000000000000000000000000000000000000000000000000000000000000
0000000000000000000000000000000000000000000000000000000000000000
0000000000000000000000000000000000000000000000000000000000000000
0000000000000000000000000000000000000000000000000000000000000000
0000000000000000000000000000000000000000000000000000000000000000
0000000000000000000000000000000000000000000000000000000000000000
000c51e40002ccd20009a1e0fff2ba6900072480fff6a91dfffd7f090003b339
0005e296fff4c6930004b614fff445410008b7d70007ba92fff14b73fff20911
0006ace80003f502fff3abf400025675000564ba000585930004adb700082618
0000000000000000000000000000000000000000000000000000000000000000
0000000000000000000000000000000000000000000000000000000000000000
0000000000000000000000000000000000000000000000000000000000000000
0000000000000000000000000000000000000000000000000000000000000000
0000000000000000000000000000000000000000000000000000000000000000
0000000000000000000000000000000000000000000000000000000000000000
0000000000000000000000000000000000000000000000000000000000000000
fffcdd07000508f800078703fff2117efff64642fff497e1fffdc25efff92ad3
0000000000000000000000000000000000000000000000000000000000000000
0000000000000000000000000000000000000000000000000000000000000000
0000000000000000000000000000000000000000000000000000000000000000
0000000000000000000000000000000000000000000000000000000000000000
0000000000000000000000000000000000000000000000000000000000000000
0000000000000000000000000000000000000000000000000000000000000000
0000000000000000000000000000000000000000000000000000000000000000
000424d3fffe0ec2fff25c72fffdeec200043dd6fff8b63e000e0404000b6f65
0000000000000000000000000000000000000000000000000000000000000000
fff21e100008f65a000154ec000ff224000d344c0000a274fff26eaffff844e2
0000000000000000000000000000000000000000000000000000000000000000
0000000000000000000000000000000000000000000000000000000000000000
fffdf4b9fff5f047fff81d1efff8dad1fff66e00fff4a5440009d1edfffb7191
0000000000000000000000000000000000000000000000000000000000000000
0000000000000000000000000000000000000000000000000000000000000000
0000000000000000000000000000000000000000000000000000000000000000
00095daeffff23ae0004c77cfff4d6ad0003d81c000e4abafff84e0bfffc4ff9
0000000000000000000000000000000000000000000000000000000000000000
0000000000000000000000000000000000000000000000000000000000000000
0000effd00069742fffbfce90008cf62000f34970000bff7fffcec52fff2ae5a
0000000000000000000000000000000000000000000000000000000000000000
0005f1b3fff1432b0000b37700017389fffa2dabfffb6099000de35afffc1bc1
0000000000000000000000000000000000000000000000000000000000000000
0000000000000000000000000000000000000000000000000000000000000000
0000000000000000000000000000000000000000000000000000000000000000
0000000000000000000000000000000000000000000000000000000000000000
0000000000000000000000000000000000000000000000000000000000000000
0000000000000000000000000000000000000000000000000000000000000000
0000000000000000000000000000000000000000000000000000000000000000
0000000000000000000000000000000000000000000000000000000000000000
0000000000000000000000000000000000000000000000000000000000000000
0000000000000000000000000000000000000000000000000000000000000000
0000000000000000000000000000000000000000000000000000000000000000
000e55e1fff74192fff8401d0009d2c4ffff886dfffdf7ecfff29aaefff460f5
0000000000000000000000000000000000000000000000000000000000000000
0000000000000000000000000000000000000000000000000000000000000000
0000000000000000000000000000000000000000000000000000000000000000
0000000000000000000000000000000000000000000000000000000000000000
0000000000000000000000000000000000000000000000000000000000000000
0000000000000000000000000000000000000000000000000000000000000000
0000000000000000000000000000000000000000000000000000000000000000
0000000000000000000000000000000000000000000000000000000000000000
0000000000000000000000000000000000000000000000000000000000000000
0000000000000000000000000000000000000000000000000000000000000000
0000000000000000000000000000000000000000000000000000000000000000
0000000000000000000000000000000000000000000000000000000000000000
0000000000000000000000000000000000000000000000000000000000000000
fffb0cc10009ac44fff43bd6fff9f12800088816fffc04ba000313be000ae8d2
0000000000000000000000000000000000000000000000000000000000000000
0000000000000000000000000000000000000000000000000000000000000000
0000000000000000000000000000000000000000000000000000000000000000
000cdc4b00029c9c000dd7a3fff86cb0fff4202a000cd635fffa32a600045ab5
0000000000000000000000000000000000000000000000000000000000000000
0000000000000000000000000000000000000000000000000000000000000000
0000000000000000000000000000000000000000000000000000000000000000
0000000000000000000000000000000000000000000000000000000000000000
0000000000000000000000000000000000000000000000000000000000000000
0000000000000000000000000000000000000000000000000000000000000000
0000000000000000000000000000000000000000000000000000000000000000
0000000000000000000000000000000000000000000000000000000000000000
000db917fff2a9fa00042736fffac627fff16fe20002e2e9fff66c0d000cff15
0000000000000000000000000000000000000000000000000000000000000000
fff779d4000a9dcdfff38dd700084ac7fffa4a68fffdbc61000dd5ba00000938
0000000000000000000000000000000000000000000000000000000000000000
0000000000000000000000000000000000000000000000000000000000000000
0000000000000000000000000000000000000000000000000000000000000000
0000000000000000000000000000000000000000000000000000000000000000
0000000000000000000000000000000000000000000000000000000000000000
0000b324000ec3d8000dff84000aa46dfffed604000c613cfff848cb00010c84
0000000000000000000000000000000000000000000000000000000000000000
0000000000000000000000000000000000000000000000000000000000000000
00059033fff5d1eb000f1e97000b0791fff724d30009c3c80005f94800037628
0000000000000000000000000000000000000000000000000000000000000000
000f2bb5fffae47d0001baa6fff553a4fffdf719fff8d098000afcddfff4794e
0000000000000000000000000000000000000000000000000000000000000000
0000000000000000000000000000000000000000000000000000000000000000
000806bffff344b3fffce52b000dbe96fffcd2f6000ce59afff6737afff21e72
0000000000000000000000000000000000000000000000000000000000000000
0000000000000000000000000000000000000000000000000000000000000000
0000000000000000000000000000000000000000000000000000000000000000
fff80156ffff04eafff94166000b7ba400025373fffd5d3dfffe89d700093f81
0000000000000000000000000000000000000000000000000000000000000000
0000000000000000000000000000000000000000000000000000000000000000
fff6ad5afff876e00007ca44fff8605efff25397000b27e20000495bfff819a5
0000000000000000000000000000000000000000000000000000000000000000
0000000000000000000000000000000000000000000000000000000000000000
0000000000000000000000000000000000000000000000000000000000000000
0000000000000000000000000000000000000000000000000000000000000000
0000000000000000000000000000000000000000000000000000000000000000
0000000000000000000000000000000000000000000000000000000000000000
0000000000000000000000000000000000000000000000000000000000000000
0000000000000000000000000000000000000000000000000000000000000000
0000000000000000000000000000000000000000000000000000000000000000
ffff7f56fffa27dbfffff1ed0006a4680002f5fa000a66e5fffab6a80005901f
000b1d92fffc89e6fff2bd8afff3c05efff5aef7fff172f4000b8de9fff1ec08
0000000000000000000000000000000000000000000000000000000000000000
0000000000000000000000000000000000000000000000000000000000000000
0000000000000000000000000000000000000000000000000000000000000000
00028e69000cda42000d1b52fff34d3c0002611b00067ebe000065b9fff50a09
0000000000000000000000000000000000000000000000000000000000000000
0000000000000000000000000000000000000000000000000000000000000000
0000000000000000000000000000000000000000000000000000000000000000
0000000000000000000000000000000000000000000000000000000000000000
0000000000000000000000000000000000000000000000000000000000000000
0000000000000000000000000000000000000000000000000000000000000000
0000000000000000000000000000000000000000000000000000000000000000
0000000000000000000000000000000000000000000000000000000000000000
fff83573fffdfc24fff46168fff4422efff067eefffd23d7000dd30ffff93180
0000000000000000000000000000000000000000000000000000000000000000
0000000000000000000000000000000000000000000000000000000000000000
000757c3000e705afff025940002c85dffff4ce6000abc4afff7fa8afff8efcf
0000000000000000000000000000000000000000000000000000000000000000
0000000000000000000000000000000000000000000000000000000000000000
0000000000000000000000000000000000000000000000000000000000000000
0000000000000000000000000000000000000000000000000000000000000000
fff909cdfff8c09500089a02fff19c5b000aed8bfff4f418ffffb06ffff7ee0c
0000000000000000000000000000000000000000000000000000000000000000
0000000000000000000000000000000000000000000000000000000000000000
0008d65100007479000edbdefff37812000a7e8bfff7ffe3000f7e2dffffca74
0000000000000000000000000000000000000000000000000000000000000000
0000000000000000000000000000000000000000000000000000000000000000
0000000000000000000000000000000000000000000000000000000000000000
0000000000000000000000000000000000000000000000000000000000000000
0000000000000000000000000000000000000000000000000000000000000000
fff38839fff7e9a7000cd8b1fff76472ffffd4bdfff8a8e700077301fff695bd
0000000000000000000000000000000000000000000000000000000000000000
0000000000000000000000000000000000000000000000000000000000000000
0000000000000000000000000000000000000000000000000000000000000000
0000000000000000000000000000000000000000000000000000000000000000
0000000000000000000000000000000000000000000000000000000000000000
0000000000000000000000000000000000000000000000000000000000000000
0000000000000000000000000000000000000000000000000000000000000000
0000000000000000000000000000000000000000000000000000000000000000
fffe154d0003d150000cc5f0fff06836fff5982b000a903100088cd9fff84145
0000000000000000000000000000000000000000000000000000000000000000
0000000000000000000000000000000000000000000000000000000000000000
0000000000000000000000000000000000000000000000000000000000000000
0000000000000000000000000000000000000000000000000000000000000000
0000000000000000000000000000000000000000000000000000000000000000
0000000000000000000000000000000000000000000000000000000000000000
0000000000000000000000000000000000000000000000000000000000000000
0000000000000000000000000000000000000000000000000000000000000000
0000000000000000000000000000000000000000000000000000000000000000
0008eeca000666d5000b590f000d7216fff24bd90006812e00056c1dfff18178
0000000000000000000000000000000000000000000000000000000000000000
00018061000e304c000d5c11000a13ed000992ce00049255fff2dbc8fffeb714
0000000000000000000000000000000000000000000000000000000000000000
0000000000000000000000000000000000000000000000000000000000000000
0000000000000000000000000000000000000000000000000000000000000000
0000000000000000000000000000000000000000000000000000000000000000
0000000000000000000000000000000000000000000000000000000000000000
0000000000000000000000000000000000000000000000000000000000000000
0000000000000000000000000000000000000000000000000000000000000000
000518df0007be4bfff0d3d2000f08830001349b0002c66100067ca8000c2de9
0000000000000000000000000000000000000000000000000000000000000000
0000000000000000000000000000000000000000000000000000000000000000
0000000000000000000000000000000000000000000000000000000000000000
0000000000000000000000000000000000000000000000000000000000000000
fff719b2000267fa0003fde2fff709ab00080d99000bb3420003e31e0000f8d3
0000000000000000000000000000000000000000000000000000000000000000
000c5abf00028d35fffd534100095fc100018a3100023ee3fffafd45000ec8d1
0000000000000000000000000000000000000000000000000000000000000000
0000000000000000000000000000000000000000000000000000000000000000
0000000000000000000000000000000000000000000000000000000000000000
fff7b20c0002fe6a0004b433000120c9fff9a1e9fffdc10e000630a10005124b
0000000000000000000000000000000000000000000000000000000000000000
0000000000000000000000000000000000000000000000000000000000000000
0000000000000000000000000000000000000000000000000000000000000000
0000000000000000000000000000000000000000000000000000000000000000
0000fb05fff8ba9bfff62e2ffffea3a80002c435fff7ac35fff928cafffefcf7
0000000000000000000000000000000000000000000000000000000000000000
fff7e17cffffe52c0001c4a6fffc12a80006c671fffe5038000ee84d0008b2f9
0000000000000000000000000000000000000000000000000000000000000000
0000000000000000000000000000000000000000000000000000000000000000
0000000000000000000000000000000000000000000000000000000000000000
fffae5d000060038fffc6f19fffac0eefff21908000779b20005bfaefffedb6d
0000000000000000000000000000000000000000000000000000000000000000
0000000000000000000000000000000000000000000000000000000000000000
0000000000000000000000000000000000000000000000000000000000000000
0000000000000000000000000000000000000000000000000000000000000000
0000000000000000000000000000000000000000000000000000000000000000
0000000000000000000000000000000000000000000000000000000000000000
0000000000000000000000000000000000000000000000000000000000000000
0000000000000000000000000000000000000000000000000000000000000000
0000000000000000000000000000000000000000000000000000000000000000
0000000000000000000000000000000000000000000000000000000000000000
0000000000000000000000000000000000000000000000000000000000000000
0000000000000000000000000000000000000000000000000000000000000000
0000000000000000000000000000000000000000000000000000000000000000
fffb38a000084c51000f55b1fff60d19fff21711fff072c1000e4f56000e29f8
0000000000000000000000000000000000000000000000000000000000000000
0000000000000000000000000000000000000000000000000000000000000000
fff62339000efce9fff5acc80009aa02000aeb0ffff3a403000f0117fff30a17
0000000000000000000000000000000000000000000000000000000000000000
0000000000000000000000000000000000000000000000000000000000000000
fff3ee38000e8d940001f3d700061461000b2ad3fff42b1c000b462d000aff11
0000000000000000000000000000000000000000000000000000000000000000
fff2e280fff74edafffeb933000dd656000e8e7efff8e8120000694ffffd189b
000cbf33fff8246dfffb13b7000ac2fcfff2e779fffeba84000bf6fc000dd9a6
0000000000000000000000000000000000000000000000000000000000000000
0000000000000000000000000000000000000000000000000000000000000000
0005746dfffe47b4fffa2b7d000630a100093191fffff3bc0008d6d6fff7387c
0000000000000000000000000000000000000000000000000000000000000000
0000000000000000000000000000000000000000000000000000000000000000
00007f33000dabeefff84e070004ce6900076fc8fff641b7fff2f9d800002b1c
0000000000000000000000000000000000000000000000000000000000000000
0000000000000000000000000000000000000000000000000000000000000000
0000000000000000000000000000000000000000000000000000000000000000
0000000000000000000000000000000000000000000000000000000000000000
00025c5bfff9abbdfffa711c000b7a2b000f0721000fe4b90008a786fff84005
0000000000000000000000000000000000000000000000000000000000000000
0000000000000000000000000000000000000000000000000000000000000000
0000000000000000000000000000000000000000000000000000000000000000
0000000000000000000000000000000000000000000000000000000000000000
0000000000000000000000000000000000000000000000000000000000000000
0000000000000000000000000000000000000000000000000000000000000000
0000000000000000000000000000000000000000000000000000000000000000
0000000000000000000000000000000000000000000000000000000000000000
fffe1ac2fff32676000f984500088e1100047a3e000f7ab5000c3319fff248ae
0000000000000000000000000000000000000000000000000000000000000000
0000000000000000000000000000000000000000000000000000000000000000
0000000000000000000000000000000000000000000000000000000000000000
0000000000000000000000000000000000000000000000000000000000000000
0000000000000000000000000000000000000000000000000000000000000000
000d7e10fff412cdfff01ae9fffe80320008bf66fffe4fb80001555800095582
0000000000000000000000000000000000000000000000000000000000000000
0000000000000000000000000000000000000000000000000000000000000000
0000000000000000000000000000000000000000000000000000000000000000
0000000000000000000000000000000000000000000000000000000000000000
0000000000000000000000000000000000000000000000000000000000000000
0000000000000000000000000000000000000000000000000000000000000000
0000000000000000000000000000000000000000000000000000000000000000
0000000000000000000000000000000000000000000000000000000000000000
0000000000000000000000000000000000000000000000000000000000000000
fffa430afff30cba0002b4e9000c3fd1fff116200007db3ffffbdc51fffecd3d
fffffb3100097e66fff58050fff2b4e40004b811000f8763000827520004c29b
0000000000000000000000000000000000000000000000000000000000000000
0000000000000000000000000000000000000000000000000000000000000000
0000000000000000000000000000000000000000000000000000000000000000
0000000000000000000000000000000000000000000000000000000000000000
0000000000000000000000000000000000000000000000000000000000000000
0000000000000000000000000000000000000000000000000000000000000000
0000000000000000000000000000000000000000000000000000000000000000
0000000000000000000000000000000000000000000000000000000000000000
0000000000000000000000000000000000000000000000000000000000000000
0000000000000000000000000000000000000000000000000000000000000000
0000000000000000000000000000000000000000000000000000000000000000
0000000000000000000000000000000000000000000000000000000000000000
0000000000000000000000000000000000000000000000000000000000000000
0000000000000000000000000000000000000000000000000000000000000000
0000000000000000000000000000000000000000000000000000000000000000
0000000000000000000000000000000000000000000000000000000000000000
0000000000000000000000000000000000000000000000000000000000000000
0000000000000000000000000000000000000000000000000000000000000000
0000000000000000000000000000000000000000000000000000000000000000
fffcff50fffa9961000949aa00026c1affff1b18fff8e14ffffa5fca000d6815
0000000000000000000000000000000000000000000000000000000000000000
000cf7a7000f6bc1fff6350afff9b755fff28898fff28823fff94c92ffff9b7b
0000000000000000000000000000000000000000000000000000000000000000
0000000000000000000000000000000000000000000000000000000000000000
0000000000000000000000000000000000000000000000000000000000000000
000d273d000136d5ffff9ca70003fc5ffffb8060fff8811cfff4d6a7fffa9946
0000000000000000000000000000000000000000000000000000000000000000
0000000000000000000000000000000000000000000000000000000000000000
0000000000000000000000000000000000000000000000000000000000000000
0000000000000000000000000000000000000000000000000000000000000000
fff68f9d000c8d520000cdda00062c4c00039b1b00078654000e3edafffa4335
0000000000000000000000000000000000000000000000000000000000000000
000bab00000448790002bc24fff5258e000f94a20001736f00051324fffc3ca8
0000000000000000000000000000000000000000000000000000000000000000
0000000000000000000000000000000000000000000000000000000000000000
0000000000000000000000000000000000000000000000000000000000000000
00050570fffb9e82fffd91a1fff78f49fffdc0b9000bc1f8fff9cd09fff34bf3
0000000000000000000000000000000000000000000000000000000000000000
fff6a981fff4c98400039759ffff4f5d000e973a0008fde40003b67f00041d72
0000000000000000000000000000000000000000000000000000000000000000
0000000000000000000000000000000000000000000000000000000000000000
0000000000000000000000000000000000000000000000000000000000000000
00086f3900095be400090bbafff6df8a000937000008d83cfff3d2c2fff129d5
fff8a873000a50effff9ceb7fff7fce6000f08a3fff061a00002eb6900000a03
0000000000000000000000000000000000000000000000000000000000000000
fffa06d9000dd95e00015637000cbbeeffff78f8000d839c000e5de70008a43d
0000000000000000000000000000000000000000000000000000000000000000
0000000000000000000000000000000000000000000000000000000000000000
fffa8a0d0000a96bfff19d630007804dfff5950700071916000369fb000b65ee
fff63234fffda30e000c02cafff8aa9900056cd1fffca8100000faf1000917e3
0009e72efff081f2fff52326000de0b6000a04c9fff1e7d10002ed86fffb2b6d
0000000000000000000000000000000000000000000000000000000000000000
0000000000000000000000000000000000000000000000000000000000000000
0000000000000000000000000000000000000000000000000000000000000000
0000000000000000000000000000000000000000000000000000000000000000
0000000000000000000000000000000000000000000000000000000000000000
0000000000000000000000000000000000000000000000000000000000000000
0000000000000000000000000000000000000000000000000000000000000000
fff4c0c30003dac7fff65833fff72265fff21fa6000a54ca0000d30900021844
ffffbcd6000d3286fff82d87fff39425fffa5318fff2cd230009a52bffff9682
0000000000000000000000000000000000000000000000000000000000000000
0000000000000000000000000000000000000000000000000000000000000000
0000000000000000000000000000000000000000000000000000000000000000
0000000000000000000000000000000000000000000000000000000000000000
0000000000000000000000000000000000000000000000000000000000000000
0000000000000000000000000000000000000000000000000000000000000000
0000000000000000000000000000000000000000000000000000000000000000
0000000000000000000000000000000000000000000000000000000000000000
0008a012fff224cdfff1ae1afff123adfffbd970fff8f43ffff79ccafffcb6d4
0000000000000000000000000000000000000000000000000000000000000000
00032c4600096905fff90763000306fe000789e200067362000d628bfff28197
0000000000000000000000000000000000000000000000000000000000000000
0000000000000000000000000000000000000000000000000000000000000000
0000000000000000000000000000000000000000000000000000000000000000
0000000000000000000000000000000000000000000000000000000000000000
0000000000000000000000000000000000000000000000000000000000000000
00004091000aa16cfff7519c0005defb000d4f0e000d3017fffbfbb1000e85d1
0000000000000000000000000000000000000000000000000000000000000000
0000000000000000000000000000000000000000000000000000000000000000
0000000000000000000000000000000000000000000000000000000000000000
0000000000000000000000000000000000000000000000000000000000000000
0000000000000000000000000000000000000000000000000000000000000000
0000000000000000000000000000000000000000000000000000000000000000
0000000000000000000000000000000000000000000000000000000000000000
0000000000000000000000000000000000000000000000000000000000000000
0000000000000000000000000000000000000000000000000000000000000000
0000000000000000000000000000000000000000000000000000000000000000
00015cfc0007343e00012ac1000077dbfffa07c90007dc90fff0e41d000460f4
0000000000000000000000000000000000000000000000000000000000000000
0000000000000000000000000000000000000000000000000000000000000000
0000000000000000000000000000000000000000000000000000000000000000
0000000000000000000000000000000000000000000000000000000000000000
0000000000000000000000000000000000000000000000000000000000000000
0000000000000000000000000000000000000000000000000000000000000000
0000000000000000000000000000000000000000000000000000000000000000
0000000000000000000000000000000000000000000000000000000000000000
0000000000000000000000000000000000000000000000000000000000000000
0000000000000000000000000000000000000000000000000000000000000000
000bc0b4fff7a591000b7edcfffadb58000bd5930009482a00010ebe000e45e2
0000000000000000000000000000000000000000000000000000000000000000
0000000000000000000000000000000000000000000000000000000000000000
0000000000000000000000000000000000000000000000000000000000000000
00073fed0008251400024df2fff5c82c000d463a00008ecdfffd8d13fff3ba6a
0000000000000000000000000000000000000000000000000000000000000000
0000000000000000000000000000000000000000000000000000000000000000
fff77fdafff0adaafff68e1f000bfe8ffff54d7efff4378b000132fdfff8206c
0000000000000000000000000000000000000000000000000000000000000000
0000000000000000000000000000000000000000000000000000000000000000
0000000000000000000000000000000000000000000000000000000000000000
0000000000000000000000000000000000000000000000000000000000000000
0000000000000000000000000000000000000000000000000000000000000000
0000000000000000000000000000000000000000000000000000000000000000
000b5d0200074695ffff0e6ffffbf06a000cb3ea0009c3e0fff3a40ffff5f0de
0000000000000000000000000000000000000000000000000000000000000000
0008e72600036b130006fbe600021ef0fff2c93c000a542a000a7b4300056b6d
0000000000000000000000000000000000000000000000000000000000000000
fff7816cfff75b60000e4c9bfff19aa60007c5e8fff3b5f400058720000a6877
0000000000000000000000000000000000000000000000000000000000000000
fffd51a9000f01ee00047978fffc7acefff5b0cdffff9771000a47bbfffdd7ca
0000000000000000000000000000000000000000000000000000000000000000
0000000000000000000000000000000000000000000000000000000000000000
0000000000000000000000000000000000000000000000000000000000000000
0000000000000000000000000000000000000000000000000000000000000000
fff2be5dffffc238fff703e7fffdf4a6000042e7fffb7363fffc3286fff53a2f
0000000000000000000000000000000000000000000000000000000000000000
0000000000000000000000000000000000000000000000000000000000000000
0000000000000000000000000000000000000000000000000000000000000000
0000000000000000000000000000000000000000000000000000000000000000
0000000000000000000000000000000000000000000000000000000000000000
000134cffff5bd87fff14e51fff4fe53fff8dc6400045e500009081ffff95b32
0000000000000000000000000000000000000000000000000000000000000000
0000000000000000000000000000000000000000000000000000000000000000
ffffbeb8fffc09da000ab249fffeef85000a8ad6fff3e40f000c8a400002fd8e
0000000000000000000000000000000000000000000000000000000000000000
0000000000000000000000000000000000000000000000000000000000000000
0000000000000000000000000000000000000000000000000000000000000000
0000000000000000000000000000000000000000000000000000000000000000
0000000000000000000000000000000000000000000000000000000000000000
0000000000000000000000000000000000000000000000000000000000000000
00064b8800049ef200054e6400084b390002029a00047c57fff3c276fff044a1
0000000000000000000000000000000000000000000000000000000000000000
0000000000000000000000000000000000000000000000000000000000000000
0000000000000000000000000000000000000000000000000000000000000000
0000000000000000000000000000000000000000000000000000000000000000
0000000000000000000000000000000000000000000000000000000000000000
0000000000000000000000000000000000000000000000000000000000000000
fffa275efff8ba7e0001924300020d7b000579b4fff8fe85fff3a007fff46103
0000000000000000000000000000000000000000000000000000000000000000
0000000000000000000000000000000000000000000000000000000000000000
0000000000000000000000000000000000000000000000000000000000000000
0003c1f60005a2990003a8f7fffe1ff7fffde062fffe328cfff03343000a8eab
0000000000000000000000000000000000000000000000000000000000000000
000e5cf20006906600013a1e0003d024000582430001a910fff0cb60000e3be8
0000000000000000000000000000000000000000000000000000000000000000
0000000000000000000000000000000000000000000000000000000000000000
0000000000000000000000000000000000000000000000000000000000000000
0000000000000000000000000000000000000000000000000000000000000000
0000000000000000000000000000000000000000000000000000000000000000
0000000000000000000000000000000000000000000000000000000000000000
000c0bcd0003556400051498fff2dedb000ec9fd000f0670000de00100049bf5
0000000000000000000000000000000000000000000000000000000000000000
000ef52f000f4672000702c700039703fff4dba9000cb1f30007ae4afffe8fc8
0000000000000000000000000000000000000000000000000000000000000000
0000000000000000000000000000000000000000000000000000000000000000
0000000000000000000000000000000000000000000000000000000000000000
0005f2e1fff5b24900046ecf000e0331000426aa00012097000f112d00000a77
0000000000000000000000000000000000000000000000000000000000000000
0000000000000000000000000000000000000000000000000000000000000000
000aac11fff46080fff742540006593ffff29da900095c75000fd8d2000d9e80
0008f53600028918fff8d3bbfff1f300fff03afbfffaf992fffc9d7a00079c11
0000000000000000000000000000000000000000000000000000000000000000
0000000000000000000000000000000000000000000000000000000000000000
0000000000000000000000000000000000000000000000000000000000000000
0000000000000000000000000000000000000000000000000000000000000000
0000000000000000000000000000000000000000000000000000000000000000
0000000000000000000000000000000000000000000000000000000000000000
0000000000000000000000000000000000000000000000000000000000000000
0000000000000000000000000000000000000000000000000000000000000000
000dafdf0006aebf00031852000341d4000258a2ffffe331fff8f138000849ec
000d9bedfff41eeefffa2fb3fff2fba1fff49fc1fff36e4d0006a59900065671
0000000000000000000000000000000000000000000000000000000000000000
0000000000000000000000000000000000000000000000000000000000000000
0000000000000000000000000000000000000000000000000000000000000000
0000000000000000000000000000000000000000000000000000000000000000
000acad3fff82e9ffff334e5fffadd10fff0122c0006fbe20004657300098bf7
0000000000000000000000000000000000000000000000000000000000000000
000a80a2fff35e9b0003240dfff59bfbfffc7a560006c742fffdba99fffcd794
0000000000000000000000000000000000000000000000000000000000000000
0000000000000000000000000000000000000000000000000000000000000000
0000000000000000000000000000000000000000000000000000000000000000
0000000000000000000000000000000000000000000000000000000000000000
0000000000000000000000000000000000000000000000000000000000000000
0002ecff0002c4150009ab8b00052af400005763000ce3f10001f9b3fffa647f
0000000000000000000000000000000000000000000000000000000000000000
0000000000000000000000000000000000000000000000000000000000000000
0000000000000000000000000000000000000000000000000000000000000000
0000000000000000000000000000000000000000000000000000000000000000
0000000000000000000000000000000000000000000000000000000000000000
0000000000000000000000000000000000000000000000000000000000000000
0000000000000000000000000000000000000000000000000000000000000000
0000000000000000000000000000000000000000000000000000000000000000
0000000000000000000000000000000000000000000000000000000000000000
0000000000000000000000000000000000000000000000000000000000000000
0000000000000000000000000000000000000000000000000000000000000000
fffdc4a1fff33a98fffebc14000a9dc90000de8cfffbdc64fff4499f000e4a2f
0000000000000000000000000000000000000000000000000000000000000000
0000000000000000000000000000000000000000000000000000000000000000
fffafcedfff5aa2c0004d527000f27d6fffba7b7000695e3000fca13fffa00ee
0000000000000000000000000000000000000000000000000000000000000000
0000000000000000000000000000000000000000000000000000000000000000
0000000000000000000000000000000000000000000000000000000000000000
0000000000000000000000000000000000000000000000000000000000000000
fffec3e1fffac1f5000de8eafff79603fff99939fffedf1b0005364dfff41787
0000000000000000000000000000000000000000000000000000000000000000
0006f3acfffe8d58fff1f5fafff312e9000bebaefffd87ea0002dcc20008d7fa
0000000000000000000000000000000000000000000000000000000000000000
0000000000000000000000000000000000000000000000000000000000000000
0000000000000000000000000000000000000000000000000000000000000000
000ea57d000ece290009ec8efff0a914ffff5073000aee0afff19836fff05a05
0009f4f3fffdb6c2000a95e6fffd2fe6ffff544c000cf963000f1bcb000ce7d4
0000000000000000000000000000000000000000000000000000000000000000
0000000000000000000000000000000000000000000000000000000000000000
0000000000000000000000000000000000000000000000000000000000000000
0000000000000000000000000000000000000000000000000000000000000000
0000000000000000000000000000000000000000000000000000000000000000
0000000000000000000000000000000000000000000000000000000000000000
0000000000000000000000000000000000000000000000000000000000000000
fff1a436fff103f2000614f900005bfa00076df6fff44fc80001355a00090279
0000000000000000000000000000000000000000000000000000000000000000
fff84346fff3ec9ffffbc1870007e42dfffd0bbdfff2c277fffa2c3cfff4dfe9
0000000000000000000000000000000000000000000000000000000000000000
000b2207fff5284bfff91917ffff3b3700014699000992b7fffaaee2000397fb
0000000000000000000000000000000000000000000000000000000000000000
0000000000000000000000000000000000000000000000000000000000000000
00013a190004e612ffff812dfffe3c90ffff6ff7fffcb13000061a89fffe8c0c
0000000000000000000000000000000000000000000000000000000000000000
0000000000000000000000000000000000000000000000000000000000000000
0000000000000000000000000000000000000000000000000000000000000000
0000000000000000000000000000000000000000000000000000000000000000
0000000000000000000000000000000000000000000000000000000000000000
0000000000000000000000000000000000000000000000000000000000000000
0000000000000000000000000000000000000000000000000000000000000000
0000000000000000000000000000000000000000000000000000000000000000
0000000000000000000000000000000000000000000000000000000000000000
0000000000000000000000000000000000000000000000000000000000000000
0007ac38fffbe641fff0fc9efff2061d000bd386fff7d89400086611000de9c4
0000000000000000000000000000000000000000000000000000000000000000
0000000000000000000000000000000000000000000000000000000000000000
000408010002a9a3000b4badfffb66fbfffcb37dfff42831fff154d60003df05
0000000000000000000000000000000000000000000000000000000000000000
0000000000000000000000000000000000000000000000000000000000000000
0000000000000000000000000000000000000000000000000000000000000000
0000000000000000000000000000000000000000000000000000000000000000
fff95383fff7f169000f9849000186c9ffffcff4000263b6fffec39afff7c3bf
0000000000000000000000000000000000000000000000000000000000000000
000eef7000096501000445bffff353a8fff93d8f000e8feffffabcaaffff30f8
0009b710000cb4b4fffa99c4fff2a20c00006c4dfffd1b9ffffde769000de776
0000000000000000000000000000000000000000000000000000000000000000
0000000000000000000000000000000000000000000000000000000000000000
0000000000000000000000000000000000000000000000000000000000000000
0000000000000000000000000000000000000000000000000000000000000000
0000000000000000000000000000000000000000000000000000000000000000
000f0b33fffac92a0008c170fffeea6ffffddeb2000c906e000b19dafff544ca
fffc29f2fff36618fffe0e980002985cfff267e0000e5b220002b87cfff062b6
0000000000000000000000000000000000000000000000000000000000000000
0000000000000000000000000000000000000000000000000000000000000000
0000000000000000000000000000000000000000000000000000000000000000
0000000000000000000000000000000000000000000000000000000000000000
0000000000000000000000000000000000000000000000000000000000000000
0000000000000000000000000000000000000000000000000000000000000000
0000000000000000000000000000000000000000000000000000000000000000
0000000000000000000000000000000000000000000000000000000000000000
0000000000000000000000000000000000000000000000000000000000000000
0000000000000000000000000000000000000000000000000000000000000000
0000000000000000000000000000000000000000000000000000000000000000
0000000000000000000000000000000000000000000000000000000000000000
0000000000000000000000000000000000000000000000000000000000000000
0000000000000000000000000000000000000000000000000000000000000000
000184a800070d9afff9edfe0005c9d3ffffc758000a1341fffcfa29000f4b7e
0000000000000000000000000000000000000000000000000000000000000000
fff5c99afff85c3200019a71fffb0aec00020a0e000bc47b000c5dd8fff1865f
0000000000000000000000000000000000000000000000000000000000000000
0000000000000000000000000000000000000000000000000000000000000000
0000000000000000000000000000000000000000000000000000000000000000
0000000000000000000000000000000000000000000000000000000000000000
0000000000000000000000000000000000000000000000000000000000000000
0000000000000000000000000000000000000000000000000000000000000000
0003614cfffac3d2000016700006cb8a0008304cfffc73a600044356000bdfdb
0000000000000000000000000000000000000000000000000000000000000000
0000000000000000000000000000000000000000000000000000000000000000
fffa4173fff5f276fffee5fa000e6664fffcf576fff7efdb00064361000a15ce
000964e400067a91fff41ae80001566f000ee0cafffd9e85000b98510009b081
000b80aefffada8dfff76601fffac0b6fff3c1690009cd71000940fb0009368c
0000000000000000000000000000000000000000000000000000000000000000
0000000000000000000000000000000000000000000000000000000000000000
0000000000000000000000000000000000000000000000000000000000000000
0000000000000000000000000000000000000000000000000000000000000000
0000000000000000000000000000000000000000000000000000000000000000
0000000000000000000000000000000000000000000000000000000000000000
0000000000000000000000000000000000000000000000000000000000000000
00006c78fffa202ffff8a710fff285c8fff9f7d7ffffaab0000cc357fff3be88
fff69b25000c84d6fffe1c59000437030006076cfff736a1fff2d8c7fffaa2f2
0000000000000000000000000000000000000000000000000000000000000000
0000000000000000000000000000000000000000000000000000000000000000
fff25aa1000c6042000a1ed1fffea9040002d1b4fff9f337000d755cfff60d12
fffc7d8600076987fff3d74200070741000c9ac1ffff6603fffa96a3fff4f85f
0000000000000000000000000000000000000000000000000000000000000000
0000000000000000000000000000000000000000000000000000000000000000
000d5f40fffa9eebfffc9a52fff0b015000c6723fff6a1f5fff4ca78000127a9
0000000000000000000000000000000000000000000000000000000000000000
0000000000000000000000000000000000000000000000000000000000000000
0000000000000000000000000000000000000000000000000000000000000000
0000000000000000000000000000000000000000000000000000000000000000
000874bafff0fb97fff33a04000b788dfff56efefff2c6ecffff2408ffff4053
0000000000000000000000000000000000000000000000000000000000000000
0000000000000000000000000000000000000000000000000000000000000000
0000000000000000000000000000000000000000000000000000000000000000
0000000000000000000000000000000000000000000000000000000000000000
0000000000000000000000000000000000000000000000000000000000000000
0000000000000000000000000000000000000000000000000000000000000000
000b1bf20007421500015b1dfff7c676ffff6c2e000d21b8fff22ca8fffcb45a
0000000000000000000000000000000000000000000000000000000000000000
0000000000000000000000000000000000000000000000000000000000000000
0000000000000000000000000000000000000000000000000000000000000000
0000000000000000000000000000000000000000000000000000000000000000
0002068e0004d019fff7b811000f4afe00003638fff9a06a00066d59fff56aaf
000dc9e80009bd4dffff03c2fff9402d000ee7ddfffdb9e4fff09626fff45319
fff58ca1fff29eab000ba279fff3f3a70005ed59000962bb0007b440fff6e4ad
0000000000000000000000000000000000000000000000000000000000000000
0000000000000000000000000000000000000000000000000000000000000000
fff8bc830005d981fffc8387000446f0ffff1981000beab5fff5ccc5000ce3aa
0000000000000000000000000000000000000000000000000000000000000000
0000000000000000000000000000000000000000000000000000000000000000
0000000000000000000000000000000000000000000000000000000000000000
0000000000000000000000000000000000000000000000000000000000000000
0000000000000000000000000000000000000000000000000000000000000000
000127e6000322080006e13c000b8037000d52bb000d9b1afffa355d000b7abf
000eba40fffa685a00000db000016641fff45ad4000b0a44000805effff41315
0000000000000000000000000000000000000000000000000000000000000000
0000000000000000000000000000000000000000000000000000000000000000
0000000000000000000000000000000000000000000000000000000000000000
ffffff7cfff2e7dbfff494330007f8c1fff20f9d0003f0db00036670fff18ad0
0000000000000000000000000000000000000000000000000000000000000000
0000000000000000000000000000000000000000000000000000000000000000
0000000000000000000000000000000000000000000000000000000000000000
0000000000000000000000000000000000000000000000000000000000000000
0000000000000000000000000000000000000000000000000000000000000000
0000000000000000000000000000000000000000000000000000000000000000
0000000000000000000000000000000000000000000000000000000000000000
0000000000000000000000000000000000000000000000000000000000000000
0000000000000000000000000000000000000000000000000000000000000000
0000000000000000000000000000000000000000000000000000000000000000
0000000000000000000000000000000000000000000000000000000000000000
0000000000000000000000000000000000000000000000000000000000000000
0000000000000000000000000000000000000000000000000000000000000000
0000000000000000000000000000000000000000000000000000000000000000
0000000000000000000000000000000000000000000000000000000000000000
fffa54cbfffabeb20005d24800075127fff4bd7afff35787ffffbd2f0000fc90
0000000000000000000000000000000000000000000000000000000000000000
000ab82bfffdfc770009099c0009c845fffd014e000f7a5dfff85560fff1198b
0006c2dc00053205fff51cd2fff197d1ffface5afff1f8b0000f3ed2fff85951
0000000000000000000000000000000000000000000000000000000000000000
0000000000000000000000000000000000000000000000000000000000000000
fff178ebfffa13f5fff0df49000b0cd7fffbd62c000db1dc0002daa3ffffb582
0000000000000000000000000000000000000000000000000000000000000000
0000000000000000000000000000000000000000000000000000000000000000
0000000000000000000000000000000000000000000000000000000000000000
0000000000000000000000000000000000000000000000000000000000000000
0000000000000000000000000000000000000000000000000000000000000000
000411a0000ea520fff40b35fff8ba1f00000c4bfffddfa90009e5c4000eecb9
0000000000000000000000000000000000000000000000000000000000000000
0006be210005fbb5000f922400029aebfff3f1d3fffa3bd9fff9a51efff6a573
0000000000000000000000000000000000000000000000000000000000000000
0000000000000000000000000000000000000000000000000000000000000000
0000000000000000000000000000000000000000000000000000000000000000
0000000000000000000000000000000000000000000000000000000000000000
0000000000000000000000000000000000000000000000000000000000000000
fff1b561fffc4a6a000905e0fff8990affff868dfffdbc0e0008e821000b7149
0000000000000000000000000000000000000000000000000000000000000000
0000000000000000000000000000000000000000000000000000000000000000
00064a7efffbeabffff5ba81fff4460e000dfb1b000ba700fff42e3bfff26591
fff9704600081811fff3245efffd8b55fffb73fe0003104dfff52a5afffedf46
0000000000000000000000000000000000000000000000000000000000000000
0000000000000000000000000000000000000000000000000000000000000000
fff995fa000c1454fff31a11fffd6d26fff030ecfffdceff000b752d000e8dc3
0001b22e000e714cfff792e0fff630fc0006478b00033b68fff1ecaf000d788a
0000000000000000000000000000000000000000000000000000000000000000
000c03990006ec1e0000c2ed000342b000027512fff6614800038595fff81f66
0000000000000000000000000000000000000000000000000000000000000000
0000000000000000000000000000000000000000000000000000000000000000
0000000000000000000000000000000000000000000000000000000000000000
0000000000000000000000000000000000000000000000000000000000000000
fff62c36fff6cd240007812d0001b116fffacb62fffdfc02fff07d12000189c1
0000000000000000000000000000000000000000000000000000000000000000
fffe1ca700053b10000c5000000cb7d700026472fffdffc2000a58f0fffbba96
0000000000000000000000000000000000000000000000000000000000000000
0000000000000000000000000000000000000000000000000000000000000000
0000000000000000000000000000000000000000000000000000000000000000
0000000000000000000000000000000000000000000000000000000000000000
0000000000000000000000000000000000000000000000000000000000000000
0000000000000000000000000000000000000000000000000000000000000000
0000000000000000000000000000000000000000000000000000000000000000
0000000000000000000000000000000000000000000000000000000000000000
0000000000000000000000000000000000000000000000000000000000000000
0000000000000000000000000000000000000000000000000000000000000000
0000000000000000000000000000000000000000000000000000000000000000
0000000000000000000000000000000000000000000000000000000000000000
0000000000000000000000000000000000000000000000000000000000000000
000a6f4f000e9b95fff008f30007b98cfff142ef000afd71fff76e2ffffee214
0000000000000000000000000000000000000000000000000000000000000000
0000000000000000000000000000000000000000000000000000000000000000
0000000000000000000000000000000000000000000000000000000000000000
000b1461000da440fff338de000fa312fff71a100001f25e000fbe6efffde47b
0000000000000000000000000000000000000000000000000000000000000000
0000000000000000000000000000000000000000000000000000000000000000
0000000000000000000000000000000000000000000000000000000000000000
fff5d59500043b040003b3c3fffef3600009b4de0004d35e00056a66000c31fe
fffa1ec2000aa0ee00007a9a00085a0d0001d863fff71679000f3529fff5796f
0000000000000000000000000000000000000000000000000000000000000000
0000000000000000000000000000000000000000000000000000000000000000
0000000000000000000000000000000000000000000000000000000000000000
000c5c5effffec1e000c489efff3db88fff923f700092f36fff3183700081496
0000000000000000000000000000000000000000000000000000000000000000
0000000000000000000000000000000000000000000000000000000000000000
0000000000000000000000000000000000000000000000000000000000000000
0000000000000000000000000000000000000000000000000000000000000000
fff36bbbfff4e127fffc6a2cfff580f1ffff29870002fd84fffa3ebd00066f80
0000000000000000000000000000000000000000000000000000000000000000
0000000000000000000000000000000000000000000000000000000000000000
0000000000000000000000000000000000000000000000000000000000000000
0000000000000000000000000000000000000000000000000000000000000000
0000000000000000000000000000000000000000000000000000000000000000
000d1e0afff4e4200001c6b6fff0905b00010bbdfffa8092fffe09c7000dd4f9
0000000000000000000000000000000000000000000000000000000000000000
0000000000000000000000000000000000000000000000000000000000000000
0000000000000000000000000000000000000000000000000000000000000000
0000000000000000000000000000000000000000000000000000000000000000
0000000000000000000000000000000000000000000000000000000000000000
0000000000000000000000000000000000000000000000000000000000000000
0000000000000000000000000000000000000000000000000000000000000000
fffe48b7000dc0af000102defff96a92fffe9fa300076938000dda8b0004b691
0000000000000000000000000000000000000000000000000000000000000000
0000000000000000000000000000000000000000000000000000000000000000
0000000000000000000000000000000000000000000000000000000000000000
0000000000000000000000000000000000000000000000000000000000000000
0000000000000000000000000000000000000000000000000000000000000000
0000000000000000000000000000000000000000000000000000000000000000
00022c4a000061ceffff21c9fff78164ffff46630006ffc80000055d000704a7
0000000000000000000000000000000000000000000000000000000000000000
000e45a0fffe61fcfff006b7000740abfff11c300007d051000e86df00048e4c
0000000000000000000000000000000000000000000000000000000000000000
0000000000000000000000000000000000000000000000000000000000000000
0000000000000000000000000000000000000000000000000000000000000000
0000000000000000000000000000000000000000000000000000000000000000
0000000000000000000000000000000000000000000000000000000000000000
fff51d5e0005b5bbfff8780700003648000511d1000d3535fff0b1c400091e06
0000000000000000000000000000000000000000000000000000000000000000
fffa56ecfff0bf68fffdb5cd000e7fedfff549c5fffd6006fff429bdfffeac75
0000000000000000000000000000000000000000000000000000000000000000
0000000000000000000000000000000000000000000000000000000000000000
0000000000000000000000000000000000000000000000000000000000000000
0000000000000000000000000000000000000000000000000000000000000000
000c868d000ebe0c000eb46efffc504ffff09cf7fff4ab4d00021323000b66f5
000e3e7b000ce1ce0008d688fffec6b4fff0fbbd000360010006ab78000a7404
0007ffe4fff7cfa4fff04356fffcab720009890d00042658fffa7220fff5d45e
0000000000000000000000000000000000000000000000000000000000000000
00000b2dfff70ed6000042c3000ca324000810df000ad86e000a0aea000d6f55
0000000000000000000000000000000000000000000000000000000000000000
00089f43fffe9ed2000c63be000865e1000e7fe20008dfb1fffd23a10001d1eb
0000000000000000000000000000000000000000000000000000000000000000
0000000000000000000000000000000000000000000000000000000000000000
0000000000000000000000000000000000000000000000000000000000000000
0000000000000000000000000000000000000000000000000000000000000000
0000000000000000000000000000000000000000000000000000000000000000
0000000000000000000000000000000000000000000000000000000000000000
0000000000000000000000000000000000000000000000000000000000000000
0000000000000000000000000000000000000000000000000000000000000000
0000000000000000000000000000000000000000000000000000000000000000
00098bcc000660a6fff2a8ccfff5c604fff9dda1fff71841ffff189dfff56cc4
0000000000000000000000000000000000000000000000000000000000000000
0000000000000000000000000000000000000000000000000000000000000000
0000000000000000000000000000000000000000000000000000000000000000
0000000000000000000000000000000000000000000000000000000000000000
fff272e9000decdafff91dbfffff9a410002895cfffdc1d7fffa942d000fe657
0000000000000000000000000000000000000000000000000000000000000000
0000000000000000000000000000000000000000000000000000000000000000
0000000000000000000000000000000000000000000000000000000000000000
0000000000000000000000000000000000000000000000000000000000000000
0000000000000000000000000000000000000000000000000000000000000000
0000000000000000000000000000000000000000000000000000000000000000
fff7532efff5e653000e030efff4f372fff774e00001acfe00092eca000c68df
fff2287afff1a3110007ffd7000ab4b3ffffcbdffffdf0d300044b05000aa1f1
0000000000000000000000000000000000000000000000000000000000000000
fff90464fff4576dfffadd9b000167d0fff6e0d7fff90f81fff8cdc900061eb8
0000000000000000000000000000000000000000000000000000000000000000
fff004ccfff455b90008acfffffdda7e00001d1d00029f980004d46a000ef953
0000000000000000000000000000000000000000000000000000000000000000
0000000000000000000000000000000000000000000000000000000000000000
0000000000000000000000000000000000000000000000000000000000000000
fff5978ffffe7495000e79bdfff109a0fffd5ec8000fabb2000e0f2dfffecec1
0000000000000000000000000000000000000000000000000000000000000000
0000000000000000000000000000000000000000000000000000000000000000
0000000000000000000000000000000000000000000000000000000000000000
0000000000000000000000000000000000000000000000000000000000000000
0000000000000000000000000000000000000000000000000000000000000000
0000000000000000000000000000000000000000000000000000000000000000
000e5b51fff73c800007f753fff92246fffd631efff472ccfff81a64fffebab7
0008b227fffd139c0002eb7bfffc4e9bfff72aaefff33d4600066a7c0001cc75
0000000000000000000000000000000000000000000000000000000000000000
0003a7940008de40fff717bdfff84347fff7cef800002d590006262e000a4a1b
0000000000000000000000000000000000000000000000000000000000000000
0000000000000000000000000000000000000000000000000000000000000000
fff89d2ffff52f44fffa01a4fff4c12afff4f554fffb1201000c32170001366c
0000000000000000000000000000000000000000000000000000000000000000
0000000000000000000000000000000000000000000000000000000000000000
0000000000000000000000000000000000000000000000000000000000000000
0000000000000000000000000000000000000000000000000000000000000000
00067ac4fff8c501fff88d79000b0868fff9742000058385fff1d45900017a25
0000000000000000000000000000000000000000000000000000000000000000
0000000000000000000000000000000000000000000000000000000000000000
fff6feed000da614fffa2a92000e4810fff918d0fff309d4000450d30005c207
0000000000000000000000000000000000000000000000000000000000000000
0000000000000000000000000000000000000000000000000000000000000000
0000000000000000000000000000000000000000000000000000000000000000
0006b3b9fff4b97ffffa848b0008af65000e4bb5000d5476000a712cfff22c33
0000000000000000000000000000000000000000000000000000000000000000
0000000000000000000000000000000000000000000000000000000000000000
0000000000000000000000000000000000000000000000000000000000000000
0000000000000000000000000000000000000000000000000000000000000000
0000000000000000000000000000000000000000000000000000000000000000
0000000000000000000000000000000000000000000000000000000000000000
fff3a663000f0c37fffe31c5000585f10007134bfffebfa800097181000222d5
0000000000000000000000000000000000000000000000000000000000000000
0000000000000000000000000000000000000000000000000000000000000000
fff58669fff6f091000d5264fff61a39fffb87230008815400027373fffcb75a
000c5e59fffe8eb3fff20f2200012799000a18460006bfbe000214cbfff272a0
0000000000000000000000000000000000000000000000000000000000000000
000c08300001663f000371f3fffaf5a500012a0efffb62a30000641c000568f6
0000000000000000000000000000000000000000000000000000000000000000
0000000000000000000000000000000000000000000000000000000000000000
0000000000000000000000000000000000000000000000000000000000000000
000a6916fff0803e00052ae200065e57000d1ddbfffa317ffffc52250005cd1f
fffe3952000548ca0007cecc000385d40000a741fff52f740004ba74fffae794
0000000000000000000000000000000000000000000000000000000000000000
0000000000000000000000000000000000000000000000000000000000000000
fffe1b31000c44b2fff78c30fff96e36fff95a8b00048db90001f89f0002eec1
0000000000000000000000000000000000000000000000000000000000000000
0000000000000000000000000000000000000000000000000000000000000000
0000000000000000000000000000000000000000000000000000000000000000
0000000000000000000000000000000000000000000000000000000000000000
0000000000000000000000000000000000000000000000000000000000000000
0000000000000000000000000000000000000000000000000000000000000000
0000000000000000000000000000000000000000000000000000000000000000
0000000000000000000000000000000000000000000000000000000000000000
fffcf33f000e18ebfff2b767fff3f539fff0fde10006b5e9000b9947fff6bd4f
0000000000000000000000000000000000000000000000000000000000000000
000c2eba00020a1900075c4800047e63000df875fff70e10fff2646d0001b9e2
0000000000000000000000000000000000000000000000000000000000000000
0000000000000000000000000000000000000000000000000000000000000000
0000000000000000000000000000000000000000000000000000000000000000
0000000000000000000000000000000000000000000000000000000000000000
0000000000000000000000000000000000000000000000000000000000000000
0000000000000000000000000000000000000000000000000000000000000000
0000000000000000000000000000000000000000000000000000000000000000
0000000000000000000000000000000000000000000000000000000000000000
fff46d73fff711b5fff5ca880005fb86000af0c6000ca2b5000aeed0000ba7e5
0000000000000000000000000000000000000000000000000000000000000000
00080ba8000cc023fff792800009dd42fff216360008ad2500000d720006a44c
000a8f5afffe02dcfffab3ee0002f667000de9d0fff7479f0007d26400025e76
fff0bbcdfff31f5000074f4c0001c9d00000c838fff5e116000f99b3000dedd9
0000000000000000000000000000000000000000000000000000000000000000
0007a6c2fffee4f4000cc507fff2a9ddfff0e69f0005a6d1fff94a06000b9751
0000000000000000000000000000000000000000000000000000000000000000
0000000000000000000000000000000000000000000000000000000000000000
fff3719c0005051300055fb6fff2b181000b9cc40004f292000c5e9c00036019
0000000000000000000000000000000000000000000000000000000000000000
0003dfd2000e2e28fffd3e910001b0b1fff9cb0ffff8f909ffffef43fff00420
0000000000000000000000000000000000000000000000000000000000000000
0000000000000000000000000000000000000000000000000000000000000000
0000000000000000000000000000000000000000000000000000000000000000
000bcc86fffa9cce00036f6e000ae5b10002795cfffa8ea7000603e7fff3ddb9
0000000000000000000000000000000000000000000000000000000000000000
0004f32200078d58000d84d0fff7c821fff73df8fff00c3afff2c97a0006c315
0000000000000000000000000000000000000000000000000000000000000000
0000000000000000000000000000000000000000000000000000000000000000
0000000000000000000000000000000000000000000000000000000000000000
0000000000000000000000000000000000000000000000000000000000000000
0000000000000000000000000000000000000000000000000000000000000000
0000000000000000000000000000000000000000000000000000000000000000
ffff58ed00042918fff7fc60fff0106c00081d5300088d5cfffd4d00fffb4663
0000000000000000000000000000000000000000000000000000000000000000
0000000000000000000000000000000000000000000000000000000000000000
000cfb4a0008df02fffeee970005f33a000dab08fffa6de4000159c1000a3373
0000000000000000000000000000000000000000000000000000000000000000
0000000000000000000000000000000000000000000000000000000000000000
fff35957fff4e0bffff3420cfffb326afff048b2fff1de08fff44b70fff733d3
0000000000000000000000000000000000000000000000000000000000000000
fff5bffd000648bcfff0c35cfff7f3a30002021dfffd4868000ba7e2000c3bd4
0000f9f9fff514a5fffeeee2fff125f100080a0bfffc8a06ffff6e3000063c5a
0000000000000000000000000000000000000000000000000000000000000000
0000000000000000000000000000000000000000000000000000000000000000
0008866800069aa9fffd72700000ccf5fff5950000050b5c00087ca00002df40
0007e3b2fffb1cb3fff80643000290bb0008d217000f32e2fff1993fffff8b0d
0000000000000000000000000000000000000000000000000000000000000000
0000000000000000000000000000000000000000000000000000000000000000
0000000000000000000000000000000000000000000000000000000000000000
0000000000000000000000000000000000000000000000000000000000000000
0000000000000000000000000000000000000000000000000000000000000000
0000000000000000000000000000000000000000000000000000000000000000
0000000000000000000000000000000000000000000000000000000000000000
0000000000000000000000000000000000000000000000000000000000000000
0000000000000000000000000000000000000000000000000000000000000000
0000000000000000000000000000000000000000000000000000000000000000
0007b0fafff1840efffca6ecfffe4f21fffee403fffdcda5fff6291400052919
0000000000000000000000000000000000000000000000000000000000000000
0002df75000b9af50008dee5000d7821000a1005fff6b9c5fff1942f000633e9
0000000000000000000000000000000000000000000000000000000000000000
0000000000000000000000000000000000000000000000000000000000000000
0000000000000000000000000000000000000000000000000000000000000000
0000000000000000000000000000000000000000000000000000000000000000
0009c047000c6e74fff49b63000469affffcc832fff7eefd0005059efffefab6
fff72a41fffde7cd000f773400075e66fff5098a0001b22d0001afdefffa2c8f
0000000000000000000000000000000000000000000000000000000000000000
0000000000000000000000000000000000000000000000000000000000000000
0000000000000000000000000000000000000000000000000000000000000000
0000000000000000000000000000000000000000000000000000000000000000
0000000000000000000000000000000000000000000000000000000000000000
ffffdcea000fa979000601230004a65d000dc43a000ef136fffe1878000bc60f
0000000000000000000000000000000000000000000000000000000000000000
0000000000000000000000000000000000000000000000000000000000000000
0000000000000000000000000000000000000000000000000000000000000000
0000000000000000000000000000000000000000000000000000000000000000
0000000000000000000000000000000000000000000000000000000000000000
fff2278a00024ca1000e240a0008b43cfff34f59fffd88c3fff4f555fff2eb3c
0000000000000000000000000000000000000000000000000000000000000000
fff168c6000c323ffff60ba1000566f6000530e3000656f6000e7894fffbf986
0000000000000000000000000000000000000000000000000000000000000000
0000000000000000000000000000000000000000000000000000000000000000
0007adb500019b13fffaa0b90008d531fffa8bc00000f96cfffc6b84fff3b2c8
0000000000000000000000000000000000000000000000000000000000000000
0000000000000000000000000000000000000000000000000000000000000000
0000000000000000000000000000000000000000000000000000000000000000
0000000000000000000000000000000000000000000000000000000000000000
fff0b7f3fff5bf80000420d9000a7b9d000be7bf00000924000abf5800013191
0000000000000000000000000000000000000000000000000000000000000000
0000000000000000000000000000000000000000000000000000000000000000
0000000000000000000000000000000000000000000000000000000000000000
0000000000000000000000000000000000000000000000000000000000000000
0000000000000000000000000000000000000000000000000000000000000000
000ce03000019ac30006060d000917cc000e649e0005f4250003b232fff61f19
0000000000000000000000000000000000000000000000000000000000000000
0000000000000000000000000000000000000000000000000000000000000000
0000000000000000000000000000000000000000000000000000000000000000
0000000000000000000000000000000000000000000000000000000000000000
0003a3d5000443effff137f30007eb97fff6eb95ffff3c61fffef105fff6db61
000fe4df00093a61fff72147fffccb560002fe9bfff6d0c6fff76565fff6a758
0000000000000000000000000000000000000000000000000000000000000000
0000000000000000000000000000000000000000000000000000000000000000
0000000000000000000000000000000000000000000000000000000000000000
0000000000000000000000000000000000000000000000000000000000000000
0000000000000000000000000000000000000000000000000000000000000000
0000000000000000000000000000000000000000000000000000000000000000
fff5170f000e1d3a0006ee77000b821f000fb495fff3114d00025713000251e5
0000000000000000000000000000000000000000000000000000000000000000
0000000000000000000000000000000000000000000000000000000000000000
0000000000000000000000000000000000000000000000000000000000000000
fffd94a0000f9addfffe4d1400032519fffa7778fff480ef00012fdefffc4159
0000000000000000000000000000000000000000000000000000000000000000
0000000000000000000000000000000000000000000000000000000000000000
0000000000000000000000000000000000000000000000000000000000000000
0000000000000000000000000000000000000000000000000000000000000000
0009e951fff49544fffc66fa000262c4000aa941000b1e22ffff4d5900046094
0000000000000000000000000000000000000000000000000000000000000000
0000000000000000000000000000000000000000000000000000000000000000
0000000000000000000000000000000000000000000000000000000000000000
0000000000000000000000000000000000000000000000000000000000000000
0000000000000000000000000000000000000000000000000000000000000000
fff9068a0004cd9efff74f59000f33effffed1d3000f2db4000c7fa0fffe296d
0000000000000000000000000000000000000000000000000000000000000000
0000000000000000000000000000000000000000000000000000000000000000
fff7da0600096e690003602dfff3e5ddfffd2195fff3c261fff0e2c9fffce205
0000000000000000000000000000000000000000000000000000000000000000
0000000000000000000000000000000000000000000000000000000000000000
0000000000000000000000000000000000000000000000000000000000000000
0000000000000000000000000000000000000000000000000000000000000000
0000000000000000000000000000000000000000000000000000000000000000
000343d5fffadc03000e8bd5fff83664ffff8ad3000d605bfff18ec7000f7a6c
0000000000000000000000000000000000000000000000000000000000000000
0000000000000000000000000000000000000000000000000000000000000000
0000000000000000000000000000000000000000000000000000000000000000
0000000000000000000000000000000000000000000000000000000000000000
0000000000000000000000000000000000000000000000000000000000000000
000ba6e6fff46bc5000fb43dfff9b038fffaea5efff5347e000e7c500001523e
0000000000000000000000000000000000000000000000000000000000000000
0000000000000000000000000000000000000000000000000000000000000000
0000000000000000000000000000000000000000000000000000000000000000
0000000000000000000000000000000000000000000000000000000000000000
0000000000000000000000000000000000000000000000000000000000000000
0000000000000000000000000000000000000000000000000000000000000000
000401a20006a691000dc164000ac521000f8f76fff91d1c000e9a27fffa0948
0000000000000000000000000000000000000000000000000000000000000000
0000000000000000000000000000000000000000000000000000000000000000
fff548570004e246fff1b2d9fffe847200002d85000ddb08fff37f9a00022365
0000000000000000000000000000000000000000000000000000000000000000
0000000000000000000000000000000000000000000000000000000000000000
000d30a6000db3b5fffb327e00014b20000e7a30000ead9dfffc27e40005647c
000af93f000bd2bb0004038efff344990003c7a7000992300001e60b000fd100
fff0a1e4000f9c65fffd45d0ffff012d0001cf35000219410003a5de000331a9
fff3879afffbb8e600022565000d00210001696cfff6d000ffff3eca00035d49
0000000000000000000000000000000000000000000000000000000000000000
0000000000000000000000000000000000000000000000000000000000000000
0000000000000000000000000000000000000000000000000000000000000000
0000000000000000000000000000000000000000000000000000000000000000
0000000000000000000000000000000000000000000000000000000000000000
fffde46f000edcd7fff9cb8e00067f73fff8074f0002e775fff214460000d5e5
0000000000000000000000000000000000000000000000000000000000000000
0000000000000000000000000000000000000000000000000000000000000000
0000000000000000000000000000000000000000000000000000000000000000
0000000000000000000000000000000000000000000000000000000000000000
0000000000000000000000000000000000000000000000000000000000000000
0000000000000000000000000000000000000000000000000000000000000000
0000000000000000000000000000000000000000000000000000000000000000
0000000000000000000000000000000000000000000000000000000000000000
0000000000000000000000000000000000000000000000000000000000000000
0000000000000000000000000000000000000000000000000000000000000000
000ec3c7ffff2cfafff45542fffc1eb6fff58bb1000c4c1dfff548be0003d06a
00066de1000ca7f5000d116d000902cafffa58aafff5cd84000aa54d0004e252
0000000000000000000000000000000000000000000000000000000000000000
0000000000000000000000000000000000000000000000000000000000000000
0000000000000000000000000000000000000000000000000000000000000000
0000000000000000000000000000000000000000000000000000000000000000
fffad33e00088cc6fffa34be000656f0000fa049ffff3180fffc88810005b9c1
000f42c00009336100069ef100032db400080e1e0000a58a0002162afff98573
0000000000000000000000000000000000000000000000000000000000000000
0000000000000000000000000000000000000000000000000000000000000000
0000000000000000000000000000000000000000000000000000000000000000
0000000000000000000000000000000000000000000000000000000000000000
0006a24e000ef350fffdb3c1fffc1233fff14107fff58fd5fff61690fff464ba
0000000000000000000000000000000000000000000000000000000000000000
fff12fb700025ccf000f3fd2fff28f6cfffe8c88fffeb4cf00041bd10006962d
0000000000000000000000000000000000000000000000000000000000000000
0000000000000000000000000000000000000000000000000000000000000000
0000000000000000000000000000000000000000000000000000000000000000
0000000000000000000000000000000000000000000000000000000000000000
fffdf772000fa459fff595cb000f4f1f0003c8710007e9b2fff6c514fff46e1c
0000000000000000000000000000000000000000000000000000000000000000
0000000000000000000000000000000000000000000000000000000000000000
0000000000000000000000000000000000000000000000000000000000000000
0000000000000000000000000000000000000000000000000000000000000000
fffaab1bfffda10e000a866300019d23000e33e9fff22aa8000d973bfffb53e5
0000000000000000000000000000000000000000000000000000000000000000
0000000000000000000000000000000000000000000000000000000000000000
0000000000000000000000000000000000000000000000000000000000000000
0000000000000000000000000000000000000000000000000000000000000000
0000000000000000000000000000000000000000000000000000000000000000
0000000000000000000000000000000000000000000000000000000000000000
0000000000000000000000000000000000000000000000000000000000000000
fff59b77fff4ad54ffffa01a0005f229000003fc000a9f35000b976cfff31bbe
000bfaf9fff1a4bafff0120100019ddc00057888fff54443fff7adbdfff6aebd
000b7a030009a7b0fff2dd99fffcf5bdfff72baafffaffd3fff36612000e1f13
fff3e83efff7e432000fe2590006d537000927c6000f9738fff318bafff73b13
fff68705fff623d7000b1df1fff469fc000dc1a00000e99bfffe07eb000ab2b6
0000000000000000000000000000000000000000000000000000000000000000
0000000000000000000000000000000000000000000000000000000000000000
0000000000000000000000000000000000000000000000000000000000000000
000429e40006952dfff6a3570009c608fffbe0c0000bff22000679f20009c7bd
0000000000000000000000000000000000000000000000000000000000000000
0000000000000000000000000000000000000000000000000000000000000000
0000000000000000000000000000000000000000000000000000000000000000
fff52bf0fff27ff3fff7bcbd000cd42c00099298000af5f0fffdfb4700007170
0000000000000000000000000000000000000000000000000000000000000000
fff1e72cfff2008100089dbafff1e9fcfffb2bf0fffdb151fff78c36000be19e
0000000000000000000000000000000000000000000000000000000000000000
0000000000000000000000000000000000000000000000000000000000000000
0000000000000000000000000000000000000000000000000000000000000000
0000000000000000000000000000000000000000000000000000000000000000
0000000000000000000000000000000000000000000000000000000000000000
000f639d0006a555fffb8d17fff31c1afffd037d000b0d95fff1690f00078f21
0000000000000000000000000000000000000000000000000000000000000000
fff3eaadfff0c521000491a70000fc9b000a1d030007f7cf000a40cbfffe7366
0000000000000000000000000000000000000000000000000000000000000000
0000000000000000000000000000000000000000000000000000000000000000
0000000000000000000000000000000000000000000000000000000000000000
fff04a75000f5987000d2950fff29ac5000a6d7900071996fff511fb0002f7b1
0000000000000000000000000000000000000000000000000000000000000000
0000000000000000000000000000000000000000000000000000000000000000
000098ebfff985d6fff40124000accac000826040004c07f00005e5ffffbfa82
0000000000000000000000000000000000000000000000000000000000000000
fff3f5b50007f667000357ac0006e740fff50ab6fffd4232000ec7a5000a5b18
0000000000000000000000000000000000000000000000000000000000000000
0000000000000000000000000000000000000000000000000000000000000000
fff8fcc500067557000d5619fff0b01d000f67cd0002742a000135bafff1203b
0000000000000000000000000000000000000000000000000000000000000000
0000000000000000000000000000000000000000000000000000000000000000
0000000000000000000000000000000000000000000000000000000000000000
0000000000000000000000000000000000000000000000000000000000000000
0000000000000000000000000000000000000000000000000000000000000000
0000000000000000000000000000000000000000000000000000000000000000
0000000000000000000000000000000000000000000000000000000000000000
000b63700003fb1000022f1efff47140000505cafff42c74000bf68cfff84838
0000000000000000000000000000000000000000000000000000000000000000
0000000000000000000000000000000000000000000000000000000000000000
0000000000000000000000000000000000000000000000000000000000000000
0000000000000000000000000000000000000000000000000000000000000000
0000000000000000000000000000000000000000000000000000000000000000
fffe78d3fff9cf8cfff1a621000c84c5fffb517dfff3c4e7000ea39b000ef811
0000000000000000000000000000000000000000000000000000000000000000
0000000000000000000000000000000000000000000000000000000000000000
0000000000000000000000000000000000000000000000000000000000000000
0000000000000000000000000000000000000000000000000000000000000000
000727d300030278000eca70fff12b9100082408fffe269bfff337ae0002937d
0000000000000000000000000000000000000000000000000000000000000000
ffff8edcfffef9d500077dc0000f510d000e8b21fff569a1fffba1a80009a61a
fff5763c00040c3e0007d12d000b2af3fff770460000b381000e12540003b178
0000000000000000000000000000000000000000000000000000000000000000
0000000000000000000000000000000000000000000000000000000000000000
0000000000000000000000000000000000000000000000000000000000000000
0000000000000000000000000000000000000000000000000000000000000000
fffd3808000f2d8b00057a960004cc58000ccb2ffffc7487fffef988fffaba1e
0000000000000000000000000000000000000000000000000000000000000000
0000000000000000000000000000000000000000000000000000000000000000
0000000000000000000000000000000000000000000000000000000000000000
0000000000000000000000000000000000000000000000000000000000000000
0000000000000000000000000000000000000000000000000000000000000000
0000000000000000000000000000000000000000000000000000000000000000
0000000000000000000000000000000000000000000000000000000000000000
fffaf8befff3d7dafff63a75fffd210a000cd12cfff8d61700003b62fffcc08d
0000000000000000000000000000000000000000000000000000000000000000
0000000000000000000000000000000000000000000000000000000000000000
0000000000000000000000000000000000000000000000000000000000000000
0000000000000000000000000000000000000000000000000000000000000000
0000000000000000000000000000000000000000000000000000000000000000
0000000000000000000000000000000000000000000000000000000000000000
fff4d56afffe7ef3fffc38e80006793b000ac89c000a77c700081de8fff67628
0000000000000000000000000000000000000000000000000000000000000000
0000000000000000000000000000000000000000000000000000000000000000
fffb82d30001a59d000e4dd7000f912afff158b0fffa0c48000538870005716f
0000000000000000000000000000000000000000000000000000000000000000
0000000000000000000000000000000000000000000000000000000000000000
0000000000000000000000000000000000000000000000000000000000000000
0000000000000000000000000000000000000000000000000000000000000000
0000000000000000000000000000000000000000000000000000000000000000
0000000000000000000000000000000000000000000000000000000000000000
0000000000000000000000000000000000000000000000000000000000000000
fff43b10fff82a3500043734fffc0300fff3c99800098beefff007580002e876
0000000000000000000000000000000000000000000000000000000000000000
0000000000000000000000000000000000000000000000000000000000000000
0000000000000000000000000000000000000000000000000000000000000000
fff93f7c000c11a80001ae9cfff3ddf4fffb00fa0001e99f000cb0490003fecc
0000000000000000000000000000000000000000000000000000000000000000
fffc3075fffd3077fff377d2fff969d1fffcec22fff7a0ed000b9a93fffa0a28
0000000000000000000000000000000000000000000000000000000000000000
0000000000000000000000000000000000000000000000000000000000000000
0000000000000000000000000000000000000000000000000000000000000000
0000000000000000000000000000000000000000000000000000000000000000
fff5451effff0c740006f7fd00088015000237830001c5eb000fc3e8fffaa586
0000000000000000000000000000000000000000000000000000000000000000
0000000000000000000000000000000000000000000000000000000000000000
0000000000000000000000000000000000000000000000000000000000000000
0001292bfffaac4efff7fe73fffbe844fff0d20a00043cfe0008d5180002a2bc
0000000000000000000000000000000000000000000000000000000000000000
0000000000000000000000000000000000000000000000000000000000000000
fff7f22700010022fffca3dafff70ebc000d5516000d284b0005cde50007b16c
0000000000000000000000000000000000000000000000000000000000000000
0009ecb6000f50b6000a7e9f00035df0fff95a4b000f297cfffe98f2fff16042
0000000000000000000000000000000000000000000000000000000000000000
0000000000000000000000000000000000000000000000000000000000000000
0000000000000000000000000000000000000000000000000000000000000000
0000000000000000000000000000000000000000000000000000000000000000
0000000000000000000000000000000000000000000000000000000000000000
0000000000000000000000000000000000000000000000000000000000000000
0000000000000000000000000000000000000000000000000000000000000000
0000000000000000000000000000000000000000000000000000000000000000
0000000000000000000000000000000000000000000000000000000000000000
0000000000000000000000000000000000000000000000000000000000000000
fffa868f000f86bdfff466cefff67682fff411c90002da07000fd5a8fff79c00
0000000000000000000000000000000000000000000000000000000000000000
0000000000000000000000000000000000000000000000000000000000000000
0000000000000000000000000000000000000000000000000000000000000000
0000000000000000000000000000000000000000000000000000000000000000
0000000000000000000000000000000000000000000000000000000000000000
0000000000000000000000000000000000000000000000000000000000000000
0000000000000000000000000000000000000000000000000000000000000000
00065ad40000704a00044a1e0003f4d30000affffffbc953fff42e4bfffa0c87
0000000000000000000000000000000000000000000000000000000000000000
0000000000000000000000000000000000000000000000000000000000000000
0000000000000000000000000000000000000000000000000000000000000000
0000000000000000000000000000000000000000000000000000000000000000
0000000000000000000000000000000000000000000000000000000000000000
0000000000000000000000000000000000000000000000000000000000000000
fff5f5e600054e35fff16804000af975000d117f00019f3ffff6e175fff52db9
0000000000000000000000000000000000000000000000000000000000000000
0007110f000fc809fff68423000789ab000f21a6fffe202f00057ed5fffc25f5
0000000000000000000000000000000000000000000000000000000000000000
0000000000000000000000000000000000000000000000000000000000000000
0000000000000000000000000000000000000000000000000000000000000000
0000000000000000000000000000000000000000000000000000000000000000
0000000000000000000000000000000000000000000000000000000000000000
0000000000000000000000000000000000000000000000000000000000000000
0000000000000000000000000000000000000000000000000000000000000000
00029eec000a39a00004c53d0005e21f000017defff5ea95fff42cf70008471f
0006995cfff8f687000e1451000078f3fffbc244fffe0ddc000a4708fffda04e
0000000000000000000000000000000000000000000000000000000000000000
00073c6300078796000a86a2000972e7fff3d60d000e3402fff90dc3fffc94ad
0000000000000000000000000000000000000000000000000000000000000000
0000000000000000000000000000000000000000000000000000000000000000
0000000000000000000000000000000000000000000000000000000000000000
fff42851fffedb95fff71e32000b6f6cfff05458000408d600097753000401b5
0000000000000000000000000000000000000000000000000000000000000000
0000000000000000000000000000000000000000000000000000000000000000
0000000000000000000000000000000000000000000000000000000000000000
fff8fd2efff306a9000084da0001dd5c0008f84efff75a25fffe4e76000aa955
0000000000000000000000000000000000000000000000000000000000000000
0000000000000000000000000000000000000000000000000000000000000000
0000000000000000000000000000000000000000000000000000000000000000
0000000000000000000000000000000000000000000000000000000000000000
0000000000000000000000000000000000000000000000000000000000000000
0000000000000000000000000000000000000000000000000000000000000000
0000000000000000000000000000000000000000000000000000000000000000
0000000000000000000000000000000000000000000000000000000000000000
0008578f0005eeab0004daa2fff0e6430006126afffb1b10000a37b4fffeae51
0000000000000000000000000000000000000000000000000000000000000000
0000000000000000000000000000000000000000000000000000000000000000
0000000000000000000000000000000000000000000000000000000000000000
0000000000000000000000000000000000000000000000000000000000000000
0000000000000000000000000000000000000000000000000000000000000000
0000000000000000000000000000000000000000000000000000000000000000
0000000000000000000000000000000000000000000000000000000000000000
0000000000000000000000000000000000000000000000000000000000000000
0000000000000000000000000000000000000000000000000000000000000000
0000000000000000000000000000000000000000000000000000000000000000
0000000000000000000000000000000000000000000000000000000000000000
0000000000000000000000000000000000000000000000000000000000000000
fff71067000fb8c90005fa7b00018ebffff5b779fffd4eb6fffa1a72000969c0
0000000000000000000000000000000000000000000000000000000000000000
0000000000000000000000000000000000000000000000000000000000000000
000694e9fff7b829fffe75adfff0c2bcfff588defffcae910009c4c3000657cf
0000000000000000000000000000000000000000000000000000000000000000
0000000000000000000000000000000000000000000000000000000000000000
000457360000a89e0000e890fff28c44fff38552fff2869c000418f3fff00fa8
0000000000000000000000000000000000000000000000000000000000000000
0000000000000000000000000000000000000000000000000000000000000000
0000000000000000000000000000000000000000000000000000000000000000
0000000000000000000000000000000000000000000000000000000000000000
0000000000000000000000000000000000000000000000000000000000000000
0000000000000000000000000000000000000000000000000000000000000000
0000000000000000000000000000000000000000000000000000000000000000
fffa62a4000ffb95000f8b49fff2aa67fff7fd35000ff79f00048538fffde9a7
0000000000000000000000000000000000000000000000000000000000000000
0002d5c8fff6b7d7fff358cafffee047000895ab000b4e16000389defff47fb1
0000bcf500080eb1fff145f6fffb30b6000fa3abfff717800007af470009b040
0000000000000000000000000000000000000000000000000000000000000000
0000000000000000000000000000000000000000000000000000000000000000
0000000000000000000000000000000000000000000000000000000000000000
0000000000000000000000000000000000000000000000000000000000000000
0000000000000000000000000000000000000000000000000000000000000000
0000000000000000000000000000000000000000000000000000000000000000
000c611cffff59e50007e55d0008f897fffdfb81ffffc80afff380bdfff9f7cd
0000000000000000000000000000000000000000000000000000000000000000
0000000000000000000000000000000000000000000000000000000000000000
0000000000000000000000000000000000000000000000000000000000000000
000010d2fff15f1a000ac9ec000bd997fffa563600038994fff28247fff9da81
0000000000000000000000000000000000000000000000000000000000000000
0000ba55000510f4fff87a3f000f6ef5000a3f5300000fa3fffb7d7bfffc350d
0000000000000000000000000000000000000000000000000000000000000000
0000000000000000000000000000000000000000000000000000000000000000
000864dd00003c22000fe669fffa03eaffff6f840003564900091327000c14c8
fffe83c80003bf8e000cfba500008847000b3ec5fffad80bfffd825efff3fc30
0000000000000000000000000000000000000000000000000000000000000000
fff5d9f300038d0bfff117bc00001334000b1f6a000b5fe2fff6e72600027f3b
0000000000000000000000000000000000000000000000000000000000000000
0000000000000000000000000000000000000000000000000000000000000000
000298f40003b1da00016c4cfff06f61ffff66ce0000d504000227940000a0a8
0000000000000000000000000000000000000000000000000000000000000000
0000000000000000000000000000000000000000000000000000000000000000
0000000000000000000000000000000000000000000000000000000000000000
0000000000000000000000000000000000000000000000000000000000000000
000c97e0000250e0fff3edfbfff493ef00007363fff71f83fff3202afff2e096
0000000000000000000000000000000000000000000000000000000000000000
0000000000000000000000000000000000000000000000000000000000000000
0000000000000000000000000000000000000000000000000000000000000000
0000000000000000000000000000000000000000000000000000000000000000
fff937e6000e9edf000581b2fff12716fff0cc11fff8750a000c4592fff7282b
0000000000000000000000000000000000000000000000000000000000000000
0000000000000000000000000000000000000000000000000000000000000000
0000000000000000000000000000000000000000000000000000000000000000
0000000000000000000000000000000000000000000000000000000000000000
0000000000000000000000000000000000000000000000000000000000000000
0000000000000000000000000000000000000000000000000000000000000000
00054f9afffa3891000b2a58fffb218dfff334f30004181affff7a96fff759c9
0000000000000000000000000000000000000000000000000000000000000000
0000000000000000000000000000000000000000000000000000000000000000
0000000000000000000000000000000000000000000000000000000000000000
0000000000000000000000000000000000000000000000000000000000000000
0000000000000000000000000000000000000000000000000000000000000000
0000000000000000000000000000000000000000000000000000000000000000
000f9dc7000eb8160009365800037832fffe0c940008490bfff4a38cfff2f8a2
0000000000000000000000000000000000000000000000000000000000000000
0000000000000000000000000000000000000000000000000000000000000000
0000000000000000000000000000000000000000000000000000000000000000
0000000000000000000000000000000000000000000000000000000000000000
0000000000000000000000000000000000000000000000000000000000000000
0000000000000000000000000000000000000000000000000000000000000000
0000000000000000000000000000000000000000000000000000000000000000
0000000000000000000000000000000000000000000000000000000000000000
0000000000000000000000000000000000000000000000000000000000000000
0000000000000000000000000000000000000000000000000000000000000000
0000000000000000000000000000000000000000000000000000000000000000
0000000000000000000000000000000000000000000000000000000000000000
0000000000000000000000000000000000000000000000000000000000000000
fff18bd0000489e50004006d0000919e00010c2bfff364220009faebfff1c1c1
000cc04afffdaef5fff69236fff4dc66fff168f4fffce7d9000cd353fff7df86
0000000000000000000000000000000000000000000000000000000000000000
0000000000000000000000000000000000000000000000000000000000000000
0006e3250009a008fff0f3a00005ce6bfff68fd2fffabc40fff3f57e0000764e
0000000000000000000000000000000000000000000000000000000000000000
0000000000000000000000000000000000000000000000000000000000000000
0000000000000000000000000000000000000000000000000000000000000000
0000000000000000000000000000000000000000000000000000000000000000
0000000000000000000000000000000000000000000000000000000000000000
0000000000000000000000000000000000000000000000000000000000000000
0000000000000000000000000000000000000000000000000000000000000000
0000000000000000000000000000000000000000000000000000000000000000
0000000000000000000000000000000000000000000000000000000000000000
0000000000000000000000000000000000000000000000000000000000000000
0000000000000000000000000000000000000000000000000000000000000000
0000000000000000000000000000000000000000000000000000000000000000
0000000000000000000000000000000000000000000000000000000000000000
fff41ae3ffffa3ddfff83c28fff86191000ec784000e01460002a478000d5f2f
0000000000000000000000000000000000000000000000000000000000000000
0000000000000000000000000000000000000000000000000000000000000000
000a4527fff55ce9fffffabb000fd6f8000c662ffff42d6500061d86000747a4
0000000000000000000000000000000000000000000000000000000000000000
0000000000000000000000000000000000000000000000000000000000000000
0000000000000000000000000000000000000000000000000000000000000000
0000000000000000000000000000000000000000000000000000000000000000
0000000000000000000000000000000000000000000000000000000000000000
0000000000000000000000000000000000000000000000000000000000000000
fffa0458fff671fe0005ff8a000588e20004f6edfff925e0000ef71a000fdffa
000fe182fff4f0a50000fff10009891b00052400000eb758fffdf0a6fffd89db
0000000000000000000000000000000000000000000000000000000000000000
0000000000000000000000000000000000000000000000000000000000000000
0000000000000000000000000000000000000000000000000000000000000000
0000000000000000000000000000000000000000000000000000000000000000
0000000000000000000000000000000000000000000000000000000000000000
00071849fff38ac8fff5d353000d62bc000724f6000c4f49fff3f33e00019ff7
0000000000000000000000000000000000000000000000000000000000000000
fffa797bfff728180001961600065f9cfffdf621ffffd6aa00083af5fffceecb
0000000000000000000000000000000000000000000000000000000000000000
0000000000000000000000000000000000000000000000000000000000000000
0000000000000000000000000000000000000000000000000000000000000000
0000000000000000000000000000000000000000000000000000000000000000
0000000000000000000000000000000000000000000000000000000000000000
0000000000000000000000000000000000000000000000000000000000000000
0000000000000000000000000000000000000000000000000000000000000000
00099fc700075b81fff7d5980002f98cffffe6b6fff5fcf0fff3f2ecfffafac4
0000000000000000000000000000000000000000000000000000000000000000
0000000000000000000000000000000000000000000000000000000000000000
0000000000000000000000000000000000000000000000000000000000000000
0000000000000000000000000000000000000000000000000000000000000000
0000000000000000000000000000000000000000000000000000000000000000
fffaaa59fff6cda50009ffa9fffc37e7fffeda9ffffc1ea6fff631b2000ee609
0000000000000000000000000000000000000000000000000000000000000000
0000000000000000000000000000000000000000000000000000000000000000
0000000000000000000000000000000000000000000000000000000000000000
00072f8ffffea45efff7d659000555b0fff4fa490004e3b0fff23a80fffdd6d7
0000000000000000000000000000000000000000000000000000000000000000
0000000000000000000000000000000000000000000000000000000000000000
ffff8951fff815beffff29c0fffce02d000e8ac0fffba64f00070481fff2550f
0000000000000000000000000000000000000000000000000000000000000000
0000000000000000000000000000000000000000000000000000000000000000
0000000000000000000000000000000000000000000000000000000000000000
0000000000000000000000000000000000000000000000000000000000000000
0000000000000000000000000000000000000000000000000000000000000000
0000000000000000000000000000000000000000000000000000000000000000
0000000000000000000000000000000000000000000000000000000000000000
0000000000000000000000000000000000000000000000000000000000000000
0001291dfff9cf7ffff0e25efffd97fc00075783fff4932fffff8db000056b1b
0000000000000000000000000000000000000000000000000000000000000000
0000000000000000000000000000000000000000000000000000000000000000
0000000000000000000000000000000000000000000000000000000000000000
0000000000000000000000000000000000000000000000000000000000000000
0000000000000000000000000000000000000000000000000000000000000000
0000000000000000000000000000000000000000000000000000000000000000
0000000000000000000000000000000000000000000000000000000000000000
0000000000000000000000000000000000000000000000000000000000000000
0000000000000000000000000000000000000000000000000000000000000000
0001111a000be222000ad20a000906aa000aafbcfff2d064000b4bd1000696d2
0000000000000000000000000000000000000000000000000000000000000000
0000000000000000000000000000000000000000000000000000000000000000
0000000000000000000000000000000000000000000000000000000000000000
fff8ed4c0005e0cbfff37f5cfff824b8000f3765fff11419000474c4fff5f256
0000000000000000000000000000000000000000000000000000000000000000
fff3ea0100087a77000def7a000e6ab60006b641fff1ffd80001c560fff492ca
0000000000000000000000000000000000000000000000000000000000000000
0000000000000000000000000000000000000000000000000000000000000000
000fa935000a6f72fff4eb160006adecfffdf1ddfff6b89e000488ee000ccd06
000264770006d1020001363efffb4896000392cbffffbb93fff2dc6b000c714f
000149e7fffbfa93000f74fb000652cd000185a0fff54aa7000e1fcbfff67f63
0001ee910008977cfff4e776fffb461a000fcd4c00093be8fff44b88fff445f8
fff30971000a92b8fff64c5c0000b3eafff87d5800070016000fd1f9fff53aba
0005d1fe00058369fff707b1fffa6451fff548d2fff2a0d80008c122fff0f7c4
0000000000000000000000000000000000000000000000000000000000000000
0000000000000000000000000000000000000000000000000000000000000000
0008ed8b0008f01300054c56fff275c3fff622cdfff7c3e5fffef739fff7b580
0000000000000000000000000000000000000000000000000000000000000000
0000000000000000000000000000000000000000000000000000000000000000
0000000000000000000000000000000000000000000000000000000000000000
0000000000000000000000000000000000000000000000000000000000000000
fffe71720000eaca0000fb4efffaf84c000660150009a8d6fff38e3dfff2e3db
000f1a14fffd3ac200091192000663ae00070a9c00096d4afff02516fff657f9
00083b600008b534fffc4e5afff18232fff68b370008383d000963290008a559
0000000000000000000000000000000000000000000000000000000000000000
0000000000000000000000000000000000000000000000000000000000000000
0000000000000000000000000000000000000000000000000000000000000000
fff6dd3b000a6c46000a672f0005b66f000930befff8db32fffd11480003cd41
0000000000000000000000000000000000000000000000000000000000000000
0000000000000000000000000000000000000000000000000000000000000000
0000000000000000000000000000000000000000000000000000000000000000
0000000000000000000000000000000000000000000000000000000000000000
0000000000000000000000000000000000000000000000000000000000000000
0000000000000000000000000000000000000000000000000000000000000000
0000000000000000000000000000000000000000000000000000000000000000
0000000000000000000000000000000000000000000000000000000000000000
0000000000000000000000000000000000000000000000000000000000000000
0000000000000000000000000000000000000000000000000000000000000000
0000000000000000000000000000000000000000000000000000000000000000
0000000000000000000000000000000000000000000000000000000000000000
0000000000000000000000000000000000000000000000000000000000000000
00001b98fffd3402fffb91fcfff8f01f000ea7bffff74d80fffbff40fff5d876
0000000000000000000000000000000000000000000000000000000000000000
0000000000000000000000000000000000000000000000000000000000000000
0000000000000000000000000000000000000000000000000000000000000000
0000000000000000000000000000000000000000000000000000000000000000
0000000000000000000000000000000000000000000000000000000000000000
0000000000000000000000000000000000000000000000000000000000000000
0000000000000000000000000000000000000000000000000000000000000000
0000000000000000000000000000000000000000000000000000000000000000
000bdcccfff75d92fff8c605fffc4cc900028e7700057bc6000c0cd10003d660
fff07582fff2911800043be60005373b000a3d16fffbd2780009f4c7fffb067e
0000000000000000000000000000000000000000000000000000000000000000
0000000000000000000000000000000000000000000000000000000000000000
0000000000000000000000000000000000000000000000000000000000000000
fff600fcfff7700dfff404cbfff3e160fffdbb37000052a20002569d000d660e
0000000000000000000000000000000000000000000000000000000000000000
0000000000000000000000000000000000000000000000000000000000000000
0000000000000000000000000000000000000000000000000000000000000000
0000000000000000000000000000000000000000000000000000000000000000
0000000000000000000000000000000000000000000000000000000000000000
0000000000000000000000000000000000000000000000000000000000000000
0000000000000000000000000000000000000000000000000000000000000000
0000000000000000000000000000000000000000000000000000000000000000
0000000000000000000000000000000000000000000000000000000000000000
0000000000000000000000000000000000000000000000000000000000000000
000d3cbefff6247f0008816bfff7d635fff101dafff6e555fff7fe63fffe8b11
fff91cf2fffcb75dfff72d12fffc9f30fff19c710003b33cfffa8bfafff3ca49
0000000000000000000000000000000000000000000000000000000000000000
0000000000000000000000000000000000000000000000000000000000000000
0000000000000000000000000000000000000000000000000000000000000000
0000000000000000000000000000000000000000000000000000000000000000
0000000000000000000000000000000000000000000000000000000000000000
0009ac2a000acde7000bb321000e9b5b0004fabe0008599afffd6421fff84b5a
0000000000000000000000000000000000000000000000000000000000000000
fff7e84200008c080007589afff6e073000d786bfff3709efff2de69000dcfed
0000000000000000000000000000000000000000000000000000000000000000
fffd745ffff472c0fff32e78fffced210002e99400091471fff93f74fff73c43
fff7930c000a3e05fffdb5630006d59c00098ce40001cac8fff4515300099fe2
0000000000000000000000000000000000000000000000000000000000000000
0000000000000000000000000000000000000000000000000000000000000000
0000000000000000000000000000000000000000000000000000000000000000
0000000000000000000000000000000000000000000000000000000000000000
000d87fb000dd3d5000528b6fff7255d000dca2500084372fff0ad71000c4e3d
0000000000000000000000000000000000000000000000000000000000000000
0000000000000000000000000000000000000000000000000000000000000000
0000000000000000000000000000000000000000000000000000000000000000
0000000000000000000000000000000000000000000000000000000000000000
0000000000000000000000000000000000000000000000000000000000000000
0000000000000000000000000000000000000000000000000000000000000000
fff78389fff3948700007b36fff1c764fff44a0900026778fff66732fffa267d
0008a04e00004f15000fc57cfff73fe80000f753fff2f827000dd2a0fff8d882
0000000000000000000000000000000000000000000000000000000000000000
fffcd91700041074fff8e3e8000d2bcf0000afee000979c8fffe7d53fff905b2
000eaac600058a3d00006930fffce0df000e9d1d0002e583000e75280003ed70
0000000000000000000000000000000000000000000000000000000000000000
0000000000000000000000000000000000000000000000000000000000000000
0000000000000000000000000000000000000000000000000000000000000000
fff0585afff56ddafff06a08000ad3b5fff345fc0003d2d7fff48205fffbc3cf
fff52efc0008b189fff360480001b59bfff5e867000dc46dfffd545400036d89
0000000000000000000000000000000000000000000000000000000000000000
0000000000000000000000000000000000000000000000000000000000000000
0000000000000000000000000000000000000000000000000000000000000000
0000000000000000000000000000000000000000000000000000000000000000
0000000000000000000000000000000000000000000000000000000000000000
000b03bb000ad159ffff03a5fffa88b8000ccb63fffb0eaffff5c8f0fff0c696
0000000000000000000000000000000000000000000000000000000000000000
0000000000000000000000000000000000000000000000000000000000000000
0000000000000000000000000000000000000000000000000000000000000000
0000000000000000000000000000000000000000000000000000000000000000
0000000000000000000000000000000000000000000000000000000000000000
0000000000000000000000000000000000000000000000000000000000000000
0000000000000000000000000000000000000000000000000000000000000000
0000000000000000000000000000000000000000000000000000000000000000
0000000000000000000000000000000000000000000000000000000000000000
0000000000000000000000000000000000000000000000000000000000000000
0000000000000000000000000000000000000000000000000000000000000000
0000000000000000000000000000000000000000000000000000000000000000
fff53d9ffffdaea7fff0add8fffc343f000aa384fffb77d500035c950009ecf5
000ef2720002ff37fff43661fff3a1fafff5cedffff70368fff21e1f000c5d0d
0000000000000000000000000000000000000000000000000000000000000000
fff46513fff2e0abfff85a2600089a2a0004923a00045b1dfff285ce000b9e53
0000000000000000000000000000000000000000000000000000000000000000
0000000000000000000000000000000000000000000000000000000000000000
0000000000000000000000000000000000000000000000000000000000000000
0000000000000000000000000000000000000000000000000000000000000000
0000000000000000000000000000000000000000000000000000000000000000
0000000000000000000000000000000000000000000000000000000000000000
0000000000000000000000000000000000000000000000000000000000000000
fff5e9c9000247edfffab430000799290005f124fff2dacdfff984f2000a99d1
00069c55fff310de0005bba2fff4e0790003646bfff6c51dfffd485afffd6b68
000a8548fffd1242000fda36fff2b2f6fffc83c0000e64e2fff119c50002156f
0000000000000000000000000000000000000000000000000000000000000000
0000000000000000000000000000000000000000000000000000000000000000
fff143acfff5f1f9fffe4bf300045484fffe8953fffb9da9000084de000c57eb
000718ae000202e6fffd7b540000f43efffa44d7fff723fd00038da2000208f8
0000000000000000000000000000000000000000000000000000000000000000
0008cadafff5bc37000dd58efffddcca000f8d14fff2870900028d52000957a1
0008012800048718fff37c93fffe4602fff1c035000475c3000e75aefffe8074
00037eedfffbabeffff04f700007cc7800088f5c000ef6dcfffacf1a00040afd
0000000000000000000000000000000000000000000000000000000000000000
0000000000000000000000000000000000000000000000000000000000000000
00021531fffc273b000a8522ffff1127fff2e0bc000bc739fff075dbfff55455
0000000000000000000000000000000000000000000000000000000000000000
0000000000000000000000000000000000000000000000000000000000000000
0000000000000000000000000000000000000000000000000000000000000000
0000000000000000000000000000000000000000000000000000000000000000
0000000000000000000000000000000000000000000000000000000000000000
fffbddd0000ef38ffffda641fff9fe17fff0f8fa000756eafff992db000aa6f3
fffe500ffff9d850fff34472fff1b1edfff2024a000c025afff81fcb00073b15
fffa5ab4fff13baafffa60cb0006a4b700004849fffc667bfff5f838fff34ecd
0000000000000000000000000000000000000000000000000000000000000000
0000000000000000000000000000000000000000000000000000000000000000
0000000000000000000000000000000000000000000000000000000000000000
0000000000000000000000000000000000000000000000000000000000000000
0000000000000000000000000000000000000000000000000000000000000000
0000000000000000000000000000000000000000000000000000000000000000
0000000000000000000000000000000000000000000000000000000000000000
00061183fffd6ca7fff1f62e000d9703fff333bc000296fafff5c873000f63f4
0000000000000000000000000000000000000000000000000000000000000000
0000000000000000000000000000000000000000000000000000000000000000
0000000000000000000000000000000000000000000000000000000000000000
0000000000000000000000000000000000000000000000000000000000000000
0000000000000000000000000000000000000000000000000000000000000000
0000000000000000000000000000000000000000000000000000000000000000
0000000000000000000000000000000000000000000000000000000000000000
0000000000000000000000000000000000000000000000000000000000000000
0000000000000000000000000000000000000000000000000000000000000000
000df0b2fffb96a40009a77f000c4c42000cff46fff3f882fff40b43fff11b0c
0000000000000000000000000000000000000000000000000000000000000000
0000000000000000000000000000000000000000000000000000000000000000
0000000000000000000000000000000000000000000000000000000000000000
0000000000000000000000000000000000000000000000000000000000000000
0000000000000000000000000000000000000000000000000000000000000000
0000000000000000000000000000000000000000000000000000000000000000
0000000000000000000000000000000000000000000000000000000000000000
ffffd6d4000713affff35761fffcb993fff88833000c6ed5fff19e2c000063e0
0000000000000000000000000000000000000000000000000000000000000000
0000000000000000000000000000000000000000000000000000000000000000
000fc443fff9d758000d65c700048c8dfff8ab9500053a68fff06d0b00072ccf
0000000000000000000000000000000000000000000000000000000000000000
fff63394fff6e3d5000a5c94fffabddbfff8fe7c000c6c720002c2e4000fb362
fff19c0400064cf3fff0fc2c000c1405fff6dfdbfff011d6000eab17fff4b983
0000000000000000000000000000000000000000000000000000000000000000
0000000000000000000000000000000000000000000000000000000000000000
0000000000000000000000000000000000000000000000000000000000000000
0000000000000000000000000000000000000000000000000000000000000000
0000000000000000000000000000000000000000000000000000000000000000
000c657ffffa8206fffbc167fffd00e9fffb0d2100046b36ffffd999fff7995f
0000000000000000000000000000000000000000000000000000000000000000
0000000000000000000000000000000000000000000000000000000000000000
0000000000000000000000000000000000000000000000000000000000000000
0000000000000000000000000000000000000000000000000000000000000000
0000000000000000000000000000000000000000000000000000000000000000
0000000000000000000000000000000000000000000000000000000000000000
0000000000000000000000000000000000000000000000000000000000000000
0000000000000000000000000000000000000000000000000000000000000000
0000000000000000000000000000000000000000000000000000000000000000
0000000000000000000000000000000000000000000000000000000000000000
0000000000000000000000000000000000000000000000000000000000000000
00002d82fffd824dfffd0ac600053be000027f33fffbeb3cfffc24b5000a5380
fff69b9a000b41a4fffe9a28fff00731fffeae93fff0fd56fffe421dfffe7752
0000000000000000000000000000000000000000000000000000000000000000
0000000000000000000000000000000000000000000000000000000000000000
00008bcdfffc3501000f85cafffa8fc2fff0e496fffad538fff34592fffca308
0000000000000000000000000000000000000000000000000000000000000000
0000000000000000000000000000000000000000000000000000000000000000
0000000000000000000000000000000000000000000000000000000000000000
00038411fff9bd6bfffe4bd2000f56a8000cb9df000964e2fffa4ca40007f01e
0000000000000000000000000000000000000000000000000000000000000000
0000000000000000000000000000000000000000000000000000000000000000
0000000000000000000000000000000000000000000000000000000000000000
0000000000000000000000000000000000000000000000000000000000000000
0000000000000000000000000000000000000000000000000000000000000000
0000000000000000000000000000000000000000000000000000000000000000
fff1a957000a5e1e0001b9b7fff77dd700023ce30009dc7000005390fff9016b
0000000000000000000000000000000000000000000000000000000000000000
0000000000000000000000000000000000000000000000000000000000000000
0000000000000000000000000000000000000000000000000000000000000000
0000000000000000000000000000000000000000000000000000000000000000
0000000000000000000000000000000000000000000000000000000000000000
00025c880002ea7b000ca531fff80f0bfff22af0fff8ecc0000d04aa00052412
fff7858afffb8328fff41fe900092855ffff6915fff93f4f000b556cfff5be9d
fffddfb4fffe8df800053b8afffbca75fffc909dfff10f8bfffcc473fffa6457
0003c75e000d4e5cfffb134d000fbc34000cbe2c00070619000b34d800077973
fffd625e0002981800074fb8fff29562fffa7a9e0002323d000ceb26000fdce7
0000000000000000000000000000000000000000000000000000000000000000
0000000000000000000000000000000000000000000000000000000000000000
0000000000000000000000000000000000000000000000000000000000000000
0000000000000000000000000000000000000000000000000000000000000000
0000000000000000000000000000000000000000000000000000000000000000
0000000000000000000000000000000000000000000000000000000000000000
0000000000000000000000000000000000000000000000000000000000000000
0000000000000000000000000000000000000000000000000000000000000000
0000000000000000000000000000000000000000000000000000000000000000
0000000000000000000000000000000000000000000000000000000000000000
fff20a0b000ce9b8000af94dfffd8de5000c72390006ba05fff904ef000e985f
0000000000000000000000000000000000000000000000000000000000000000
0000000000000000000000000000000000000000000000000000000000000000
0000000000000000000000000000000000000000000000000000000000000000
0000000000000000000000000000000000000000000000000000000000000000
0000000000000000000000000000000000000000000000000000000000000000
0000000000000000000000000000000000000000000000000000000000000000
0000000000000000000000000000000000000000000000000000000000000000
0000000000000000000000000000000000000000000000000000000000000000
0000000000000000000000000000000000000000000000000000000000000000
fff54d36fff803ac000e6383000335cdfff57bdb00028caffffe9de9000821cf
0000000000000000000000000000000000000000000000000000000000000000
0000000000000000000000000000000000000000000000000000000000000000
0000000000000000000000000000000000000000000000000000000000000000
fff648960008749d000868cafff629a4000f665200092e57fff0d381000bdb0e
00006329000e81180004d2b3000f82e7fff37f00fffbbf88000cb117fff21fdd
0000000000000000000000000000000000000000000000000000000000000000
0007c629fff8c8a8000b6523000f522b000419050004fe88fffe8920000d8c6e
0000000000000000000000000000000000000000000000000000000000000000
0000000000000000000000000000000000000000000000000000000000000000
0000000000000000000000000000000000000000000000000000000000000000
000ff7bbfffa8227fffc6fb8fff389b1000bb8cf000c4c45000150f6000c2417
0000000000000000000000000000000000000000000000000000000000000000
000b441b0007340f000fc89500003450fff7ea5d00083148fffd9215fff42e7f
0000000000000000000000000000000000000000000000000000000000000000
0000000000000000000000000000000000000000000000000000000000000000
0000000000000000000000000000000000000000000000000000000000000000
fff89314fff76b9bfff922dc00083c84fff02234fffb958c00048587fff63d24
0000000000000000000000000000000000000000000000000000000000000000
0000000000000000000000000000000000000000000000000000000000000000
0000000000000000000000000000000000000000000000000000000000000000
0000000000000000000000000000000000000000000000000000000000000000
0000000000000000000000000000000000000000000000000000000000000000
0000000000000000000000000000000000000000000000000000000000000000
0000000000000000000000000000000000000000000000000000000000000000
0000000000000000000000000000000000000000000000000000000000000000
0000000000000000000000000000000000000000000000000000000000000000
0000000000000000000000000000000000000000000000000000000000000000
0000000000000000000000000000000000000000000000000000000000000000
fff90ae6fff167cdfffd201ffff89af200040fb6fffca1a2000fafacfffa15f9
0000000000000000000000000000000000000000000000000000000000000000
0000000000000000000000000000000000000000000000000000000000000000
00092eacfff20c27fff1fd5f0004a28e0003a4e4000a1311fffbf7f1fffa42ef
0000000000000000000000000000000000000000000000000000000000000000
0000000000000000000000000000000000000000000000000000000000000000
0000000000000000000000000000000000000000000000000000000000000000
0000000000000000000000000000000000000000000000000000000000000000
0000000000000000000000000000000000000000000000000000000000000000
0000000000000000000000000000000000000000000000000000000000000000
0000000000000000000000000000000000000000000000000000000000000000
0000000000000000000000000000000000000000000000000000000000000000
0000000000000000000000000000000000000000000000000000000000000000
0007e695fffa240afffaf612fffe9e2efff33aa8fff2f4a40002ab1cfffed428
0000000000000000000000000000000000000000000000000000000000000000
0002f7de000d22f5ffffc386fff5583efffbac6a0003cec7fffbcd91000e2288
0005bf9bfffa5ecdfffa124e00057ebafff33a49fff818e5000101c0fff285ac
0000000000000000000000000000000000000000000000000000000000000000
00048fc3ffff9e6dfffdad0300033e090008a51efff8515afffadc7afff82d85
0000000000000000000000000000000000000000000000000000000000000000
0000000000000000000000000000000000000000000000000000000000000000
0000000000000000000000000000000000000000000000000000000000000000
0000000000000000000000000000000000000000000000000000000000000000
0001c198fffd9600fff6d07d0007a7b20009e76ffff3b1be000e997d000cd421
0000000000000000000000000000000000000000000000000000000000000000
0000000000000000000000000000000000000000000000000000000000000000
0000000000000000000000000000000000000000000000000000000000000000
0000000000000000000000000000000000000000000000000000000000000000
fff22072fffd47a20008cec7000e3dff000ba78b0008749cfffe190a000cce95
0000000000000000000000000000000000000000000000000000000000000000
0000000000000000000000000000000000000000000000000000000000000000
fff5503d00034cf3fffb1cc0fff92050000947b4fffadbb5fffa94fffff7c832
000149fa000ef4aefff89839fff8ec5dfff4bc55fff75c6d000d0c14000b9c35
0000000000000000000000000000000000000000000000000000000000000000
0000000000000000000000000000000000000000000000000000000000000000
fff7bb89fff099c2fff05f43fff1fea6fff33fad000ab68500091631fffea46b
0000000000000000000000000000000000000000000000000000000000000000
0000000000000000000000000000000000000000000000000000000000000000
0000000000000000000000000000000000000000000000000000000000000000
fff2347ffff219e4fff420b0000703c60009ca39000b79ae0001fa28fffa8c01
ffff767e0004b18afff90f0dfff16cc1000f7049fff7a7ed000921ee0007ee1c
0004dfdc000e54d7000b7d780005cb8cfffeb08f00057f69000bad94000c8522
0000000000000000000000000000000000000000000000000000000000000000
fff04d46fffc99e4000b3217fff1015400041e8c000fe396ffffd57cfffca444
0000000000000000000000000000000000000000000000000000000000000000
00064769fff6e86d000c5073000d7992000778fffffdd37f000dfe2c000cfe42
0000000000000000000000000000000000000000000000000000000000000000
0000000000000000000000000000000000000000000000000000000000000000
0000000000000000000000000000000000000000000000000000000000000000
fffdd680fff41827000ea400fff9c75cfffbe288fff35350000399230005ad42
0000000000000000000000000000000000000000000000000000000000000000
0000000000000000000000000000000000000000000000000000000000000000
0000000000000000000000000000000000000000000000000000000000000000
0000000000000000000000000000000000000000000000000000000000000000
0000000000000000000000000000000000000000000000000000000000000000
0000000000000000000000000000000000000000000000000000000000000000
0000000000000000000000000000000000000000000000000000000000000000
0000000000000000000000000000000000000000000000000000000000000000
0000000000000000000000000000000000000000000000000000000000000000
0000000000000000000000000000000000000000000000000000000000000000
0000000000000000000000000000000000000000000000000000000000000000
0000000000000000000000000000000000000000000000000000000000000000
0000000000000000000000000000000000000000000000000000000000000000
0000fe9e000341a500058a3d0002a0050003cec7000458cafff4f9e700012241
0000000000000000000000000000000000000000000000000000000000000000
0001d0d1fff6705b00064961fff2682100079c8efff908fb000d23b7fff5e3b7
0000000000000000000000000000000000000000000000000000000000000000
0000000000000000000000000000000000000000000000000000000000000000
fff4c740000f65cdffffc3cb00071b67fffcd4e500041fa2000ef3180009212a
fffc92fe000fda380008a1b4fffb5781000787fffff16d5700084a21000006fd
0000000000000000000000000000000000000000000000000000000000000000
fff07e15fff914d1ffffa73d0004ef86fffec0d1fff75d0800036c410008fb58
0000000000000000000000000000000000000000000000000000000000000000
0000000000000000000000000000000000000000000000000000000000000000
0000000000000000000000000000000000000000000000000000000000000000
0000ecac000f5cb8fffc9e21fff47ab2000a38810004c38cfff2aab9fff071ed
0000000000000000000000000000000000000000000000000000000000000000
0000000000000000000000000000000000000000000000000000000000000000
0000000000000000000000000000000000000000000000000000000000000000
0000000000000000000000000000000000000000000000000000000000000000
0000000000000000000000000000000000000000000000000000000000000000
0000000000000000000000000000000000000000000000000000000000000000
0000000000000000000000000000000000000000000000000000000000000000
0000000000000000000000000000000000000000000000000000000000000000
0000000000000000000000000000000000000000000000000000000000000000
0001204f000a9d3dfffaf4d1fff80363fffb4c78fff1b27e00012cdfffff49a5
0000000000000000000000000000000000000000000000000000000000000000
0000000000000000000000000000000000000000000000000000000000000000
0000000000000000000000000000000000000000000000000000000000000000
fff88230fffe3707ffffdf2e000ee36e000878b7000cce9afffb9dd8fff05404
0000000000000000000000000000000000000000000000000000000000000000
0000000000000000000000000000000000000000000000000000000000000000
fff31316fffdc599fff0f58cfff24c630007ec200001898dfffbb9a100057cfc
0000000000000000000000000000000000000000000000000000000000000000
0000000000000000000000000000000000000000000000000000000000000000
fff5b880000c426a000a0aed00072985000ffcf6fff14479fff1d08400056c3e
0002fcbd0003edd1fff8aeeb0001a715fff97034fff7dc05fff5051c000fa6fe
0000000000000000000000000000000000000000000000000000000000000000
0000000000000000000000000000000000000000000000000000000000000000
0000000000000000000000000000000000000000000000000000000000000000
0000000000000000000000000000000000000000000000000000000000000000
0000000000000000000000000000000000000000000000000000000000000000
0000000000000000000000000000000000000000000000000000000000000000
0000000000000000000000000000000000000000000000000000000000000000
fff88a6efff3be9e00043d8bfff349790005c93afff7054e0004bed1fffbe0de
0008a6c6fff5488bfff59996000a398dfff26296ffffe81600052d2a000ac772
0000000000000000000000000000000000000000000000000000000000000000
0000000000000000000000000000000000000000000000000000000000000000
0000000000000000000000000000000000000000000000000000000000000000
0000000000000000000000000000000000000000000000000000000000000000
0000000000000000000000000000000000000000000000000000000000000000
0000000000000000000000000000000000000000000000000000000000000000
00053a31000c19bb00013a6700010329000e950afff88b67000e0d7ffff29120
0000000000000000000000000000000000000000000000000000000000000000
0000000000000000000000000000000000000000000000000000000000000000
fffb606efff2158d000de90afff82f66ffff446dfff6184a0005e238fffb835c
0000000000000000000000000000000000000000000000000000000000000000
0000000000000000000000000000000000000000000000000000000000000000
0000000000000000000000000000000000000000000000000000000000000000
0000000000000000000000000000000000000000000000000000000000000000
0000000000000000000000000000000000000000000000000000000000000000
0000000000000000000000000000000000000000000000000000000000000000
0000000000000000000000000000000000000000000000000000000000000000
0000000000000000000000000000000000000000000000000000000000000000
0000000000000000000000000000000000000000000000000000000000000000
0000000000000000000000000000000000000000000000000000000000000000
0000000000000000000000000000000000000000000000000000000000000000
0000000000000000000000000000000000000000000000000000000000000000
0000000000000000000000000000000000000000000000000000000000000000
0000000000000000000000000000000000000000000000000000000000000000
0000000000000000000000000000000000000000000000000000000000000000
fffc86d1000e828efffa55f0000553c5fff22f0bfff85bcc0007a15f000d78a7
000e2fe900047a5ffff95fa1fff759d3fffd8ba0000a3953fff7e5aafff58864
0000000000000000000000000000000000000000000000000000000000000000
0000000000000000000000000000000000000000000000000000000000000000
0000000000000000000000000000000000000000000000000000000000000000
0000000000000000000000000000000000000000000000000000000000000000
fff187bdfffd63b2fffc2f7200056187fffa1d0d000ae0e7fffc0ecdfff18fe0
0000000000000000000000000000000000000000000000000000000000000000
0000000000000000000000000000000000000000000000000000000000000000
0000000000000000000000000000000000000000000000000000000000000000
0000000000000000000000000000000000000000000000000000000000000000
0000000000000000000000000000000000000000000000000000000000000000
fff61f4700089f05fff92d7e000c1eecfffc48fdfffad64f000283b2000985f8
000afb96fffa960d0008d731fff0c782000f0065fff7801b00091b26fff83b30
0000000000000000000000000000000000000000000000000000000000000000
0000000000000000000000000000000000000000000000000000000000000000
0000000000000000000000000000000000000000000000000000000000000000
0000000000000000000000000000000000000000000000000000000000000000
0000000000000000000000000000000000000000000000000000000000000000
ffff72d6fff730f6000af5ba0003453f000d4d6ffff0d27b000d1cadffffcd79
0000000000000000000000000000000000000000000000000000000000000000
0000000000000000000000000000000000000000000000000000000000000000
0000000000000000000000000000000000000000000000000000000000000000
0000000000000000000000000000000000000000000000000000000000000000
0000000000000000000000000000000000000000000000000000000000000000
0000000000000000000000000000000000000000000000000000000000000000
0000000000000000000000000000000000000000000000000000000000000000
0000000000000000000000000000000000000000000000000000000000000000
0000000000000000000000000000000000000000000000000000000000000000
000e0bdd0009cafd000c4a91fff39d7bfff522adffff0dcffff8818b0007109a
0000000000000000000000000000000000000000000000000000000000000000
0000000000000000000000000000000000000000000000000000000000000000
0000000000000000000000000000000000000000000000000000000000000000
fff21b7a0006422100075168fff2ca10fff1a611fff9498afff24d2efff09274
0000000000000000000000000000000000000000000000000000000000000000
0000000000000000000000000000000000000000000000000000000000000000
0000000000000000000000000000000000000000000000000000000000000000
0000000000000000000000000000000000000000000000000000000000000000
0000000000000000000000000000000000000000000000000000000000000000
0000000000000000000000000000000000000000000000000000000000000000
000bfa04000e5aab000ef28c000ec1fa000e6a5cfff8d648000a5d02000609dc
0000000000000000000000000000000000000000000000000000000000000000
000555c800038bd900080b690009287efffa7358fff89c610001a3edfff41c37
fffa0732fffb79a400012cde00020d5d000c1dedfffda34b0001776f000cb86e
fffd76ecfff3e0500008f7befffcd9dbfff9ae610004d15cfff2d635000f4c87
0000000000000000000000000000000000000000000000000000000000000000
0000000000000000000000000000000000000000000000000000000000000000
0000000000000000000000000000000000000000000000000000000000000000
fff7a220fff3237e0009b4a2000aa423fff3f9ea0009dbdf0000aab9fff63deb
0000000000000000000000000000000000000000000000000000000000000000
0000000000000000000000000000000000000000000000000000000000000000
0000000000000000000000000000000000000000000000000000000000000000
fff68b49fff9303c0001ea56000c87d9fff3f27b0000c2af0002ba95000a61fe
0000000000000000000000000000000000000000000000000000000000000000
0000000000000000000000000000000000000000000000000000000000000000
0000000000000000000000000000000000000000000000000000000000000000
0000000000000000000000000000000000000000000000000000000000000000
0000000000000000000000000000000000000000000000000000000000000000
0000000000000000000000000000000000000000000000000000000000000000
0000000000000000000000000000000000000000000000000000000000000000
000f13370006091a000e2acafff660710009b5f2000a2c2a000e4bf3fffad720
fff8d7ddfff5e4adfff43534000fe2d4fff08056fffc3fcffffd7416fffcd3d0
00099f8b0002437e00026460000f53090003f2b7fffd48e0fffd95ce000e194f
0000000000000000000000000000000000000000000000000000000000000000
00061570000e3ada000a4d3a0008707afffcfbfa000151bbfffcd441fff4992c
0000000000000000000000000000000000000000000000000000000000000000
0000000000000000000000000000000000000000000000000000000000000000
0000000000000000000000000000000000000000000000000000000000000000
0000000000000000000000000000000000000000000000000000000000000000
fff4313efff163a3000a7c66ffffd051fff95729ffff85a5000db5d0fffea3a1
fff04dd40001cd2e0002d215fff001c6fff266c1fff2a695fff2f8e6fff47eac
0000000000000000000000000000000000000000000000000000000000000000
0000000000000000000000000000000000000000000000000000000000000000
0000000000000000000000000000000000000000000000000000000000000000
0000000000000000000000000000000000000000000000000000000000000000
0000000000000000000000000000000000000000000000000000000000000000
0000000000000000000000000000000000000000000000000000000000000000
0000000000000000000000000000000000000000000000000000000000000000
0000000000000000000000000000000000000000000000000000000000000000
0000000000000000000000000000000000000000000000000000000000000000
0000000000000000000000000000000000000000000000000000000000000000
0000000000000000000000000000000000000000000000000000000000000000
0000000000000000000000000000000000000000000000000000000000000000
0000000000000000000000000000000000000000000000000000000000000000
0000000000000000000000000000000000000000000000000000000000000000
0000000000000000000000000000000000000000000000000000000000000000
0000000000000000000000000000000000000000000000000000000000000000
0000000000000000000000000000000000000000000000000000000000000000
0000000000000000000000000000000000000000000000000000000000000000
00060364fff0b308000ca9730002df4dfffb4f04000c4517fff92118fff3aad3
0000000000000000000000000000000000000000000000000000000000000000
0000000000000000000000000000000000000000000000000000000000000000
0000000000000000000000000000000000000000000000000000000000000000
0000000000000000000000000000000000000000000000000000000000000000
0000000000000000000000000000000000000000000000000000000000000000
0000000000000000000000000000000000000000000000000000000000000000
0000000000000000000000000000000000000000000000000000000000000000
0000000000000000000000000000000000000000000000000000000000000000
0000000000000000000000000000000000000000000000000000000000000000
fff24ae2fff01de4fff1c4c7fff15d8c000515780000da1a00059123fffea9ac
fff2bccc000879de000746e60003e82f00069271000caee0000a473400051172
0000000000000000000000000000000000000000000000000000000000000000
0000000000000000000000000000000000000000000000000000000000000000
0000000000000000000000000000000000000000000000000000000000000000
0000652c00050356fff0c0d3fff5ee9b00078a85000960e5000db1bafff68f1d
0000000000000000000000000000000000000000000000000000000000000000
0000000000000000000000000000000000000000000000000000000000000000
fff7e166fffed9b60005ff15000257aafff8c13efffe5ab5000e93cc000d6be6
fffea863ffff5d38000bc180fffd1b5cfff2025efff48c39fff9e78b000f66e5
0000000000000000000000000000000000000000000000000000000000000000
0000000000000000000000000000000000000000000000000000000000000000
0000000000000000000000000000000000000000000000000000000000000000
000bb31cfff34f34000912effff66d7cfffc1c21fffc9a2f0003e8da00086bb3
0000000000000000000000000000000000000000000000000000000000000000
0000000000000000000000000000000000000000000000000000000000000000
0000000000000000000000000000000000000000000000000000000000000000
fffd0c99fff765db00045bc4fff26643fff2e73efff585350000a788000d0678
0000000000000000000000000000000000000000000000000000000000000000
0000000000000000000000000000000000000000000000000000000000000000
0000000000000000000000000000000000000000000000000000000000000000
0000000000000000000000000000000000000000000000000000000000000000
fff76b6400051e7c0008e445000af83ffff78c45fffb8405fffbf275fff5debb
0000000000000000000000000000000000000000000000000000000000000000
0000000000000000000000000000000000000000000000000000000000000000
0000000000000000000000000000000000000000000000000000000000000000
0000000000000000000000000000000000000000000000000000000000000000
0000000000000000000000000000000000000000000000000000000000000000
0000000000000000000000000000000000000000000000000000000000000000
fff646720004426100083e63fff58af7ffff3d91fff37424fffb87700005785f
0000000000000000000000000000000000000000000000000000000000000000
0000000000000000000000000000000000000000000000000000000000000000
0000000000000000000000000000000000000000000000000000000000000000
0000000000000000000000000000000000000000000000000000000000000000
fffba8acfffafdeefffd6861fffc4ca30009edfb0007e4d90000a903000f938c
0000000000000000000000000000000000000000000000000000000000000000
0000000000000000000000000000000000000000000000000000000000000000
000c7507fff88ffafffb6142fff5a76a000a7645000ea89ffffc28c800088ef2
0000000000000000000000000000000000000000000000000000000000000000
0000000000000000000000000000000000000000000000000000000000000000
fff53fe5fff5e441000c2af6ffffd12dfffc3f41fffb552dfffae007fff4c77e
0008b1dbffff578a00055fe100085843ffff888a0000c3c8fff218f3fffd98da
0000000000000000000000000000000000000000000000000000000000000000
0000000000000000000000000000000000000000000000000000000000000000
0000000000000000000000000000000000000000000000000000000000000000
0001b84bfff90d86000c693bfffe17c30000a169ffffc206fff25afd0002be63
000d5a8efff4ff020004c8f1fff20310fff5078bfffd62260002fd74fffbb528
0000000000000000000000000000000000000000000000000000000000000000
0000000000000000000000000000000000000000000000000000000000000000
0000000000000000000000000000000000000000000000000000000000000000
0000000000000000000000000000000000000000000000000000000000000000
0000000000000000000000000000000000000000000000000000000000000000
0000000000000000000000000000000000000000000000000000000000000000
0000000000000000000000000000000000000000000000000000000000000000
0000000000000000000000000000000000000000000000000000000000000000
0000000000000000000000000000000000000000000000000000000000000000
00059013000ab1930006f1bcfffd9da900067f0800058c9e000341c3fffa1256
0000000000000000000000000000000000000000000000000000000000000000
0000000000000000000000000000000000000000000000000000000000000000
fff89a3900094ddffff089dcfffd4088000bf831000979790005fdcb0000b884
0000000000000000000000000000000000000000000000000000000000000000
0000000000000000000000000000000000000000000000000000000000000000
0000000000000000000000000000000000000000000000000000000000000000
0000000000000000000000000000000000000000000000000000000000000000
0000000000000000000000000000000000000000000000000000000000000000
0000000000000000000000000000000000000000000000000000000000000000
0008e9c0fffe7dbffffca6d1000a89f1fffc5653fffd46c9fffc95400001afc6
0000000000000000000000000000000000000000000000000000000000000000
0000000000000000000000000000000000000000000000000000000000000000
0000000000000000000000000000000000000000000000000000000000000000
0000000000000000000000000000000000000000000000000000000000000000
0000000000000000000000000000000000000000000000000000000000000000
0000000000000000000000000000000000000000000000000000000000000000
0000000000000000000000000000000000000000000000000000000000000000
0000000000000000000000000000000000000000000000000000000000000000
fffcbe1800033df5000dac66fff73f68fffe4a230004c0e4fff33d08fffe80da
00032fbdfff4ca42fff1d3b9fff07ce6000d7706fff087f1000f1e0c0000d8ff
0000000000000000000000000000000000000000000000000000000000000000
0000000000000000000000000000000000000000000000000000000000000000
0000000000000000000000000000000000000000000000000000000000000000
0000000000000000000000000000000000000000000000000000000000000000
0000000000000000000000000000000000000000000000000000000000000000
0000000000000000000000000000000000000000000000000000000000000000
0000000000000000000000000000000000000000000000000000000000000000
fff4475dfffc2026fffdeefe0004be00fff6bf36fffda30dfff5f5170005b84b
0000000000000000000000000000000000000000000000000000000000000000
0000000000000000000000000000000000000000000000000000000000000000
0000000000000000000000000000000000000000000000000000000000000000
0000000000000000000000000000000000000000000000000000000000000000
000733cf0009f34bfff7de62fff6f63dfff1d53cfff4175e00036b71fff77b47
0000000000000000000000000000000000000000000000000000000000000000
0000000000000000000000000000000000000000000000000000000000000000
0000000000000000000000000000000000000000000000000000000000000000
000805fdfff0b6e8fffeb34efff29610000b3e07fff7dd380002cc87fff8dabf
0000000000000000000000000000000000000000000000000000000000000000
0000000000000000000000000000000000000000000000000000000000000000
fff2f176fff55406fff0b5680000e731fff77f2b0001b5ba00016633fffd1e48
0000000000000000000000000000000000000000000000000000000000000000
0000000000000000000000000000000000000000000000000000000000000000
0000000000000000000000000000000000000000000000000000000000000000
0000000000000000000000000000000000000000000000000000000000000000
0000000000000000000000000000000000000000000000000000000000000000
0000000000000000000000000000000000000000000000000000000000000000
0000000000000000000000000000000000000000000000000000000000000000
0002de6ffff7d7eb000f6580fff4eb6c000a07f3000cd50d00029fe1fff34677
0000000000000000000000000000000000000000000000000000000000000000
0000000000000000000000000000000000000000000000000000000000000000
000b8bc30006c59400092d9b0002164600028b060003ee68000f0179fffe9107
0000000000000000000000000000000000000000000000000000000000000000
0000000000000000000000000000000000000000000000000000000000000000
0000000000000000000000000000000000000000000000000000000000000000
0000000000000000000000000000000000000000000000000000000000000000
0000000000000000000000000000000000000000000000000000000000000000
0000000000000000000000000000000000000000000000000000000000000000
00079946fff5dbdafff234a2000984e3fff3bd0b0000b20e000e79abfff3eabb
0000000000000000000000000000000000000000000000000000000000000000
0000000000000000000000000000000000000000000000000000000000000000
0000000000000000000000000000000000000000000000000000000000000000
0000000000000000000000000000000000000000000000000000000000000000
000afd1ffff5361000053b85000443e6fff927e0ffff7cb2000b71b3000646fe
0000000000000000000000000000000000000000000000000000000000000000
000b47b0000d5ef700070aa600023e5dfffa9de500003893000c1dadfff16f01
0000000000000000000000000000000000000000000000000000000000000000
fff9bec0fff3c5c1fffce0b0fff83a2afff2fdf0fff6ceaefffd7780fffbf154
000a1e71000a4a59fff38914000e0651fffb7d04fff4f9b9fffed0400004a84d
0006c019000ba89d000d56b50002b5bc0008f2ab0002c6300006f38cfff76a24
0000000000000000000000000000000000000000000000000000000000000000
0000000000000000000000000000000000000000000000000000000000000000
0000773c000d5564000365a000066e2ffffa667f000cb5ca0009ce5efff2e59e
0000000000000000000000000000000000000000000000000000000000000000
fff801c9fffbe969000cbb29ffff5ddd0001119d000fc794fff64c03fffdb009
0000000000000000000000000000000000000000000000000000000000000000
0000000000000000000000000000000000000000000000000000000000000000
0000000000000000000000000000000000000000000000000000000000000000
0000000000000000000000000000000000000000000000000000000000000000
0000000000000000000000000000000000000000000000000000000000000000
00074037fff6db90fff9be22000115f5ffff3a48fffb8baefff2b5aefff5e0cf
0000000000000000000000000000000000000000000000000000000000000000
0000000000000000000000000000000000000000000000000000000000000000
0000000000000000000000000000000000000000000000000000000000000000
000a0810fffe7aeafffa38720004f45afffb5dda000624b2fffbbabffff4bde9
000ccbda00080827fff9197c000f9dd1fff79a25fffb6edeffffe94ffff52c03
ffff55150003801600025d9700056ed0fff61118000eb200fff0a52afffa00b7
0000000000000000000000000000000000000000000000000000000000000000
0000000000000000000000000000000000000000000000000000000000000000
0000000000000000000000000000000000000000000000000000000000000000
0000000000000000000000000000000000000000000000000000000000000000
0000000000000000000000000000000000000000000000000000000000000000
0000000000000000000000000000000000000000000000000000000000000000
000cdb18fff96da1000b2cb8000e1ebe0001ecebfffa731d0007e4d9fffbbdd3
0000000000000000000000000000000000000000000000000000000000000000
0000000000000000000000000000000000000000000000000000000000000000
00021cbfffffb9240006b778fffc97a0000c2d9d0001d76700017f7cfff214b9
0000000000000000000000000000000000000000000000000000000000000000
fff99f97fff23f2dfff9f44bfffbc499000092b5000a15900009ec14000e5d7b
0000000000000000000000000000000000000000000000000000000000000000
0000000000000000000000000000000000000000000000000000000000000000
0007eb66000e8ca0000fe1de000d6db70000bac0fff7d09f0009f75300009ca3
0007f5a600027a59000c9968ffff1ce0fff6ec730003f7b1fff95870fffea148
0000000000000000000000000000000000000000000000000000000000000000
0000000000000000000000000000000000000000000000000000000000000000
0000000000000000000000000000000000000000000000000000000000000000
0000000000000000000000000000000000000000000000000000000000000000
0000000000000000000000000000000000000000000000000000000000000000
0000000000000000000000000000000000000000000000000000000000000000
0000000000000000000000000000000000000000000000000000000000000000
0000000000000000000000000000000000000000000000000000000000000000
0000000000000000000000000000000000000000000000000000000000000000
0000000000000000000000000000000000000000000000000000000000000000
0000000000000000000000000000000000000000000000000000000000000000
fff4b50900034ff1fffe54fb000074c9fff92b87fff950e6000076d0fffbb2c8
0000000000000000000000000000000000000000000000000000000000000000
0000000000000000000000000000000000000000000000000000000000000000
0000000000000000000000000000000000000000000000000000000000000000
0000000000000000000000000000000000000000000000000000000000000000
fff05e8b000e0f49000e01650009da9efff9a631fffdb9ae0008039500040e8d
0000000000000000000000000000000000000000000000000000000000000000
0000000000000000000000000000000000000000000000000000000000000000
0000000000000000000000000000000000000000000000000000000000000000
0000000000000000000000000000000000000000000000000000000000000000
0000000000000000000000000000000000000000000000000000000000000000
0000000000000000000000000000000000000000000000000000000000000000
0000000000000000000000000000000000000000000000000000000000000000
0000000000000000000000000000000000000000000000000000000000000000
0000000000000000000000000000000000000000000000000000000000000000
0000000000000000000000000000000000000000000000000000000000000000
0000000000000000000000000000000000000000000000000000000000000000
0000000000000000000000000000000000000000000000000000000000000000
0000000000000000000000000000000000000000000000000000000000000000
0000000000000000000000000000000000000000000000000000000000000000
0000000000000000000000000000000000000000000000000000000000000000
0000000000000000000000000000000000000000000000000000000000000000
0000000000000000000000000000000000000000000000000000000000000000
fff417aefffbf451000bec5dffff1b89000b75a00009cfc8fff939cdfffe6ab3
fff19f9a000828c8000eede3000e20cffff313c900048979000296cbfff5d170
0000000000000000000000000000000000000000000000000000000000000000
fff61718000e7e48ffffab52fff2e1a700023d6f000b2b06000a1d1afff33809
0000000000000000000000000000000000000000000000000000000000000000
0000000000000000000000000000000000000000000000000000000000000000
0000000000000000000000000000000000000000000000000000000000000000
0000000000000000000000000000000000000000000000000000000000000000
fff2863f0005bddafffd3ba8000c776dfff6e07dfff215d1000f7973fffd9dac
0000000000000000000000000000000000000000000000000000000000000000
0000000000000000000000000000000000000000000000000000000000000000
0000000000000000000000000000000000000000000000000000000000000000
0000000000000000000000000000000000000000000000000000000000000000
000c5f27fff8e87ffff10f06fff9c7a4fff61cbcfff0ba8c000fdd85fffaa9cd
0000000000000000000000000000000000000000000000000000000000000000
0000000000000000000000000000000000000000000000000000000000000000
0000000000000000000000000000000000000000000000000000000000000000
000dedf90001b381fffb7c13fffe4034fff856b0fff06449fffce492fff6b901
fffe3c07fff2f3c3fffbb2fa000a7d49000a9c1d0007da37fffde71c000eb6ee
0000000000000000000000000000000000000000000000000000000000000000
00010128000f0eddfff5629e00093177fffcf770fff230da00022d73fffb3381
0000000000000000000000000000000000000000000000000000000000000000
0000000000000000000000000000000000000000000000000000000000000000
0000000000000000000000000000000000000000000000000000000000000000
0000000000000000000000000000000000000000000000000000000000000000
0000000000000000000000000000000000000000000000000000000000000000
0000000000000000000000000000000000000000000000000000000000000000
0001ecb60002e9d20001d737fff0d925fff508e0fffe3201fff378f5fff2c332
00052491000d2f62fffcc917fffb33f0fff3b3c500088cdd00015c95000bdeef
0001a270fff018b7fff2cb7b000e6b430001a988000f2c060003657ffff3662f
fffa02cbfffb3d31fff6d1f90006bb9c000daddf00041e6d000c5a78fffef25b
0000000000000000000000000000000000000000000000000000000000000000
0000000000000000000000000000000000000000000000000000000000000000
0000000000000000000000000000000000000000000000000000000000000000
0000000000000000000000000000000000000000000000000000000000000000
ffffd6b00003a0cefffd14730008fe3efffa43d9000fd9ef000520580001ad11
0000000000000000000000000000000000000000000000000000000000000000
0000000000000000000000000000000000000000000000000000000000000000
0000000000000000000000000000000000000000000000000000000000000000
0000000000000000000000000000000000000000000000000000000000000000
0005c2e9fffabd850005bde3fff08ddf000fe448fff23f56ffff4d7b0002003d
0000000000000000000000000000000000000000000000000000000000000000
0000000000000000000000000000000000000000000000000000000000000000
0000000000000000000000000000000000000000000000000000000000000000
0000000000000000000000000000000000000000000000000000000000000000
0000000000000000000000000000000000000000000000000000000000000000
000f5773000946bc000c5b600002df0bfff64772fffe55f3fffd67a5fff69996
fff748ce000315c60001e424fff08097ffff46e200088617fff688bd0003e6b0
0000000000000000000000000000000000000000000000000000000000000000
0000000000000000000000000000000000000000000000000000000000000000
0000000000000000000000000000000000000000000000000000000000000000
0000000000000000000000000000000000000000000000000000000000000000
0000000000000000000000000000000000000000000000000000000000000000
0000000000000000000000000000000000000000000000000000000000000000
fffca8af000206ad000a5780000747b2fff8a0affff533f2fff699a60000933a
0000000000000000000000000000000000000000000000000000000000000000
0000000000000000000000000000000000000000000000000000000000000000
0000000000000000000000000000000000000000000000000000000000000000
0000000000000000000000000000000000000000000000000000000000000000
0000000000000000000000000000000000000000000000000000000000000000
0000000000000000000000000000000000000000000000000000000000000000
0000000000000000000000000000000000000000000000000000000000000000
0000000000000000000000000000000000000000000000000000000000000000
0000000000000000000000000000000000000000000000000000000000000000
0000000000000000000000000000000000000000000000000000000000000000
00038c72fff15b6dfff2aac4fffefd0dfff3067a000ecf450002aa96fffd8c88
0000000000000000000000000000000000000000000000000000000000000000
0000000000000000000000000000000000000000000000000000000000000000
0000000000000000000000000000000000000000000000000000000000000000
0000000000000000000000000000000000000000000000000000000000000000
0000000000000000000000000000000000000000000000000000000000000000
0000000000000000000000000000000000000000000000000000000000000000
0000000000000000000000000000000000000000000000000000000000000000
0000000000000000000000000000000000000000000000000000000000000000
0000000000000000000000000000000000000000000000000000000000000000
0000000000000000000000000000000000000000000000000000000000000000
0000000000000000000000000000000000000000000000000000000000000000
0002f26cfff28edafffe64010000c17efff23cbdfff4d49400020bc800045e76
0000000000000000000000000000000000000000000000000000000000000000
0000000000000000000000000000000000000000000000000000000000000000
0000000000000000000000000000000000000000000000000000000000000000
0000000000000000000000000000000000000000000000000000000000000000
00070d7500086b1efffc0a75fff9bf22fff91323000b7dd2fff2e2260007a42c
0000000000000000000000000000000000000000000000000000000000000000
0000000000000000000000000000000000000000000000000000000000000000
000dba73000e0880fff12a26fffa9774fffd9409fffbd769000b6c0b00076b54
fff58e6e000ff84c00029aa3fff443890002e127000dd1740000376e0007e2ac
0000000000000000000000000000000000000000000000000000000000000000
0000000000000000000000000000000000000000000000000000000000000000
0000000000000000000000000000000000000000000000000000000000000000
0000000000000000000000000000000000000000000000000000000000000000
0000000000000000000000000000000000000000000000000000000000000000
0000000000000000000000000000000000000000000000000000000000000000
0006ccd5000b5674000aaad0fffdcdd000021db7fff20ff1fff8fe2bfff69526
000759fffff8150e000a84a4fffb7a2800043588000e6b95fff3950d0004ea4a
0000000000000000000000000000000000000000000000000000000000000000
0000000000000000000000000000000000000000000000000000000000000000
0000000000000000000000000000000000000000000000000000000000000000
000432a100034791fff96189fff214a0000705b20007a460fffe6a320001899a
0006556a000afce0fff9653e0005ce7efffe2f1efffa0e45fffc1629fff4d6cb
0000000000000000000000000000000000000000000000000000000000000000
0000000000000000000000000000000000000000000000000000000000000000
0000000000000000000000000000000000000000000000000000000000000000
ffff8fc20002751e00083442fff67f60000c24880008e5f7fff6ba2e00081d3d
0000000000000000000000000000000000000000000000000000000000000000
0000000000000000000000000000000000000000000000000000000000000000
0000000000000000000000000000000000000000000000000000000000000000
0000000000000000000000000000000000000000000000000000000000000000
0000000000000000000000000000000000000000000000000000000000000000
0000000000000000000000000000000000000000000000000000000000000000
00017bbdfff12af50002b9c60003107c000ec939000bef220002ba89000503b0
0000000000000000000000000000000000000000000000000000000000000000
0000000000000000000000000000000000000000000000000000000000000000
fff0fc80fff0018d000c1b6d00008a7afff7a154fffe1b5b0001df28000307e0
0000000000000000000000000000000000000000000000000000000000000000
0000000000000000000000000000000000000000000000000000000000000000
0000000000000000000000000000000000000000000000000000000000000000
0000000000000000000000000000000000000000000000000000000000000000
fffc5437000ef872fffa0729fffb8230fff38099ffffcca5000afae2fffa8be0
0000000000000000000000000000000000000000000000000000000000000000
0000000000000000000000000000000000000000000000000000000000000000
0000000000000000000000000000000000000000000000000000000000000000
0000000000000000000000000000000000000000000000000000000000000000
fffbf83d000469ccfffaecbdfff019b4000cddd1fffa519ffff0331b00052d45
0000000000000000000000000000000000000000000000000000000000000000
0000000000000000000000000000000000000000000000000000000000000000
0000000000000000000000000000000000000000000000000000000000000000
0000000000000000000000000000000000000000000000000000000000000000
0000000000000000000000000000000000000000000000000000000000000000
fffdf0d600042069fff5b20afff40043fff44da4fff15b4b000847d3fffd1f2f
0000000000000000000000000000000000000000000000000000000000000000
fff83646fff842c4000a2d47fffdc9f700043068fff05898000c0aab000fa872
0000000000000000000000000000000000000000000000000000000000000000
0000000000000000000000000000000000000000000000000000000000000000
0000000000000000000000000000000000000000000000000000000000000000
0000000000000000000000000000000000000000000000000000000000000000
0000000000000000000000000000000000000000000000000000000000000000
0000000000000000000000000000000000000000000000000000000000000000
0000000000000000000000000000000000000000000000000000000000000000
0000000000000000000000000000000000000000000000000000000000000000
00021f99fff3360d000c9bc7fff7bb62fff4c716fffd2fe9fff5ff4f000f99d7
0000000000000000000000000000000000000000000000000000000000000000
0000000000000000000000000000000000000000000000000000000000000000
0000000000000000000000000000000000000000000000000000000000000000
fff5665f0003f7e8fffb5dfa0006971d000fce0bffff85ed000893d5fff49555
0000000000000000000000000000000000000000000000000000000000000000
0000ac82000ae312fffef6ccfff50169fff679d2000e6bce0002f0af0005c770
00086d15000e0e28fff0f112fff27c6afffd74a3fffa35bafffcb6c5fff96ddf
0000000000000000000000000000000000000000000000000000000000000000
0000000000000000000000000000000000000000000000000000000000000000
0000000000000000000000000000000000000000000000000000000000000000
0000000000000000000000000000000000000000000000000000000000000000
0000000000000000000000000000000000000000000000000000000000000000
0000000000000000000000000000000000000000000000000000000000000000
0000000000000000000000000000000000000000000000000000000000000000
0000000000000000000000000000000000000000000000000000000000000000
0000000000000000000000000000000000000000000000000000000000000000
00079ea8fff00e83fffb03effff6efa9fff12c20000568f0fff3205afff44eb8
0000000000000000000000000000000000000000000000000000000000000000
0000000000000000000000000000000000000000000000000000000000000000
0000000000000000000000000000000000000000000000000000000000000000
fff1aa2efff69781fffda63200032815fff36297000f6deb000102b3fff490a1
0003ddf5fff05a75fffd7512fff8f982fffa0b380002deaefff6a061fff07002
0000000000000000000000000000000000000000000000000000000000000000
0000000000000000000000000000000000000000000000000000000000000000
0000000000000000000000000000000000000000000000000000000000000000
0000000000000000000000000000000000000000000000000000000000000000
0000000000000000000000000000000000000000000000000000000000000000
0000000000000000000000000000000000000000000000000000000000000000
fff52279fff15485fff37863fff85172fff693defff4efaafffa53b9fff59c91
0000000000000000000000000000000000000000000000000000000000000000
fff73d0d00001bd2fffe7c900005c939fff94f9100096803000200a5fffb234d
0000000000000000000000000000000000000000000000000000000000000000
0000000000000000000000000000000000000000000000000000000000000000
0002eb4efff7136600090fe3fff4b4ebffffec9e000246e50005f066000fe896
0000000000000000000000000000000000000000000000000000000000000000
0000000000000000000000000000000000000000000000000000000000000000
fff538defffffc9ffff2460dfff4d8a0000acd71fff4a874fffe3c950004ff36
0000000000000000000000000000000000000000000000000000000000000000
0000000000000000000000000000000000000000000000000000000000000000
0000000000000000000000000000000000000000000000000000000000000000
0000000000000000000000000000000000000000000000000000000000000000
ffff74f6000eb4fb0003fa5a000fd04ffffe3361fff26724fff6e69afff1433e
0000000000000000000000000000000000000000000000000000000000000000
0000000000000000000000000000000000000000000000000000000000000000
0000000000000000000000000000000000000000000000000000000000000000
0000000000000000000000000000000000000000000000000000000000000000
0000000000000000000000000000000000000000000000000000000000000000
fff18444000a2664fff66699fff54c16fffed05c000c4f70fff7f351fff667c1
0009cd15fffd9d74ffff1ec900026cc1000397c2fff19f48fff38e6700087c01
0000000000000000000000000000000000000000000000000000000000000000
fffac4b5fff34f0afff19b15fffb5dbd000605b6fffff14bfffeff5ffffa2d04
0000000000000000000000000000000000000000000000000000000000000000
0000000000000000000000000000000000000000000000000000000000000000
0008f2f9000a6d4200008dcffff5a1a9000257edfff0a9ff000ccf3200063624
0000000000000000000000000000000000000000000000000000000000000000
0000000000000000000000000000000000000000000000000000000000000000
0000000000000000000000000000000000000000000000000000000000000000
000226550004b9dffff1a0e4fffcd31d0005b65c00050c72000796540008507e
fffbcb020004c6c2fffdbb7efff0ed46fffea3f700080f67ffff6478000207d6
0000000000000000000000000000000000000000000000000000000000000000
0000000000000000000000000000000000000000000000000000000000000000
0000000000000000000000000000000000000000000000000000000000000000
0000000000000000000000000000000000000000000000000000000000000000
0000000000000000000000000000000000000000000000000000000000000000
fff8b8dafff21938fff5d391fff9d61ffff307fd0000a6bcfffe7fe6fffa467f
0000000000000000000000000000000000000000000000000000000000000000
0000000000000000000000000000000000000000000000000000000000000000
0009f75800072cd5fff6a15e00038c0f000c520b0005d084000d1136fff50707
0000000000000000000000000000000000000000000000000000000000000000
0000000000000000000000000000000000000000000000000000000000000000
0000000000000000000000000000000000000000000000000000000000000000
0000000000000000000000000000000000000000000000000000000000000000
0000000000000000000000000000000000000000000000000000000000000000
0000000000000000000000000000000000000000000000000000000000000000
0001cb1e0001baeffff4be06fff0b6620009dbfefff60eadfffcfb7800094ef5
0000000000000000000000000000000000000000000000000000000000000000
0000000000000000000000000000000000000000000000000000000000000000
0000000000000000000000000000000000000000000000000000000000000000
0000000000000000000000000000000000000000000000000000000000000000
fff02241fff9a1c3fff469ddfffdbe74fff86567fffd9c95000fa25d00058fd0
0000000000000000000000000000000000000000000000000000000000000000
0000000000000000000000000000000000000000000000000000000000000000
0000000000000000000000000000000000000000000000000000000000000000
0000000000000000000000000000000000000000000000000000000000000000
0005b5ac000356e4fff104880006ed55000e252ffff2a64cfff8201d0008d447
0000000000000000000000000000000000000000000000000000000000000000
000f75e000027d11fff6c56f000015b8fff1fdf900028e0f000b469e0009c7ac
0000000000000000000000000000000000000000000000000000000000000000
0000000000000000000000000000000000000000000000000000000000000000
0000000000000000000000000000000000000000000000000000000000000000
0000000000000000000000000000000000000000000000000000000000000000
fff82e2e0007bb49fff6adce000d6f42fffe9855fff86014fff248adfff80693
0000000000000000000000000000000000000000000000000000000000000000
0000000000000000000000000000000000000000000000000000000000000000
0000000000000000000000000000000000000000000000000000000000000000
0000000000000000000000000000000000000000000000000000000000000000
fff849b9fff5c5c6fffe58cf0005c0fffffac8e0000ea30bfff7aaf8000b673c
0000000000000000000000000000000000000000000000000000000000000000
0000000000000000000000000000000000000000000000000000000000000000
0000000000000000000000000000000000000000000000000000000000000000
0000000000000000000000000000000000000000000000000000000000000000
0000000000000000000000000000000000000000000000000000000000000000
0000000000000000000000000000000000000000000000000000000000000000
0000000000000000000000000000000000000000000000000000000000000000
0000000000000000000000000000000000000000000000000000000000000000
0000000000000000000000000000000000000000000000000000000000000000
0000000000000000000000000000000000000000000000000000000000000000
0000000000000000000000000000000000000000000000000000000000000000
000404eeffff081a000d29cd000951b7000030f800025097fffecadbfffc598f
0000000000000000000000000000000000000000000000000000000000000000
0000000000000000000000000000000000000000000000000000000000000000
0000000000000000000000000000000000000000000000000000000000000000
000bd1a100035ef5000ca7a8fff00632fffe3f7affff9f81000d5b99000cee63
0000000000000000000000000000000000000000000000000000000000000000
0000000000000000000000000000000000000000000000000000000000000000
0000000000000000000000000000000000000000000000000000000000000000
fff4b16d000181ecfffbfe0900003c61000be805fff3154bfff85f46fffae97e
00074390fffc1abe0008cd150003a64b000d1aeffff9d517fff7dcef000bf00a
0000000000000000000000000000000000000000000000000000000000000000
0000000000000000000000000000000000000000000000000000000000000000
0000000000000000000000000000000000000000000000000000000000000000
0000000000000000000000000000000000000000000000000000000000000000
0000000000000000000000000000000000000000000000000000000000000000
fff8b0a8fff102e1fff4860b0008955300074df0ffff27de0009f78b000f42b5
fff2caf2fffc7ef70008a17a000702ebfff3237900006dc10005d78700005723
0007387f000a484cfff083c400091f21000ed83d000b1a7efff4101e000c821d
0000000000000000000000000000000000000000000000000000000000000000
0000000000000000000000000000000000000000000000000000000000000000
0000000000000000000000000000000000000000000000000000000000000000
fff22420fff836a30008c7e000086789fff0f7bdfff2caa3fff3e9fffff7250e
0005b3edfffc7b410001ee3b000796bafffc7b86000ca01500045aeefff1bc8e
0000000000000000000000000000000000000000000000000000000000000000
0000000000000000000000000000000000000000000000000000000000000000
000c3b2ffffa266cfffc9c95fffe4328fff0aac1fff41192fff159b7fffd7b60
0000000000000000000000000000000000000000000000000000000000000000
0000000000000000000000000000000000000000000000000000000000000000
0000000000000000000000000000000000000000000000000000000000000000
0000000000000000000000000000000000000000000000000000000000000000
0000000000000000000000000000000000000000000000000000000000000000
0000000000000000000000000000000000000000000000000000000000000000
0000000000000000000000000000000000000000000000000000000000000000
000bb2b6ffff46d500046df50005661cfff8bd9f00091043fff4a119fff20101
0000000000000000000000000000000000000000000000000000000000000000
0000000000000000000000000000000000000000000000000000000000000000
fffbc6feffff61edfffbc85e000f88a800092682fff991ad000fc446fff20d68
0000000000000000000000000000000000000000000000000000000000000000
000f3bacfffb9a71fffe062f000fc4870002bef1fff2da2bfff41747fffbd6ad
0000000000000000000000000000000000000000000000000000000000000000
0000000000000000000000000000000000000000000000000000000000000000
0000000000000000000000000000000000000000000000000000000000000000
ffff015a0001cc6afffd7349fffd4dc3fffc44e3fff6b03afffc5527fff7680f
000386cd000e53b9fff7b4ca00007359fff9bf58ffff52c0000f7ee1fff2c718
0000000000000000000000000000000000000000000000000000000000000000
0000000000000000000000000000000000000000000000000000000000000000
0000000000000000000000000000000000000000000000000000000000000000
0000000000000000000000000000000000000000000000000000000000000000
0000000000000000000000000000000000000000000000000000000000000000
0000000000000000000000000000000000000000000000000000000000000000
0000000000000000000000000000000000000000000000000000000000000000
0000000000000000000000000000000000000000000000000000000000000000
fff5a67700053972fffd1baf00058b4afff8490bfff080d800022c61000caa53
0000000000000000000000000000000000000000000000000000000000000000
0000000000000000000000000000000000000000000000000000000000000000
0000000000000000000000000000000000000000000000000000000000000000
0000000000000000000000000000000000000000000000000000000000000000
0000000000000000000000000000000000000000000000000000000000000000
0000000000000000000000000000000000000000000000000000000000000000
0000000000000000000000000000000000000000000000000000000000000000
0000000000000000000000000000000000000000000000000000000000000000
fffeaa1f000a64f6fffde72800001c22fff2cb77fffe6ba1fff34379fff62157
0000000000000000000000000000000000000000000000000000000000000000
fff784b100094c58fff062eb000c7b400009eac00008934e000c07a600090bb4
0000000000000000000000000000000000000000000000000000000000000000
0000000000000000000000000000000000000000000000000000000000000000
0000000000000000000000000000000000000000000000000000000000000000
0000000000000000000000000000000000000000000000000000000000000000
0000000000000000000000000000000000000000000000000000000000000000
0000000000000000000000000000000000000000000000000000000000000000
0000000000000000000000000000000000000000000000000000000000000000
0000000000000000000000000000000000000000000000000000000000000000
000c0dea00092ed9fffe5979fffdb31bfff8a7870002cea000047addfffcc88a
0000000000000000000000000000000000000000000000000000000000000000
0000000000000000000000000000000000000000000000000000000000000000
000d08c00006268700069bebfffa2846fff43ce400080e3e0009fa510009a440
0000000000000000000000000000000000000000000000000000000000000000
0000000000000000000000000000000000000000000000000000000000000000
0000000000000000000000000000000000000000000000000000000000000000
0000000000000000000000000000000000000000000000000000000000000000
0000000000000000000000000000000000000000000000000000000000000000
0000000000000000000000000000000000000000000000000000000000000000
0000000000000000000000000000000000000000000000000000000000000000
fff3b37d000418affff3a5e4000f4599000341300008ee83fff8cb20fffd6664
0000000000000000000000000000000000000000000000000000000000000000
fff064e50001ab9a000dff53fff419b1fffe4335fff2975b000e94ba00089d06
0000000000000000000000000000000000000000000000000000000000000000
0000000000000000000000000000000000000000000000000000000000000000
0000000000000000000000000000000000000000000000000000000000000000
0000000000000000000000000000000000000000000000000000000000000000
0000000000000000000000000000000000000000000000000000000000000000
0000000000000000000000000000000000000000000000000000000000000000
0000000000000000000000000000000000000000000000000000000000000000
fffbc19f000878ab0009292f000586cefff97fb1000f45bf0005f5acfff24e3a
0000000000000000000000000000000000000000000000000000000000000000
0000000000000000000000000000000000000000000000000000000000000000
0000000000000000000000000000000000000000000000000000000000000000
0000000000000000000000000000000000000000000000000000000000000000
fffe655efff3178dfff2194700081b91fff7c3fc00026f51fff369c500052c54
0000000000000000000000000000000000000000000000000000000000000000
00087661000ba1c10001d68d0001ba9a0001fdec000ea0c2fff5de1f00046385
000e4810000b317e00012305fffc61a3fff3c805000f67630005e688fffccf5b
0000000000000000000000000000000000000000000000000000000000000000
0000000000000000000000000000000000000000000000000000000000000000
0000000000000000000000000000000000000000000000000000000000000000
0005ea44fff886d700024b1e0001d57d000dd0d6000ad913000e3923fffa6c56
000acdec0003d45200041e11ffff09460001cff3fffef11cfffbee2600056de1
0000000000000000000000000000000000000000000000000000000000000000
0004abdd00083489fffb2c69000497880002fd62000575e10007b5fd000aae50
0003a34a00041ee4ffff33dc00049bd6fff619dbfffeb5db000f2d12000cb051
0000000000000000000000000000000000000000000000000000000000000000
0000000000000000000000000000000000000000000000000000000000000000
0000000000000000000000000000000000000000000000000000000000000000
fff0a58efff3676cfff7f66e000f994ffff4ea9b000122d90004f9280008c8f5
0000000000000000000000000000000000000000000000000000000000000000
0000000000000000000000000000000000000000000000000000000000000000
0000000000000000000000000000000000000000000000000000000000000000
0000000000000000000000000000000000000000000000000000000000000000
0000000000000000000000000000000000000000000000000000000000000000
00048c3c0009312d000ee01efffbf0c9000c092ffff84a16000bca73fffb6afa
fff052f5fff4ca85fff9a93200041d28ffffc16a00012fe800095da800085418
0000000000000000000000000000000000000000000000000000000000000000
0002839cfff0b2980007627bfff43dfc000a7d25fffa103e0006f775fffd3896
0000000000000000000000000000000000000000000000000000000000000000
0000000000000000000000000000000000000000000000000000000000000000
0000000000000000000000000000000000000000000000000000000000000000
000011fffff0a8a1fff9d82afffd7497000bd09cfff890c90002d040000f71ef
0000000000000000000000000000000000000000000000000000000000000000
0000000000000000000000000000000000000000000000000000000000000000
0000000000000000000000000000000000000000000000000000000000000000
0000000000000000000000000000000000000000000000000000000000000000
0000000000000000000000000000000000000000000000000000000000000000
0000000000000000000000000000000000000000000000000000000000000000
0000000000000000000000000000000000000000000000000000000000000000
0000000000000000000000000000000000000000000000000000000000000000
0000000000000000000000000000000000000000000000000000000000000000
fff94c43fffd73840000366afffafa8efff238c6fff16f4f00001b0afff2a6eb
0000000000000000000000000000000000000000000000000000000000000000
0000000000000000000000000000000000000000000000000000000000000000
0000000000000000000000000000000000000000000000000000000000000000
0000000000000000000000000000000000000000000000000000000000000000
0000000000000000000000000000000000000000000000000000000000000000
0000000000000000000000000000000000000000000000000000000000000000
0000000000000000000000000000000000000000000000000000000000000000
0000000000000000000000000000000000000000000000000000000000000000
0000000000000000000000000000000000000000000000000000000000000000
0000000000000000000000000000000000000000000000000000000000000000
0000000000000000000000000000000000000000000000000000000000000000
0000000000000000000000000000000000000000000000000000000000000000
fff4d608fffd181f0001e912ffff6fc7fff3c7e4fffacedf000e1790fffb618d
0000000000000000000000000000000000000000000000000000000000000000
fff74fb8000476b7000fd1dbfff16b7700088261fff124ed00092dea000842de
fffc25fb000051ca0008ce4f0003b7dffff3b24bfffb8991000b0daffff33005
0000000000000000000000000000000000000000000000000000000000000000
0000000000000000000000000000000000000000000000000000000000000000
0000000000000000000000000000000000000000000000000000000000000000
0000000000000000000000000000000000000000000000000000000000000000
0000000000000000000000000000000000000000000000000000000000000000
0000000000000000000000000000000000000000000000000000000000000000
fffd1a57fff23d6900059c9d000643e7fff2877fffffad06000438ec0000ada3
0000000000000000000000000000000000000000000000000000000000000000
0000000000000000000000000000000000000000000000000000000000000000
fff1a959000a35970008fb1d00063731ffff851000011290fff304ff00001038
0000000000000000000000000000000000000000000000000000000000000000
0000000000000000000000000000000000000000000000000000000000000000
0000000000000000000000000000000000000000000000000000000000000000
0000000000000000000000000000000000000000000000000000000000000000
0000000000000000000000000000000000000000000000000000000000000000
0000000000000000000000000000000000000000000000000000000000000000
0000000000000000000000000000000000000000000000000000000000000000
0000000000000000000000000000000000000000000000000000000000000000
fffbc56bfff42a3d000a5f74000873b7fff04449fff9f9160007ada000040fe4
0000000000000000000000000000000000000000000000000000000000000000
0000000000000000000000000000000000000000000000000000000000000000
0000000000000000000000000000000000000000000000000000000000000000
0000000000000000000000000000000000000000000000000000000000000000
0000000000000000000000000000000000000000000000000000000000000000
0002911d000469e10005e2de000f9033fff2e414fff7873afff2a8f5000962c9
000f23ecfff780c30008d096000ab120fff52f9dfff9963e00070e7efff033b4
0000000000000000000000000000000000000000000000000000000000000000
0000000000000000000000000000000000000000000000000000000000000000
0000000000000000000000000000000000000000000000000000000000000000
0000000000000000000000000000000000000000000000000000000000000000
0000000000000000000000000000000000000000000000000000000000000000
0000000000000000000000000000000000000000000000000000000000000000
0000000000000000000000000000000000000000000000000000000000000000
0000000000000000000000000000000000000000000000000000000000000000
0000000000000000000000000000000000000000000000000000000000000000
0002bc97fff736bf000accc40009f5a80004e79bfff629dcfffbae9ffff3b287
0000000000000000000000000000000000000000000000000000000000000000
0000000000000000000000000000000000000000000000000000000000000000
0000000000000000000000000000000000000000000000000000000000000000
0000000000000000000000000000000000000000000000000000000000000000
0000000000000000000000000000000000000000000000000000000000000000
0003032a000207c4000f2a0b00047c0100006fb60004ce36fffed212fff9e3b9
0000000000000000000000000000000000000000000000000000000000000000
0000000000000000000000000000000000000000000000000000000000000000
fff04ba0000413b300096ce1000f651c000cbc22fff752aa0009ec10fff7b196
fff756c5fff6e9b90004f32d000eff2f000a85abfffd9346fffd0c03fff71110
0000000000000000000000000000000000000000000000000000000000000000
0000000000000000000000000000000000000000000000000000000000000000
0000000000000000000000000000000000000000000000000000000000000000
0000000000000000000000000000000000000000000000000000000000000000
0000000000000000000000000000000000000000000000000000000000000000
0000000000000000000000000000000000000000000000000000000000000000
0000000000000000000000000000000000000000000000000000000000000000
0000000000000000000000000000000000000000000000000000000000000000
0000000000000000000000000000000000000000000000000000000000000000
fff1952ffffbdc06000a179a00012b03fff1e90e000c7f48fff93eaefff305ec
0000000000000000000000000000000000000000000000000000000000000000
0000000000000000000000000000000000000000000000000000000000000000
0000000000000000000000000000000000000000000000000000000000000000
0000000000000000000000000000000000000000000000000000000000000000
0000000000000000000000000000000000000000000000000000000000000000
0000000000000000000000000000000000000000000000000000000000000000
fff1c87a00067c33fff197d3fff3127f0004a4c000023ed2000babf700087576
0000000000000000000000000000000000000000000000000000000000000000
0000000000000000000000000000000000000000000000000000000000000000
0000000000000000000000000000000000000000000000000000000000000000
0000000000000000000000000000000000000000000000000000000000000000
fffba57ffff02478000091d5fff505f5fff70bc4fff82202000dcfefffff3dbb
0000000000000000000000000000000000000000000000000000000000000000
000c38f5fffb1fbcfffd2f38fff66585fff4dc400001c7490003bb1b000f4dc9
0000000000000000000000000000000000000000000000000000000000000000
0000000000000000000000000000000000000000000000000000000000000000
fffdfc82000b2cda00073c54000a4582000d2fe900028e49fff34b440001cf28
0000000000000000000000000000000000000000000000000000000000000000
0000000000000000000000000000000000000000000000000000000000000000
fffa80bbfffcfe6200046d7700041327000d686effffd44afff5a6950000c659
0000000000000000000000000000000000000000000000000000000000000000
0000000000000000000000000000000000000000000000000000000000000000
0000000000000000000000000000000000000000000000000000000000000000
0000000000000000000000000000000000000000000000000000000000000000
0000000000000000000000000000000000000000000000000000000000000000
0000000000000000000000000000000000000000000000000000000000000000
000eb8f0fff3d31b000a3214fff7c4c6000fe651fff0c14e000dea900001f15c
0000000000000000000000000000000000000000000000000000000000000000
0000000000000000000000000000000000000000000000000000000000000000
0000000000000000000000000000000000000000000000000000000000000000
0000000000000000000000000000000000000000000000000000000000000000
0000000000000000000000000000000000000000000000000000000000000000
00046be800043249fff0cd82fff2d1a3fffcfa16fff39de1fff285540004def8
0000000000000000000000000000000000000000000000000000000000000000
0000000000000000000000000000000000000000000000000000000000000000
000668970003f703000961affffe3addfff8dcb1000dfc7cfff4a54ffff5288d
0000000000000000000000000000000000000000000000000000000000000000
0000000000000000000000000000000000000000000000000000000000000000
0000000000000000000000000000000000000000000000000000000000000000
0000000000000000000000000000000000000000000000000000000000000000
0000000000000000000000000000000000000000000000000000000000000000
0000000000000000000000000000000000000000000000000000000000000000
fff1aba9000687ebfffb9b1a0009700f00061979ffff8f5dfffd34e9000c4531
0000000000000000000000000000000000000000000000000000000000000000
0000000000000000000000000000000000000000000000000000000000000000
0000000000000000000000000000000000000000000000000000000000000000
0000000000000000000000000000000000000000000000000000000000000000
0000000000000000000000000000000000000000000000000000000000000000
0000000000000000000000000000000000000000000000000000000000000000
0000000000000000000000000000000000000000000000000000000000000000
0000000000000000000000000000000000000000000000000000000000000000
0000000000000000000000000000000000000000000000000000000000000000
fff349df000c7747fffa0a3cfff19832000b0c0e0003ea67fff56bd0000b277e
fff1c739fffed58afff3c9a500067f9efffbcbb60008ee430001a665fffe7851
ffffe7ebfffe1416fffe0ba5000254b000010d26fff6fc7a00095515fff24be1
0000000000000000000000000000000000000000000000000000000000000000
0000000000000000000000000000000000000000000000000000000000000000
0000000000000000000000000000000000000000000000000000000000000000
0000000000000000000000000000000000000000000000000000000000000000
0000000000000000000000000000000000000000000000000000000000000000
0000000000000000000000000000000000000000000000000000000000000000
0000000000000000000000000000000000000000000000000000000000000000
fff9a01000060afffff8e59e000d6727fff15ad60006a3d3fff5c216ffff7b82
fff6ee4b000b2c0cfff6930000092aae0004c23afff61b53fff23f9700047d21
0000000000000000000000000000000000000000000000000000000000000000
0000000000000000000000000000000000000000000000000000000000000000
0000000000000000000000000000000000000000000000000000000000000000
0000000000000000000000000000000000000000000000000000000000000000
0000000000000000000000000000000000000000000000000000000000000000
0004e9910003b41cffffe3340007702f000fa79000068458fff0413bfffe67c6
000cf70affff8f72000480810006c6dcfffa1a290002f318000d98b1fffdfb29
0000000000000000000000000000000000000000000000000000000000000000
0000000000000000000000000000000000000000000000000000000000000000
0000000000000000000000000000000000000000000000000000000000000000
0000000000000000000000000000000000000000000000000000000000000000
0000000000000000000000000000000000000000000000000000000000000000
0000000000000000000000000000000000000000000000000000000000000000
0000000000000000000000000000000000000000000000000000000000000000
0000000000000000000000000000000000000000000000000000000000000000
fffafb6dfff34e0c0005b96b00062726fffa4204fff36d1c0004e119000b028d
0000000000000000000000000000000000000000000000000000000000000000
0000000000000000000000000000000000000000000000000000000000000000
000412730000db0afffee416fffe4fedfff0b5f6fff3bb49fff70a6dfff0d5b0
000fae85fffc2495fff8a8e200098c37fff1a0a2fff42b7efff89570000e00a6
0000000000000000000000000000000000000000000000000000000000000000
000b2c8500016714fff4bdf1fffdc427000ac4f50007db20fffc89ddfffb26ca
0000000000000000000000000000000000000000000000000000000000000000
fffd268a00097a0d00022ca6ffff02d20002bb71fffbd66bfff83dbc00053157
0000000000000000000000000000000000000000000000000000000000000000
0000000000000000000000000000000000000000000000000000000000000000
0000000000000000000000000000000000000000000000000000000000000000
0000000000000000000000000000000000000000000000000000000000000000
0000000000000000000000000000000000000000000000000000000000000000
0000000000000000000000000000000000000000000000000000000000000000
0000000000000000000000000000000000000000000000000000000000000000
000fcf54fffa6c67fffc886a000d926d00078aec0004db5700070431000f138d
000f68c4fff62a7efff8cf62fff647db0001b8b300075c6d00093bb0fff07893
0000000000000000000000000000000000000000000000000000000000000000
0000000000000000000000000000000000000000000000000000000000000000
0000000000000000000000000000000000000000000000000000000000000000
00067ed500066a93fff515f900006479fff0354d0009d9adfff1c6130003f484
0000000000000000000000000000000000000000000000000000000000000000
fff64d620004990500006279fffc66450004a06afffbcf99fff869e4fffe4d94
fff51942fffd7a7f000c1b37fff72fb70002996900061d410002869800012e95
0000000000000000000000000000000000000000000000000000000000000000
000078c6000dd967fff71ba0fff94dbcfffbaedafffaad57fffe1b5afffb51a8
0000000000000000000000000000000000000000000000000000000000000000
0000000000000000000000000000000000000000000000000000000000000000
0000000000000000000000000000000000000000000000000000000000000000
0000000000000000000000000000000000000000000000000000000000000000
0000000000000000000000000000000000000000000000000000000000000000
0000000000000000000000000000000000000000000000000000000000000000
0000000000000000000000000000000000000000000000000000000000000000
0000000000000000000000000000000000000000000000000000000000000000
0000000000000000000000000000000000000000000000000000000000000000
ffff3ed2fff06669fffc4f29fffbbcbe00048c59fff9b0cc000ae1470006df8f
0000000000000000000000000000000000000000000000000000000000000000
0000000000000000000000000000000000000000000000000000000000000000
0000000000000000000000000000000000000000000000000000000000000000
0000000000000000000000000000000000000000000000000000000000000000
0000000000000000000000000000000000000000000000000000000000000000
0000000000000000000000000000000000000000000000000000000000000000
0000000000000000000000000000000000000000000000000000000000000000
0009c008000bee68fff83c92fff4d83afffc6ede000f3551fff54fd3fffdd4a6
000e787bfff02c13fff081e6fff8a91300035c660004b9b0fff1fd39fff97ad6
0000000000000000000000000000000000000000000000000000000000000000
0000000000000000000000000000000000000000000000000000000000000000
0000000000000000000000000000000000000000000000000000000000000000
0000000000000000000000000000000000000000000000000000000000000000
0000000000000000000000000000000000000000000000000000000000000000
0004c2560000fcddfffc74a8fff5dfe60007b936ffff0972fff502d8fff7cdb0
0000000000000000000000000000000000000000000000000000000000000000
fff1b5ea00079984000be912000c96c7000d85cb000d5e3d0007a6c8fff43b2f
0000000000000000000000000000000000000000000000000000000000000000
0000000000000000000000000000000000000000000000000000000000000000
000787d7fff4d04100016e32fff0491cfff5594dfffc98a4fff571f9000b60d2
0000000000000000000000000000000000000000000000000000000000000000
000829b8fffa19e0000193a4fffbde540006441cfff5d723000aa8aeffff1460
0000000000000000000000000000000000000000000000000000000000000000
0000000000000000000000000000000000000000000000000000000000000000
0000000000000000000000000000000000000000000000000000000000000000
0000000000000000000000000000000000000000000000000000000000000000
000c7b9e0001138e00027ea1fffd955700040a83fff66b16fff312e9fff4469c
0000000000000000000000000000000000000000000000000000000000000000
000173720002c99f00062e8e00094ff10003e22ffff631a7fff56d54fff199ab
0000000000000000000000000000000000000000000000000000000000000000
0007913a0006399d00093c9e000d551cfffe45ec0002e5de00003f37fffb62f5
0009047c000315e50001107300006fbd000c47c10000a6e6fff2098500082448
0000000000000000000000000000000000000000000000000000000000000000
0000000000000000000000000000000000000000000000000000000000000000
fff87b38000975b2fff147dc00026e3500021ecefffd5687000481dafff4ec14
fff80c32fff19d3f0007fea6fff04b80000764ae000fc9690000e2adfff92a6b
0005122d000c9a64fff3c3570001e04bfff911c3fff3e368fff6799700037788
0000000000000000000000000000000000000000000000000000000000000000
0000000000000000000000000000000000000000000000000000000000000000
0000000000000000000000000000000000000000000000000000000000000000
fff1ad150000b76200003e820000bba1fff5597100058b7c000b1843000b9972
0000000000000000000000000000000000000000000000000000000000000000
0000000000000000000000000000000000000000000000000000000000000000
0000000000000000000000000000000000000000000000000000000000000000
0000000000000000000000000000000000000000000000000000000000000000
0006af9afff194aa0004714a0002afa7fffa07500009330c0004b86d0001a0c4
0000000000000000000000000000000000000000000000000000000000000000
0000000000000000000000000000000000000000000000000000000000000000
0000000000000000000000000000000000000000000000000000000000000000
0000000000000000000000000000000000000000000000000000000000000000
0000000000000000000000000000000000000000000000000000000000000000
0000000000000000000000000000000000000000000000000000000000000000
0000000000000000000000000000000000000000000000000000000000000000
0000000000000000000000000000000000000000000000000000000000000000
fff2df1800062496fffad668fff962170004550cfff8ce20000fabf8000ac228
0000000000000000000000000000000000000000000000000000000000000000
0000000000000000000000000000000000000000000000000000000000000000
0000000000000000000000000000000000000000000000000000000000000000
00091173fffd76d0fff61d3e000fc1ab0009e5dcfff04879000dd90d000d103e
0000000000000000000000000000000000000000000000000000000000000000
0000000000000000000000000000000000000000000000000000000000000000
0000000000000000000000000000000000000000000000000000000000000000
fff229a000017446000eee66000297befffb24cf000c36490003cdfb0006e93e
00011c9ffffe41a1fff59044fffa7c810005da1900064da5000d7fbd0005aa38
000f611a000af6c2000c5a49000c7f89fff33379000df0affffc6f780006bdd6
0000000000000000000000000000000000000000000000000000000000000000
0000000000000000000000000000000000000000000000000000000000000000
0000000000000000000000000000000000000000000000000000000000000000
0000000000000000000000000000000000000000000000000000000000000000
000de4d1fff8900cfffc0622000df0d9fffcbed3fff57688fffb9e5d000c31f5
0000000000000000000000000000000000000000000000000000000000000000
000fe51800044433000f075d0001b4d3fff9b8b60000e8e900042326fff10803
0000000000000000000000000000000000000000000000000000000000000000
0000000000000000000000000000000000000000000000000000000000000000
0000000000000000000000000000000000000000000000000000000000000000
0000000000000000000000000000000000000000000000000000000000000000
0000000000000000000000000000000000000000000000000000000000000000
fff866060000b88600019346000ade2afff72928000728e8000d230b0002e5fe
0000000000000000000000000000000000000000000000000000000000000000
0000000000000000000000000000000000000000000000000000000000000000
0000000000000000000000000000000000000000000000000000000000000000
0000000000000000000000000000000000000000000000000000000000000000
fff13fe1fff38c79fff95c3b0008df34fff49805fff0f062000af64ffff5f351
0000000000000000000000000000000000000000000000000000000000000000
0000000000000000000000000000000000000000000000000000000000000000
0000000000000000000000000000000000000000000000000000000000000000
0000000000000000000000000000000000000000000000000000000000000000
0000000000000000000000000000000000000000000000000000000000000000
0000000000000000000000000000000000000000000000000000000000000000
0000000000000000000000000000000000000000000000000000000000000000
0000000000000000000000000000000000000000000000000000000000000000
0000000000000000000000000000000000000000000000000000000000000000
0000000000000000000000000000000000000000000000000000000000000000
fff26e78000d154a00058ade000e3571fff3cc21000e066ffff94400000b2495
0000000000000000000000000000000000000000000000000000000000000000
0000000000000000000000000000000000000000000000000000000000000000
0000000000000000000000000000000000000000000000000000000000000000
fff6a10afffa95e5fffc66e4fff6e8150005debb000729250001b2effff221ab
fff2db590000e320fff65864fff94633fffb0789000f163dfff34a11fff46905
0000000000000000000000000000000000000000000000000000000000000000
0000000000000000000000000000000000000000000000000000000000000000
0000000000000000000000000000000000000000000000000000000000000000
0000000000000000000000000000000000000000000000000000000000000000
0000000000000000000000000000000000000000000000000000000000000000
0000000000000000000000000000000000000000000000000000000000000000
0000000000000000000000000000000000000000000000000000000000000000
0000000000000000000000000000000000000000000000000000000000000000
0002b0eafffde6c9000e6401fffdf41a0006e171fffe3e26fff4e29600090a10
0000000000000000000000000000000000000000000000000000000000000000
0000000000000000000000000000000000000000000000000000000000000000
0000000000000000000000000000000000000000000000000000000000000000
0001b35e000ad640fff27acf0005963e000d288e000089d300067c55fffd94c9
fffc1ca6000263800006bb65fff168e4000894c8fffb9deafffbd2b9000449fa
0000000000000000000000000000000000000000000000000000000000000000
0000000000000000000000000000000000000000000000000000000000000000
0000000000000000000000000000000000000000000000000000000000000000
0000000000000000000000000000000000000000000000000000000000000000
0000000000000000000000000000000000000000000000000000000000000000
0000000000000000000000000000000000000000000000000000000000000000
0000000000000000000000000000000000000000000000000000000000000000
0000000000000000000000000000000000000000000000000000000000000000
000245dafff91d1bffffd5060009c734fffae24e000958340009ad2c000fcf7a
0000000000000000000000000000000000000000000000000000000000000000
fffcd5160001cfec0008b6e3fff68b1600032a91fff758ec00088245fff1d380
0000000000000000000000000000000000000000000000000000000000000000
0000000000000000000000000000000000000000000000000000000000000000
0000000000000000000000000000000000000000000000000000000000000000
0000000000000000000000000000000000000000000000000000000000000000
0000000000000000000000000000000000000000000000000000000000000000
0000000000000000000000000000000000000000000000000000000000000000
0000000000000000000000000000000000000000000000000000000000000000
0000000000000000000000000000000000000000000000000000000000000000
0000000000000000000000000000000000000000000000000000000000000000
0000000000000000000000000000000000000000000000000000000000000000
0000000000000000000000000000000000000000000000000000000000000000
0000000000000000000000000000000000000000000000000000000000000000
0000000000000000000000000000000000000000000000000000000000000000
0000000000000000000000000000000000000000000000000000000000000000
0000000000000000000000000000000000000000000000000000000000000000
0000000000000000000000000000000000000000000000000000000000000000
0000000000000000000000000000000000000000000000000000000000000000
0000000000000000000000000000000000000000000000000000000000000000
0000000000000000000000000000000000000000000000000000000000000000
fff6d9bdfffc51de000e4c96fff87d23fff83b5e000ef7a600065987fff3a719
0000000000000000000000000000000000000000000000000000000000000000
0000000000000000000000000000000000000000000000000000000000000000
0000000000000000000000000000000000000000000000000000000000000000
000ca31c00098ddd0006915400098324000468b10003e0f70007db560001bc09
00007074fff058d5000977a2fff4ba4afffa4607000687c90008bf250000753a
0000000000000000000000000000000000000000000000000000000000000000
0000000000000000000000000000000000000000000000000000000000000000
0000000000000000000000000000000000000000000000000000000000000000
fff8dbb20009fad40004e719fff5b483000c00a5fffce4da000225eb000c4eec
0000000000000000000000000000000000000000000000000000000000000000
0000000000000000000000000000000000000000000000000000000000000000
0000000000000000000000000000000000000000000000000000000000000000
0000000000000000000000000000000000000000000000000000000000000000
0000ad1afffc3eb5fffd8e0afff5f1ea0008e981000ee1ea000c5be1000ac2ef
0008ed64fff5176e0002d639fff551e5fff7269bfffd2e9cfff2f550fffda249
0000000000000000000000000000000000000000000000000000000000000000
0000000000000000000000000000000000000000000000000000000000000000
0000000000000000000000000000000000000000000000000000000000000000
0000000000000000000000000000000000000000000000000000000000000000
0000000000000000000000000000000000000000000000000000000000000000
0000000000000000000000000000000000000000000000000000000000000000
0004b409000e6abffff591720003ffca0009f17cffff37b60002782ffff94b4e
fff1ea530005da7c000980ba00009aa0fff0dcf900013adc000ea5ae00097331
0000000000000000000000000000000000000000000000000000000000000000
0000000000000000000000000000000000000000000000000000000000000000
0000000000000000000000000000000000000000000000000000000000000000
fff35d7c0000a1fdfffb9873fff7a6f600076d84fff064f40008dbd4000aba6d
0000000000000000000000000000000000000000000000000000000000000000
0000000000000000000000000000000000000000000000000000000000000000
0000000000000000000000000000000000000000000000000000000000000000
0000000000000000000000000000000000000000000000000000000000000000
fff66ad6fff28372000c08c0ffffa79500087cfa000243bdfff2426a000a8c84
000af20400091f74fff30460fff6398b000fbcf70000e662000605e5fff1cd64
0000000000000000000000000000000000000000000000000000000000000000
fff9fc64000d878700006d79fff674bf00047f4f000b9cddfff461f600054b21
0000000000000000000000000000000000000000000000000000000000000000
0000000000000000000000000000000000000000000000000000000000000000
0000000000000000000000000000000000000000000000000000000000000000
0000000000000000000000000000000000000000000000000000000000000000
0000000000000000000000000000000000000000000000000000000000000000
0000000000000000000000000000000000000000000000000000000000000000
0000000000000000000000000000000000000000000000000000000000000000
0000000000000000000000000000000000000000000000000000000000000000
0000000000000000000000000000000000000000000000000000000000000000
0000000000000000000000000000000000000000000000000000000000000000
0000000000000000000000000000000000000000000000000000000000000000
0000000000000000000000000000000000000000000000000000000000000000
0000000000000000000000000000000000000000000000000000000000000000
000110ed0004800afff333affff10252fff3edf5000c1dd1fff37f0e0009700b
0000480cfff814400002c23efff27e7efffe4e93fffa0935fff4fb6affffd57b
0000000000000000000000000000000000000000000000000000000000000000
0000000000000000000000000000000000000000000000000000000000000000
0000000000000000000000000000000000000000000000000000000000000000
0000000000000000000000000000000000000000000000000000000000000000
0000000000000000000000000000000000000000000000000000000000000000
0000000000000000000000000000000000000000000000000000000000000000
0000000000000000000000000000000000000000000000000000000000000000
0000000000000000000000000000000000000000000000000000000000000000
0000000000000000000000000000000000000000000000000000000000000000
fff321c0fff7b50dffff05ba000d9e33fff2e406000ab846fff788d600061ee1
0000000000000000000000000000000000000000000000000000000000000000
0003e98a00044570000824400002ad8d0001fd6600088ffbfff7e8f000070a2d
0000000000000000000000000000000000000000000000000000000000000000
0000000000000000000000000000000000000000000000000000000000000000
0000000000000000000000000000000000000000000000000000000000000000
0000000000000000000000000000000000000000000000000000000000000000
0007fa69000dfbe5fffceae3fffa2e64000daf47fffc1a10fffbc1dafffba317
0000000000000000000000000000000000000000000000000000000000000000
0000000000000000000000000000000000000000000000000000000000000000
0000000000000000000000000000000000000000000000000000000000000000
0000000000000000000000000000000000000000000000000000000000000000
0000000000000000000000000000000000000000000000000000000000000000
0000000000000000000000000000000000000000000000000000000000000000
0000000000000000000000000000000000000000000000000000000000000000
fff3b0a4fff075fbfffff8b0000c1f22000a1bd9000072ca0008d7d6fff74d35
0000000000000000000000000000000000000000000000000000000000000000
0000000000000000000000000000000000000000000000000000000000000000
fffe7e8f00032701000cc9bafffbbc880006b109fff8770afffa722bfff37c20
0000000000000000000000000000000000000000000000000000000000000000
fff9939efffe699afff3403cfff13ec3000a15d3fffecccf0004ee34fffc880f
0000000000000000000000000000000000000000000000000000000000000000
0000000000000000000000000000000000000000000000000000000000000000
ffff1f2d000f0f70fff5221bfff61877000f11a1000c67c6000a58aa000c2b86
ffff6900000a9379000f7b41fff12c620002354cfffe26390006ea130007a314
00048a24000a524a0007a2f3fffa636c000cac70fff781fcfff0117d0009ea2c
0000000000000000000000000000000000000000000000000000000000000000
0000000000000000000000000000000000000000000000000000000000000000
0000000000000000000000000000000000000000000000000000000000000000
0000000000000000000000000000000000000000000000000000000000000000
0000000000000000000000000000000000000000000000000000000000000000
0000000000000000000000000000000000000000000000000000000000000000
0000000000000000000000000000000000000000000000000000000000000000
0000000000000000000000000000000000000000000000000000000000000000
0004442ffffb641f0005504300045c96000fbf8b00001cf6fff13072fff95cff
fffd2015fff68102000c0d27000f3c9f0008e6f8000d87d10008041dfff29399
0000000000000000000000000000000000000000000000000000000000000000
fff54ad0000c326e00061b8d000031ab000603aa0008c0a0000bbd7d000ac522
00019a35fff1e449000ed26a0006acdcfffc82f90000b1f5fff4fd0400018bfd
0000000000000000000000000000000000000000000000000000000000000000
0000000000000000000000000000000000000000000000000000000000000000
0000000000000000000000000000000000000000000000000000000000000000
fff927da0009d6bbfffc3b45fffe15d3fff83c7300073d6200070674fff5ed13
0000000000000000000000000000000000000000000000000000000000000000
0000000000000000000000000000000000000000000000000000000000000000
0000000000000000000000000000000000000000000000000000000000000000
0000000000000000000000000000000000000000000000000000000000000000
0000000000000000000000000000000000000000000000000000000000000000
0000000000000000000000000000000000000000000000000000000000000000
0000000000000000000000000000000000000000000000000000000000000000
fffb80550002d537fff7cd8b0000cd5bfff89183fff34be7000c56ed00087925
0000000000000000000000000000000000000000000000000000000000000000
fff13bf7000230ddfff000bcfffac1f60002e21e000324aa000ba970fff6e9f9
0000000000000000000000000000000000000000000000000000000000000000
0000000000000000000000000000000000000000000000000000000000000000
0000000000000000000000000000000000000000000000000000000000000000
0000000000000000000000000000000000000000000000000000000000000000
0000000000000000000000000000000000000000000000000000000000000000
0000000000000000000000000000000000000000000000000000000000000000
0000000000000000000000000000000000000000000000000000000000000000
0000000000000000000000000000000000000000000000000000000000000000
0000000000000000000000000000000000000000000000000000000000000000
000dd396fff5b7d7fff6f98d0006ae3e000ab24e000caec1000b51d4fff2ad14
0000000000000000000000000000000000000000000000000000000000000000
fff3a538fff76f22000a54ad000192340005aec50001b55e00083b23000d4a7b
ffffd851fffae546fff8a36100055a2a00006645fff96019fffd7e4700033f96
0000000000000000000000000000000000000000000000000000000000000000
0006b6fdfff96541fff8356dfff9257900003b0dfff8188bfff0cb30000fd020
0002ae39000855490006c60c00090c5e0004c536fffd7e9afff2548bfff6e8af
fffc56a2000e76acfff75d4b000596790005c696fffcb6f2000334ccfffafb56
0000000000000000000000000000000000000000000000000000000000000000
0000000000000000000000000000000000000000000000000000000000000000
0000000000000000000000000000000000000000000000000000000000000000
000fd70100058de10004b61efff8ef5d000d1007fff54f0bfff587dd000a6b1e
0000000000000000000000000000000000000000000000000000000000000000
0000000000000000000000000000000000000000000000000000000000000000
0000000000000000000000000000000000000000000000000000000000000000
0000000000000000000000000000000000000000000000000000000000000000
0000000000000000000000000000000000000000000000000000000000000000
0000000000000000000000000000000000000000000000000000000000000000
0000000000000000000000000000000000000000000000000000000000000000
0000000000000000000000000000000000000000000000000000000000000000
fffc2589ffff54adfff59cbdfff17e39fff01def00090be7000b77dbfff8c3ec
0000000000000000000000000000000000000000000000000000000000000000
0000000000000000000000000000000000000000000000000000000000000000
0000000000000000000000000000000000000000000000000000000000000000
0000000000000000000000000000000000000000000000000000000000000000
0000000000000000000000000000000000000000000000000000000000000000
0000000000000000000000000000000000000000000000000000000000000000
0000000000000000000000000000000000000000000000000000000000000000
0000000000000000000000000000000000000000000000000000000000000000
0001d138fffc7f57fff8939d000aba230001be120000e42c0007f4c4000675ed
000b8351ffffc20a000b1119000aded2000e20c5fff350bdfff5c92c000427f2
0000000000000000000000000000000000000000000000000000000000000000
0000000000000000000000000000000000000000000000000000000000000000
0000000000000000000000000000000000000000000000000000000000000000
0000000000000000000000000000000000000000000000000000000000000000
0000000000000000000000000000000000000000000000000000000000000000
0000c64e000c0e04fff64339fff31e34000a228a000e2a08000d2c3affff5173
0000000000000000000000000000000000000000000000000000000000000000
0000000000000000000000000000000000000000000000000000000000000000
0000000000000000000000000000000000000000000000000000000000000000
0000000000000000000000000000000000000000000000000000000000000000
0000000000000000000000000000000000000000000000000000000000000000
0000000000000000000000000000000000000000000000000000000000000000
fff6ae8ffffa491dfffac5e8fff2a324fff74da20002c0d4fff065430005b5f4
0000000000000000000000000000000000000000000000000000000000000000
fffb075cfff51000000f42140001365d00076286fffff6ef0007b71efff14638
0000000000000000000000000000000000000000000000000000000000000000
0000000000000000000000000000000000000000000000000000000000000000
fff941a400077b22000993d2fff33a95fffd74f9fffe61ef000807be000be006
0000000000000000000000000000000000000000000000000000000000000000
0000000000000000000000000000000000000000000000000000000000000000
0000000000000000000000000000000000000000000000000000000000000000
0000000000000000000000000000000000000000000000000000000000000000
0000000000000000000000000000000000000000000000000000000000000000
0000000000000000000000000000000000000000000000000000000000000000
0000000000000000000000000000000000000000000000000000000000000000
fffaffe6fff264f6000e9d41fffc905cfff760d70003b83b000bb7a1fff522d1
0000000000000000000000000000000000000000000000000000000000000000
0000000000000000000000000000000000000000000000000000000000000000
0000000000000000000000000000000000000000000000000000000000000000
0000000000000000000000000000000000000000000000000000000000000000
000e245f000a004bfffc2a94fffa50cffff52b95ffff1765000becee0002e7f3
fff2f9b900014ca30000d4adfffd5475fffffc8dfff2aba8000d6200fff0457b
0000000000000000000000000000000000000000000000000000000000000000
0000000000000000000000000000000000000000000000000000000000000000
0000000000000000000000000000000000000000000000000000000000000000
0000000000000000000000000000000000000000000000000000000000000000
0000000000000000000000000000000000000000000000000000000000000000
0000000000000000000000000000000000000000000000000000000000000000
0005d4b8000707e3fffc183dfff7b662000d78910001088afff50f68fff0d3ad
0000000000000000000000000000000000000000000000000000000000000000
fff2a92b000bb55a000b0c3afffe2d48000e57c6fff55de8fff73a4f0002cdf6
0000000000000000000000000000000000000000000000000000000000000000
000c9e99fffffbc8000efc3a000df764000fa721fffedfcf0008f591000cbc7e
0000000000000000000000000000000000000000000000000000000000000000
0008b02cfff32c57fff9931ffff823f4fff3f6cf000fae820000dac2fff0b35c
0000000000000000000000000000000000000000000000000000000000000000
0003372ffff8d5d3fff225fafffb92b2fff46dbbfff837e3fff83398ffff0dad
000c1a05ffffe9ae000d2215fff5b962fff33d72000c9f5afff86fac00072654
0000000000000000000000000000000000000000000000000000000000000000
0000000000000000000000000000000000000000000000000000000000000000
0000000000000000000000000000000000000000000000000000000000000000
0000000000000000000000000000000000000000000000000000000000000000
fffb2c400003af0b00023020000b3154fff0603bfffe31c1000b3a4000038679
00018016000882f0fff355fafff6beb9fff1cc45000b2516fff6bcce00016c4e
fff25480fff7b5b8fff0f36e000cc2f6000d48ee000b5cde00080d1afff59a9f
0000000000000000000000000000000000000000000000000000000000000000
fffae29a00088addfff134f8000c7671000a8f4ffff86a3dfff0b53bfff4aa11
fff50baffffb4bb800077be3000e6e7a0000034d0000256bfff47e1f000e189f
0000000000000000000000000000000000000000000000000000000000000000
0000000000000000000000000000000000000000000000000000000000000000
0000000000000000000000000000000000000000000000000000000000000000
0000000000000000000000000000000000000000000000000000000000000000
0000000000000000000000000000000000000000000000000000000000000000
0000000000000000000000000000000000000000000000000000000000000000
0000000000000000000000000000000000000000000000000000000000000000
0000000000000000000000000000000000000000000000000000000000000000
0000000000000000000000000000000000000000000000000000000000000000
0000000000000000000000000000000000000000000000000000000000000000
0000000000000000000000000000000000000000000000000000000000000000
0000000000000000000000000000000000000000000000000000000000000000
0000000000000000000000000000000000000000000000000000000000000000
0000000000000000000000000000000000000000000000000000000000000000
0000000000000000000000000000000000000000000000000000000000000000
0000000000000000000000000000000000000000000000000000000000000000
0000000000000000000000000000000000000000000000000000000000000000
0000000000000000000000000000000000000000000000000000000000000000
0000000000000000000000000000000000000000000000000000000000000000
0000000000000000000000000000000000000000000000000000000000000000
0000000000000000000000000000000000000000000000000000000000000000
0004daf4fff3c9980002318ffffd5dfd000b34e9000d3474fff8a636000bec10
0000000000000000000000000000000000000000000000000000000000000000
0000000000000000000000000000000000000000000000000000000000000000
0000000000000000000000000000000000000000000000000000000000000000
0000000000000000000000000000000000000000000000000000000000000000
fff49eac000582a0fff7a41bfff1d0d1ffff522d000786a2fff60120000d8d39
0006d911fffcc396fff7d9f6000dd74b00004bc5ffff3b93fff38f65000812b3
0000000000000000000000000000000000000000000000000000000000000000
0000000000000000000000000000000000000000000000000000000000000000
0000000000000000000000000000000000000000000000000000000000000000
0003ad6f000cabaa0006eadcfff5c4fdfff571c70003b7d10002cd92fff4a824
0000000000000000000000000000000000000000000000000000000000000000
0000000000000000000000000000000000000000000000000000000000000000
fff180f10008388ffffab303fffc9c200008f4abfff5acf8fffd02e6fffce8c8
fff7b33dfff67f1f00035c93fff79e8d000f9907000368210004ba3d0005b58b
0000000000000000000000000000000000000000000000000000000000000000
0000000000000000000000000000000000000000000000000000000000000000
fff769d6fff73ad2000ff7cf000b5e650000bec90008622100067890fffe9ce9
0000000000000000000000000000000000000000000000000000000000000000
0000000000000000000000000000000000000000000000000000000000000000
0000000000000000000000000000000000000000000000000000000000000000
0002bc0d00067d02fff5fcd1fff55937ffffdc060003900a000c98b6fff5638c
0000000000000000000000000000000000000000000000000000000000000000
0005479dfff3a5fafff17956fff57720000b27fdfff4323efff3ffaf0003254e
0000000000000000000000000000000000000000000000000000000000000000
0000000000000000000000000000000000000000000000000000000000000000
0000000000000000000000000000000000000000000000000000000000000000
0000000000000000000000000000000000000000000000000000000000000000
0000000000000000000000000000000000000000000000000000000000000000
0000000000000000000000000000000000000000000000000000000000000000
0000000000000000000000000000000000000000000000000000000000000000
0000000000000000000000000000000000000000000000000000000000000000
0000000000000000000000000000000000000000000000000000000000000000
000ccbc3fffd9444fff8cdd3fffe7ae2fffdfb21000bcd6a0005ca28fff5718a
00048031fffa079bfffd8c9c000646f2fff592700007fe41000c189efffc7a3c
0000000000000000000000000000000000000000000000000000000000000000
0000000000000000000000000000000000000000000000000000000000000000
0000000000000000000000000000000000000000000000000000000000000000
0000000000000000000000000000000000000000000000000000000000000000
0000000000000000000000000000000000000000000000000000000000000000
0000000000000000000000000000000000000000000000000000000000000000
0000000000000000000000000000000000000000000000000000000000000000
0000000000000000000000000000000000000000000000000000000000000000
fff0cf7afff53979fff02b87fffe75930003b7c5000d6bab0001a5810002b1f8
0000000000000000000000000000000000000000000000000000000000000000
0000000000000000000000000000000000000000000000000000000000000000
0000000000000000000000000000000000000000000000000000000000000000
ffffed3c000b8ce7fff54941ffff5e750002900efff61872fffabe38000f04f9
0000000000000000000000000000000000000000000000000000000000000000
0000000000000000000000000000000000000000000000000000000000000000
0000000000000000000000000000000000000000000000000000000000000000
fff17d870004135c000511df000c2307000ca16b000aec9f000e006bfff59935
0000000000000000000000000000000000000000000000000000000000000000
0000000000000000000000000000000000000000000000000000000000000000
fff37386fff53ea3fff1d52500058f5b0002242efffdb102fff874a2fff2db5a
0000000000000000000000000000000000000000000000000000000000000000
0000000000000000000000000000000000000000000000000000000000000000
0000000000000000000000000000000000000000000000000000000000000000
0000000000000000000000000000000000000000000000000000000000000000
0000000000000000000000000000000000000000000000000000000000000000
fff30065fffee054fff2d7c0fff4d5e10008e3b5000a2c6afff65c83fff1e97a
0000000000000000000000000000000000000000000000000000000000000000
0000000000000000000000000000000000000000000000000000000000000000
0001ff2d000901e1fff551d700014e38fffef721000a4d45fff1a9fb0004a9b1
0000000000000000000000000000000000000000000000000000000000000000
0000000000000000000000000000000000000000000000000000000000000000
0000000000000000000000000000000000000000000000000000000000000000
0000000000000000000000000000000000000000000000000000000000000000
0000000000000000000000000000000000000000000000000000000000000000
0000000000000000000000000000000000000000000000000000000000000000
0000000000000000000000000000000000000000000000000000000000000000
fffe77ba000ea3ddfff537320005b68ffff549f900017a8a0000cfa2000568f4
0000000000000000000000000000000000000000000000000000000000000000
0000023600065eb4fff6c3d2fffd3acbfff9b960fff8dacafff8fbb1fff2104e
0000000000000000000000000000000000000000000000000000000000000000
0000000000000000000000000000000000000000000000000000000000000000
0000000000000000000000000000000000000000000000000000000000000000
0000000000000000000000000000000000000000000000000000000000000000
0000000000000000000000000000000000000000000000000000000000000000
0000000000000000000000000000000000000000000000000000000000000000
0000000000000000000000000000000000000000000000000000000000000000
0000000000000000000000000000000000000000000000000000000000000000
0000000000000000000000000000000000000000000000000000000000000000
0000000000000000000000000000000000000000000000000000000000000000
fff53553fffa1c4d000e16c4000ac6affff84940fff78772000916d70001e448
0000000000000000000000000000000000000000000000000000000000000000
0000000000000000000000000000000000000000000000000000000000000000
0000000000000000000000000000000000000000000000000000000000000000
0000000000000000000000000000000000000000000000000000000000000000
0000000000000000000000000000000000000000000000000000000000000000
000133bc000a9585fffdd66a0006565e00064ba90006d7b5000e481f000ab217
ffff3725fffb2081000955dc000f0796000d64c2fff518ca00046026fffa19d1
fff91db7fff0d127fffc4422000ccbe4fff82aebfff8cbb1000406a6fff87267
0000000000000000000000000000000000000000000000000000000000000000
fffd8e5ffff23e4bfff86ba30005c01600037dc3fff326cffff5a0c2000f8232
0000000000000000000000000000000000000000000000000000000000000000
0000000000000000000000000000000000000000000000000000000000000000
fff1d97e0007e24cfff6b3dafff2b6a3ffff4d1400020a9afffce49ffff4ba4f
0000000000000000000000000000000000000000000000000000000000000000
0000000000000000000000000000000000000000000000000000000000000000
0000000000000000000000000000000000000000000000000000000000000000
000699b2fff07cb9fffdda170000689a000a97b900038d2b000ec8b4000d44d6
0000000000000000000000000000000000000000000000000000000000000000
0000000000000000000000000000000000000000000000000000000000000000
0000000000000000000000000000000000000000000000000000000000000000
0000000000000000000000000000000000000000000000000000000000000000
0000000000000000000000000000000000000000000000000000000000000000
0000000000000000000000000000000000000000000000000000000000000000
0000000000000000000000000000000000000000000000000000000000000000
0000000000000000000000000000000000000000000000000000000000000000
0000000000000000000000000000000000000000000000000000000000000000
fff3e274fffd2fd1fff67e18000deba80007ff820005b3cb000975690009ee3c
0000000000000000000000000000000000000000000000000000000000000000
0000000000000000000000000000000000000000000000000000000000000000
0000000000000000000000000000000000000000000000000000000000000000
00041bcefff09bc7000480dffffdf3d0fff1e728fff4b7ebfff07635000ec1b0
fff7fb240002767f00075b83fffcca82000d8621ffff7a11fff8d9db0000d5cb
fffec25dfff63517fff5868c00088651ffff2d970006a392000d3dc00006ac0b
0000000000000000000000000000000000000000000000000000000000000000
0000000000000000000000000000000000000000000000000000000000000000
0000000000000000000000000000000000000000000000000000000000000000
0000000000000000000000000000000000000000000000000000000000000000
0000000000000000000000000000000000000000000000000000000000000000
0000000000000000000000000000000000000000000000000000000000000000
0000000000000000000000000000000000000000000000000000000000000000
0000000000000000000000000000000000000000000000000000000000000000
000d9ad3000101e7fff3c540fff571650007d394fffae7a40005ea41000b5408
0000000000000000000000000000000000000000000000000000000000000000
0000000000000000000000000000000000000000000000000000000000000000
0000000000000000000000000000000000000000000000000000000000000000
0000000000000000000000000000000000000000000000000000000000000000
0000000000000000000000000000000000000000000000000000000000000000
000199e9fffe5af400023f52ffff9490fff82b93fff50b300006e43c0006feb8
0000000000000000000000000000000000000000000000000000000000000000
0009da5a000790ac0004b9f5fff4647afffb34cefff7293000011a280005faa6
0000000000000000000000000000000000000000000000000000000000000000
0000000000000000000000000000000000000000000000000000000000000000
0000000000000000000000000000000000000000000000000000000000000000
0000000000000000000000000000000000000000000000000000000000000000
0000000000000000000000000000000000000000000000000000000000000000
0000000000000000000000000000000000000000000000000000000000000000
0000000000000000000000000000000000000000000000000000000000000000
0000000000000000000000000000000000000000000000000000000000000000
0000000000000000000000000000000000000000000000000000000000000000
0000000000000000000000000000000000000000000000000000000000000000
0000000000000000000000000000000000000000000000000000000000000000
0000000000000000000000000000000000000000000000000000000000000000
0005fdb4fffd6071000f853dfff8a65600025b7f00071ddcfffd4aa8fffdb05e
0000000000000000000000000000000000000000000000000000000000000000
0000000000000000000000000000000000000000000000000000000000000000
0000000000000000000000000000000000000000000000000000000000000000
0000000000000000000000000000000000000000000000000000000000000000
fffd3df7fff1e2ee00003333000edf6e0000b24b00065a4e0004c56b00084f1a
0000000000000000000000000000000000000000000000000000000000000000
0000000000000000000000000000000000000000000000000000000000000000
fff54c9dfff7f65bfff48ed3ffff19d5000974c8fff833220007b0f5ffffcbe2
0000000000000000000000000000000000000000000000000000000000000000
0000000000000000000000000000000000000000000000000000000000000000
0000000000000000000000000000000000000000000000000000000000000000
0000000000000000000000000000000000000000000000000000000000000000
000f81effffc7e0cfff7958e000ed2e9fff4340cfffc76f6fff08963000a8d5b
0000000000000000000000000000000000000000000000000000000000000000
0000000000000000000000000000000000000000000000000000000000000000
fff10cc7000c87ae000e733cfff6a788fffc853c000aab11000efa360007a421
0000000000000000000000000000000000000000000000000000000000000000
fff827affff3d671fff13b890006e177000b6db2fff8e5befffb2fa1fffc54c0
fff5d31e00023fba0006cf7500004952fff7743e00062e6d0005185cfff35856
0000000000000000000000000000000000000000000000000000000000000000
0000000000000000000000000000000000000000000000000000000000000000
0000000000000000000000000000000000000000000000000000000000000000
0000000000000000000000000000000000000000000000000000000000000000
0000000000000000000000000000000000000000000000000000000000000000
0000000000000000000000000000000000000000000000000000000000000000
fff89c0e000e1d59000a28d2fffcabcefff89f73000781630006b768fff5c3ca
0000000000000000000000000000000000000000000000000000000000000000
00064a18fffbc5a4fffef600fffeb7950006ed7dfff089cdfffefcd90006b839
0000000000000000000000000000000000000000000000000000000000000000
0000000000000000000000000000000000000000000000000000000000000000
0000000000000000000000000000000000000000000000000000000000000000
0000000000000000000000000000000000000000000000000000000000000000
fffc2cbe000c0a5500055db1000ada3f00076fc000093232fff212f4fff72ff8
0000000000000000000000000000000000000000000000000000000000000000
fffa8ed0fffbfa53fffe6198fff4ee4afff1ea27ffff2db5fff41b31fff47d5a
0000000000000000000000000000000000000000000000000000000000000000
0000000000000000000000000000000000000000000000000000000000000000
0000000000000000000000000000000000000000000000000000000000000000
00004e63fffcdfe7fffb7f3500052ef2fff921f4fff96fedfff1ff01000dd687
000868bf000415f1000862eb00050cd20000db87fff9a5120006c8edfffaf56f
0000000000000000000000000000000000000000000000000000000000000000
0000000000000000000000000000000000000000000000000000000000000000
00041294fff0cdb9000f2970fff5d06900002fb4fff482fefff70184fffae0a6
0000000000000000000000000000000000000000000000000000000000000000
0000000000000000000000000000000000000000000000000000000000000000
0000000000000000000000000000000000000000000000000000000000000000
0000000000000000000000000000000000000000000000000000000000000000
0000000000000000000000000000000000000000000000000000000000000000
0000000000000000000000000000000000000000000000000000000000000000
fffd5c34fff168d0fffbc8e5fff68337000ca97a0006453ffff7e5e9fff7e02f
0000000000000000000000000000000000000000000000000000000000000000
0000000000000000000000000000000000000000000000000000000000000000
0000000000000000000000000000000000000000000000000000000000000000
0000000000000000000000000000000000000000000000000000000000000000
fff2b46a00073daf000a293c00099c0bfff1e781fff6d91f000b2085000267e4
fff97b0600008ce600088bbcffff293efff6f079fffd8711fff7c197fffa7928
0000000000000000000000000000000000000000000000000000000000000000
0000000000000000000000000000000000000000000000000000000000000000
0000000000000000000000000000000000000000000000000000000000000000
0000000000000000000000000000000000000000000000000000000000000000
0000000000000000000000000000000000000000000000000000000000000000
0000000000000000000000000000000000000000000000000000000000000000
0005bedffff88f6bfffc47dd000196b20003a87000002d1b000c5e6f000df3ca
0000000000000000000000000000000000000000000000000000000000000000
0000000000000000000000000000000000000000000000000000000000000000
0000000000000000000000000000000000000000000000000000000000000000
000add4a00042678000cae54fff8ac9b000dee8ffff1abb0ffff6169fff2a395
0000000000000000000000000000000000000000000000000000000000000000
0000000000000000000000000000000000000000000000000000000000000000
0000000000000000000000000000000000000000000000000000000000000000
fffbdf1c0000e857000e0aa5fff936d8fffca6e0000e9ef5fff200620009e51b
fffb3a0dfffa9c560006f027fff8a0b500081035fffa463cfff3698800000d85
0000000000000000000000000000000000000000000000000000000000000000
0000000000000000000000000000000000000000000000000000000000000000
0000000000000000000000000000000000000000000000000000000000000000
00099b4c000b845a00072159000ac77100019e43fff563b200024065fffd5608
000f5d5effff4fc400069d4ffff11b80000b06580000a38b0001c734fff37332
0000000000000000000000000000000000000000000000000000000000000000
000ebde7fffe0df4fff7fa0c000da47d000cfbdefff37d15000362ec000993d8
0000000000000000000000000000000000000000000000000000000000000000
0000000000000000000000000000000000000000000000000000000000000000
0000000000000000000000000000000000000000000000000000000000000000
0000000000000000000000000000000000000000000000000000000000000000
0000000000000000000000000000000000000000000000000000000000000000
fff8d2df000167f00001cf7ffff18da70006f73e00077e7ffff08196fffc99fe
0000000000000000000000000000000000000000000000000000000000000000
000dc1c5fff919a1000dd7fdfffc8907fff2b98d000dad5700003a2800090628
0000000000000000000000000000000000000000000000000000000000000000
0000000000000000000000000000000000000000000000000000000000000000
0006fab2000ce0eefffa3a02fffe649c000af0c0ffffac130004475f000a7038
0000000000000000000000000000000000000000000000000000000000000000
0000000000000000000000000000000000000000000000000000000000000000
0000000000000000000000000000000000000000000000000000000000000000
0000000000000000000000000000000000000000000000000000000000000000
0000000000000000000000000000000000000000000000000000000000000000
0000000000000000000000000000000000000000000000000000000000000000
0000000000000000000000000000000000000000000000000000000000000000
0000000000000000000000000000000000000000000000000000000000000000
0000000000000000000000000000000000000000000000000000000000000000
0000000000000000000000000000000000000000000000000000000000000000
0000000000000000000000000000000000000000000000000000000000000000
0000000000000000000000000000000000000000000000000000000000000000
0000000000000000000000000000000000000000000000000000000000000000
0000000000000000000000000000000000000000000000000000000000000000
0000000000000000000000000000000000000000000000000000000000000000
ffffdf40fff6fc250004fe69fffa46d8fff2273bfffd9dbe0007a2580007f0f3
0000000000000000000000000000000000000000000000000000000000000000
0000000000000000000000000000000000000000000000000000000000000000
0000000000000000000000000000000000000000000000000000000000000000
0000000000000000000000000000000000000000000000000000000000000000
0000000000000000000000000000000000000000000000000000000000000000
0000000000000000000000000000000000000000000000000000000000000000
0000000000000000000000000000000000000000000000000000000000000000
0000000000000000000000000000000000000000000000000000000000000000
0000000000000000000000000000000000000000000000000000000000000000
0000000000000000000000000000000000000000000000000000000000000000
0000000000000000000000000000000000000000000000000000000000000000
0000000000000000000000000000000000000000000000000000000000000000
fff746a9fff0df0e000abcc5fffffded00032908000a2014fff786b7fff42fd3
0000000000000000000000000000000000000000000000000000000000000000
0000000000000000000000000000000000000000000000000000000000000000
fff93a45fffd2e3bfff10decfffc12420001ef95000a01fdfffe8f50fff39559
0000000000000000000000000000000000000000000000000000000000000000
0000000000000000000000000000000000000000000000000000000000000000
0000000000000000000000000000000000000000000000000000000000000000
000aa8ddfff4df290004e03bfff3db2ffffb09fafffb83ed000e56920000a5e8
0000000000000000000000000000000000000000000000000000000000000000
000fbc45fff628d90008be5b0005beb9fff6115f0007bf3300062bfbfff7295b
0000000000000000000000000000000000000000000000000000000000000000
0000000000000000000000000000000000000000000000000000000000000000
0000000000000000000000000000000000000000000000000000000000000000
fff6ffcc00002756fff218f1fffdaecd00043d17fff9d2ed0007cc2d0005e4be
0000000000000000000000000000000000000000000000000000000000000000
00021353fffb3fbf00071f28000b61f8000d7c23fff2da51000f508bfff4df99
0000000000000000000000000000000000000000000000000000000000000000
000523ec000abc38fff57eacfff7dce4fffaf41a0009c363fffc09d3fff8086f
0000000000000000000000000000000000000000000000000000000000000000
0000000000000000000000000000000000000000000000000000000000000000
000131e1000901cefffc25c3000d6ca9fff021e5000c21b30000bf870006d9b4
0000000000000000000000000000000000000000000000000000000000000000
0000000000000000000000000000000000000000000000000000000000000000
0000000000000000000000000000000000000000000000000000000000000000
0000000000000000000000000000000000000000000000000000000000000000
0000000000000000000000000000000000000000000000000000000000000000
0000000000000000000000000000000000000000000000000000000000000000
0000000000000000000000000000000000000000000000000000000000000000
0000000000000000000000000000000000000000000000000000000000000000
0000000000000000000000000000000000000000000000000000000000000000
0001c10afffa89c3fff7fdc4fff0fded00024bd9fff70ba9fff8886cfff2d5da
0000000000000000000000000000000000000000000000000000000000000000
0000000000000000000000000000000000000000000000000000000000000000
0000000000000000000000000000000000000000000000000000000000000000
0000000000000000000000000000000000000000000000000000000000000000
0004139afff5b792fffa8e5100062c2efff9ca73fff4116b00056ca1fff1c65c
0000000000000000000000000000000000000000000000000000000000000000
0000000000000000000000000000000000000000000000000000000000000000
fff47e89fff50a2bffff9dd2fffd5125fffa54f50006413e000f9b33fff504a2
0000000000000000000000000000000000000000000000000000000000000000
ffffa3a1000420b200001687000d4211000bc053fff57807fffd47defff96379
0000000000000000000000000000000000000000000000000000000000000000
0000000000000000000000000000000000000000000000000000000000000000
fffdfa1efff54ab3000dae3d00007bcf0006d45a000f6c85fff4aa76fff8d4eb
0000000000000000000000000000000000000000000000000000000000000000
fffb8ccb00078322fff6f1f3fff6499d000a9f1800037a7d0003574f000bfb79
0000000000000000000000000000000000000000000000000000000000000000
0000000000000000000000000000000000000000000000000000000000000000
0000000000000000000000000000000000000000000000000000000000000000
0000000000000000000000000000000000000000000000000000000000000000
0000000000000000000000000000000000000000000000000000000000000000
0000000000000000000000000000000000000000000000000000000000000000
0000000000000000000000000000000000000000000000000000000000000000
0000000000000000000000000000000000000000000000000000000000000000
0000000000000000000000000000000000000000000000000000000000000000
0003cc7b00031aabfffbf592fff9de61fffa42d9fff96de400025ed4fff59fb8
0000000000000000000000000000000000000000000000000000000000000000
fff02c2c0005f9bb000bbc71fff65c3d000686a60005fed6000aaa3e0009995b
0000000000000000000000000000000000000000000000000000000000000000
0000000000000000000000000000000000000000000000000000000000000000
0000000000000000000000000000000000000000000000000000000000000000
0000000000000000000000000000000000000000000000000000000000000000
0000000000000000000000000000000000000000000000000000000000000000
0000000000000000000000000000000000000000000000000000000000000000
000d7088fffe46eefff884ef000cfbd6fff3c69afff0e7b6000a05ba000872b8
0000000000000000000000000000000000000000000000000000000000000000
fff3905a000596f7fff7cfeefff6fb4e0001fc27fff9c932fff845d6fff5cc95
0000000000000000000000000000000000000000000000000000000000000000
0000000000000000000000000000000000000000000000000000000000000000
fffc7688000c3c2dffff02f6fffc04b1fffdc04e00024ac30004026efff8534b
0000000000000000000000000000000000000000000000000000000000000000
0000000000000000000000000000000000000000000000000000000000000000
0000000000000000000000000000000000000000000000000000000000000000
0000000000000000000000000000000000000000000000000000000000000000
0000000000000000000000000000000000000000000000000000000000000000
0007c1c7fff9e10f00081fcffff43fb4fff88e2c0008488b00085b6b00032b02
0000000000000000000000000000000000000000000000000000000000000000
0000000000000000000000000000000000000000000000000000000000000000
0000000000000000000000000000000000000000000000000000000000000000
0000000000000000000000000000000000000000000000000000000000000000
0000000000000000000000000000000000000000000000000000000000000000
0000000000000000000000000000000000000000000000000000000000000000
0000000000000000000000000000000000000000000000000000000000000000
0000000000000000000000000000000000000000000000000000000000000000
0009f452fffc8115000879d30002693ffff0ff5d00070f5bfffe927fffffc0f4
0000000000000000000000000000000000000000000000000000000000000000
000e50edfff934ce0008f0f70008870a000ea2230001cdc9000e4e40fff7a1e6
0000000000000000000000000000000000000000000000000000000000000000
0000000000000000000000000000000000000000000000000000000000000000
0000000000000000000000000000000000000000000000000000000000000000
0000000000000000000000000000000000000000000000000000000000000000
0000000000000000000000000000000000000000000000000000000000000000
0000000000000000000000000000000000000000000000000000000000000000
0000000000000000000000000000000000000000000000000000000000000000
ffffad3f0000a0a4fff69c9cffff30a1fff8ad6000082d48fff20343000e3145
00046e4d00078fbdfff02fb1000870e800001630000975d1000094e0ffff8d5f
0000000000000000000000000000000000000000000000000000000000000000
0000000000000000000000000000000000000000000000000000000000000000
00077af4fff13d0cfffc68befff7cd00ffff5555fffb30a3000566edfff28155
0003ae680005976d000577dc000302c90002e7ec000aed60fff3405ffffe6847
0000000000000000000000000000000000000000000000000000000000000000
0000000000000000000000000000000000000000000000000000000000000000
0000000000000000000000000000000000000000000000000000000000000000
0000000000000000000000000000000000000000000000000000000000000000
0000000000000000000000000000000000000000000000000000000000000000
fff118030008d0cdfff0b556fff78180fff87863000d475c000548dbfffbd322
0000000000000000000000000000000000000000000000000000000000000000
fff26004fff8ba68000068c80006d00400036241fffcac3fffffb0590001392a
0000000000000000000000000000000000000000000000000000000000000000
0000000000000000000000000000000000000000000000000000000000000000
0000000000000000000000000000000000000000000000000000000000000000
0000000000000000000000000000000000000000000000000000000000000000
0006c8d7fffbd87bfff2f60cfff794abfff1ea0afff3908a000a66a6fff8b96f
fffec54e0005e28100046887fff9f731000168adfff7eae1ffffcce6fff34975
0000000000000000000000000000000000000000000000000000000000000000
0000000000000000000000000000000000000000000000000000000000000000
0008e34ffff982d5000a3b1bfffe0ad5000604250000f9510006bc08fff61871
000ae838000c1ecafffa74a1fff0726cfff98d74fffe7c2e0009e9acfff124dc
0000000000000000000000000000000000000000000000000000000000000000
fff5c7c6fffc6914fffca4440007500afff2a83cfff828bbfff8781efffaa20d
0000000000000000000000000000000000000000000000000000000000000000
0000000000000000000000000000000000000000000000000000000000000000
0000000000000000000000000000000000000000000000000000000000000000
0000000000000000000000000000000000000000000000000000000000000000
0000000000000000000000000000000000000000000000000000000000000000
0000000000000000000000000000000000000000000000000000000000000000
000a8811fffe2eaf00000c67000c414d00089b0afff3a3d5fff6ddd8fffcfdb9
0000000000000000000000000000000000000000000000000000000000000000
0000000000000000000000000000000000000000000000000000000000000000
0000000000000000000000000000000000000000000000000000000000000000
0000000000000000000000000000000000000000000000000000000000000000
0000000000000000000000000000000000000000000000000000000000000000
0000000000000000000000000000000000000000000000000000000000000000
0000000000000000000000000000000000000000000000000000000000000000
fffed6f4fff9bf630003880a0006aef70009f6cb0002817ffffac79efff5c4e3
0000000000000000000000000000000000000000000000000000000000000000
0000000000000000000000000000000000000000000000000000000000000000
fff13af1fffccd150005c403fff8232ffffe353a000c28d40007b961000fafd9
000d4109ffffad45fff63bfd0001cd58000eeb54fffec8e20007349bfffa55f1
0000000000000000000000000000000000000000000000000000000000000000
0000000000000000000000000000000000000000000000000000000000000000
0000000000000000000000000000000000000000000000000000000000000000
0000000000000000000000000000000000000000000000000000000000000000
0000000000000000000000000000000000000000000000000000000000000000
fff5f94e0007a4d7fffa5551fff068ebfffe9b93fffabb360006d38cfff89bd3
0000000000000000000000000000000000000000000000000000000000000000
0000000000000000000000000000000000000000000000000000000000000000
0000000000000000000000000000000000000000000000000000000000000000
0000000000000000000000000000000000000000000000000000000000000000
0000000000000000000000000000000000000000000000000000000000000000
0000000000000000000000000000000000000000000000000000000000000000
0000000000000000000000000000000000000000000000000000000000000000
000fb70500009eb0fff95bc3fff205c6fffb15a5fff811d8fff7d70ffff34402
fff3a32d000bd928fff81b35fff12b72000abc12fffdfe93fff2f66e000057f5
ffff61bcfffcb961fff66289000125fffff075bffff3673bfffdc10e000d7c55
000b633f0009d837000a851afff5b3e7fffeee6e00064578000323020009974a
0000000000000000000000000000000000000000000000000000000000000000
0000000000000000000000000000000000000000000000000000000000000000
0000000000000000000000000000000000000000000000000000000000000000
0000000000000000000000000000000000000000000000000000000000000000
0000000000000000000000000000000000000000000000000000000000000000
0000000000000000000000000000000000000000000000000000000000000000
fffb8ba000037a5f0000bb840002414800049bd6fffc939b000176c5000c024c
000b2bd2fff4797afff491bdfffd86e1fff799cefffa6aaefff0be9900068f0f
0000000000000000000000000000000000000000000000000000000000000000
0000000000000000000000000000000000000000000000000000000000000000
0000000000000000000000000000000000000000000000000000000000000000
0000000000000000000000000000000000000000000000000000000000000000
00057281fff57bcb0009e0fe0008be9d000abecc0001e0c8000a51cafff4fab3
0000000000000000000000000000000000000000000000000000000000000000
0000000000000000000000000000000000000000000000000000000000000000
fff480f3fff19ffafff1f862fffc5f27fffe9392fffb762a0009ed1afff921f8
0000000000000000000000000000000000000000000000000000000000000000
ffff80f1000dead400002a4afffb9bbd000a4a06000f63a0fff57be9000f64e4
0000000000000000000000000000000000000000000000000000000000000000
0000000000000000000000000000000000000000000000000000000000000000
0000000000000000000000000000000000000000000000000000000000000000
0000000000000000000000000000000000000000000000000000000000000000
0000000000000000000000000000000000000000000000000000000000000000
0000000000000000000000000000000000000000000000000000000000000000
0000000000000000000000000000000000000000000000000000000000000000
0000000000000000000000000000000000000000000000000000000000000000
fffc3910fff8cf200004ecfa000f0dfefff76201000d1711fff38ebdfffdfcab
0000000000000000000000000000000000000000000000000000000000000000
0000000000000000000000000000000000000000000000000000000000000000
fff19d2c000f7230fff43a80000c833dfff53b19fff4796900073e25fff03e21
000e10e1fffee0cbfffd7d7efff6f1e9000b6e14000438a3fff160b0000b26ba
0000000000000000000000000000000000000000000000000000000000000000
fff5513bfff1fe81fff9ecf50005f81afff1755afff0ee83fffec90efff7e97b
0000000000000000000000000000000000000000000000000000000000000000
0000000000000000000000000000000000000000000000000000000000000000
0000000000000000000000000000000000000000000000000000000000000000
0000000000000000000000000000000000000000000000000000000000000000
0000000000000000000000000000000000000000000000000000000000000000
fff401d0fff62c41fffca383000fb0e20000cea4fff1fd48fff74ca800040735
0000000000000000000000000000000000000000000000000000000000000000
0000000000000000000000000000000000000000000000000000000000000000
fff02e9dfffc83fafff81498fff4dc6c00022191fff2b60b000718190002a903
fff64ad3fff5f4f2ffffd934fff41b8bfff2832800019143fffc3e4c000c3526
0000000000000000000000000000000000000000000000000000000000000000
0000000000000000000000000000000000000000000000000000000000000000
0000000000000000000000000000000000000000000000000000000000000000
fff53a5f000d72fd0005402dfff19cae000303de000a24fc0007daf4000963b8
0000000000000000000000000000000000000000000000000000000000000000
fff119b8fff563bafffd411ffff58019fffc77a0000f44440007ed68000098fa
0000000000000000000000000000000000000000000000000000000000000000
0000000000000000000000000000000000000000000000000000000000000000
0000000000000000000000000000000000000000000000000000000000000000
0000000000000000000000000000000000000000000000000000000000000000
0000000000000000000000000000000000000000000000000000000000000000
fffd90e1fffe342efff4b7bbfff6c0c20004095900041de9fff2e0310007ee7a
0000000000000000000000000000000000000000000000000000000000000000
0000000000000000000000000000000000000000000000000000000000000000
0000000000000000000000000000000000000000000000000000000000000000
0000000000000000000000000000000000000000000000000000000000000000
0000000000000000000000000000000000000000000000000000000000000000
0000000000000000000000000000000000000000000000000000000000000000
0000000000000000000000000000000000000000000000000000000000000000
0000000000000000000000000000000000000000000000000000000000000000
fff799ac00037e64fff04d9a000981c4000b7481fff95fcb000d6e6bfff3f8b7
fffc9cb6fff599ce000e537d00052189000101ff000f426e000a181e00050911
0000000000000000000000000000000000000000000000000000000000000000
0000000000000000000000000000000000000000000000000000000000000000
0000000000000000000000000000000000000000000000000000000000000000
fff8dcfafff2e317fff645d5fffc3f09000f4ebbfffcbb9efffd8ed000040cef
0000000000000000000000000000000000000000000000000000000000000000
0000000000000000000000000000000000000000000000000000000000000000
0000000000000000000000000000000000000000000000000000000000000000
0000000000000000000000000000000000000000000000000000000000000000
0000000000000000000000000000000000000000000000000000000000000000
0000000000000000000000000000000000000000000000000000000000000000
0006736b0003a7c9000bcd5dfff2ee82fff7824efff023a3fff10ac9fffff104
0000000000000000000000000000000000000000000000000000000000000000
fffe69dcfff405740002d634fff47684fff163f6ffffd3fa00087f61fffe754b
fffe90b9000f9d8bfffa9015fff3f3bf000fce76fffa14cffffc025b00060de7
0000000000000000000000000000000000000000000000000000000000000000
0000000000000000000000000000000000000000000000000000000000000000
0000000000000000000000000000000000000000000000000000000000000000
0000000000000000000000000000000000000000000000000000000000000000
0000000000000000000000000000000000000000000000000000000000000000
0000000000000000000000000000000000000000000000000000000000000000
0000000000000000000000000000000000000000000000000000000000000000
000e941200002869fffe2a17fff4b9470004e1c30000d2b2fffa1e3f000319f7
0000000000000000000000000000000000000000000000000000000000000000
0000000000000000000000000000000000000000000000000000000000000000
0000000000000000000000000000000000000000000000000000000000000000
0000000000000000000000000000000000000000000000000000000000000000
0000000000000000000000000000000000000000000000000000000000000000
000d3f26fff9dfb8000f8226fff461f300007a9f0003b67100092329fff7635b
fff7376900078183fffcf665fff325f000091986fffc33ac00052ef1fffb9f92
0000000000000000000000000000000000000000000000000000000000000000
0000000000000000000000000000000000000000000000000000000000000000
0000000000000000000000000000000000000000000000000000000000000000
0000000000000000000000000000000000000000000000000000000000000000
0000000000000000000000000000000000000000000000000000000000000000
000be9b7000019eafffcc53500052e0bfff42f76000c4606fff9f3b4fff174a0
0000000000000000000000000000000000000000000000000000000000000000
0000000000000000000000000000000000000000000000000000000000000000
0000000000000000000000000000000000000000000000000000000000000000
fff464bdfffe68680003b9ae00033e11000231050006ffad000b61f9000aa520
0000000000000000000000000000000000000000000000000000000000000000
fff8fc7afffaf68f00079a0afffeea06fff74b250004a3eb00037c90000bc88c
0000000000000000000000000000000000000000000000000000000000000000
0000000000000000000000000000000000000000000000000000000000000000
0000000000000000000000000000000000000000000000000000000000000000
0000000000000000000000000000000000000000000000000000000000000000
0000000000000000000000000000000000000000000000000000000000000000
0000000000000000000000000000000000000000000000000000000000000000
0000000000000000000000000000000000000000000000000000000000000000
0000000000000000000000000000000000000000000000000000000000000000
0000000000000000000000000000000000000000000000000000000000000000
0000000000000000000000000000000000000000000000000000000000000000
fff6948bfff6c8e2fffe9a3cfffa7fc300044627000500c7fff79367fffcdac8
fff0ea46fff93606fffe2a53000efe7dfffd067ffffb97090005da5d00094c56
0000000000000000000000000000000000000000000000000000000000000000
0000000000000000000000000000000000000000000000000000000000000000
0000000000000000000000000000000000000000000000000000000000000000
0000000000000000000000000000000000000000000000000000000000000000
0000000000000000000000000000000000000000000000000000000000000000
00047014fff7be8e0003c689fffa0157fff2b701000b390f0001501800022775
0000000000000000000000000000000000000000000000000000000000000000
fff195a5fff36582fff08295fffbfd7cfff00fe0fffc1b66000572aa000fb171
0000000000000000000000000000000000000000000000000000000000000000
0000000000000000000000000000000000000000000000000000000000000000
0000000000000000000000000000000000000000000000000000000000000000
0000000000000000000000000000000000000000000000000000000000000000
0000000000000000000000000000000000000000000000000000000000000000
0000000000000000000000000000000000000000000000000000000000000000
fff5d3a1fff33965000b6d8ffffb25d700024a30fff1f24c00071c560007b91c
0000000000000000000000000000000000000000000000000000000000000000
0000000000000000000000000000000000000000000000000000000000000000
0000000000000000000000000000000000000000000000000000000000000000
0000000000000000000000000000000000000000000000000000000000000000
0000000000000000000000000000000000000000000000000000000000000000
fff0f41ffff555a2fff9ecf20007b220fff8d012fff1c8daffff7e43fffb49e5
0000000000000000000000000000000000000000000000000000000000000000
0000000000000000000000000000000000000000000000000000000000000000
0000000000000000000000000000000000000000000000000000000000000000
0000000000000000000000000000000000000000000000000000000000000000
0000000000000000000000000000000000000000000000000000000000000000
fff3efc1000d7eca0001e2d300086de2fff84e130003f7200001ad440009e90d
0000000000000000000000000000000000000000000000000000000000000000
fff7bf13fff634fb000ae374fff4045afff7a215fff320d9fffa9fdefffc5593
0000000000000000000000000000000000000000000000000000000000000000
000ee1a6fff31945000adc1d00062a93000befc4fff0d5dafff3dc9c00033ced
ffffff20fffb26ef000020a2fffc73700003e62600061dcdfff1af28fff50026
0000000000000000000000000000000000000000000000000000000000000000
0000000000000000000000000000000000000000000000000000000000000000
0000000000000000000000000000000000000000000000000000000000000000
0000000000000000000000000000000000000000000000000000000000000000
0000000000000000000000000000000000000000000000000000000000000000
0000000000000000000000000000000000000000000000000000000000000000
0000000000000000000000000000000000000000000000000000000000000000
000b3c0bfff841c80000954e000a6e2a000ff377fffbc1a7000cf3a5ffff824d
000e70c7000986f50002c1730009a113000085f5fffe578dfff25036fff2e0c3
0000000000000000000000000000000000000000000000000000000000000000
0000000000000000000000000000000000000000000000000000000000000000
0000000000000000000000000000000000000000000000000000000000000000
0000000000000000000000000000000000000000000000000000000000000000
000022f3fff18305000e73bbffffda4efff7a4fe000dc510fff638eb0002ca60
0000000000000000000000000000000000000000000000000000000000000000
0000000000000000000000000000000000000000000000000000000000000000
000e7bddfff3b8780001bc65000c699f0008aa120004f05b00095ee4fff80bff
0000000000000000000000000000000000000000000000000000000000000000
0000000000000000000000000000000000000000000000000000000000000000
000e0688ffffdce3fffc9c2000049cfb000e7feefff5dd78000777110008c2a8
0000000000000000000000000000000000000000000000000000000000000000
000a7bbffff1488d0008d97afff80e7b00050abefff0f4f6000d5cfa000602a6
0000000000000000000000000000000000000000000000000000000000000000
0000000000000000000000000000000000000000000000000000000000000000
0000000000000000000000000000000000000000000000000000000000000000
0000000000000000000000000000000000000000000000000000000000000000
0000000000000000000000000000000000000000000000000000000000000000
0000000000000000000000000000000000000000000000000000000000000000
0000000000000000000000000000000000000000000000000000000000000000
0000000000000000000000000000000000000000000000000000000000000000
0000000000000000000000000000000000000000000000000000000000000000
0000000000000000000000000000000000000000000000000000000000000000
0000000000000000000000000000000000000000000000000000000000000000
0000000000000000000000000000000000000000000000000000000000000000
fff9ca5ffffe2d2200057beafffd00c50009737b0006980afff3f54b00048f7a
0000000000000000000000000000000000000000000000000000000000000000
fff87b620002f951000d4212fffa9f560002d051000bf66a0007ef1c0007d04d
0000000000000000000000000000000000000000000000000000000000000000
0000000000000000000000000000000000000000000000000000000000000000
0000000000000000000000000000000000000000000000000000000000000000
0000000000000000000000000000000000000000000000000000000000000000
0000000000000000000000000000000000000000000000000000000000000000
0000000000000000000000000000000000000000000000000000000000000000
0000000000000000000000000000000000000000000000000000000000000000
0000000000000000000000000000000000000000000000000000000000000000
0000000000000000000000000000000000000000000000000000000000000000
0000000000000000000000000000000000000000000000000000000000000000
fff56d19ffffa6f60005ac7ffff93f50fff73ffafffa18eefff18f7700012f8c
0000000000000000000000000000000000000000000000000000000000000000
fff89b7e000af8c200030c53fff410ea00073869000c82fefff882110000601f
0000000000000000000000000000000000000000000000000000000000000000
fff886c00006c105fff15b94fffda8c3fff0170800022097000f70fbfff9c531
0000000000000000000000000000000000000000000000000000000000000000
0000000000000000000000000000000000000000000000000000000000000000
0000000000000000000000000000000000000000000000000000000000000000
0000000000000000000000000000000000000000000000000000000000000000
0000000000000000000000000000000000000000000000000000000000000000
000ad3f7000f61230004e6cffff8233dfff16ddd000ada260005ae01fff35df5
0000000000000000000000000000000000000000000000000000000000000000
0000000000000000000000000000000000000000000000000000000000000000
fff7ebdd0003a684fff2300cfff24f45fff58dfb00074548fff1f055000a3ebd
0000000000000000000000000000000000000000000000000000000000000000
0005b43ffff90f42fff8d89d000e0933000b493e0001e9f3000bb8fc000e9df6
0000000000000000000000000000000000000000000000000000000000000000
0000000000000000000000000000000000000000000000000000000000000000
0000000000000000000000000000000000000000000000000000000000000000
0000000000000000000000000000000000000000000000000000000000000000
0000000000000000000000000000000000000000000000000000000000000000
0004579d000f5391000c3e95fff8d80b000a8b0b00007564fff567ef00066337
0000000000000000000000000000000000000000000000000000000000000000
0000000000000000000000000000000000000000000000000000000000000000
0000000000000000000000000000000000000000000000000000000000000000
0000000000000000000000000000000000000000000000000000000000000000
0000000000000000000000000000000000000000000000000000000000000000
fffa90810003b4a200041a9c0001fe89fffef0ec0003d876000f47410006c86d
0000000000000000000000000000000000000000000000000000000000000000
fff26f5efff6015f000447d3000972fcfff9a575fffab444000cceddfff51491
0000000000000000000000000000000000000000000000000000000000000000
0000000000000000000000000000000000000000000000000000000000000000
0000000000000000000000000000000000000000000000000000000000000000
0000000000000000000000000000000000000000000000000000000000000000
0000000000000000000000000000000000000000000000000000000000000000
0000000000000000000000000000000000000000000000000000000000000000
0000000000000000000000000000000000000000000000000000000000000000
0000000000000000000000000000000000000000000000000000000000000000
00033049000d5ea90006fa0f00039fa4fff9ef57000971580001a898fff134d2
fff0d28bfff96e470004a512000d8d76fffa461b00044d2ffff3b2aefffb7432
0000000000000000000000000000000000000000000000000000000000000000
0000000000000000000000000000000000000000000000000000000000000000
000f116d0006a523fffce536000a27c700012b7900079cfdfff24931fffc91be
0000000000000000000000000000000000000000000000000000000000000000
0000000000000000000000000000000000000000000000000000000000000000
fffd4d32fff93ce0000f95f1fff6a479000fef78fff44bcefff95c68fffa4509
0000000000000000000000000000000000000000000000000000000000000000
fff3ddb4fff7692d00028d95000fd7b1000d6939000eaa45fff36a0c000ac594
0000000000000000000000000000000000000000000000000000000000000000
0000000000000000000000000000000000000000000000000000000000000000
000982dafffb5cb9000b6eadfffa45e1fffeddd3fff517b0000947a900085c24
0000f513000e3242fff595a300075d3dfff73353000fbf68fffc4e4ffff5a641
0000000000000000000000000000000000000000000000000000000000000000
0000000000000000000000000000000000000000000000000000000000000000
fff66f730007ca4500041ce50009da5efff34ce3fff8500d00011f76000db1bb
0000000000000000000000000000000000000000000000000000000000000000
0000000000000000000000000000000000000000000000000000000000000000
0000000000000000000000000000000000000000000000000000000000000000
0000000000000000000000000000000000000000000000000000000000000000
0000000000000000000000000000000000000000000000000000000000000000
0000000000000000000000000000000000000000000000000000000000000000
0006efbc0005655dfff8626efff636a10002f0f8000e2126fff33fdf00088eb0
0000000000000000000000000000000000000000000000000000000000000000
0000000000000000000000000000000000000000000000000000000000000000
0000000000000000000000000000000000000000000000000000000000000000
0008437d000be93afffac1b40002eccb0003aa6c00009105fff3c278ffff6497
0000000000000000000000000000000000000000000000000000000000000000
0000000000000000000000000000000000000000000000000000000000000000
0000000000000000000000000000000000000000000000000000000000000000
0000000000000000000000000000000000000000000000000000000000000000
0000000000000000000000000000000000000000000000000000000000000000
0000000000000000000000000000000000000000000000000000000000000000
fffc8a00000c405b0007e87100025472fffaf27dfffd7afd000596bcfff72dc1
00069662ffffa973fff4967100015a27fff51bf00004f6840005b823fff83951
0000000000000000000000000000000000000000000000000000000000000000
0000000000000000000000000000000000000000000000000000000000000000
0000000000000000000000000000000000000000000000000000000000000000
0000000000000000000000000000000000000000000000000000000000000000
0000000000000000000000000000000000000000000000000000000000000000
0000000000000000000000000000000000000000000000000000000000000000
0000000000000000000000000000000000000000000000000000000000000000
0000000000000000000000000000000000000000000000000000000000000000
0000000000000000000000000000000000000000000000000000000000000000
0000000000000000000000000000000000000000000000000000000000000000
0000000000000000000000000000000000000000000000000000000000000000
0000000000000000000000000000000000000000000000000000000000000000
0000000000000000000000000000000000000000000000000000000000000000
0000000000000000000000000000000000000000000000000000000000000000
0000000000000000000000000000000000000000000000000000000000000000
fff65681ffff6a4bfffd0f9e000676a1fff27088000bd144fffb13e600048af2
fff11e5cfffa2b2f0000a4bd00023832fff231cbfff37455fff9e6b800013162
0000000000000000000000000000000000000000000000000000000000000000
0000000000000000000000000000000000000000000000000000000000000000
0000000000000000000000000000000000000000000000000000000000000000
00070ee1fff725e200035e9ffffcbd75fff5942d000da97dfff24cb4fffb42d8
0000000000000000000000000000000000000000000000000000000000000000
0000000000000000000000000000000000000000000000000000000000000000
0000000000000000000000000000000000000000000000000000000000000000
0000000000000000000000000000000000000000000000000000000000000000
0000000000000000000000000000000000000000000000000000000000000000
0000000000000000000000000000000000000000000000000000000000000000
fff73ef4fff29a4afff1af9dfff7954c0002948a0007fc75fff5bf33fff55f76
0000000000000000000000000000000000000000000000000000000000000000
0000000000000000000000000000000000000000000000000000000000000000
000217f9ffff1c92fff50d64ffff783d00076799000ecc9200012d9cfff4792b
fff50ac7fffc6b15fff1657a00047aa1000820acfff18e65000f6eeffff39ab0
0000000000000000000000000000000000000000000000000000000000000000
0000000000000000000000000000000000000000000000000000000000000000
0000000000000000000000000000000000000000000000000000000000000000
0000000000000000000000000000000000000000000000000000000000000000
0000000000000000000000000000000000000000000000000000000000000000
000765d3fff4e7cd0004b002000a19d5000a043900052725000b2e4000042e9d
000fa5940004a02affffb231000b02550008136afff77ed700092728fff40d57
fff03bc4000bbece000fe9e30007323bfff63d35fff42a36fff4b1b8fffcbf71
0000000000000000000000000000000000000000000000000000000000000000
0000000000000000000000000000000000000000000000000000000000000000
0000000000000000000000000000000000000000000000000000000000000000
0000000000000000000000000000000000000000000000000000000000000000
0000000000000000000000000000000000000000000000000000000000000000
0000000000000000000000000000000000000000000000000000000000000000
fff2676efff31efffffc3112fff91a7dfff09c82fffd2b09fff37c4500087e76
0000000000000000000000000000000000000000000000000000000000000000
0000000000000000000000000000000000000000000000000000000000000000
0000000000000000000000000000000000000000000000000000000000000000
0000000000000000000000000000000000000000000000000000000000000000
0000000000000000000000000000000000000000000000000000000000000000
0000000000000000000000000000000000000000000000000000000000000000
0003c778fffb5c8d000b869c0003d71d0003499efff95f60000e2e56fff2df2a
00062e83fff886fc00023e6cfffbdf2efff8b0d0fff50787fffa2d38fff70615
0000000000000000000000000000000000000000000000000000000000000000
0000000000000000000000000000000000000000000000000000000000000000
0000000000000000000000000000000000000000000000000000000000000000
0000000000000000000000000000000000000000000000000000000000000000
0000000000000000000000000000000000000000000000000000000000000000
0000000000000000000000000000000000000000000000000000000000000000
0004f29c000c1f74ffffb11cfff6652d000f8c5dfff93da10004391c000a7290
0000000000000000000000000000000000000000000000000000000000000000
0000000000000000000000000000000000000000000000000000000000000000
fffc3920fff8ebc5fff8870bfff0de85fff78c44fffdb057000f5d93000713ba
0000000000000000000000000000000000000000000000000000000000000000
0000000000000000000000000000000000000000000000000000000000000000
0000000000000000000000000000000000000000000000000000000000000000
0000000000000000000000000000000000000000000000000000000000000000
0000000000000000000000000000000000000000000000000000000000000000
0000000000000000000000000000000000000000000000000000000000000000
0000000000000000000000000000000000000000000000000000000000000000
fffd59f8fff765c6000a026d000d9d39000aba20000b3ac9fff8ee2b0000daba
0000000000000000000000000000000000000000000000000000000000000000
0000000000000000000000000000000000000000000000000000000000000000
0000000000000000000000000000000000000000000000000000000000000000
0007119300049c91000f5e390004cb38000f281e0009c030fff1be72fffa1181
0000000000000000000000000000000000000000000000000000000000000000
0000000000000000000000000000000000000000000000000000000000000000
0000000000000000000000000000000000000000000000000000000000000000
0000000000000000000000000000000000000000000000000000000000000000
fffeb7740007951a0002d95100095a93000f31820005e1bcfff9309c0000329a
0000000000000000000000000000000000000000000000000000000000000000
0004756d00007c35fff43249000102f80000c8380008891c000307e20006b778
0000000000000000000000000000000000000000000000000000000000000000
000f5bc7fff19fccfffb96f8fffd747d00072c9f0000817d0003b2ebfff2503e
0000000000000000000000000000000000000000000000000000000000000000
0000000000000000000000000000000000000000000000000000000000000000
000b721900092d390007ba46fffb8e8100091c86fff392e000007f410009a9c9
0000000000000000000000000000000000000000000000000000000000000000
0000000000000000000000000000000000000000000000000000000000000000
0000000000000000000000000000000000000000000000000000000000000000
0000000000000000000000000000000000000000000000000000000000000000
0000000000000000000000000000000000000000000000000000000000000000
0000000000000000000000000000000000000000000000000000000000000000
0000000000000000000000000000000000000000000000000000000000000000
0000000000000000000000000000000000000000000000000000000000000000
0000000000000000000000000000000000000000000000000000000000000000
0000000000000000000000000000000000000000000000000000000000000000
fff80b8b000f0c73fff62dfdfffb75f9000abe2600079942ffff7907fff9deb9
0000000000000000000000000000000000000000000000000000000000000000
0000000000000000000000000000000000000000000000000000000000000000
0000000000000000000000000000000000000000000000000000000000000000
fff5a1800003d0d7fff6e365000bd047fffba70b000d96160006a9dcfffa6902
ffff3df9fffbc158000d5665000f0e48fff94e37fff42dcf0006f6120005f350
0000000000000000000000000000000000000000000000000000000000000000
0000000000000000000000000000000000000000000000000000000000000000
0000000000000000000000000000000000000000000000000000000000000000
000db276fff74ec80001e3dd0006dabd000335ae00045eda000a5bfafff72b66
0000000000000000000000000000000000000000000000000000000000000000
fffcfb74000d68d80002a538fff18fc5000ffd620007b226fffd4966fff3ae4f
0000000000000000000000000000000000000000000000000000000000000000
0000000000000000000000000000000000000000000000000000000000000000
0000000000000000000000000000000000000000000000000000000000000000
0000000000000000000000000000000000000000000000000000000000000000
0000000000000000000000000000000000000000000000000000000000000000
0000000000000000000000000000000000000000000000000000000000000000
0000000000000000000000000000000000000000000000000000000000000000
0000000000000000000000000000000000000000000000000000000000000000
0000000000000000000000000000000000000000000000000000000000000000
0000000000000000000000000000000000000000000000000000000000000000
0000000000000000000000000000000000000000000000000000000000000000
fffe25a5000bf50cfff434d50002c04b00073ae30004a105000b0782fff6886a
000487a5000f75aa0001df99fffbee2cfff05e0b00052e19fff3e012fff56c0f
0000000000000000000000000000000000000000000000000000000000000000
0000000000000000000000000000000000000000000000000000000000000000
00064ccafff197940001e7700007a7910001dcf1000a531300089504fff6d423
0000000000000000000000000000000000000000000000000000000000000000
0000000000000000000000000000000000000000000000000000000000000000
000fe82900022d22000db78dfff3edd3000072ff000a8ffd0003ca8a00045368
0000000000000000000000000000000000000000000000000000000000000000
0000000000000000000000000000000000000000000000000000000000000000
0000000000000000000000000000000000000000000000000000000000000000
0000000000000000000000000000000000000000000000000000000000000000
0000000000000000000000000000000000000000000000000000000000000000
fff2b71cfffbf31efffd6433000412c1fff469f1fffae667fff1ed4b00092838
0000000000000000000000000000000000000000000000000000000000000000
00014172fff445f70000b301000ebdc7fff3ee450004b945000bd8a500095914
0000000000000000000000000000000000000000000000000000000000000000
0007b781fffd02d4fff55f6a0004c5c70002492cfff6ccc3000a53bf000953a1
0000000000000000000000000000000000000000000000000000000000000000
0000000000000000000000000000000000000000000000000000000000000000
0000000000000000000000000000000000000000000000000000000000000000
fff30e88fff99b54000d6619000c383a000a742efff50ed1fff0b8e7fff22aff
0000000000000000000000000000000000000000000000000000000000000000
0000000000000000000000000000000000000000000000000000000000000000
0000000000000000000000000000000000000000000000000000000000000000
0000000000000000000000000000000000000000000000000000000000000000
fffe6855000a6f46fffc258500089ecbfff9edfa0006afccfff0a649000cbcac
0000000000000000000000000000000000000000000000000000000000000000
0000000000000000000000000000000000000000000000000000000000000000
0000000000000000000000000000000000000000000000000000000000000000
0000000000000000000000000000000000000000000000000000000000000000
0000000000000000000000000000000000000000000000000000000000000000
0000000000000000000000000000000000000000000000000000000000000000
0000000000000000000000000000000000000000000000000000000000000000
fffbcaf30006d9f2000d3f5700058d0a000bb8c3fff9ebdcfffff090fff01afd
fffbc2f500091590fff823800009d63400029c370006f71efff011b5000ecd8f
0000000000000000000000000000000000000000000000000000000000000000
0000000000000000000000000000000000000000000000000000000000000000
0000000000000000000000000000000000000000000000000000000000000000
00039ea9000bf2cd0006890dfff1e624fff865d9000bfa2200089f9ffffcecc0
0000000000000000000000000000000000000000000000000000000000000000
0000000000000000000000000000000000000000000000000000000000000000
0000000000000000000000000000000000000000000000000000000000000000
0000000000000000000000000000000000000000000000000000000000000000
0000000000000000000000000000000000000000000000000000000000000000
0000000000000000000000000000000000000000000000000000000000000000
0000000000000000000000000000000000000000000000000000000000000000
0000000000000000000000000000000000000000000000000000000000000000
fff98423fffd637bfff0a0910006e086fffbce02fffe37defff5ad64fffa533e
fff899c50003ec3dfff36a8e000d7878000d934efff8a3c6ffff2743ffff8a95
0000000000000000000000000000000000000000000000000000000000000000
000237bafff7dc3e0002eb240006f32c000d6d1d000e4aecfff6ffcdfffe283c
000fb95b0006b8e7fff9bc52000f63aefff93ec1fff7814a00038b3a000c048a
0000000000000000000000000000000000000000000000000000000000000000
0000000000000000000000000000000000000000000000000000000000000000
ffff1609fffd25140001ec47fff47f2e00050ba5fff5fbfcfffa2c4a000b5fa6
0000000000000000000000000000000000000000000000000000000000000000
0000000000000000000000000000000000000000000000000000000000000000
0000000000000000000000000000000000000000000000000000000000000000
fff05da8000f0ebc0009f5e6000141cf00003d74fffb17fafff20a8e000f39a0
0000000000000000000000000000000000000000000000000000000000000000
0000000000000000000000000000000000000000000000000000000000000000
0000000000000000000000000000000000000000000000000000000000000000
0000000000000000000000000000000000000000000000000000000000000000
00095f0f0001cbcb0002816afffe118afff25dc7000b1d33ffffd83400043888
0000000000000000000000000000000000000000000000000000000000000000
0000000000000000000000000000000000000000000000000000000000000000
0000000000000000000000000000000000000000000000000000000000000000
0000000000000000000000000000000000000000000000000000000000000000
0000000000000000000000000000000000000000000000000000000000000000
0000000000000000000000000000000000000000000000000000000000000000
0000000000000000000000000000000000000000000000000000000000000000
0000000000000000000000000000000000000000000000000000000000000000
0000000000000000000000000000000000000000000000000000000000000000
0000000000000000000000000000000000000000000000000000000000000000
0000000000000000000000000000000000000000000000000000000000000000
0004a546000e68ac000d20ee00021446fff37526000176d1000b5177000899d2
00099d640002fce1000472e10004bde4fff288affff49406fff74206fff8da37
0000000000000000000000000000000000000000000000000000000000000000
0000000000000000000000000000000000000000000000000000000000000000
0000000000000000000000000000000000000000000000000000000000000000
0000000000000000000000000000000000000000000000000000000000000000
0000000000000000000000000000000000000000000000000000000000000000
0000000000000000000000000000000000000000000000000000000000000000
0000000000000000000000000000000000000000000000000000000000000000
000230a3fff70c40fff8c39700094dfc0000d9ecfff7c5fafff8b89b0006d90b
0000000000000000000000000000000000000000000000000000000000000000
0000000000000000000000000000000000000000000000000000000000000000
0000000000000000000000000000000000000000000000000000000000000000
0000000000000000000000000000000000000000000000000000000000000000
0000000000000000000000000000000000000000000000000000000000000000
0009b77f000580e1fff98be3fffe9d16000b4fabfffdc1affffbed1c000b013e
000f8893fffa5b2a000326ebfffded52fff6cdaafff5efc600008148fff9ba95
0000000000000000000000000000000000000000000000000000000000000000
0000000000000000000000000000000000000000000000000000000000000000
0000000000000000000000000000000000000000000000000000000000000000
0000000000000000000000000000000000000000000000000000000000000000
0000000000000000000000000000000000000000000000000000000000000000
0000000000000000000000000000000000000000000000000000000000000000
fffa1ea1fffb8b920007df4cfffdd6cffff6e1b70003842600022459fff75721
0000000000000000000000000000000000000000000000000000000000000000
0000000000000000000000000000000000000000000000000000000000000000
0000000000000000000000000000000000000000000000000000000000000000
0000000000000000000000000000000000000000000000000000000000000000
0000000000000000000000000000000000000000000000000000000000000000
0000000000000000000000000000000000000000000000000000000000000000
0000000000000000000000000000000000000000000000000000000000000000
0000000000000000000000000000000000000000000000000000000000000000
0000000000000000000000000000000000000000000000000000000000000000
0000000000000000000000000000000000000000000000000000000000000000
000d5229fff36315fff4e908000329bbfff0aad3000aef5500020734fff17bfc
00002112fffecc45fff9be26fff3f6d9fffed479000bef84fffbd76bfffbc7b0
0000000000000000000000000000000000000000000000000000000000000000
fff4c3b200042a71fffdee0d0001840e0005ec99ffff6c3300001bb100045935
0000000000000000000000000000000000000000000000000000000000000000
0003187c0007353e0000aa91000d9653ffff67f1fff3512afffa24d7000e89e8
0000000000000000000000000000000000000000000000000000000000000000
0000000000000000000000000000000000000000000000000000000000000000
00054ae8fffcf726000e7e1cfff50da5000487ea0002d9d7000ef93e00017956
0000000000000000000000000000000000000000000000000000000000000000
000568e30006c7fc000fc6040009d5fffff361af000251dd000d71eefff6373b
fffef2aa00054408fffc3894fff5e298fffbdb72000fe665fffaa0bf000e3904
fff25b1c00076741fff65408fffe8a24fffb3249fff77c23fff0ee5bfff800b6
0000000000000000000000000000000000000000000000000000000000000000
0000000000000000000000000000000000000000000000000000000000000000
0000000000000000000000000000000000000000000000000000000000000000
0000000000000000000000000000000000000000000000000000000000000000
0000000000000000000000000000000000000000000000000000000000000000
0000000000000000000000000000000000000000000000000000000000000000
0000000000000000000000000000000000000000000000000000000000000000
000b085b000ceb93fff03d47fffd45ccfff00461fff6b4ab000e5a88ffff31ed
0000000000000000000000000000000000000000000000000000000000000000
0000000000000000000000000000000000000000000000000000000000000000
fffa0c57000d40ccfffde668000a45a2fff7094b00089415000eb4740007d6d0
0000000000000000000000000000000000000000000000000000000000000000
00058fec00058b7b00094347fff8c7d3ffff357bfff0aa7100021e77000b6065
0000000000000000000000000000000000000000000000000000000000000000
fff40e8dfff68b3dfffcd315fffc8b5afffca45dfffa3061fff834fb0004a645
0000000000000000000000000000000000000000000000000000000000000000
0000000000000000000000000000000000000000000000000000000000000000
0000000000000000000000000000000000000000000000000000000000000000
0000000000000000000000000000000000000000000000000000000000000000
00027f8e0002223dfff3f1a4fff89744fffb6a3c00028680000eca71fffe976b
0000000000000000000000000000000000000000000000000000000000000000
0000000000000000000000000000000000000000000000000000000000000000
fffe899e000d6e4c0006df0efff54552fff1338bfff35846fff39029000f1c0b
0000000000000000000000000000000000000000000000000000000000000000
0000000000000000000000000000000000000000000000000000000000000000
fff363d30001bcff0000e0a900056d8500009766fff12cd80005e495fff71bd0
000ed0b6fff67658000cbfe40004d47b000a5aed000033a400001c8cffffda55
0000000000000000000000000000000000000000000000000000000000000000
0000000000000000000000000000000000000000000000000000000000000000
0000000000000000000000000000000000000000000000000000000000000000
0000000000000000000000000000000000000000000000000000000000000000
0000000000000000000000000000000000000000000000000000000000000000
fff11698fff0e99e00043e71fff1a932fffc404ffff58314fff0634600010af2
0000000000000000000000000000000000000000000000000000000000000000
0000000000000000000000000000000000000000000000000000000000000000
0000000000000000000000000000000000000000000000000000000000000000
0000000000000000000000000000000000000000000000000000000000000000
0000000000000000000000000000000000000000000000000000000000000000
0000000000000000000000000000000000000000000000000000000000000000
0000000000000000000000000000000000000000000000000000000000000000
0008eef8fffade630001068b0009ed2100015e2100061cdd000fb1d6fff6da9a
0000000000000000000000000000000000000000000000000000000000000000
0000000000000000000000000000000000000000000000000000000000000000
0000000000000000000000000000000000000000000000000000000000000000
fff4647e00001b9200026bee000cd03900090b60000879d7000fb3e6fff70201
0000000000000000000000000000000000000000000000000000000000000000
0000000000000000000000000000000000000000000000000000000000000000
0000000000000000000000000000000000000000000000000000000000000000
0000000000000000000000000000000000000000000000000000000000000000
fff0d5ffffff6bb0fff594790004ada3fff9613ffff443e0000221a0fff9bd12
0000000000000000000000000000000000000000000000000000000000000000
0000000000000000000000000000000000000000000000000000000000000000
0000000000000000000000000000000000000000000000000000000000000000
000fbca7000cb35efff5dda1fffa2060ffff55cdfff6aae50001c6f8000f0c0d
0004a8bb00035aaafffa505cfff230b50008f2ad0002a8aafff88490fff30910
0000000000000000000000000000000000000000000000000000000000000000
0000000000000000000000000000000000000000000000000000000000000000
0000000000000000000000000000000000000000000000000000000000000000
0000000000000000000000000000000000000000000000000000000000000000
0000000000000000000000000000000000000000000000000000000000000000
0000000000000000000000000000000000000000000000000000000000000000
0000000000000000000000000000000000000000000000000000000000000000
0000000000000000000000000000000000000000000000000000000000000000
0000000000000000000000000000000000000000000000000000000000000000
0000000000000000000000000000000000000000000000000000000000000000
0000000000000000000000000000000000000000000000000000000000000000
0000000000000000000000000000000000000000000000000000000000000000
00035410fff6dfbb00016d27000e1791fffc5d32fffdda5efffb6ee5000bacb3
0000000000000000000000000000000000000000000000000000000000000000
0000000000000000000000000000000000000000000000000000000000000000
0000000000000000000000000000000000000000000000000000000000000000
fffb94d7000f51f6fffd2f14fff1c875fff983c50004375f000fd15c000ec052
0000000000000000000000000000000000000000000000000000000000000000
0000000000000000000000000000000000000000000000000000000000000000
0000000000000000000000000000000000000000000000000000000000000000
0000000000000000000000000000000000000000000000000000000000000000
fff8ed20fffa7c17fff099d0fff2b766fff9dd82fff750c8fffbbb06fff9d92c
fff6b563000683e3000172f1fff517fafffb0ae8fff25be9000fbf6dfff4a44d
fffd19d50001daccffffe0a4fffea02200041cf40008d39a000e4323000d4826
0000000000000000000000000000000000000000000000000000000000000000
0000000000000000000000000000000000000000000000000000000000000000
0000000000000000000000000000000000000000000000000000000000000000
0000000000000000000000000000000000000000000000000000000000000000
0000000000000000000000000000000000000000000000000000000000000000
0000000000000000000000000000000000000000000000000000000000000000
00087a73fffe5490fff98e32fff8ae34000b9f14fff573c40003a953000427f7
0000000000000000000000000000000000000000000000000000000000000000
0000000000000000000000000000000000000000000000000000000000000000
00006fb7fff27c43fffe5694fffb8feefff9c81dfff21ce30006b761000e62f4
0000000000000000000000000000000000000000000000000000000000000000
000b4ce8fff3b80cfffa07f6000d87b5000e20000007c86a0000a1e400051ac1
0000000000000000000000000000000000000000000000000000000000000000
000b4685fffc3842ffff385e00058b85fff4bf09fffe3ba9fff0edc8fff931cf
0000000000000000000000000000000000000000000000000000000000000000
000e5136fffa4534000155f500065915fff55e40fffa1a65fff504ec000d4f6a
0000000000000000000000000000000000000000000000000000000000000000
0000000000000000000000000000000000000000000000000000000000000000
0000000000000000000000000000000000000000000000000000000000000000
0000000000000000000000000000000000000000000000000000000000000000
0000000000000000000000000000000000000000000000000000000000000000
0000000000000000000000000000000000000000000000000000000000000000
fffb8773fffde032fffa6b40000d34e4000fc501fff9bdbdfffceb4efff8cacc
fff34abbfffd5e75fff8c342fff889fb000f4197fffcfc1e000e163300017931
00008865000e9211000421630003dbd5000e806ffff3072cfff0658d000a3925
0000000000000000000000000000000000000000000000000000000000000000
0000000000000000000000000000000000000000000000000000000000000000
0000000000000000000000000000000000000000000000000000000000000000
0000000000000000000000000000000000000000000000000000000000000000
0000000000000000000000000000000000000000000000000000000000000000
0000000000000000000000000000000000000000000000000000000000000000
0000000000000000000000000000000000000000000000000000000000000000
0000000000000000000000000000000000000000000000000000000000000000
0000000000000000000000000000000000000000000000000000000000000000
0000000000000000000000000000000000000000000000000000000000000000
fffb40f0fffc7021000a887c00094ef6000c55c000034ef3000b1f03000cb4aa
0000000000000000000000000000000000000000000000000000000000000000
0000000000000000000000000000000000000000000000000000000000000000
fff27338000bfbd60000da6ffff398070009be20fff40f8a0001c8bbfffc1006
0000000000000000000000000000000000000000000000000000000000000000
000718e600072cc5000882f00006b9430008547e000c6491fff6436cfff61a74
0000000000000000000000000000000000000000000000000000000000000000
0000000000000000000000000000000000000000000000000000000000000000
0000000000000000000000000000000000000000000000000000000000000000
0000000000000000000000000000000000000000000000000000000000000000
0000000000000000000000000000000000000000000000000000000000000000
0000000000000000000000000000000000000000000000000000000000000000
0000000000000000000000000000000000000000000000000000000000000000
0000000000000000000000000000000000000000000000000000000000000000
0000000000000000000000000000000000000000000000000000000000000000
0000000000000000000000000000000000000000000000000000000000000000
0000000000000000000000000000000000000000000000000000000000000000
fff6ebc70002ab83fff3195ffff158b0fff2ad80fff15676000cae160008b474
0006ef45000202cdffff6b3c000bba9300076029000b27c3fffeab80fff42511
0000000000000000000000000000000000000000000000000000000000000000
0007d11cfffaa3a40005381200014d18000f31ecfff457f1fffeee6c000f1973
fffe158600093fa2fff1da7500026d3f00061d4b00088c750008322c000cba3e
0000000000000000000000000000000000000000000000000000000000000000
0000000000000000000000000000000000000000000000000000000000000000
0000000000000000000000000000000000000000000000000000000000000000
0000000000000000000000000000000000000000000000000000000000000000
0000000000000000000000000000000000000000000000000000000000000000
0000000000000000000000000000000000000000000000000000000000000000
0000000000000000000000000000000000000000000000000000000000000000
0000000000000000000000000000000000000000000000000000000000000000
0000000000000000000000000000000000000000000000000000000000000000
0000000000000000000000000000000000000000000000000000000000000000
0000000000000000000000000000000000000000000000000000000000000000
0000000000000000000000000000000000000000000000000000000000000000
0000000000000000000000000000000000000000000000000000000000000000
0000000000000000000000000000000000000000000000000000000000000000
0000000000000000000000000000000000000000000000000000000000000000
0000000000000000000000000000000000000000000000000000000000000000
0000000000000000000000000000000000000000000000000000000000000000
0000000000000000000000000000000000000000000000000000000000000000
00089e38000d9997fff29bc30004811d000e3b57000d6eae000ff91b000d8c58
0000000000000000000000000000000000000000000000000000000000000000
0000000000000000000000000000000000000000000000000000000000000000
0000000000000000000000000000000000000000000000000000000000000000
fff36fe7fff234d4fffd4152fff898f4fff7965effffb0e5000eae61fff91d06
0000000000000000000000000000000000000000000000000000000000000000
000df6a60008356dfff1d577000339fe00081e95000bad8f000e61d8fffe3968
0000000000000000000000000000000000000000000000000000000000000000
0000000000000000000000000000000000000000000000000000000000000000
0000000000000000000000000000000000000000000000000000000000000000
000d6e1e00070295000afee1fffb32effffec346000659e8fff0f50f00078c52
0000000000000000000000000000000000000000000000000000000000000000
0002316a0000eccd000568d6000df48e0000ef75fff22aa10005bdfafff28663
fff12af3000de1e8fff1e1f7fffd4bbffff418d8fff21279000b0e6efffdc905
0000000000000000000000000000000000000000000000000000000000000000
0000000000000000000000000000000000000000000000000000000000000000
0000000000000000000000000000000000000000000000000000000000000000
fffd3147ffff5486fff198e30002f65e00004ae5fff51af5000cb544fff563f2
fff9597cfff86e9bffff49aafff1769effff4daffff66eddffff36c1fff2841c
00072e79fff8810c000c175ffff58425fff6b01d000d1d030001a2d1000ce04c
0000000000000000000000000000000000000000000000000000000000000000
fffab2a30004560c0001fbdf000cd3ecfffd6196000ff23b0004ad9dfffd2335
0000000000000000000000000000000000000000000000000000000000000000
fff8cb06fffbb617000b3f59000d28e4000d9522000a1b930003e63dfff0a5bc
0000000000000000000000000000000000000000000000000000000000000000
0000000000000000000000000000000000000000000000000000000000000000
0000000000000000000000000000000000000000000000000000000000000000
0000000000000000000000000000000000000000000000000000000000000000
0000000000000000000000000000000000000000000000000000000000000000
0000000000000000000000000000000000000000000000000000000000000000
000e20a80000f2cbfff8bd03fffa4da7000ceeed000191cd0002a3b7000d7ec5
0000000000000000000000000000000000000000000000000000000000000000
0000000000000000000000000000000000000000000000000000000000000000
000e8117fff5bfe4fff403e0fff705050007c64dfffdc27a000064af0001c28e
0000000000000000000000000000000000000000000000000000000000000000
0000000000000000000000000000000000000000000000000000000000000000
0000000000000000000000000000000000000000000000000000000000000000
fff3e6d1fffb7ae50001d128fffb228d00063d3cfffe552500097f9f00012aec
0000000000000000000000000000000000000000000000000000000000000000
0000000000000000000000000000000000000000000000000000000000000000
0000000000000000000000000000000000000000000000000000000000000000
0000000000000000000000000000000000000000000000000000000000000000
0000000000000000000000000000000000000000000000000000000000000000
0000000000000000000000000000000000000000000000000000000000000000
0000000000000000000000000000000000000000000000000000000000000000
0000000000000000000000000000000000000000000000000000000000000000
fff4007a0007cec4000c22e4fffeede600072b6e000fb9a300016b57fffc73ee
0000000000000000000000000000000000000000000000000000000000000000
0000000000000000000000000000000000000000000000000000000000000000
0000000000000000000000000000000000000000000000000000000000000000
0000000000000000000000000000000000000000000000000000000000000000
fffbac6f0000d992fffa54920001469f000c4a61fffb0b2a000930e0000e4ca2
0000000000000000000000000000000000000000000000000000000000000000
0000000000000000000000000000000000000000000000000000000000000000
0000000000000000000000000000000000000000000000000000000000000000
0000000000000000000000000000000000000000000000000000000000000000
fff3fe8bfff79cef000fd208000b37fdfff36b9ffff94d12fff62437fffb79a5
fffa1b72fffb7f2d0006ec1fffff9b14fff99b4200021968fff34273fff6fdf1
0000000000000000000000000000000000000000000000000000000000000000
00062697fff3575c000bbb23000fd611fffa929d000a8b270002583e0007000f
000ee2d100071c0dfff23d7000000a5afff29b8cfffc59890005a6410000886d
0000000000000000000000000000000000000000000000000000000000000000
0000000000000000000000000000000000000000000000000000000000000000
fff3d05f000cc909fff7a4310001e2cdfff7d808000e8a0800023b62000db2c4
0000000000000000000000000000000000000000000000000000000000000000
0000000000000000000000000000000000000000000000000000000000000000
000dc201fff001ea00071d5900088fe5fffba1d3fffd63c8fff0aec200044443
0000000000000000000000000000000000000000000000000000000000000000
fff71e9efffa59d9fff61b56000a8808000c3d28fff48facfff950f7fff9cff6
0000000000000000000000000000000000000000000000000000000000000000
0000000000000000000000000000000000000000000000000000000000000000
000c7b1700044177fff8f583000bf779fff72c220003e97bfffe63cf000324e4
0000000000000000000000000000000000000000000000000000000000000000
0000000000000000000000000000000000000000000000000000000000000000
0000000000000000000000000000000000000000000000000000000000000000
0000000000000000000000000000000000000000000000000000000000000000
0000000000000000000000000000000000000000000000000000000000000000
fff5463800052ef4fff45340000c86cb0001809400045a47fff8caaffff3f9ab
0000000000000000000000000000000000000000000000000000000000000000
0000000000000000000000000000000000000000000000000000000000000000
0000000000000000000000000000000000000000000000000000000000000000
0000000000000000000000000000000000000000000000000000000000000000
0000000000000000000000000000000000000000000000000000000000000000
0000000000000000000000000000000000000000000000000000000000000000
0000000000000000000000000000000000000000000000000000000000000000
0000000000000000000000000000000000000000000000000000000000000000
0000000000000000000000000000000000000000000000000000000000000000
0000000000000000000000000000000000000000000000000000000000000000
000b6802fff4eadc000873b6fffbb0880004ec4b00080585fffbd88bfff40506
fff1166d000db8a8000bff16ffffad6000033a35000105cafff2869dfff8bc69
fffd39c0fffd35d0fffd8fcdfffd9b05fff74433fff65b79fff395cafffcec0d
0000000000000000000000000000000000000000000000000000000000000000
0008ff10000aac2c00087457000c8b500003d40100015220fff16414fff732c9
0000000000000000000000000000000000000000000000000000000000000000
fffadc580009070100026584fff25c79000be0effffebc99fffe92b00009db56
0000000000000000000000000000000000000000000000000000000000000000
0000000000000000000000000000000000000000000000000000000000000000
000b7393fffdfe6cfff697bdfffdc08700044218fffb36e500091ab8fff014d0
0000000000000000000000000000000000000000000000000000000000000000
0000000000000000000000000000000000000000000000000000000000000000
0000000000000000000000000000000000000000000000000000000000000000
0000000000000000000000000000000000000000000000000000000000000000
fff0df53fff4974cffff56180005125afff65d68fffbd531fff9b4cd000d77d6
0000000000000000000000000000000000000000000000000000000000000000
fffc37d7000e1c20fffebb16fff2ecbf00088aa0000d07dbfff54114000c190e
0005f96efff956adfff25bd3fffe4982fffb8c7200089a02fff3dd520000daf8
0000000000000000000000000000000000000000000000000000000000000000
0000000000000000000000000000000000000000000000000000000000000000
0000000000000000000000000000000000000000000000000000000000000000
fff6ba31fffb1bca0001ab74000e028000035203fffcba5a00065869000d8cff
0000000000000000000000000000000000000000000000000000000000000000
0000000000000000000000000000000000000000000000000000000000000000
0000000000000000000000000000000000000000000000000000000000000000
0000000000000000000000000000000000000000000000000000000000000000
0000000000000000000000000000000000000000000000000000000000000000
00043561fff9bbc2000b869efff79f7b00035e6dfff151dffff6bd02fff7b2ca
0000000000000000000000000000000000000000000000000000000000000000
0000000000000000000000000000000000000000000000000000000000000000
00073b94fff1f243fff84493000bbd72fff21091000c580500053b0c000b0041
0000000000000000000000000000000000000000000000000000000000000000
0000000000000000000000000000000000000000000000000000000000000000
0000000000000000000000000000000000000000000000000000000000000000
0000000000000000000000000000000000000000000000000000000000000000
0000000000000000000000000000000000000000000000000000000000000000
0000000000000000000000000000000000000000000000000000000000000000
0000000000000000000000000000000000000000000000000000000000000000
0000000000000000000000000000000000000000000000000000000000000000
0000000000000000000000000000000000000000000000000000000000000000
000bcba3fff7282efff86479fffbd435000e1fdffff8a386000f1e6efffb7faf
00078e92fff8386f000b76a5fff2353ffff896330009518d000b16f1fff0800a
0000000000000000000000000000000000000000000000000000000000000000
0000000000000000000000000000000000000000000000000000000000000000
0000000000000000000000000000000000000000000000000000000000000000
0007519dfff5cc25000af8bcfff70e23000fc49efffe9a1600075e29000bab38
00087652fff508bcfff1255a00064c6bfff3f5c40003a662000711c4fff9681a
0000000000000000000000000000000000000000000000000000000000000000
0000000000000000000000000000000000000000000000000000000000000000
0000000000000000000000000000000000000000000000000000000000000000
000d01fafff742a7fffe8bc2ffff62cd000b9498000506c5fffc3a36fff61df5
0000000000000000000000000000000000000000000000000000000000000000
0000000000000000000000000000000000000000000000000000000000000000
0000000000000000000000000000000000000000000000000000000000000000
0000000000000000000000000000000000000000000000000000000000000000
0000000000000000000000000000000000000000000000000000000000000000
0000000000000000000000000000000000000000000000000000000000000000
0002bdb40008ee070007990e0005fb64fffc6c7400016f48000a86d0000c3c62
0000000000000000000000000000000000000000000000000000000000000000
0000000000000000000000000000000000000000000000000000000000000000
0000000000000000000000000000000000000000000000000000000000000000
0007b2c900000577fff7bdbcfff97a33000d92f500090411fff9c33afff63fc7
000a58c7fffac7eb0005c805000101c9fff1f1d0fff11434000f04fbfff924e0
0000000000000000000000000000000000000000000000000000000000000000
00057039fffcc66c000b3fe0fff5cd32fffe6cda000ac013000d069ffff0687e
0000000000000000000000000000000000000000000000000000000000000000
fffb5397000e8386000c15c1fff6e810fff6527600056c1efff81a2c00016bf7
0000000000000000000000000000000000000000000000000000000000000000
0000000000000000000000000000000000000000000000000000000000000000
fffe7951fff45a15000156a7fff5f01f000bc7c1000a9f0b000cdd6000067812
0005a1fd000e32ddfffc9f670000abcf000f2a7efffa21bf000b3473fff810d8
0000000000000000000000000000000000000000000000000000000000000000
0000000000000000000000000000000000000000000000000000000000000000
0000000000000000000000000000000000000000000000000000000000000000
fff218fbfff16a58fff0f05a0005021700064f7bfff57527000a7288ffffa1c0
0000000000000000000000000000000000000000000000000000000000000000
0000000000000000000000000000000000000000000000000000000000000000
0000000000000000000000000000000000000000000000000000000000000000
0000000000000000000000000000000000000000000000000000000000000000
0000000000000000000000000000000000000000000000000000000000000000
fffd8ac900032df6fff9a52afff6b5a70002f1570006190f000d0606fff638db
0000000000000000000000000000000000000000000000000000000000000000
0009749f0005327dfff24c0dfffb9e89000af2e2fffc26f5fff5bdf9fff033fa
fff6692000008229000d54d80006c90efff9b774fff0c256fff2bedf0004a469
0007cd79ffff0d2c000845b2fff299c70005cbc0000a482900093ff0fffe3e21
0000000000000000000000000000000000000000000000000000000000000000
0000000000000000000000000000000000000000000000000000000000000000
0000000000000000000000000000000000000000000000000000000000000000
0000000000000000000000000000000000000000000000000000000000000000
0000000000000000000000000000000000000000000000000000000000000000
0000000000000000000000000000000000000000000000000000000000000000
000c7b26fffd15bb00007554fff40395000b88af000b2612ffffd1ca000fc17f
0000000000000000000000000000000000000000000000000000000000000000
0000000000000000000000000000000000000000000000000000000000000000
0000000000000000000000000000000000000000000000000000000000000000
0000000000000000000000000000000000000000000000000000000000000000
fff91480000d4e2d000d1c3100023ec1fff5c1a10009e38700096c7ffff2d008
0000000000000000000000000000000000000000000000000000000000000000
0000000000000000000000000000000000000000000000000000000000000000
0000000000000000000000000000000000000000000000000000000000000000
0000000000000000000000000000000000000000000000000000000000000000
0000000000000000000000000000000000000000000000000000000000000000
0000000000000000000000000000000000000000000000000000000000000000
000c6ea9fff01e40ffff2b5e000e0060fff7b0fdfff09f3bfffe08e6000fb548
0000000000000000000000000000000000000000000000000000000000000000
0000000000000000000000000000000000000000000000000000000000000000
fff67ec5fffd7c69fffd1bd6fff5ddd9000eff5cfffe5a99000aafa4000d6bc2
0000000000000000000000000000000000000000000000000000000000000000
000a5e64fff04e66ffffa812fff22b04000af18b0006c049fff2492200092aa1
0000000000000000000000000000000000000000000000000000000000000000
0000000000000000000000000000000000000000000000000000000000000000
000632ecfff60c63000e3b3e0002a93b0005269c00036952fff554820000db82
0000000000000000000000000000000000000000000000000000000000000000
0000000000000000000000000000000000000000000000000000000000000000
0000000000000000000000000000000000000000000000000000000000000000
0000000000000000000000000000000000000000000000000000000000000000
000c8007fffa3928fff7b3530009fa1dfffd26edffff04f40000cd6a000200d5
0000000000000000000000000000000000000000000000000000000000000000
000559890001f185fff01661fff7be39000514c1000a5ed6fff4ba62000f69ad
0000000000000000000000000000000000000000000000000000000000000000
0005f9a6fffbdb60fffa91b7000aa7c1fffb0ceb00004591fffc672efff7a158
0000000000000000000000000000000000000000000000000000000000000000
0000000000000000000000000000000000000000000000000000000000000000
000c8ebe0008eab9000e8a870008e12a00010c0ffff2af860002ab19fff0115d
fff6b45c0001bf59fffcdea1fff2b9ae0008d9f4fff6c1e10006243400072259
0000000000000000000000000000000000000000000000000000000000000000
ffff2b41fff47844fffea65ffff4e51d000f4fa100080c37000867430004d26c
0000000000000000000000000000000000000000000000000000000000000000
0000000000000000000000000000000000000000000000000000000000000000
0000000000000000000000000000000000000000000000000000000000000000
000d18230003c3be000a8480fff71380fff45d6d0009b30cfffe821500008729
0000000000000000000000000000000000000000000000000000000000000000
0000000000000000000000000000000000000000000000000000000000000000
0000000000000000000000000000000000000000000000000000000000000000
0000000000000000000000000000000000000000000000000000000000000000
0000000000000000000000000000000000000000000000000000000000000000
0000000000000000000000000000000000000000000000000000000000000000
0000000000000000000000000000000000000000000000000000000000000000
000cf27400093a6d000e3adcfff610c3fffd02dc0007e028fff8a05efff9fb42
0000000000000000000000000000000000000000000000000000000000000000
0000000000000000000000000000000000000000000000000000000000000000
00073fc2fff7e8080007c82f0007895dfffff4c9000fe9effffd19e3000a9550
0000000000000000000000000000000000000000000000000000000000000000
fff600f8fff03ddffffa8b79fff2094c000f6d97fffae674000b3e700002a6eb
00005d8f000614380002256f0005c26afff5a743000d19f2fffebef8fff95882
0000000000000000000000000000000000000000000000000000000000000000
0000000000000000000000000000000000000000000000000000000000000000
0000000000000000000000000000000000000000000000000000000000000000
0000000000000000000000000000000000000000000000000000000000000000
0000000000000000000000000000000000000000000000000000000000000000
0000000000000000000000000000000000000000000000000000000000000000
0000000000000000000000000000000000000000000000000000000000000000
0000000000000000000000000000000000000000000000000000000000000000
0000000000000000000000000000000000000000000000000000000000000000
0000000000000000000000000000000000000000000000000000000000000000
fff7ab59000477320007fa5f0001c0670003acf500037f6d000b99b2000c4262
0000000000000000000000000000000000000000000000000000000000000000
0000000000000000000000000000000000000000000000000000000000000000
0000000000000000000000000000000000000000000000000000000000000000
000e7c22fff117240007f1a100038961000c2c68fff201f2000f158a000f8f3a
0000000000000000000000000000000000000000000000000000000000000000
0000000000000000000000000000000000000000000000000000000000000000
0000000000000000000000000000000000000000000000000000000000000000
0000000000000000000000000000000000000000000000000000000000000000
000701e0fff0c176fffd7a85000a8960fffaa77300013ce7fffa91edfffb10bc
fffad4000009852ffffb7cc4000a2a58000d0d29fffaa089fff8f671fff6cde4
0000000000000000000000000000000000000000000000000000000000000000
0000000000000000000000000000000000000000000000000000000000000000
0000000000000000000000000000000000000000000000000000000000000000
0000000000000000000000000000000000000000000000000000000000000000
0000000000000000000000000000000000000000000000000000000000000000
0000000000000000000000000000000000000000000000000000000000000000
fff2c8b6fff47cab000e1c68fffa71ed000a0b150001faae0001e37900053b1f
0000000000000000000000000000000000000000000000000000000000000000
0000000000000000000000000000000000000000000000000000000000000000
0000000000000000000000000000000000000000000000000000000000000000
0000000000000000000000000000000000000000000000000000000000000000
0000000000000000000000000000000000000000000000000000000000000000
0000000000000000000000000000000000000000000000000000000000000000
0000000000000000000000000000000000000000000000000000000000000000
00082be3fff48adf0006c9a0fff9ade5fffb2bedfffc7cdc0002a10dfffcaff1
0000000000000000000000000000000000000000000000000000000000000000
0000000000000000000000000000000000000000000000000000000000000000
0000000000000000000000000000000000000000000000000000000000000000
0002fa0a000e9f7cfff4476ffffb0f50fff57b6ffff6c16dffffa5d50004bba8
00026b780009cbff000aefbffff56808fffd4332fff633b2fffc0fd5fffe805a
0000000000000000000000000000000000000000000000000000000000000000
0000000000000000000000000000000000000000000000000000000000000000
0000000000000000000000000000000000000000000000000000000000000000
0000000000000000000000000000000000000000000000000000000000000000
00093dac00058baa000f30d600062dec000d2982000e7c450004cb66fff23b37
0000000000000000000000000000000000000000000000000000000000000000
0000000000000000000000000000000000000000000000000000000000000000
fffae175fffb174e00002ae8fff2137a000955f4fffb95b4000ea456fff6d601
0000000000000000000000000000000000000000000000000000000000000000
0000000000000000000000000000000000000000000000000000000000000000
0000000000000000000000000000000000000000000000000000000000000000
0000000000000000000000000000000000000000000000000000000000000000
0000000000000000000000000000000000000000000000000000000000000000
0000000000000000000000000000000000000000000000000000000000000000
fffe7f50fff9a937fff4ce82fff5a7f7000fcd4dfff33cb5000afd53fff89f0b
0000000000000000000000000000000000000000000000000000000000000000
0000000000000000000000000000000000000000000000000000000000000000
0000000000000000000000000000000000000000000000000000000000000000
0000000000000000000000000000000000000000000000000000000000000000
0000000000000000000000000000000000000000000000000000000000000000
0000000000000000000000000000000000000000000000000000000000000000
0000000000000000000000000000000000000000000000000000000000000000
fff0cf26fffa3689000e6a45fff8e3b50009224f0005e0b1fff9b7d4000cae4d
000a50c8fff47702000ae405fff71363ffffa898000a8264000098a0fff6aa1d
0006ed7e0002bfc2fff93bc0fff9a497fff4568ffffc12e5000c01f8fff2767d
0000000000000000000000000000000000000000000000000000000000000000
000fbbccfff74eac0000f78500095c68fffbb5d7000c5f1efff70bf6000944c0
0000000000000000000000000000000000000000000000000000000000000000
0000000000000000000000000000000000000000000000000000000000000000
fff6e7f700042a1300035d95ffff9f4dfffe7e210003393cfff3717afff0a9d6
0000000000000000000000000000000000000000000000000000000000000000
0000000000000000000000000000000000000000000000000000000000000000
0000000000000000000000000000000000000000000000000000000000000000
0000000000000000000000000000000000000000000000000000000000000000
000199d9fffcd96500065e9dfff45eaefff0a8ff0005fa6dfff65b6a000af0b7
0000000000000000000000000000000000000000000000000000000000000000
0000000000000000000000000000000000000000000000000000000000000000
000e26e2fff40a66fff6cf3a000f8ac5fff2a60cfff4f5140004d25afffaa9d1
0000000000000000000000000000000000000000000000000000000000000000
fff53126000263d9fff6e0d80008f37dfff70c58fff11b07fff81900fff0d123
fff9645400048086fff7b4cefff6a444fff37d45fffb81e9fffac2d2fff0b45d
0000000000000000000000000000000000000000000000000000000000000000
0000000000000000000000000000000000000000000000000000000000000000
0000000000000000000000000000000000000000000000000000000000000000
fff5c2daffffc183fff3213b000d568fffffa2420005cb2900021176000dc46c
0000000000000000000000000000000000000000000000000000000000000000
0000000000000000000000000000000000000000000000000000000000000000
0000000000000000000000000000000000000000000000000000000000000000
0000000000000000000000000000000000000000000000000000000000000000
0000000000000000000000000000000000000000000000000000000000000000
0000000000000000000000000000000000000000000000000000000000000000
0000000000000000000000000000000000000000000000000000000000000000
ffff89b8000799550009d63efff7a57200061b77000ca7a8fff1737afff91472
0001dbc80008ef42fffa31c1000837ad0009a72a00003a62fff91049000cf0c1
0000000000000000000000000000000000000000000000000000000000000000
0000000000000000000000000000000000000000000000000000000000000000
0000000000000000000000000000000000000000000000000000000000000000
0000000000000000000000000000000000000000000000000000000000000000
0000000000000000000000000000000000000000000000000000000000000000
0000000000000000000000000000000000000000000000000000000000000000
fffb06fb00067122ffff2ef9fffa460efff4da710006e776fff4c111000cae78
0006ee33fffd7e98000443d0fffebb44fffd0e7a0000cf50fff66a33000f5570
0000000000000000000000000000000000000000000000000000000000000000
000aa80e000d7fbf000d20fc000c23cd0007837700055731000f6fa2fff62370
0000000000000000000000000000000000000000000000000000000000000000
fffd0cd500044db90001f897fff07a6e000c383400060b700003a29efff59a9e
0000000000000000000000000000000000000000000000000000000000000000
fff1c50dfff94bd1ffff31e0000b66e60009694e000a2070000c7f9dfff85bbe
0000000000000000000000000000000000000000000000000000000000000000
0000000000000000000000000000000000000000000000000000000000000000
0000000000000000000000000000000000000000000000000000000000000000
0000000000000000000000000000000000000000000000000000000000000000
0000000000000000000000000000000000000000000000000000000000000000
fff5de66fff48329000767f6fff183030008b707000d381c0005b3acfff3d1fe
0004377f000cf7110005acdcfff8b28500019105000d33b1fff061180008ef9e
fffcf0ddfff50917fff5e4120004612000021a9b00091cf5000bcd0800057b7e
0000000000000000000000000000000000000000000000000000000000000000
0000000000000000000000000000000000000000000000000000000000000000
0002ee0efff1308f00051c3bfffaabec000c112e000b14750009974dfff5394c
0000000000000000000000000000000000000000000000000000000000000000
0000000000000000000000000000000000000000000000000000000000000000
0000000000000000000000000000000000000000000000000000000000000000
0000000000000000000000000000000000000000000000000000000000000000
0000000000000000000000000000000000000000000000000000000000000000
0000000000000000000000000000000000000000000000000000000000000000
000f43a6fff1f0f2fff7ba2a0007a3ecfffefc6afff0cfe6ffff6c26000d4940
0000000000000000000000000000000000000000000000000000000000000000
0004a38ffff67a7b000c1a3cfff8258500089abd0001cb8afff175eb00080f23
0000000000000000000000000000000000000000000000000000000000000000
0000000000000000000000000000000000000000000000000000000000000000
0000000000000000000000000000000000000000000000000000000000000000
0000000000000000000000000000000000000000000000000000000000000000
0000000000000000000000000000000000000000000000000000000000000000
0000000000000000000000000000000000000000000000000000000000000000
0000000000000000000000000000000000000000000000000000000000000000
0000000000000000000000000000000000000000000000000000000000000000
0000000000000000000000000000000000000000000000000000000000000000
0000000000000000000000000000000000000000000000000000000000000000
0000000000000000000000000000000000000000000000000000000000000000
0000000000000000000000000000000000000000000000000000000000000000
0000000000000000000000000000000000000000000000000000000000000000
00024376000da405fff60d9f00093a3b00097449fff8d807fff9569000035033
0000000000000000000000000000000000000000000000000000000000000000
0000000000000000000000000000000000000000000000000000000000000000
0000000000000000000000000000000000000000000000000000000000000000
0000000000000000000000000000000000000000000000000000000000000000
0000000000000000000000000000000000000000000000000000000000000000
0000000000000000000000000000000000000000000000000000000000000000
0000000000000000000000000000000000000000000000000000000000000000
0000000000000000000000000000000000000000000000000000000000000000
0000000000000000000000000000000000000000000000000000000000000000
0000000000000000000000000000000000000000000000000000000000000000
fffd5c10fff7d18cfff90e75fff409c00002ef14fffa7073000a530400039cb7
0000000000000000000000000000000000000000000000000000000000000000
0000000000000000000000000000000000000000000000000000000000000000
0000000000000000000000000000000000000000000000000000000000000000
fffa35f7fffe31b3fff26872ffff9651fffdb77dfff15212fff9c788fff25f65
0000000000000000000000000000000000000000000000000000000000000000
0000000000000000000000000000000000000000000000000000000000000000
0000f3d6000d4ae9fff0b2800003de17000f5b880003733dfff65abffff52868
0000000000000000000000000000000000000000000000000000000000000000
0000000000000000000000000000000000000000000000000000000000000000
0000000000000000000000000000000000000000000000000000000000000000
0000000000000000000000000000000000000000000000000000000000000000
0005070d00088704000dda1afff93d55ffffb6d70007a455fff0caec00085e1a
0000000000000000000000000000000000000000000000000000000000000000
0000000000000000000000000000000000000000000000000000000000000000
0000fedb000043c8fff41313fffe619f000c4e41000ed4bf000b1797fff1ca8e
0000000000000000000000000000000000000000000000000000000000000000
0000000000000000000000000000000000000000000000000000000000000000
0000000000000000000000000000000000000000000000000000000000000000
0000000000000000000000000000000000000000000000000000000000000000
0000000000000000000000000000000000000000000000000000000000000000
0000000000000000000000000000000000000000000000000000000000000000
fff48380fff89ae3fffab16dfffab2b8fff5380c0000c6d8fff890670000fad0
0000000000000000000000000000000000000000000000000000000000000000
0000000000000000000000000000000000000000000000000000000000000000
0000000000000000000000000000000000000000000000000000000000000000
000a7629fff47c510002db7d000b2376000eb800fff286fd0003dd2cfff7d392
0000000000000000000000000000000000000000000000000000000000000000
0000000000000000000000000000000000000000000000000000000000000000
0000000000000000000000000000000000000000000000000000000000000000
fff131e40007aa0d000116c7fff2c053000cac08fff8f9ebfff75e95ffff8fe7
fffb433ffffbaa8efff5d07d0008b0bafff6991d000b33e2fffe7c81000222f3
0000000000000000000000000000000000000000000000000000000000000000
0000000000000000000000000000000000000000000000000000000000000000
0000000000000000000000000000000000000000000000000000000000000000
0000000000000000000000000000000000000000000000000000000000000000
000dfbec0003965efff2ffdf000fc8c6fff9d823fff57e7d0001b55efffbc710
0006b8bffff2b453000b7159fffbddfdfff757d4fff67053fff82580fff1d829
0000000000000000000000000000000000000000000000000000000000000000
0000000000000000000000000000000000000000000000000000000000000000
0009413b000fcdef000631300008ed5f000509e1000a994afff9cb6f0003b631
0000000000000000000000000000000000000000000000000000000000000000
0000000000000000000000000000000000000000000000000000000000000000
0000000000000000000000000000000000000000000000000000000000000000
0000000000000000000000000000000000000000000000000000000000000000
0000000000000000000000000000000000000000000000000000000000000000
0000000000000000000000000000000000000000000000000000000000000000
0000000000000000000000000000000000000000000000000000000000000000
0000000000000000000000000000000000000000000000000000000000000000
fffd703cfff8a54efff09d10fffd9e94fffece1900031bd8fff3e4310007e141
fff3d3a2fff6267bfff3ec8afff370a6000626a2000a984f000b225c0009cc3f
0000000000000000000000000000000000000000000000000000000000000000
000df09800034725000d0fb3fff0e4ab000f3b44fff54ff9fff45cdd000929a6
0000000000000000000000000000000000000000000000000000000000000000
fffa1842fffd9b37fff96ce20002a52ffff1eb6ffffabe5400070844000fda7c
0000000000000000000000000000000000000000000000000000000000000000
0002728d0004e859fff605730008cb02fff9b716fff3e18afffdad8dfff4e250
0000000000000000000000000000000000000000000000000000000000000000
0000000000000000000000000000000000000000000000000000000000000000
000cf5560002913bfff8bcf6fff510d6fff3b9fdfff24011000306e9fff3d96a
000e8babfffa8997fff3d852fff86a6efffa065c0009842f00095a33fff8c17c
0000000000000000000000000000000000000000000000000000000000000000
000b2b60000d6a7e00005c9e000233d1fff0603800044172fff255ed0008ac85
0000000000000000000000000000000000000000000000000000000000000000
0000000000000000000000000000000000000000000000000000000000000000
0000000000000000000000000000000000000000000000000000000000000000
0000000000000000000000000000000000000000000000000000000000000000
0000000000000000000000000000000000000000000000000000000000000000
0000000000000000000000000000000000000000000000000000000000000000
fff61e6efff8c453fff9ec3900092671fffe3e88fff096a7000a1084fff50c80
0000000000000000000000000000000000000000000000000000000000000000
0000000000000000000000000000000000000000000000000000000000000000
ffff9b0afffcf247fff0c9a60004f6e600046566000675f6fff639bd000d7019
0000000000000000000000000000000000000000000000000000000000000000
fffa1d1cfff47ad8fff97b270001841c0009bc680002dcb10001f5fe00044ba6
0000000000000000000000000000000000000000000000000000000000000000
fffd63f0000816dafff8ec110004491bfff380e3fff7893c0004e5c4000ff0a4
0000000000000000000000000000000000000000000000000000000000000000
0000000000000000000000000000000000000000000000000000000000000000
0000000000000000000000000000000000000000000000000000000000000000
00056f9ffff3468b00016c06fffdfa48fff27792fffcaeafffff6762000de6b2
0000000000000000000000000000000000000000000000000000000000000000
0000000000000000000000000000000000000000000000000000000000000000
0000000000000000000000000000000000000000000000000000000000000000
0000000000000000000000000000000000000000000000000000000000000000
0000000000000000000000000000000000000000000000000000000000000000
000ea19b0008c7eafffa30b2fffdc102fff5de03000ade01000981f8fff765c7
0000000000000000000000000000000000000000000000000000000000000000
0000000000000000000000000000000000000000000000000000000000000000
0000000000000000000000000000000000000000000000000000000000000000
0000000000000000000000000000000000000000000000000000000000000000
0000000000000000000000000000000000000000000000000000000000000000
0000000000000000000000000000000000000000000000000000000000000000
0000000000000000000000000000000000000000000000000000000000000000
0000000000000000000000000000000000000000000000000000000000000000
000f2a7e000beb25000462eafff65ad8fff78dc000044e10fffc9a3ffff8833b
0000000000000000000000000000000000000000000000000000000000000000
0000000000000000000000000000000000000000000000000000000000000000
fffe0fbc000c10ee0004105d0002832e00073505ffff0f02fffaad6efffd0066
0000000000000000000000000000000000000000000000000000000000000000
000bb745000a5fbcffff5f03fffc8c66000bd5e1000e2b51000244b7fff53230
0000000000000000000000000000000000000000000000000000000000000000
0000000000000000000000000000000000000000000000000000000000000000
0000000000000000000000000000000000000000000000000000000000000000
0000000000000000000000000000000000000000000000000000000000000000
fff9a63d0004afddfffeff1d0000be100004c047fff59845fff9eb3900094612
0000fe0e0004146b00040488fffb234d000ef3f400023f6bfff2a209000c71bc
0000000000000000000000000000000000000000000000000000000000000000
0000000000000000000000000000000000000000000000000000000000000000
0001f169000f4badfffa3456000fbaa7fff75a64fff32559fffafd5cfffc23e2
0000000000000000000000000000000000000000000000000000000000000000
0000000000000000000000000000000000000000000000000000000000000000
0000000000000000000000000000000000000000000000000000000000000000
0000000000000000000000000000000000000000000000000000000000000000
0000000000000000000000000000000000000000000000000000000000000000
0000000000000000000000000000000000000000000000000000000000000000
0000000000000000000000000000000000000000000000000000000000000000
0000000000000000000000000000000000000000000000000000000000000000
0000000000000000000000000000000000000000000000000000000000000000
0000000000000000000000000000000000000000000000000000000000000000
0000000000000000000000000000000000000000000000000000000000000000
0000000000000000000000000000000000000000000000000000000000000000
0000000000000000000000000000000000000000000000000000000000000000
0000000000000000000000000000000000000000000000000000000000000000
0000000000000000000000000000000000000000000000000000000000000000
0000000000000000000000000000000000000000000000000000000000000000
0000000000000000000000000000000000000000000000000000000000000000
fffd70a000025323fffa23f30009d7550005492bfff9169700042d2b00047dc6
fff19feb000ced31fff97cb500030a170005bf4cfff66230000e75bc000ee796
0000000000000000000000000000000000000000000000000000000000000000
000b9475fffe4f250006099f000ff3abfffc7469fff336defff3deaafff18bf8
0000000000000000000000000000000000000000000000000000000000000000
00095794fff203cb000ce5cdfff7cc24fff2821f000ed67efff540e00001e999
0000000000000000000000000000000000000000000000000000000000000000
0000000000000000000000000000000000000000000000000000000000000000
0000000000000000000000000000000000000000000000000000000000000000
0000000000000000000000000000000000000000000000000000000000000000
0000000000000000000000000000000000000000000000000000000000000000
fff3fdeb0004f7d1fff8e14e0007a1f8fff1eb85fff00be5fff4724f0004845f
00003997000b8613fff04aaafffa928e000359c9fffbd630fff4b787fffbffe8
0000000000000000000000000000000000000000000000000000000000000000
000aace2fff9b3bb00013b8300048d57fffb2208fff3b642000555b4fff07cb8
0000000000000000000000000000000000000000000000000000000000000000
000ab6b2fffee777fff62452000ccf13fff012600009f1570004f741fff0e767
0000000000000000000000000000000000000000000000000000000000000000
0000000000000000000000000000000000000000000000000000000000000000
000ba662fff343eb00024a84000dfa4f000a67ab00052e4bfff73cca0007490b
0000000000000000000000000000000000000000000000000000000000000000
0000000000000000000000000000000000000000000000000000000000000000
0003855ffff5b43c00061209fffd1d5afff5e2fcfff5ecd5fff76347fff4a6aa
0000000000000000000000000000000000000000000000000000000000000000
0000000000000000000000000000000000000000000000000000000000000000
0000000000000000000000000000000000000000000000000000000000000000
fff4048e000fe02ffffbd1dd000bdc4a000f4752ffff3f8efff8c2b7fffc01b6
0000000000000000000000000000000000000000000000000000000000000000
0000000000000000000000000000000000000000000000000000000000000000
0000000000000000000000000000000000000000000000000000000000000000
0000000000000000000000000000000000000000000000000000000000000000
000b9e7800015319fff9b951fff7f96b000cf030000aafc7fff874fcfff32681
0000000000000000000000000000000000000000000000000000000000000000
0000000000000000000000000000000000000000000000000000000000000000
0000000000000000000000000000000000000000000000000000000000000000
0009bffefff8dbadfff92ad8fffb7a4000075d8f0003df7afffa9e060004da06
0000000000000000000000000000000000000000000000000000000000000000
0000000000000000000000000000000000000000000000000000000000000000
0000000000000000000000000000000000000000000000000000000000000000
fff8164b000a1f40fffc4f38000e894cfff47588fff8c79a00046b15fffa8563
0000000000000000000000000000000000000000000000000000000000000000
0000000000000000000000000000000000000000000000000000000000000000
0000000000000000000000000000000000000000000000000000000000000000
0000000000000000000000000000000000000000000000000000000000000000
0000000000000000000000000000000000000000000000000000000000000000
0000000000000000000000000000000000000000000000000000000000000000
0000000000000000000000000000000000000000000000000000000000000000
0000000000000000000000000000000000000000000000000000000000000000
0000000000000000000000000000000000000000000000000000000000000000
0000000000000000000000000000000000000000000000000000000000000000
0000000000000000000000000000000000000000000000000000000000000000
000ea8f0fff66c24fff4f648fff856c500091040000463dc000c4698000d10a0
000cd8e7000c128a000b08a3fffb47b5fff53cfdfffe32b2fff49d12fff824c7
fff53998fff28fe0fff424fcfff1d375fff75520fff42801000dde6cfff45b15
0000000000000000000000000000000000000000000000000000000000000000
0000000000000000000000000000000000000000000000000000000000000000
0000000000000000000000000000000000000000000000000000000000000000
0000000000000000000000000000000000000000000000000000000000000000
0000000000000000000000000000000000000000000000000000000000000000
0000000000000000000000000000000000000000000000000000000000000000
0000000000000000000000000000000000000000000000000000000000000000
0007ca3bfff82afe000e3b6efffa9ce2fff935e7fffa8495fff59057fff26686
0000000000000000000000000000000000000000000000000000000000000000
000e8810ffff5aa7fffad70bfff4c0fcfff39d1efff7b877fffe0b1d000fbe66
0000000000000000000000000000000000000000000000000000000000000000
0000000000000000000000000000000000000000000000000000000000000000
0000000000000000000000000000000000000000000000000000000000000000
0000000000000000000000000000000000000000000000000000000000000000
0000000000000000000000000000000000000000000000000000000000000000
0000000000000000000000000000000000000000000000000000000000000000
0000000000000000000000000000000000000000000000000000000000000000
0000000000000000000000000000000000000000000000000000000000000000
0000000000000000000000000000000000000000000000000000000000000000
fff7011efff437f900055ff60005471bfff6e956fffb16a6000bbd300009b7b5
0000000000000000000000000000000000000000000000000000000000000000
0000000000000000000000000000000000000000000000000000000000000000
0000000000000000000000000000000000000000000000000000000000000000
000d2b3afffc854d000639e3fff00f0efffad22bfffe6a350007b4e6fffa8221
0000000000000000000000000000000000000000000000000000000000000000
0000000000000000000000000000000000000000000000000000000000000000
0000000000000000000000000000000000000000000000000000000000000000
0000000000000000000000000000000000000000000000000000000000000000
fffbbe7d00027679000fadcf00097f09fff8a05cfff94e05000fa6fcfffcddea
0000000000000000000000000000000000000000000000000000000000000000
0000000000000000000000000000000000000000000000000000000000000000
0000000000000000000000000000000000000000000000000000000000000000
0000000000000000000000000000000000000000000000000000000000000000
fffad85b000c61400008c971000e023c0000ce2900038d2f000fcb6efff5fa62
000845ec0001bbd7fff11aaffffd1351000c5d51fffb036000021e150006f879
0000000000000000000000000000000000000000000000000000000000000000
0000000000000000000000000000000000000000000000000000000000000000
0000000000000000000000000000000000000000000000000000000000000000
0000000000000000000000000000000000000000000000000000000000000000
fff2b0dc000fcf97fffe39e60002f8ca00021ff7000c113dfffee5080002b7e6
0000000000000000000000000000000000000000000000000000000000000000
0000000000000000000000000000000000000000000000000000000000000000
0000000000000000000000000000000000000000000000000000000000000000
0000000000000000000000000000000000000000000000000000000000000000
fffcd4f6fff734dcfffbc3d3fff03c010003de5100087095fffbbf2dfffe4d4f
0008f74afff961b400049b8c000848cc000b18eeffff7ebb0006a918fffb1299
0000000000000000000000000000000000000000000000000000000000000000
0000000000000000000000000000000000000000000000000000000000000000
0002b5a5000b42c7fffbd888000154ed000ff7220001341ffffc9b19fffb6c27
0000000000000000000000000000000000000000000000000000000000000000
0000000000000000000000000000000000000000000000000000000000000000
fff1b1e600061f4600091bcb000f67e1fffef944fff623c9000e4d0cfff410a4
0000000000000000000000000000000000000000000000000000000000000000
0000000000000000000000000000000000000000000000000000000000000000
0000000000000000000000000000000000000000000000000000000000000000
ffffc14200068e150003749c0003ac1d0005f2af0007d4edfff28e2b0005807f
0000000000000000000000000000000000000000000000000000000000000000
0000000000000000000000000000000000000000000000000000000000000000
0000000000000000000000000000000000000000000000000000000000000000
0000000000000000000000000000000000000000000000000000000000000000
0000000000000000000000000000000000000000000000000000000000000000
0000000000000000000000000000000000000000000000000000000000000000
0000000000000000000000000000000000000000000000000000000000000000
0000000000000000000000000000000000000000000000000000000000000000
0000000000000000000000000000000000000000000000000000000000000000
0000000000000000000000000000000000000000000000000000000000000000
0000000000000000000000000000000000000000000000000000000000000000
0000000000000000000000000000000000000000000000000000000000000000
0000000000000000000000000000000000000000000000000000000000000000
0000c199000d9a02fff467fbfff33791fffbfbc7000345460001b98b000c5076
0000000000000000000000000000000000000000000000000000000000000000
0000000000000000000000000000000000000000000000000000000000000000
fff38120fff0f3bbfff19331fff415a100004e87000e89e0fff5530c00009552
fffe28cbfff45254fff49bb5000b40450004358c0007f9abfff5d436fff32fa8
0000000000000000000000000000000000000000000000000000000000000000
0000000000000000000000000000000000000000000000000000000000000000
0000000000000000000000000000000000000000000000000000000000000000
0000000000000000000000000000000000000000000000000000000000000000
0006b7590008e709000becb6fffb9334000d2677fffbdafbfffa55dcfff77e61
0000000000000000000000000000000000000000000000000000000000000000
0000000000000000000000000000000000000000000000000000000000000000
0000000000000000000000000000000000000000000000000000000000000000
fffbb136000a2e680003693bfff7ef8f000110d90005315a000d492a0000f145
0000000000000000000000000000000000000000000000000000000000000000
0000000000000000000000000000000000000000000000000000000000000000
0000000000000000000000000000000000000000000000000000000000000000
0000000000000000000000000000000000000000000000000000000000000000
0000000000000000000000000000000000000000000000000000000000000000
0000000000000000000000000000000000000000000000000000000000000000
0000000000000000000000000000000000000000000000000000000000000000
00060475000a98cd000d359bfff6964e000abec1fffca3d2fff6b9b8fff47a72
0000000000000000000000000000000000000000000000000000000000000000
00025f94fff4b71e00062f130003b649000589b70000115afffff4cdfff86d10
000bc259fff7b736fff357c0000d6e49fffbff27000a7246fff76073000ac20a
0000000000000000000000000000000000000000000000000000000000000000
000bbdd9000ae664fff8290e0009d371fff17730000b998e000f81b60007fb5f
0000000000000000000000000000000000000000000000000000000000000000
00092718fff894f10006764d00038fc20006c1de000542ff0003aa28000be070
0000000000000000000000000000000000000000000000000000000000000000
000ce49efffb30dffff5d10efffd2f41000bc724000ca1a200089829fff94f99
fff7158efff983f7000f666b0006647100073a06fff6ee75fffaec1d0008d596
fff781900004e763fffe6686fff641430008e8c5000aa7e6ffffb2eefffebfff
0000000000000000000000000000000000000000000000000000000000000000
0000000000000000000000000000000000000000000000000000000000000000
0000000000000000000000000000000000000000000000000000000000000000
0000000000000000000000000000000000000000000000000000000000000000
0000000000000000000000000000000000000000000000000000000000000000
0000000000000000000000000000000000000000000000000000000000000000
fffd3e3b000852ab000fa43efff7c450fff4305f0009cfae000d6159fff60c0d
0000000000000000000000000000000000000000000000000000000000000000
0000000000000000000000000000000000000000000000000000000000000000
0000000000000000000000000000000000000000000000000000000000000000
0000000000000000000000000000000000000000000000000000000000000000
fff970ee0004b609000b7a8d0008d4890008108c000ac4ed0000ea0e000cdb70
0000000000000000000000000000000000000000000000000000000000000000
0000000000000000000000000000000000000000000000000000000000000000
0000000000000000000000000000000000000000000000000000000000000000
0000000000000000000000000000000000000000000000000000000000000000
0000000000000000000000000000000000000000000000000000000000000000
0000000000000000000000000000000000000000000000000000000000000000
0000000000000000000000000000000000000000000000000000000000000000
000170ddfffa7dd3fff49777fff9e7b4fff847400005174dfff61736fff98bce
0000000000000000000000000000000000000000000000000000000000000000
0000000000000000000000000000000000000000000000000000000000000000
0000000000000000000000000000000000000000000000000000000000000000
0000000000000000000000000000000000000000000000000000000000000000
fff36149fff38dc6000fd3f9fff4a1bdfff0e21600021e39000d3b7c000162ba
0000000000000000000000000000000000000000000000000000000000000000
0000000000000000000000000000000000000000000000000000000000000000
0000000000000000000000000000000000000000000000000000000000000000
0000000000000000000000000000000000000000000000000000000000000000
0000000000000000000000000000000000000000000000000000000000000000
0000000000000000000000000000000000000000000000000000000000000000
0000000000000000000000000000000000000000000000000000000000000000
0000000000000000000000000000000000000000000000000000000000000000
0000000000000000000000000000000000000000000000000000000000000000
0000000000000000000000000000000000000000000000000000000000000000
0000000000000000000000000000000000000000000000000000000000000000
0000000000000000000000000000000000000000000000000000000000000000
0000000000000000000000000000000000000000000000000000000000000000
0000000000000000000000000000000000000000000000000000000000000000
0000000000000000000000000000000000000000000000000000000000000000
0000000000000000000000000000000000000000000000000000000000000000
0000000000000000000000000000000000000000000000000000000000000000
0000000000000000000000000000000000000000000000000000000000000000
0000000000000000000000000000000000000000000000000000000000000000
00066b5600035c36000b94d4fffb8949fffb1225fffd3d6afff4dfea0003f54e
0000000000000000000000000000000000000000000000000000000000000000
0000000000000000000000000000000000000000000000000000000000000000
0000000000000000000000000000000000000000000000000000000000000000
0000000000000000000000000000000000000000000000000000000000000000
fff7a0dc00051c1b000f501000036e15fff3f578000fe296fffe0db3fff2a9b3
fffa89fcffffb6190000ed6c0004a6be00004d5d000c9e22fff578040004d85f
0000000000000000000000000000000000000000000000000000000000000000
000e9fd6fffb0642000555610000bf3c000032bafff174b90003e5b6fff8589b
0000000000000000000000000000000000000000000000000000000000000000
0000000000000000000000000000000000000000000000000000000000000000
0000000000000000000000000000000000000000000000000000000000000000
00075e470009d5e8000cbccbfffe3f15fff1c0ec000d6e3ffffa348bfff87f15
0000000000000000000000000000000000000000000000000000000000000000
0000000000000000000000000000000000000000000000000000000000000000
0000000000000000000000000000000000000000000000000000000000000000
0000000000000000000000000000000000000000000000000000000000000000
0000000000000000000000000000000000000000000000000000000000000000
0000000000000000000000000000000000000000000000000000000000000000
0000000000000000000000000000000000000000000000000000000000000000
0000000000000000000000000000000000000000000000000000000000000000
fff7937a000467d00008546200011fa10005a1e0fffebdedfff091c5000a24ad
fff0c1a9fff8e22d000b674c00002ff4000f79e1000c5d76fff4f4bffff4ffef
0000000000000000000000000000000000000000000000000000000000000000
0000000000000000000000000000000000000000000000000000000000000000
0000000000000000000000000000000000000000000000000000000000000000
0000000000000000000000000000000000000000000000000000000000000000
0000000000000000000000000000000000000000000000000000000000000000
0000000000000000000000000000000000000000000000000000000000000000
0000000000000000000000000000000000000000000000000000000000000000
0000000000000000000000000000000000000000000000000000000000000000
0000000000000000000000000000000000000000000000000000000000000000
000af59c000246b10004cf1bfff9da03fffd4911000e83d8000f075afff178aa
0000000000000000000000000000000000000000000000000000000000000000
ffffde0ffff0a8ecfff7f668fffc6a990005d0abfff50d1bfff2badcfffbdddb
0000000000000000000000000000000000000000000000000000000000000000
0000000000000000000000000000000000000000000000000000000000000000
0000000000000000000000000000000000000000000000000000000000000000
fffa85ca000d26defffac933fffe5a3ffff5603cfffc4a810001b99a000b4456
0000000000000000000000000000000000000000000000000000000000000000
0000000000000000000000000000000000000000000000000000000000000000
000bfe67fff64ce0fff66535fff498d500078dd7fff1bfaefff7802800085f08
0000000000000000000000000000000000000000000000000000000000000000
0000000000000000000000000000000000000000000000000000000000000000
fff394780008da1dfffe534100098866fff2837b000a6310fff770a50007a8f3
0000f6f7fff4f677fff2f65ffff71179fffbca3afff81297fffc9c4cfff67ec0
0000000000000000000000000000000000000000000000000000000000000000
000f5a11000f8373fff0ce80fffe3f92fff8343a000491fdfff6f08a000140d5
0000000000000000000000000000000000000000000000000000000000000000
0000000000000000000000000000000000000000000000000000000000000000
0000000000000000000000000000000000000000000000000000000000000000
ffff78d3ffff3c84fffca7befffafe7c00015791000c3080000d6178000e8614
0000000000000000000000000000000000000000000000000000000000000000
0000000000000000000000000000000000000000000000000000000000000000
0000000000000000000000000000000000000000000000000000000000000000
0000000000000000000000000000000000000000000000000000000000000000
0000000000000000000000000000000000000000000000000000000000000000
0000000000000000000000000000000000000000000000000000000000000000
fff32b99fff7d39efff87a890007dc37fffec81afff3117dfff242850003b117
0000000000000000000000000000000000000000000000000000000000000000
0000000000000000000000000000000000000000000000000000000000000000
fffcf97ffff99bdafff6aeb600041293fff76c3d000f73f300099ebdfff8a411
0000000000000000000000000000000000000000000000000000000000000000
0000000000000000000000000000000000000000000000000000000000000000
fff84dda000d4accfff5e6e8fff0e81dfffe888e000fcb4dfff6bcf9fff301a3
0000000000000000000000000000000000000000000000000000000000000000
0000000000000000000000000000000000000000000000000000000000000000
0000000000000000000000000000000000000000000000000000000000000000
0000000000000000000000000000000000000000000000000000000000000000
0000000000000000000000000000000000000000000000000000000000000000
0000000000000000000000000000000000000000000000000000000000000000
0000000000000000000000000000000000000000000000000000000000000000
0000000000000000000000000000000000000000000000000000000000000000
0000000000000000000000000000000000000000000000000000000000000000
000efd47fff2acc0000be1d2fff73730fffa4ff3fff40bfe00012e30fffcc59d
000c5bc5000bae93fffe458dfff993730009a43f0008c7b2fff8ae050009e4e0
0000000000000000000000000000000000000000000000000000000000000000
ffff0963fff328ce0002a1befffee335fffe8156000dba99fffce45b00092a24
0000000000000000000000000000000000000000000000000000000000000000
fff579f900004ef7fffee555000089a00002a81bfff2778b000283a6000a6a5a
0000000000000000000000000000000000000000000000000000000000000000
0000000000000000000000000000000000000000000000000000000000000000
0000000000000000000000000000000000000000000000000000000000000000
0000000000000000000000000000000000000000000000000000000000000000
fff2dcb600076e21fffe0577fff60cf8ffffb167000284d9fff11a22000173c3
0000000000000000000000000000000000000000000000000000000000000000
0000000000000000000000000000000000000000000000000000000000000000
0000000000000000000000000000000000000000000000000000000000000000
0000000000000000000000000000000000000000000000000000000000000000
0000000000000000000000000000000000000000000000000000000000000000
0000000000000000000000000000000000000000000000000000000000000000
0000000000000000000000000000000000000000000000000000000000000000
0000000000000000000000000000000000000000000000000000000000000000
fff87b61fff6d91500037a330007a907000f905e000bc36f000bdb31ffff8a8f
0000000000000000000000000000000000000000000000000000000000000000
fffa3423fffa425d00043fbf000ae0f0fff40aeafff52bf700033f6300014107
0000000000000000000000000000000000000000000000000000000000000000
0000000000000000000000000000000000000000000000000000000000000000
0000000000000000000000000000000000000000000000000000000000000000
0000000000000000000000000000000000000000000000000000000000000000
0002a77bfff62f090004d947fff1267bfff77ae4fffc3559000e3ff4fffc119a
0009678a000293a6fff9aeedfff9ce91fff96accfff90659fff4a818fff2de3e
0003b6fd0007de3f0002ff7dfffed96afff84f76000832b30004e95a0000e7f3
0000000000000000000000000000000000000000000000000000000000000000
0000000000000000000000000000000000000000000000000000000000000000
0000000000000000000000000000000000000000000000000000000000000000
000d19a800086a98fff43618fff59db6000fcb150006b2560006c175fffab314
0000000000000000000000000000000000000000000000000000000000000000
0000000000000000000000000000000000000000000000000000000000000000
0000000000000000000000000000000000000000000000000000000000000000
fffea317fffd1f53fffb25980009177f000d7ad40004b8dd000fada10008a3bf
0006f363000c4756fff25d530003c28900035417fff1547d0005a6d5fff48490
0000000000000000000000000000000000000000000000000000000000000000
0000000000000000000000000000000000000000000000000000000000000000
0000000000000000000000000000000000000000000000000000000000000000
0000000000000000000000000000000000000000000000000000000000000000
0000000000000000000000000000000000000000000000000000000000000000
00021d0f000d6c44000e78cc0008fc1efff54343000e06840001b2850005d8cd
0000000000000000000000000000000000000000000000000000000000000000
0000000000000000000000000000000000000000000000000000000000000000
fff753c1fff1037900059434000eda19fff69ae300081c1100001c93fff8e306
0000000000000000000000000000000000000000000000000000000000000000
0000000000000000000000000000000000000000000000000000000000000000
0000000000000000000000000000000000000000000000000000000000000000
0000000000000000000000000000000000000000000000000000000000000000
0000000000000000000000000000000000000000000000000000000000000000
0000000000000000000000000000000000000000000000000000000000000000
0000000000000000000000000000000000000000000000000000000000000000
fff6990e000fd247000cef9a000cd617fffa5203000cdb260004c3ed000fdae5
0000000000000000000000000000000000000000000000000000000000000000
0000000000000000000000000000000000000000000000000000000000000000
0000000000000000000000000000000000000000000000000000000000000000
fff54af4fff1d7cd000da284fffdb9fefffffe3bfff757c8ffffa4a60002c3c0
0000000000000000000000000000000000000000000000000000000000000000
0000000000000000000000000000000000000000000000000000000000000000
0000000000000000000000000000000000000000000000000000000000000000
0000000000000000000000000000000000000000000000000000000000000000
0000000000000000000000000000000000000000000000000000000000000000
0000000000000000000000000000000000000000000000000000000000000000
0000000000000000000000000000000000000000000000000000000000000000
0000000000000000000000000000000000000000000000000000000000000000
0000000000000000000000000000000000000000000000000000000000000000
0000000000000000000000000000000000000000000000000000000000000000
0000000000000000000000000000000000000000000000000000000000000000
0000000000000000000000000000000000000000000000000000000000000000
0000000000000000000000000000000000000000000000000000000000000000
000b61acfffbb43d000f261bfffcb29c0003d6d2000a4216fff2a008fffdfba3
0000000000000000000000000000000000000000000000000000000000000000
0000000000000000000000000000000000000000000000000000000000000000
0000000000000000000000000000000000000000000000000000000000000000
0000000000000000000000000000000000000000000000000000000000000000
fffe42460003b817000bd5680006cbd90006c57600094b96fffce808000e50ea
fffd01c4fff2789a000c4c08000009da000bb914fff80266fffe5dc6000ec1fe
fff94e9200077dca0006c4c8fff9f578000f6b660002fc53fff9bca7000dd264
0000000000000000000000000000000000000000000000000000000000000000
0000000000000000000000000000000000000000000000000000000000000000
0000000000000000000000000000000000000000000000000000000000000000
0000000000000000000000000000000000000000000000000000000000000000
0000000000000000000000000000000000000000000000000000000000000000
0000000000000000000000000000000000000000000000000000000000000000
0000000000000000000000000000000000000000000000000000000000000000
0000000000000000000000000000000000000000000000000000000000000000
0000000000000000000000000000000000000000000000000000000000000000
fff9dc7600064020000c0e08fffe7230000fdca50003cfa5fffd0ff8fff9a281
0000000000000000000000000000000000000000000000000000000000000000
0000000000000000000000000000000000000000000000000000000000000000
0000000000000000000000000000000000000000000000000000000000000000
fff96c5afffdfc140005372e000483bafffac8f2fff615e4fff1738bffff2a53
0000000000000000000000000000000000000000000000000000000000000000
0000000000000000000000000000000000000000000000000000000000000000
0000000000000000000000000000000000000000000000000000000000000000
0000000000000000000000000000000000000000000000000000000000000000
fff05968000c7954fff95064fff7c7adfff5f795fffbfff9fff1a376fff29855
000cea4cfff1fb220006f93b0005cd56fff06bfb000ea65400063496fff749b9
0000000000000000000000000000000000000000000000000000000000000000
000800cefff06d3b000db50efff9de190001f297fffeb9f8000c3104fffa68f0
0002f669000f89630009a21bfffc77ddfff913ab000b01b4fffb2404fff23feb
0000000000000000000000000000000000000000000000000000000000000000
0000000000000000000000000000000000000000000000000000000000000000
0000000000000000000000000000000000000000000000000000000000000000
0002adab0003efe1fff179acfff9fa0400009e9bfff9fcf6000677530007a2ab
0000000000000000000000000000000000000000000000000000000000000000
0000000000000000000000000000000000000000000000000000000000000000
0000000000000000000000000000000000000000000000000000000000000000
