001000000002000000FFFFFF000000000000FFFFFF001000
FFFFFF800000000001000001FFFFFF000001FFFFFF001000
000000FFFFFF001000000000000000000002800000000001
001000000002000001FFFFFF000000800000FFFFFF000000
000000800000000002000001800000001000000001800000
800000000002000000000001000002000001001000000002
001000FFFFFF000000000002000001800000FFFFFF000001
000002000000FFFFFFFFFFFF001000001000800000800000
000002001000FFFFFF000002800000000002000002001000
001000000002001000000002000000001000000000000001
000002000002800000800000000001800000000000800000
800000000001000002000002000000000002800000800000
FFFFFF001000001000000001FFFFFF000001001000001000
000002000000FFFFFF800000001000000000000002800000
000000000000000000000000000000000000000000000000
FFFFFF000001000000FFFFFF000001FFFFFFFFFFFF000000
000002FFFFFFFFFFFF800000000001FFFFFF000000FFFFFF
001000000001800000000000800000800000800000000000
FFFFFF000000000001000001800000FFFFFF001000001000
000002FFFFFF000000000000800000800000000000FFFFFF
000002001000000000000000000001000001800000000002
000001000001000001000001000001000001000001000001
000000000002800000FFFFFF000001000001000001FFFFFF
000000000000000000000000000000000000000000000000
000000000000000000FFFFFF800000001000001000800000
000000000001000002800000001000800000000000800000
800000000001800000FFFFFF000001000001000002000002
001000001000001000800000000001000000000000800000
000002FFFFFF000001000000800000001000800000000001
FFFFFFFFFFFF800000FFFFFF000001800000FFFFFFFFFFFF
800000FFFFFF000002000002000002FFFFFF800000000001
800000001000800000000001800000000001000001000000
000001000001001000800000000002000002001000001000
000001000001000001000001000001000001000001000001
001000800000001000000002FFFFFF000002FFFFFF000000
000000001000000001800000800000800000000002001000
000001000000FFFFFF000002800000FFFFFF000000FFFFFF
000000000000000000000000000000000000000000000000
000000000000000000000000000000000000000000000000
FFFFFFFFFFFF001000000002000001001000001000000000
000000000002000001000000001000000002FFFFFF001000
001000000001000000000002000001000000800000000002
000001000001000001000001000001000001000001000001
000001800000000002800000800000800000000002000000
000001000001000001000001000001000001000001000001
001000000001FFFFFFFFFFFF001000000002000000800000
000000000000000000000000000000000000000000000000
800000800000001000000001000001800000000002000002
000002FFFFFF000000800000000000000000000000FFFFFF
000002000000800000000000001000FFFFFF000002800000
001000001000000002000001000000001000001000FFFFFF
000000000000000000000000000000000000000000000000
000000000000000000000000000000000000000000000000
000001FFFFFFFFFFFF000002000001000002001000000000
800000FFFFFF000000FFFFFF800000800000000002800000
000002000002800000000001000000000001000001FFFFFF
001000000002800000000002000001000000800000800000
000000000000000002FFFFFF000000000000000002000001
000000000000000000000000000000000000000000000000
800000000001000002000000000002FFFFFF000002800000
000000800000000000FFFFFFFFFFFF000001000002000000
FFFFFF001000000000000001000002001000800000001000
800000800000001000000001FFFFFFFFFFFF000001000000
000002001000FFFFFF000002001000800000800000800000
800000000002800000000001000002000001000002800000
001000800000800000FFFFFF800000000000000000FFFFFF
000002000001000002000001000002800000800000000002
FFFFFF000002000001800000001000000002000002000001
800000000000FFFFFF001000FFFFFF001000000002001000
000002001000FFFFFF001000000001001000800000000000
000000FFFFFFFFFFFF001000000002800000FFFFFF001000
000000000002000001000000FFFFFF000000000001800000
000001000001000001000001000001000001000001000001
FFFFFF800000000002000000000002FFFFFFFFFFFF001000
000000FFFFFF000002001000000000FFFFFF001000800000
000001000001000001000001000001000001000001000001
800000000002FFFFFF000000000002FFFFFF000002000002
001000001000000001FFFFFFFFFFFF800000000002000002
000000800000000000000001001000001000800000000000
000000000001000002000001800000000000FFFFFF000002
000000000000000000000000000000000000000000000000
000001000002000000001000800000000000FFFFFF800000
800000001000000000000001800000000002000002FFFFFF
800000000001800000800000000001000002000001000001
000000000000000000000000000000000000000000000000
000000000000000000000000000000000000000000000000
FFFFFF000000000001FFFFFF000000000000000001000002
000000000002001000000001FFFFFFFFFFFF000000800000
800000001000000000000001000000000000800000000001
000002000000000001000001001000000000FFFFFF000000
FFFFFF000002000002000002FFFFFFFFFFFFFFFFFF800000
FFFFFF000000800000000000800000000000001000FFFFFF
FFFFFF000002FFFFFF000001800000800000000002001000
000002001000FFFFFFFFFFFF800000FFFFFF800000000000
000000000000000000000000000000000000000000000000
FFFFFF800000001000000000001000000002000002FFFFFF
000002FFFFFFFFFFFF800000800000001000FFFFFFFFFFFF
000000FFFFFF000001000002000000000000800000000002
000000FFFFFFFFFFFF001000000001000002001000000001
800000FFFFFF800000000002000002000001FFFFFF000001
000001FFFFFF000001FFFFFF000001000001000002001000
000001001000800000000000FFFFFF800000000002FFFFFF
800000001000000002800000000001800000800000000001
000000000001FFFFFF001000800000000001000001800000
000000000000000000000001000002000000800000001000
FFFFFF000000800000001000000000000001001000FFFFFF
000000000000000000000000000000000000000000000000
000002FFFFFF800000001000FFFFFF800000FFFFFF000000
000001000000800000000002001000001000000002800000
000000000000000001FFFFFF800000000000000001FFFFFF
FFFFFF800000001000000000000002000001000002000000
000001000001FFFFFF000002FFFFFF800000000002800000
FFFFFF000002FFFFFF000000800000FFFFFF000002000000
FFFFFF000000000000FFFFFF800000000001000002FFFFFF
000002001000001000000002800000FFFFFF800000FFFFFF
000000000001000001000002001000000002000001FFFFFF
800000000002001000000002000000FFFFFFFFFFFF800000
000000000000000000000000000000000000000000000000
000000000000000000000001800000001000FFFFFF000001
000002001000800000FFFFFF800000001000FFFFFF800000
000002001000000000000002000000000001000002800000
FFFFFF000001FFFFFF000000FFFFFF000001000001001000
000002FFFFFF000000800000000002000001000002800000
000001000001000001000001000001000001000001000001
000002FFFFFF000002FFFFFF001000001000000000800000
001000000002FFFFFF800000001000001000000000800000
001000000000FFFFFF001000000001001000000002FFFFFF
000002000002FFFFFF000000FFFFFF000000000000001000
001000001000000000001000001000000000FFFFFF000002
001000000001000001FFFFFF001000FFFFFFFFFFFF000002
001000FFFFFF000000000000001000000000000001000001
001000800000001000000000001000001000000002000002
001000000000000001800000001000000002FFFFFF000002
000001000001800000800000001000000002001000000000
FFFFFF000002000001800000001000000002FFFFFFFFFFFF
000000001000001000800000000001FFFFFF800000000002
FFFFFF000002000002000002000002000002000001000000
FFFFFF001000800000800000001000001000000002001000
000001001000000002000000000001000002FFFFFF000001
000001000001FFFFFF800000000000000001001000000002
800000000001001000800000001000800000000000000001
001000001000FFFFFF000002000002FFFFFF000001FFFFFF
FFFFFF000001001000FFFFFF800000000000800000001000
000002000000FFFFFF001000000001800000000000000000
FFFFFF001000001000000002000000001000000000800000
000000001000000000000000800000800000FFFFFF000002
000000000000000000000000000000000000000000000000
800000FFFFFF800000000002000001FFFFFF001000001000
000001000001000002FFFFFF000002FFFFFF000002000002
000000000000000000000000000000000000000000000000
000000800000000001000001800000000001800000000000
800000001000FFFFFF000001000001000000800000000002
000001000002000001000001000002000000800000000001
FFFFFF000001000001001000000002000001001000FFFFFF
000001000000000002000000000002000000800000FFFFFF
800000000001001000001000FFFFFF000002000001FFFFFF
000001001000800000FFFFFF001000000000800000000002
000000000000000000000000800000000001000002000001
800000800000000002800000800000800000800000FFFFFF
001000800000000001000000000001000002000001FFFFFF
800000000000000001000002000000800000000001000001
800000000000800000800000000001000001001000000002
000001000001000001000001000001000001000001000001
800000000001FFFFFF000001000002FFFFFF000002FFFFFF
FFFFFF000000000000800000800000800000FFFFFF000002
800000000002001000000000001000001000FFFFFFFFFFFF
FFFFFFFFFFFF000001000002000000FFFFFF800000001000
000000FFFFFF800000000000000001FFFFFFFFFFFF000000
000002800000000000FFFFFFFFFFFF000000800000000002
001000800000FFFFFF000000001000800000FFFFFF000002
000001000002000002001000000002001000001000800000
800000000000000001800000800000000001001000800000
000001000000000002FFFFFF000002800000001000000001
000000000000000000000000000000000000000000000000
FFFFFFFFFFFF000000000002800000800000000001000000
000002FFFFFF800000000000FFFFFFFFFFFF000001001000
800000001000000001000001800000001000000001000001
000001000001000002000000000002FFFFFF000001000000
000002001000FFFFFFFFFFFF000001800000000000000002
000000000000000000000000000000000000000000000000
001000800000000001000002FFFFFF001000001000FFFFFF
000000FFFFFF000001001000001000000000001000FFFFFF
FFFFFF001000001000001000000002000000800000FFFFFF
000001001000001000000002FFFFFF000000000001000001
000000000000000000000000000000000000000000000000
800000000001001000800000000002000000001000000001
000001000001000002800000001000000001001000000000
000001000001001000000001FFFFFFFFFFFF001000800000
000001000002000000000002000000000002800000000002
000000000002000001800000000000FFFFFF000000001000
FFFFFF000001000002800000000002000000000000000002
000000800000000000000002000001FFFFFF000000000000
001000001000FFFFFF000002000001001000001000000000
000001000001000002000002001000000001800000000001
000001001000001000FFFFFF001000001000FFFFFF000001
000001000000800000FFFFFF800000000002FFFFFFFFFFFF
001000FFFFFF001000001000000001000002000001FFFFFF
000002000002800000000000001000000001000001000000
FFFFFF000001FFFFFF000001001000FFFFFF800000000002
FFFFFFFFFFFF000002FFFFFF800000000000000000000000
000000000000000000000000000000000000000000000000
000000000000000000000000000000000000000000000000
000000000000000000000000000000000000000000000000
7669EE46EB4E347E21A131A203DD7AAADB045662C1EF1C1A
8BE2E48AD088619E77EDDD1604B613AA8D3B9EC396008296
7D7935B75E069A427F354C0C264C209CBACB7A7AEBF4B9D4
6CF319D342050F994DFFDA9056E8865AA8FCAB5D4DCAF390
58CC57CAA37AB81C7F061A767DA74639511A6F554A1462C4
4DBAAE1444C014411E4A64927CDBDF3DEF9E9B4BEB273885
934B75B18CC4E4B4391080F4918B35E486E4AC109D2B1541
1A64DEBBAA1057FAAB8A8C7680FBEC2CB3156265409DA124
000000000000000000000000000000000000000000000000
000000000000000000000000000000000000000000000000
A917194FB2F0840D906FCF2AD10D55DAA3D9E64F0B849F46
CA4D539360D378D8C2470A7B52FE51EB40AF4C2EC1A3AB32
7CE53D9FE2FA5C03004408E526B53A54CA342478FCB91F59
127A83EAC1E3C2F84440876CA31233FC4384606CDFC50934
0FFD39DDC684F2CE9DDEF492C32F6E92F44E62986F808C93
000001000001000001000001000001000001000001000001
BEA638EEB89194EF5972D19D855617DB45E5E5D2FD24CA56
E5A6A83AED7A8FB35C8541BFD6CFD6BCFB84C97649A35B51
0F3E89976C35595B6C5C16F0534EEC1CB1331F69F680919C
9B4FD8DB2F75A179861BC7AFDAF5AFCB7DD8011B026E7A6A
0F60581FDB9121A082486D15995968FA83FDCB5CEAEAE99D
EF39315931A823DCC55036CFEECAF78AB1BCE5DF707BC7C7
000000000000000000000000000000000000000000000000
3FE737F84519030D04975B4A80501E3D1BC982040B009382
828E87A1C437AF179EBF3CE4F171253C94FB69E1E75C4238
000000000000000000000000000000000000000000000000
7AA03DCD707228AE9521E43FF3EA73C4344DC6219FE6DC62
3B5885EFBCEE2ED97B87F5FDAF3C79C34670EEB14FA55596
A4F74C43AA0D06B7FD3244872739F08EF78E83E809AF983C
E52708C2AB184A7CD5097D0ACCB69EEC44BAC50097112669
000001000001000001000001000001000001000001000001
1E59FD1F2515B68DC1F97AB0D281AAAF0C8AE44159952981
000001000001000001000001000001000001000001000001
5BD46505F06C820489D50B673A8CE4AEF7DCEA7875E980BE
54379B8EC02E30364D10F814A17A1EE3E1005B5CDF76684D
FBDD7D8288E54AC5C7FC40C9C0892CB5FB446A40B73AECCE
82F91C2F2773CA7BB89DC62BF60A35834E9CF9E2CC0CF727
F866EFB3CDE55FD684E2C06A1B395ECA03E0516EDCA119B6
2AE95A55CE26134BAF8BB938F9EEC345149F7FDFC8522BEC
0C8965828BB1A913141040A1F151A756C26C488B50FE8C41
010DE48DC495EEF3FF006C6223768D26FE0036FD955358F1
3E95951D8FDF03164E2B853AFBCBFD1344158C239A1A8EDC
EE421D853C1C9E5FC46203E77DE2FC0C69333EB0122BE16C
777C2DD456B21F207FE4520297EC70302233D760494AD7D8
000000000000000000000000000000000000000000000000
3DFF51EDBF7D7C34E924AF659D1D8A0295EC3E654818971D
098AB1BB3B5928C180113E855CC03E120D60D8C224735CD7
61943129D17806D73FD578CB5FBAC54F1F3D16D8B54DA642
000000000000000000000000000000000000000000000000
C6D8B602D9B0CF27DCE5E6D894A0621438ADA92E4F31EC30
000000000000000000000000000000000000000000000000
4CE1BAA7309964C0FD0B359A67A7AF87E9E089A67B2DEC3F
EF0009A4DFA9D92FA180F5A8F7A99E2048411BF5D89D60E3
4DA11B48B421D1BFF181E21DEEED747FB0481515EA9D92E2
45D3F78C9218906BDFABCDA347F42E1D003C23081CA3FDF8
000000000000000000000000000000000000000000000000
3CEC7A43B51042E37BF25266419DB39CAC2FEC30EE9090B3
2452471492A76C2783A3D625AC061AE8C9AF9E0FB3AD14CF
C84542CD3D9EB72A2816AE5778FDF0CAD1BAA67106F0637D
954C8CDD1088943BCD80E27F2D3776407A2510A6AF953753
89C92D89BB48CC421C05517AE5057FEB0C4D8B54C12781FF
12F9F80EC6FDC2AE488FFFCFC505D04E765227F986214F8B
D85AC05A6D2DCCC9D003F78E8D30019F40A19266B9CDB883
58AFACA5FE984D65BE1417AA5C7324FD6D26E03DBA4192E9
F8C7BEC4363DB1F60A80B01B76803E4E5F6C8EAED4D33C53
DB43E11BE3B11A5E9414D38A6A2040E87B7122B85CD5608A
3D64DC49A5DA25B9F3A23DE5675B518991D50D6A886F9D8F
D23537F2115EF63EE57B71A7B168B1F59F7228FFEEE828A5
FDEEFA13BB28C590F9974D3A408C0B1F787771E0D4A86BDC
E7986C7CD1F053D1F5C5FAB7F221547DD7A4B4F31854D3F6
92C5147F198B4789C3C24F629730A1AF7EBC02BD334B154B
1C14A3B498C618658F5A1950FC6D2716E22B868E4502DF2E
D209FB2DA2FDECCA19EC142B7D900CCF03E9BD4DAED40514
909D3B33DF3BBEFA88B153CF75D80672DEA3A36D749767FC
000000000000000000000000000000000000000000000000
8FC391FE7047BF5A666CADA6909B75389A48F5C617735195
593F3B9A6377C944E92A056089B29691DC5B3703EA4A9A04
D2D52457481381DDA2E1E6AE66C1066ADC4D8CBFBC157CF8
2D5162A6A939F93EB75D3DBEB4AF1CFE509D5007737FEEBB
AADA269926DAA9E3C7B229E427DA27B301182F5F0E931F6A
FC02CAE1C742ED2E20C14214DA4C3F1673C30CFE9D357261
840E0E15279F58CED1D42EF4105F428DDD07701B33BF84CE
A3729CAF5F6CEE02F59112B24C77A389B03F35DF064353DC
6C211343C26FEB94B0CF4AB1F29B25DD2AC4AA208F304CDD
2CDC96FBFE8C7A4EBCB450FFA1759013962B4A8767B431BC
000000000000000000000000000000000000000000000000
7AA265E7CB1FF8DE5BE73EA606744318425A877D252BAA46
658982B0D44A746065E07F5D03C36729F79555F709506322
3B3A207D99FF2ED56CC161E7C43CDCFEEAB4AD85FF361272
3D4D72CB81EC48857055C97B1E6BFD97D8641192D2CBA018
B34731DE0932D653D026154E46762783534795E1F80053DA
2CF96BA728012A9CD592EF38519D8AC47C6A79CD4AF00CF5
DD9DE0BC79410C9D16CFD634EE04F84608E2B96CFF8EFDF4
9E098E42F88EAB0733F936CCFFDC1A8B0F971B1B9908A761
B2B7667113D6074766F3B206BB2AC6BD61C05F320D07E4F7
F77829D0D3676EC26F5220C8F199A36B82E473ED01C50800
000001000001000001000001000001000001000001000001
49EC7BF47F7F55E5557987C1A62131ADBC0718A72C5B1944
5F6141B5B6B0834B5AEB2DDD7EE15E698E7DC3A192CCF11E
E31F9D31E97A3EAC36FE2B31833D5599AD3ED87E50AFBB0E
564957C60B8377537D6EF594E48370D8CED72A2656DCA1F1
9E97D5308064EA8B055812992CD487BF7C05CA15D0DBABC5
614F971B30C67074C794C2E1133F04F2D91195C3E70315B7
0139C4EFC451FA981FD7B0E9B6FC26AB691F3AE10249D3CF
15CAD7315484B350C15C2C362B74555E2A3C464CF111C8AA
317BFEADEE12F21178BAC2A9FBC71621CB1AA238E34E64E2
000001000001000001000001000001000001000001000001
4061375C843D057B7E33C34F7892022AEDED1CAB130C8122
F911BE27867C0572319ABDA18C2546B86CD44F6FF0AE4E9B
2F93B6772FD5F3332367ABB63F7EDBB21B0AD0AE758DFF53
3FA020F9E9D538B3986C35ED2E77ACABE7A91B47C07DA327
CA07D8C9B464F5033876CDB2DAB1F2D41AC071D67D412BF9
E1F496E69FD131B6D1DDE8ED70231ADFDCF5627C7A569D38
AF73AF8C3C4283C2C27F747A9B79B5C773DA5A56CD12D50C
60C9C91025E689B1D0349F8D46412C07B72241A529410CF6
A6B691993436B06251FD73A35C5C816AD783C5328D7180CC
000001000001000001000001000001000001000001000001
BB4C3C1EBA16B83A08E4D60B7B301C54B51A27C2FC829E40
E3391A350FA82653C5893D4B5C54D16F38B16102AC548ED3
006CF38185A7859B56277B26F39C8B67598BB62F641AFE3D
EE4F45CDEA6A781E154A016FF73EEE6DCF2304B1312298CC
FACF71BECCD08C21B206C928ED31DF2CD56BEDC935A1A5FB
59ADB6020EC16C5C36C1DF2047A04C80BDCBEF1C43B18CC4
3AFC9248D4F435AC362CB93B94B9C51C7F3863FC8422E795
377D7EB733103923B19AF0B059AA61122DCA12CA567EDCED
3552AFAB6668C987FB0BB5DC451A5A2DA9C141CC614B1F2E
000000000000000000000000000000000000000000000000
C8D42BB99F5B1B8CF0C627FDD445DADDD912F19E2B962E89
EEB92740A37A45E41CAECC0C641C3BA2378378CC0ADF55AA
E2782629D41289774C087CB4ADB46A1C86033E344F6B34A9
8098189B92395557F58B054AFD16D8893F32991045B709E6
7EDEA27FFBE5173ED824A198BFC60C107CEB9F86D99B3381
E4E7AEBCEBD165C8EF8E646C9C009C9807C90ACAF5ABFAC7
000001000001000001000001000001000001000001000001
246117A9EB6D5287243C9FFF4B6AD2BD4FEA0AC338C31368
000000000000000000000000000000000000000000000000
000000000000000000000000000000000000000000000000
301F0102DC4EC2E1D304BD87E2EED5D5C15A6FE3BAC84CE1
7C07A4E480DE18D818B7EEA95D400483ED148B7023C02A20
000000000000000000000000000000000000000000000000
7A10B1961B589CC93F5B426BB616E7A9902F28E6960CBE8E
6440CCD71FAD0AED8E0998D6F2EB9271ADC866B6C81A3AE7
000001000001000001000001000001000001000001000001
000000000000000000000000000000000000000000000000
D866BE5EB160ED8EE096D51A7DAC1458FFF54B8C406D6FC8
000001000001000001000001000001000001000001000001
C35E9B39C51CD49329C898EEE011608075B3B5F10FAFDDAB
13BA496B7E1EA08D06F529032059A845D0FB8062596EFD48
7C346D6DE073C7410EDB8A4D280B346A3D554AB9E52BE197
000001000001000001000001000001000001000001000001
22DCD598F10F693C3534566BFB0693F9195DF5C2B6AC875C
0D2C14D9568C83D198E01CCEB760F586176C9A158493A890
6C5AA85B9FF39882692952D776FA30370EDBC099750BADEB
9BEB2B441E017F35B56D4F715C8CF9BE42377DA14521A183
52464CD129BFB309DB37D656AA1FE500B24ED13D88199C8B
31F867F87A2AF476ED8E9E213161B3366927BC096A8D88B7
000000000000000000000000000000000000000000000000
0B0306949DB92010ECCD08085CA68A971F86345E408BE846
D4DBAF58E50DA13A8F70E53CA9D887E28000E5BEBD932396
EDD127A87BABDE05202E128A6A907D15F4978F30C360E27B
F5D0DEBA16553B04C09962B9AB6A460A99D9065DE00239FD
602581D37A79F4DCAB00479ABDCC610A177FD7EB8F3B717E
B7A8F2891C5B241D61B2B23DD8D7C27B5BBC0A152680E711
2FDD6A0D5D5ED97D3AAB7B99958305FC7C89093D14AAF67E
C2D0688EC31C38B3CDF9A94D2BCB7C40CD5E5AB5451F033A
DC63F507053CB4112A1B42667EA2E5DC997E0845834C9026
C979B618C1B8C0A4B1FE70023EDDDF476746CC31A8FA3511
48557E2210A6E7BB29E3E5596E808B5359793FA79BA9644E
000000000000000000000000000000000000000000000000
000000000000000000000000000000000000000000000000
000000000000000000000000000000000000000000000000
62B9A2B738E19B5D41907F567036A79493AA7565AC2476D8
26BB5E45162349FF76137DD056CCAD3FE2A37ED433A7B5DE
082971B0706622EE733479DB79E8EFACCFE3142FB57245BB
57258D061A93F750FC91139E3C1E80989851BFFF253E7D24
F60514BED4E0916256830E70790E4E3C0B227A331BB7FE45
FD5F0ECFE481EF17C5483EBDD273AB23BE3867CC2E490A7B
A2E8AA4D392A28EAF7ADADDF43C03E81B243A88E89E9A9A9
E490AF0005D62ECDBBAE118789F25F70B004815762C4FA1F
E78A78017779491CFFF8A21C87525C1C7AC42C06094222ED
93125DAEF0A78BE29B877FED88E12ABEE2BFB2B180A7A0F8
1968A81D37E32F4EEFD37BEEAC7259F9D94DE43468F5F061
849A73A6813B42CBE280499E6C0335C8974B704A36DA3473
31273F355F827F18CE1707392960DB0BDA02C2AC99472C04
63265BF1148906DAD17D145008195BA5CEAEFAE243878DCF
EB7AAE6987D715E8F9553D9AFF4A80399BB4856D2339EF71
6AFAE91537B7BF1EE462AB5BE857E2CBCA33617BF7A9EF63
E71A5ECDC871966D144769CFCC068648A1EB80090BFA5797
000000000000000000000000000000000000000000000000
1F97DDD4F783DC95C170843514313FFE01D679CEA51C06A8
8C22F1D764F86D865CFCC72F1D6EA1FBD7EE3E3D1460213F
C97655E346FD1126F0211C5CBE7AFBB2C7B75EE3986E09E2
A11727F0E14710B4FAC5913F689CE6975BDB6274DD395573
62E62F68FF189C9E7A48118EC30F5EBB2EFEEF4928615EF5
827D30A04CC29D326A497554F1E28D1143D20D188BBFFEBE
49CBFD8FCA0318E736D5C4342CBC7873A4ADF3CDEB084D03
FF2AC1F2568FA7EDA2956B8A11F74B161A1D2EDB49B2C163
F4C6A714D199644CB9C229B60124E05C16E580DCD4C4F166
6B18F623966740D32075D5BE112F66B4D1B276CD9C1F1E0C
82F21533F848DD240C7DF44898886B605D5AE041828B31FA
814539F655329D3CA0C6F20538BDEA421A3C3E77C0816AC8
000001000001000001000001000001000001000001000001
D02B5DBFA93DEAEDF444E978297A23500D2426095127AAA5
000000000000000000000000000000000000000000000000
6D283DF483532B0C695D7DB304F024488692999CC80B2E6E
184EA7A2869DAE103AC878C47016DD656A30AE904D9039D6
DEB44D9341A8107BA98230EAD6FFCC0C84BD261F47C6F3E0
2B1E41A65CFBB0234179CE50EC045341060070D98AE22590
000000000000000000000000000000000000000000000000
9F5B1D1E3D765D22390E05D4D7555EF8D6061B1D10FC29E2
8E7A0A8FB97C050C70FE0C75D6C564246C48519CED31B14E
F17E59F97CF8D87801EF83096B2D8001E200238B8A27203E
00E11E200DA22998E99B7D48E6546F4B81BED3E060264A68
12D6750FBECECC1F13A4D2D3CA9A2E249E0D46DCCB80BFB2
3DF9D7EA9B47A83926D2D7384CC1EF521C7823A551BDC541
95E5ABBA5554044A6BE7C24313B5FCBB43025E27A40FF47B
000000000000000000000000000000000000000000000000
E0CCBA773A96A53740E539FB778460E5CF3543BC57838C7E
000000000000000000000000000000000000000000000000
000000000000000000000000000000000000000000000000
000000000000000000000000000000000000000000000000
90B256D4605FB7273CC70C3EB54E786C301D315E1B7F5EC0
2B602338B161030E50E62A9FCAEB263785F1B69B894777B3
F7700B125044344C9D6799FFF0C75B15BB3B1FA9CE07EF0B
A1FB169334443AC35701BB93CCA4BD3FFC2B2957DFD2F22A
263A2F5BE03473919AA79913BC6AC6EC26813E410C39EFC1
32D8B59695A9E0174EDF42213AC76BFDF22D4539A9868546
D77685DD3F2D574E2F384FBED0AF70864DA60E43BBDF0BC5
000000000000000000000000000000000000000000000000
97B33FEF4E823A3CFBBE932092F3B251D1F1B7D08A3AC9CB
69F48D8D858A4E587D47C8497F7A1E0021077404F4ED4F64
CE9299BD36107727A1E6283A154EEB0734FEAD368C4A5031
6A4C781FA156DE311E72D64613B22B9C94A54BD307A4B7FC
9842913F9FD1C9F65679862B519EB24122D2825740E5DB3A
A32DAA817B093789EE74E58D5F52F81BFEF4CC8D77F4BC3B
000000000000000000000000000000000000000000000000
546B0BE860B757F38BACBCB980A90E6AA07B404D0CF18F06
FB101C03000BA10D29BD459C1D091AAB111B915B26EA8AD0
000000000000000000000000000000000000000000000000
C3D850500A7171518A002282C3E70DFBCB2CFB65AA5E0AA3
DA0BACF96DF01AEAE520013787CFC828A52A777712092F88
C690BFF997160CC9FF7C586B3E5C2645B59E7F4C1A5CEC1E
A077A0FD9E6BE7ADC0DBA57EFEDF552A1B7B74F554F14C6D
806EDA2292DC726D07A98DAE5CC705C43345B4D5496B9387
C8F991895346C5724CF3214269A6D2B6DA5530A2B1817DE2
90FFA10D6FCEB480D1AEBE5A00D905877BD7E16115F8310C
E65F5198CFE8306AA627918626F63E35F6EE6FF30D8DCC21
F4E8A123F25E3EECF87A9279DDE36113ABC6AB78DE14841C
AC9AEE6BA5A635B1DF3C3C0BB8155C164EB0C67899FC76AF
BAF334284C538D916E8D7EF351647C6EE6EC48B41D802D18
B2B7B0F3C4A15FCC36CBBD38BB62C47ED39002DA966C0426
ACA1F814A34586AB17DB394570DC8CA199A8432446BC8EEC
5E39950EE51113F131F74671D66FD68E0FC784E7596273DF
F7F7123240684C70D31991319065C968ECFF5E5B68042951
000000000000000000000000000000000000000000000000
113C5292650EF12051C5A1E41A7AC96C461927AAAE1759E7
E53E1540A3ED01ED6DEFF84DA0C27A32419419EA7801E323
82EA6C0A324520A7E7044330595D97B86F16AC2063E14435
A6735967F5F9E0F7AC3CA63EFC8E8ADC35AF346413FB8C1D
3C0BC9D5D18FD5F6BC2515AB8F1C4BF70AE7898E8E0EA430
A3822E373C3C2A196EFDEBDF9D1EADA21F7A09BF99BF5CBD
897EF0620ACF7D4C52B5C85CBAED3930A1C3986AF35D2377
AAF00BFFFD1A5500F94C019370AC795A07B54745F5D59FEE
78E6BEBE1846D04F5207DDD6E361FE28B87BF0E9D5B773BE
9B003CD6200C8B27FEF9B1E596FE4CC4192FCBD7D4953F91
2AEC7DCF4A8D24AA276337D7931621D54A0FD8F1107A6ACE
41B3227C569EEB02D90C763BFBD3658AA45342C8A7F2B1C4
C422E42137A939648E1A6D44CD7473B7CE6C13057DED76A8
5EACB8D4150F5BAF75F2112820C27FC5B4A2A4E37659CB26
F96DA1E3FD02714B6C1B8A414D89AC6A37869DFE33035E54
8E6C6D656CB3C32851E9BA005E1389E7508AC07240B5A2C5
E9CA57EBC1D6534E7D4F6D7FD5230EC5D8BBAA455EB9F366
85A28E52BF091847AEF2ADF7B2B811D9F3174336C55181BA
7771913AA826D6912E3A82A1E5A46168946CFEC265D20B8E
B7E18BAF837E66705C0F6AEB5E51DDC0EDEC79E33EB66B7B
5A26CDB636F7AF1F50D66A61AA0C5710DA5C43AB0E767F30
F6E6BE4E5C74B3FB9B403A78973BAE10A23086AF2EA6AEDF
F2C962DC3FEA63A45F2A9982A23A7A366B552191C2CA4844
F8B5BEA4E79AEE5D5E78444E00E2B6E8A490C6DF16FC7CF6
2617F1D7C9F8DE95DDA01C731A24CD9E3D3DCC91828F3059
7DF8FF201A4241AB6BF5B95E34D6356154CA71E599D97A88
FE8F8B114E4003AD23EF09EA1E32EF83CE47812404D0520C
2B8AC6D08289D1B2F437DBA7B1C93F6EDA6D457F8B54FC7F
B84594C04DA671A51C0C94C73C8F7971E0239D53C9134718
000000000000000000000000000000000000000000000000
C8165752C5522E6C20D52A69A71293533E09CA5B538AF9E2
DFD7CD0D25D400900C8CEEE2ABC4472A22193D6DEA3575E9
BD2D57909AEB097DB892E679F9FE96147B6274644275A67C
2D3F9EBF4E176DC28A5E987C682C69CF4492CF74655699F2
A112D35FFD850380C9534DB8C9A34774BEE7DDF2BEA5949D
7DD98FD9BB14024A1C7D689B477BCEF22CD9B51274F79A83
000000000000000000000000000000000000000000000000
57355865636950994B8EA44A0ADF932CDBBB256AA77D00D0
572FE066A7C35A2D7643F5470F63507F28B4E6C38CEE55CA
D4BBF6861ED8B37B91C3C1949CB20FD22F3D2A66EB20638C
FC43C4304F1167B6B0F478F1E0D3F302D98EFC686355957A
70908F22806034422CF24C010D1F08F680762C8736B8E39F
2D1E5234382F311EB9D8EF8D234FE7EE0D01874CDB703F59
887FCF3191781C2DCC2F31C81A16FE39090D9F3A33F24C28
000000000000000000000000000000000000000000000000
2A4055473DE0295F8013FF9A3DE5EFE6A167CC94C7D7AF80
328CFBA14F22B4A969351ABCCE30425F0604DFF914B3CF92
94CA92E362EE5DC86ED462809A1286F37A55FCB455219711
09E090B678D8664AB40594960F396510040EC4EDD20F4FE3
354B1CD3C0ED2D1A43532BF487359A2983626776A6B81B83
E2FB85B0E19BF1B0C5305A187A386FC75DC827609C59223E
840093DC71617664E4646D979AB9B3DE7F16642E5A9215D5
739B304203584BE6F0BD79D88921F2B6040A26B0F8B2D3C2
000000000000000000000000000000000000000000000000
000000000000000000000000000000000000000000000000
C469D54D593BEF98474AFEAE3B089C437E96AFBFC598EDDB
BFB33D9ABD62B73A042855B56A1196F63D2BD2D8C3889156
0580F2AF4CFC50494BD4756953E4755AEBE88C01292387CB
646CA4148F89633DD2D305DE57ED4F638AD236AC21E631CE
000000000000000000000000000000000000000000000000
F7F086A391C6A9160092F5D5AFE58148050D8EC4DC704654
D6CC1B4D401B3A6EB9C04A1671B6EAD441367749154B9BFA
8D26D3986AAF4ABC798D8BC12496E6D791AE9F165F34ECD6
2FC5CC4A46B6C6F5368EE5494932079F56C641D953FC8B9C
B93E989813C4F65381095C8EC120477134DF19BD71949BEF
4235BCCD72BBA9A7AE1DA36F44E64B8FA5512CA89BEE85CF
93FED6F8CC287C76E577CEAABBEE04FA8869F4590E2B4D09
CB463F314CBF25755D43FE5FFAA044011DB5A2D6824C2EF6
C4B18B711FED49116D51C2FDE2BC0EDD3FD11672A13A5380
0DC667AEDD5663CB1F7951F67A2005345D7ED59BAE4EA285
B8E3697C291FF7196EF45F597B626A9EB5B2720D10C11986
7377955E0A6550E49A6941099B6B9BCEA3ABDDB9D007DA21
626CFD660DF4C3BBDB20B5769564055B09A0D5DFDF07B74C
546756565B805C169B8D2CE9F26EBAFC89500AC587506246
B4383DE32BD7AA6D1B3ABECC679720270DE36441D1B75A52
D3F4FF9AEF804AD25FF94BE574C7900B0217EF9EBD3D1559
AF4DA7D038249ECE2B1A3826C3F866CEBE7E9471CDC791A7
047765DE9A296BA48E5465A72AAB2B48E999C57604B8596C
0DECBBEF80D5E43289375C47E643388A63CD93CF99CC5443
488A9D2D77C9E29224C65F9EC2DB6A414B24E9B936BA25E5
50D94A5FED42371823A98965A3BA83349CCB3837C611C69B
1EEB9AC0DB8935020EB61B3F0EEB786BCBBF6611D35F92A4
A39D7238CD61C2934206C3AF1B91F5D08CF30B6CEEC52EE7
D82398D54A08F6889D460E93460D2E21B64BB7F64F0ACEBE
D971FBC2AE61BDA70C75ABE15C646C3454710D177DD39201
A402BF26B62A695AEF935F534239040DE7BBBA8387743A65
069050A1E7F0C6A8C19515E57714381FA4EFE794493C8DA1
2B0BB7FD5843D7653523541BCEBA9409B2CAC4AD4C0F1AC8
18B1FB570CF10D6D50E4DD46140B668527232C7BD41BCD7C
1B04391CAA9FC9DD2FBDAEF8495093C86A6C4AC253419205
1D4B5EC5BA9C45D59B7A4A440EA0193620DB2F18DA3CCE0A
77E19D7C0AFFB38B4327CDE9B480BFEE188FC130BB33A953
5A20F747F701BFEB08E1BE37CE6805DB0A12706FFE1EA5AE
93DDBC1FFEDCFFE09D28D05ABEA1B2BBE1F034A40D57BFC3
000000000000000000000000000000000000000000000000
47B43DF0A28883C79E5E1227706EE4D238436D027723EB78
86674F76DD09943E4CF4109D4E478F71FAC295F8932F01BA
C74C55BF6566ED24B4E9359AFC69CC7EA9E51D461D7A128F
59B7EB618FD8558CBAB535C72DC19153ED149769FE2366CF
503102C212187A0C69FD7426EB67B474DB294DBC48BEB7D6
D69C67CC799224C95F13F796C906A599FB8CF0BD3A2FF34C
3005FB012EE377F2B743CA540FFDEBD65C8C9A601EC1A39A
000001000001000001000001000001000001000001000001
4EFE00CA6D0B2F835A3971CB1BFC4BD07EC924CF3A436A8F
34E02DB430375363BC01F353E308E67ACF2BBF2AEDC7C4B9
425B453ED9512BB68048E964B4272D921392B3E29BACF507
8C7ACB273500A3600C87C565A4C95A548D9E9B192079DE43
1E2BCC70F88A847F73388338FDC64EAFD3D98C75FE2DBBCB
000000000000000000000000000000000000000000000000
1DFD38D15AC08CC00CDA0B9272BDB207ABF0C38F59A23631
000001000001000001000001000001000001000001000001
000001000001000001000001000001000001000001000001
7A20BDA84D53E2B88162B7A6DC4C2E71DFE27F37F239A000
000000000000000000000000000000000000000000000000
000001000001000001000001000001000001000001000001
1C169ED21452ACD14349937F7CFDC71D0EBD3C3F828AC637
0B6FC63696968425CB9642C9C22CE470D748675A6028A345
8DB70ACD61E415B245851075065102F7C78A94F9D9F4EB68
3F05AA3600FB96AE4535BEBA1AC65377023AC4AD5FDA70B0
A4524C11318BB83A600674FA38CC2B7FEEEC623287DEFF79
000001000001000001000001000001000001000001000001
A2E377F0EB66D66E0E6100C1F78F519E059017D56ADB962A
81E110FF334E501F507B7C279AB248C89939E0A644D44E18
80DCA2F39BB79BA200BD76AF82AB899A2D80E10CBC7C0E07
622FE7F94C694F82C12ECF9A9C685E08BDE38099A6D8FB52
006CCF3F6AB635237A69F260D3FBCFAEC976A43C9D606D33
068AAA5D15D198A6786723E5B6BC666CE62122D15A1C33AA
D47EB70430ED044A344C375FE4C9A3A0C6806949DC1BEA91
AEE5743A9D35A55C9EF79C51BC398BB96C8FB1A010310972
64D7FE32CF3FBAFEAEC830BC6BF2523BF0822EDB63661DCD
E22C9239415D51D212269B112D52E6119F37FE47B80192CA
0B27A8305E0D55A828C0B22B13730BAF100ADF8F2AF876B4
19A79AA0C0D17BD4B33ACE4BD07914EFD59EC6F52034C593
000001000001000001000001000001000001000001000001
041973F0205CAF7E8DACBBFFC030C62CBACBC51CE7DCC5FA
28A87A8DAD7EFCEE38F5C0B0C9B2C69BC1947064A5C24859
0D5922A4122DA2D9DB89EB29E986495159EDA1E9AD7312A9
D04C0184E021075EBEE0A5014DB922CC07AF8098BBDD7C83
000001000001000001000001000001000001000001000001
79136CD1FC0F9F26DBFCF8FA5BB88F7024D62BB4D65A778A
28F4287FFE3D169F6D53F5F6E6FA76913877CDEBD18E2818
55E2021FABF283B270F7606FBFE4B5F3BB0BE4605AAEF218
2F93096C946C449CB97FF79E94189A28EAE164984E74BCC7
EDBE8B381AFE168AC27F41B01B5F5586B2EC0C32C48E591C
1B4BEC8D06190660B2023B9C285545F3D01E1D727DCD97E4
A394DE47311D057B9AFCBDA719BA74B2026691BA45ABD271
CA98831008D22CF715E0B0B05B1C45D2293E2AE7497FD5DE
FF8E06B783614AA249265E002162474AD61C452DB7778E59
9C908B70BBBF1585C5BE9068BDCD45B07837674CB517A8BF
E6E2FC06E808C355C7B1477C69AB71D331A4C3EEDE04AA25
F97C0A718131ADC5B8AAA1A4EBC923ECAB280DCD21300340
239C6E97E79845245C08EF0E1739854A44EE5D5EBF55D908
CDEC3635437D8087CD967331B2C70A4C5E5378E08E464F2F
034EE2577CF7DFDC2EC88DCF76C25AF97662B825190DE492
CFFD4C61BF3F76D4FE60F534318D94F730490AC331E5EF2F
D517E1F414DAE51B83477B476EFED917FFF0CFB29148F00A
A2515FB08E895639F7124A57D758B4BF7BB70A1D30756C66
11D4076EB6BF73170CECE1CDBE7077836DE1E766E631F497
7C4A8840ADF1794E0167016EF456035D3278B8240F12A879
A6988A3C91AE546AB696F917346FA92A99C2039B3316C725
000000000000000000000000000000000000000000000000
ADD879A69842A5475AB0D586347E2A9DA1082A88E7CC8D2C
000001000001000001000001000001000001000001000001
3D045382608F0270ABAA07C7B0B1C829502CBD8879C414A6
2CC89AF7D09D6969FC5CB89E2E97E3527CF2EC44D04B8DFA
8E2B0424965185ED7BD28B84BB57B0901C1A00DF3AB69F1F
2F92B2F7F40F9659D98CE5FCAC7A470C07C01BB4593CB6C6
CE5B1B819E89C9703AD4A5393EB92CEF5247C61BEB8A92E8
9829C6BDE8946AB81D38FA5D814EC81C7F21DC619211FD33
1D28906CFAC028FAB81B469F8A4F3B5FD49EFBA7DDB29669
CBB991F8D0A169D612C88C90B31D76B854E7CB6A560128B0
2BFB3771310E89941A058ADC69518C998D85C6756FF45F55
273360184B8CD495C63262E2859F5643EAC4B800B3FE8FCC
89EF50503E82C27C5C2D9F06F888CC5F0DF8DFBBF0F50D18
6D014BC08647599184ED21CFB364B3A3E97855F4CE31DE35
000001000001000001000001000001000001000001000001
C906E2CE17A9F5EFBA5D5851162BF5EE537631393C805A35
EE9453CCED1B85E8D3E9B3195A0FE90D476566E64E077A4B
34EEBB5D6E2BA048CC9932B020744581BE2D005FDEE557FE
59D2CD3664C00C7E254ED09D39E17ABD004D6DC9E0C1CB00
DA47E1C0FA59D50FAE6F4FE5615981AAD7665860167D1894
2625EDA5B8E013BB510BCEDC0A7F14F73681A025AC83CC02
000000000000000000000000000000000000000000000000
5091C73BD28BB0A1DF65A5F5D75D138CA6109AA164394BAA
9ADAF5AE1BDA95A9AD624F622BAFBD3FF8D67A4C61F98393
8E80E0DFFBC9123B7BC46B1004494138C16676DE25669FDF
46E304625BCF79B8753B1BB86FF8C4504D4DB091A9803AF7
73FE88FB74440DA4ECEC07F1BEECD9CC223548B4745EE92B
AD3D69DD987C19747A8985411679A8D47055A29AB466E08D
83D18F3CDCA239BA274968EBD6DDC96289E2251A7999F744
2D6AED790417849D80B674F4405E2A2CB19ADB8F4195F6F0
42D5A3906C6DDEFF2E60357C8297CA48E79565BAEC396894
000001000001000001000001000001000001000001000001
FBB6E7AA49FFEB19207386D2466A3ABAED1BFA8C05B05B0F
2D244961D4B4A53F1B1338D075CC2E0532116BA2FA239603
2F54B6F3F642B6DF492BB861B2FC9DF817D2AE73395A74AB
D218BDAD1565CBF168542692F9C46AD02A3726698CD52187
000000000000000000000000000000000000000000000000
A82C7315D8C8D8200C0BAB8414A7E9583526284FEEBDCA57
2F3A63A2573B9FE690FF02878B98A0438E2D0E01D7CEDE6C
38EA789949ACF54E186306020F9B081C5AE7C2B9C8C5AD64
97122C04F05BE09266E906DAE914EDB41E480F4D07F77BD3
12DF4E25BA9B00B23BAD20C01F38F91998709B13C73C1C48
4C8EC2579215F8A2C02719F2F47A464A84E8555E19F55635
D36F1B25B08526BA69445BF0C7B7A8C19A1CFC7F8D8E1239
C96ADAC27E26137EBC66C8BAA083A2471F40E95E7B857F70
0634B69F7CF44D8EFDE4D5D19134E3AC87A0D2DA724512DC
428337F3FE59CC03169819665064962277D29636B1162D59
C58C4A1B02418DACDB2F433BEE236A6AA2A29B6C49888D65
E2E86E8F5270DBA78C102E8CB5A57C3DA4AE4BD18F175531
4893BEE7721AA64F5D61D2A48983BB5990352153719DF7D0
000000000000000000000000000000000000000000000000
4C19F6FFEFCCFF92C97653106665A2AA4E636FCC4491352C
056EC461A1FAD51C205BBEAC9AE4ABCF67A848ABF24BB124
142E73DCF29F0606BE4BC0EEDE52DC5DE066586A82E463FF
577CE125B3CF5647E38226C0682BF4B8EFF080D32A32DDCE
000000000000000000000000000000000000000000000000
000000000000000000000000000000000000000000000000
BCC94EAF892516D66C4C2795D4CE8A1C4A9F37729D9C8BFD
9528E9CC863C04E06F0A1D602F8FCE725F9CA2A425744A9E
C394B92FA49BA3E7CE83938251B6248991DC5C7525283C01
1597B6641E00F3271408CE2F90AB7BA740415911DEEF963B
7ED2EF8A27A6598FB9C4A808D2A5179F68A9B29A028EB6D2
FE0949275C906A7290CBBF8283D5911194FCFD16BB6C149E
000001000001000001000001000001000001000001000001
024E017FC5AC72807E4EC2841A23920D8F6C101254E012D5
342F46608A473C44406AFA329C988E5C12460DE6273D03E0
05C5A24C9328CD516A663C66C43D19810642F65917519A06
9C60895C33D0CEA7DA932853688C951279EA38321D15D624
B329E9B03F1CEDF2939C08F16C8033DB20942C139EE38AF2
000001000001000001000001000001000001000001000001
ADD7926971DF0C60748AF6452214214FC6208D29860FC5DC
0EC755DDB08D108682CFFACE2F8665DF7C1C366EA77E616F
4C56D9D5E90C61E3BB361131BB4E2AFF4B7DBDEB2D475F4A
7EB6A7B89D7E1ABB0D65CC9B44419BE376AF0CF163831F06
03964AC4667FB2F834F074D67DCD16003ABF3CE3B058C225
5FFDE5DE6077E48A63C79F182DD6BD4DD6B12B0A66EF8596
E32BFB5410325E0B3E68074958690DA359B17ECCCB3CCAFD
1161DDF5A80810D68F896458C4AF434032156512950FBD27
7D0AE6B85EB626F8DF81D70C3DE97918AEE91F8A01025944
FCD1D6015A9962B648621EFDEDA641FE221F4EBAC1EB2E3B
D2E4A455EEDE47F3E7E36395961724FD9B1146BCC92D560A
5F59E66125AFD29C02FB5CA4377DD070253C96AC582CFD29
6D2FA23DB8DAA1E64FCDFFC61E63A7C166E44DAA2898DE5A
DA0D2174D14000398D75749907EAB57210EF73BA90ACF8C8
526525BF80F01E2F57F846F15BF1121341CFE7F1C46ACA4A
BFE5CEA16D5B7F2E98F52B7B35EE976A69D5F4F018E240E2
E32BEC4B4E34A15A262654B4845E6961A80EFC2E56547E10
EC934D386074B322E07E1EEF9F20FA54FE1E7285232B48A3
ED596E774E8D89801739DD4FFA2952C88223E9E4484B0388
91E719CEE385829C87480B5F405728C2AB8E82486EEF6C26
10505FE74DC6D7CA6A6C6F2DE391CDB5D02A48277FF4C2FB
9CD3AB9084D301E560516B481728F5EA9112505513AF965B
FDE1A5E5F163B830CBD9A6C7BBCB99361CB6210970655C75
000000000000000000000000000000000000000000000000
3F296F875EB3239E4A2B5BFD42BE7DB6ECE073B1A88ADCF1
5E53AB6484EE087C5966239A5322BC7684FEFE968B6F994C
000001000001000001000001000001000001000001000001
3C2C515C194320FF4EC942AC7B48AD49FA7DDAAB672DF4EC
000000000000000000000000000000000000000000000000
9753DDE5298A407858115781476603E82551A920928386A4
C1D78CC317C9596950475C4BE512DCFF3EB8FA3A0FFAC6DB
7F80DDA00AAD3E17523244B1C3A4EBC34651314D22FB3297
000001000001000001000001000001000001000001000001
000001000001000001000001000001000001000001000001
FE44AE81A2833F52E8C18A416C90AF2173F806E3DD901647
34CD0767376DC5E6CEC3E096BDEB7CAA5076ACC281E536EC
FBA7DD117FCDC04E39A5A62F4F946D36D0EA6AEBACB484AE
000000000000000000000000000000000000000000000000
9C0096B8CC8D61D2D42A69B4401D63F31C1B99AE6A2BDED8
70E496456586D72073B0E9EB27C83B2B17B269920BEA39B7
000001000001000001000001000001000001000001000001
37D7864357C9422D824628EF48B2BF87668A878D76D2E509
6A7B9BAAF22A2AF24918A0DB88850FB77894B51A5BBC50F2
000000000000000000000000000000000000000000000000
8C8AB63CF968C427FBB24BE9F8A10C3CB16A4A488EB0417D
000000000000000000000000000000000000000000000000
3C9891254A545551644498A13B5CDC4916E1C1E4230111A2
C8DB1D6EC3199A3922CB0E90B0ED3D1D84F9BC219141ACA8
3234E79843F6631064A4739595202AC9394D61C31408420C
5BB558C49B8A81F4E1FC05273E4AE18A74C6776B683C2A35
C6FF762D6C3C3C31B5718187FED762FF2C6361F18C110393
B2A37AC2B81028CFCDE30A2D5910C3E1FFBB6B95B9889989
79718A5F356D77AC1FA6B3D82D19475A84519BF30E7B49A2
E0BEF0EB6540F72D8D659A1D73E873F16C2B2AECE8F81F8B
1D8DF7F4CBEDE6A108DA6BD8BFE2BA7AB09FCC5F154F4CA6
9C070C0B7BA5C88C56F580278873C85F7BDFE1AC953D978A
76DEDE2EF4EFEE36F4AAB8D44A73579007B8E57B64548F26
000000000000000000000000000000000000000000000000
000000000000000000000000000000000000000000000000
C2C1E629D60BEED387D21A118A4FD7F7A57644C1CC4762EC
6CC4696AD2CDBEAB545E5A1FB23B4837436DE28398EBCC96
000000000000000000000000000000000000000000000000
490287CA3DA156DDAE54A7F93E419437FC2BF72027BEF749
BE87F7A99ACF3F5D94EDB1D80FF4F18D8477130B0926BE6D
CE51CFDBCD738FD14454600D577226E4AA41C032A4878C01
B74FA5918E406EB40120C139F520054E3AE65F14431A9A87
B32ABD8ADB402D43E401364406B834C739ACAA10C52C5146
B6E85FB4A7890330A2DFDE9FCD09FBFF43693CEF882957A8
973D9DA65AE3446B8DDBC3103CBCED95E96B0C4032E66D60
14BA029AD3CDA4A52E7963F5540EE43105850795A023858A
F8DE2AB8AD739952069E737AAC47CE1DFAA43B69536DDDAA
B8DB3A66A72FA0FD16F798C3C909508C1F2D2E58ABFA2FC1
9B12869530D8B792E84118937BE1A9787308161FF6DC0511
F13A5A43E2A74D751A625A950581A53727F3785930F5D650
000000000000000000000000000000000000000000000000
22020393372A992B72ECF8516F22D3A9525E2BAA0431ECBC
B044C989CD4396EEBB355AE7DDC54ED98D75DFF20E8E868E
9B620FC7DAC7DA6F29C1FB42954DB8BFC6DB3ECD0265C4D2
83EDB9691FEFC88A62D997F79AC0CBD5D05E7E9CFD9342AB
0DE143B2631EC2CA2963C73FE6C66A676C27E2E0F57A2F25
000000000000000000000000000000000000000000000000
000001000001000001000001000001000001000001000001
C3C5BCE674D55CEEC102A023A1B39A8AA3D99619BCA4F7BF
A0F76A5DCB08EF58CE0487E9CB409EA7FEF11EE05D164AFE
FD37F58482592C572C4AD6DA6A8B7DCF9B3D1B7D1CDF0DE7
CAFE250D9985BCF7C8289A5876330B0713DB5E1CFC7D36C1
7A9C8DED7D6467095087E10B22FC0FECC4C523069D599B08
218DB65A6BC02B7F68B74D8F5B5B1743F324C35D799F38FB
0B177059214E80851B5AAADF4C0FAD0D9452D2C63A9800C2
9911361D320E054054F1BAE8B8195C82475D0824B3831B97
5B306CA15E642748C8225F0B5A3BAFF8AA5D987CAF737940
4453761DF4F5A1EC5D1A4BCEAE49D0382A75A5F68B5F06F6
17B5FB2B49B3A0F94C2DB6A25FCF8FC0C97F80BC316097C7
889B274030BFE30A07BB8D532C589FE3889FD06845DEBBE0
2F7D0A282AA8EB3DEAF325F319ADA09F3382E1C3BB6CEC72
B379F9D306446D8DF496872A9236CBD1BA7EE6FDC51DE33D
85394531BC7EFF1EA3B600D8A868CDA053EDD8C193AD3A33
0A7339C79540EA69D6643688F4147652AF81AA9E2C117858
39986011A2419C878F06C32568087F26292E9F22E570C8B9
F0A765E7A10F236BFF7D9FAB15AAAB2645ECA6FF787A5D95
ACDE0DA0E28C1BCD246549B066B68F81C7DB6B197D7FC61A
64E4C55028251F88F1AB8A05FFFDFEF3F37390BA4C3769F5
000000000000000000000000000000000000000000000000
E0F7606247E856B27F941D95CC2FC78272F6547B1C12B32A
E3BB528600B7AE0EDEE3706D7061235A9AB5AA15ECCADB5C
EA6B7A0693DDE8E56F7E6BCAA937E0E324CE52CBFBED6A38
DF77182EAE2103642FCF64A8DB49A6F3ADBCD84500A8F139
A0F19D7DEE98F05EE9CE57EFE2548B1CEBDB291568786E7D
69ED7194A47580B35DBB28A4AAAE429C5ECFC05B4DC943F6
0D1E90AACEF226A298EAD7348E40C93CCB30393DFBE664CC
3A29C9EC5B775039965BCD248966F7906AE9E0EF6A6D1A5F
91DDB63447C2BEDF8611A4D9272DD0202AA50010BFB60C30
1ED1A72ED7080A10204E938970DEC0CB7D61BAE28CF024C6
72A2334D7B425EA079C9DCA07BAA62527359F9A0A2D9E9B2
6F34936833E4B21D5BDF50442056D4D7272357D5E94B4C81
A3574F3C62E2ED7D9176B927023452A5395818F0E6E2BAFF
4981E08F52B7E43ECB1F93DF86157E95D4ADD30FF1FCA190
000000000000000000000000000000000000000000000000
92DF335BAC41E4C1D1FDF3A14B478E4CB730EAEF0B8C5D05
FE5890B9007A3E065C3422DF2AE17BF36B43734BCB2DE2A8
86DF4BD47A023583E3F0DB13D82307769C7BDDCAA91D97A8
38AF9A295024332EDD4AC145B76FE03776B8362B6907663B
000001000001000001000001000001000001000001000001
348D1427F803B98C176301C5CCFC58921BF6932303FA9849
A4FCBA1CA9CEDCAF580222EFBA636FAE18DF56549F1CB2C7
2EB5AFAC3EBBECF8D398BF1F5F02F855E53707E4D48855F2
000E301336091534AB17C73323F562009E92358D168AEA82
01C133B5A9C35B36D3055523A26ED881765A868BBE73BB8D
000000000000000000000000000000000000000000000000
22EAE9E97C357C9A0E066B5725815252E738F47708BD1C36
000000000000000000000000000000000000000000000000
15E014E6BD0A67B7E29C958D1BAD381D7E599ED58A20DCA5
39C72FFF6665C066374E96130481D45D62E78DE807B47CAB
C8977F336BE060E10964D1789F46D1C35D9CFFA77C034B60
740853415DED6E32130ED7A25CFE59162F528BFB6DD709FB
AC891B754D62ED7A4CA9609892173EA75E978A8069D93C38
000000000000000000000000000000000000000000000000
000000000000000000000000000000000000000000000000
000000000000000000000000000000000000000000000000
D83C225B2E26A52541F0FC5FB3C8F5EDD98BFDD8790BDB43
06ECCBCE823DDD91DA3C0B7815E667C3CEF3BA37339F4179
DF3C5261F9E58574947464A0A30CEF5F9459D20289E8EF45
6E290EE62729A99FB38B509F2BD413C703CC6F2B17867234
ED0D3C6839928B1685830756FBD704FDD55055531939E68E
F88A9866268F394EC37188C492178F8EA069BAD12EBDECB4
79EC8D1BA1275C3B85ABC2FCA148E591940038116D95180B
853C41E833C5430F76502F1A5AA301E26F98BD362C9C0CEC
5A069574A4F52069307EA851E78736311DAB1D93D4AEB254
A8F3E6C7222ED7C1FD3C62295C202C5F93AE2EF5DDA7B0AC
000000000000000000000000000000000000000000000000
000000000000000000000000000000000000000000000000
10C7986CC6D6DF9E752E57AF6F27BBFF693C559E657FAE0D
DFF734596E2701A9B56A1F9C35DE0FD8B682222B89CA6F39
447FD35B0A132D3B54D3B22AF544FD614642C4779075772C
22C3C9B7575EC9C75338D9F681BA1E37F7D848925E671285
B1CED38A10BF5D456357EF776B430F626518CF6FDDBF26CA
000000000000000000000000000000000000000000000000
98C7B7A135B19215C74A9FE1A0011A508794EF5C070A26E5
C27DE37426624487B5A00DDBD78C97A962A99737D3344CC5
7AE1A753E20B04A3DAB240A229FF2C2F2208E157B07E896E
000000000000000000000000000000000000000000000000
2C8FE006C30AD1357061DD4F07FE2093FE34D95A2C5C30C4
F31A21D249BC58C33A362A5C56E11FDB56415F12EA6BAFC5
EE132EAC809FD58C9DB78DE76CED4DB3F842AC64F29A0E1D
A97E263CAE02DDEC708F12A2DD67CC51526D35F69DB69865
9D206D41EA7E44D1CCCA6EFA044EE66A0440DFC18ECBCBCF
DCAE2B437E3F1A5BCABBAC0AFEA2845295C10149DD45E9E0
35601220CA27B68D555D138B66D8123B80CC284017FEBF0D
A0765EA1B28E8F68067F336E537599AAE456C38AADF6F0CD
7E88FBAB4BB27CFB4772FA7534FCD05D4EE14E25F6994C74
C28194DEE11C96C7E33E3308DC5F140B7E38DD0646C1D74A
F205EA097A3745A2F751CBE42671C765FD45EFC8391CD538
A5F00635F9B16D186C2FA8BBADC25FA108E87115E34B64EA
000000000000000000000000000000000000000000000000
ABCE17AA5175A3B7D1995FA2F2DF37A1C8C410BE6B1C4D6C
8B9161569E9FC456179E3D2022DC4D56DA38EF247B8508F8
000000000000000000000000000000000000000000000000
030FC05A075E18F236BDC4C145830DDAA0D5596D0752AA9E
054E01536746A6DE6A36338EDA1437E8B44C4E178F916648
000000000000000000000000000000000000000000000000
14B082D9F0383EE9C296643F46D5FC0A7399D1DD613B6BDD
1C3C8834A53A1423FC694E8199FA0D68057AB50E9D0FF264
F9B524451A7AA023986BCDC78CCD09D23F63225D3CB2E6F9
D89094E1ECA3C935E4BDB4F00A7686650ACB5F1FB5F11F6A
4A9CEB4D135BA9019514E70B9A702CE97D8D3FE106E3D72B
000000000000000000000000000000000000000000000000
19FDDE7DB9B38CF710EBEC7B58DD3FDA3D82EAF7BBB85530
2DA36A1A31CE13EFAC281C12D775E9FDAF88BAEA052088FF
C7D6D1B8E1C4BF6E742F2B0751EF45A127CD95E95472672A
DE4999AF5D2B6C5D2C241392294A7CEE0B89D7E8FE29B082
2B3405063849760CEBD46DE73E009CA1660957BBCC95032F
DA0FD55D3309D7F03792DABFACE6A9278BA111926498288A
2C3AAEDBE11823C68EE85821278E14B47F8C60590C778E64
623767D77A807AA8AD9C00B092ECBBAB76863088C6F59001
F2DF74FA4035D89332C37D38B383609FD3364028D78631AB
000001000001000001000001000001000001000001000001
000000000000000000000000000000000000000000000000
000000000000000000000000000000000000000000000000
AD752F880E4DBC6C899233CB7542CC1D18295E7515ACDA72
B51AE41E575D53805DC5601BA59BC6CC1B48AE5850874A59
000000000000000000000000000000000000000000000000
000001000001000001000001000001000001000001000001
52E344E3F297CA4A5FE273B56090E4419A93C44B32EF0894
E30999B7D7E14AF1995CD16422DAC6B29BF12CA1B8374ACE
DAD9995C9B5E6266E3BEC5914902838BA7E64F089F797008
095AC2BB1EC0E35D547B8AE86FF57A27E85768B7C49FA619
000000000000000000000000000000000000000000000000
CEFFF14CFCBB11F96D4FA25F5E24CC8495ADD0AC81CF60A4
81CA299B64D2721F870B913C872D759AEC19EB44AFEEDD34
BBBFCB710BAB5B09302F2EFBB6F58510ABBFDDD7202BCDBF
F027EF2A5C645BD38D6A22DE009E3D36A9EED3CFE02D8117
967676D6D9AFC1482BB02870C799AE66546AE86BDA383669
067F7202CBD6BFACC8B8AF50C9B2487F2FAF96E0721766DC
D9A26EC45B41FF0E61E1D02DF99EC32D74980F5A115FCF24
AD4638D966A4F684B30D8011CE9FA15CE477578710CDC3AC
6E40E0221E26E4910A0DBA6F217550ABF318D5CF8E4BF308
FBFF1C99F663EFA341DEAECE19E72899D90EA946D898685F
1FFCE5FE577D000A53E3F62FB99625CFB6C63BBABC737405
0CA74550796CD6F3E61E127DE76043FBC38F9C31FF30BF7D
000001000001000001000001000001000001000001000001
6ADAC2B3E21FE2F93C4743FB0878304E3D2030E5E405D464
C9F4858E6D5C735809B4D4DA0995AA127C12B5DCDFE9BB8B
B41474719963B103C5DAC0AE55D6C2993A99B3AF424F9679
225A6A06968D284CF1DA84C9B1315247F3424A60E7D0CFAD
631598576971266800B0D7872096D412B9BDC4DCD8D2B624
F876ED2B14F0C98BBF67BB821186D5916B9D599C0AA3AF05
35C80C3600A4C170BF2CD550B5368B6DF7D289F10704F602
383B1CA67A38C26F7CB03E597A5B8A03AC25AE174F55EC2E
97183ECC184202BEEAEEAC22203FEC87A5940E95DDDCE5AA
B3D0A917978BDF47EC233F3FBD65596A2727A4DA8E782D25
724D9F4B468AA3EFB126B7177A1E6C26F51ABF0A121C5A6B
5D3C8D39593E1CF2DAFD518C50C5031DF340EF298C714806
2590CF1B957D81B33520ACE9F6D3AB13C0AB7ED6974E9307
A05DB382220B1F3BA59D724CA42EE6CDA1ADD55A2A307EEF
000001000001000001000001000001000001000001000001
368FCBB5DCE1ED6EF8A0F36BE2D3C57792DA4B53048F77D4
0DE3767942D73C9249C2089088E01A93DE212C4B281BCB79
E97B116648BD599F801D9E2DC466ED8AE4AFDEF77C9644B0
8D688B9767E967418CB178395F0132664B3496C76700DDC8
5D8AC1C736D962943590FA07AF9EA507F2C73E08F8BC5800
861AFE3D3CA219770982679F8ADADFE72A5D23FE7364CEA6
C35EA28F68ED1EE176AA8837FA19FE488CE6A10681C4F303
08226830DE99DC79EB6D39ABD5AE6BFBC8E2765D5F0341A7
56FADEE2827CA6D4F52EFE33322FC92C7377FFC26394D51F
140BB1E27F3D0B03D6502CC2D28DE132ED474BBEF075EC62
6921FF3C239D4BB7396B2A2F28254EC38DCA615BDE96F589
73200E860BF611E5EF26A4A4905E42A2F3B7E6413DA2E07E
C72FBE35D176C0E9EF1380290F3934FF7E40847933EEC320
5753EA067D4F64BE9AE3683C8D7769572E69FE76E468804D
BDD6791B74EB77416AB40C197E9F1FEE10FC65026594D537
BB5AA4593C9F45D88369FB180A474ABFCB36B88E5B6CE5D6
10EE59D2580D511C0BF5A9E6E194AD6D6C33A215EF97651A
40A875D425265BD141A1AC41F35CA91CA868A752575400C2
0A7457255C573AABCFD05C4B0FA32AF9A2DD5C1B50BB34BD
50722A60B14F26B65FC4A96274E3CF67EF786D16DEEE4A87
FB0ED5FCEFBEB38A13D0542FAFB4F5ADDDE0BD63DC464965
38D722AEEB6197040B70E2C6629D4D87B4D0150E095FC1EA
000000000000000000000000000000000000000000000000
F4E383D7F587C6C6B5E17C5E763C5BFF186892B5E55A97F3
000000000000000000000000000000000000000000000000
1B5F778BDDE90957A995CE379883E6F649CADF791095D44F
271B93CD933CF3627D32B74328E2723D7A9D45071ECE0D83
ACB1837C726EB269A6C6AE2CDC281034C8E2B546516D11EB
000000000000000000000000000000000000000000000000
D16A3F6E4FBBA1834102C4C5E0555FFD4393771D8F3B47F6
000001000001000001000001000001000001000001000001
5801AC8EE4900D47A96351CB800BFFB3F7BBCF5770540841
000000000000000000000000000000000000000000000000
0ADA5DC23E9868F97F99EDCE5D31755525599DB148B49497
856D288FC772F1527B4F2A36E8CCE465BC80E23D548F518C
5F39D8C3FBCD0734880343735858D11C009F25DA0AE7F806
780C479D02183D20717AE4519CB8481BB2A3E47D98A5A537
000000000000000000000000000000000000000000000000
2275C57E1AC24D6D1BE2FB88EAD7124F8BD0617B505D3194
2FFA7AFCCEBEC72962817847846A29CFBB7BB2EBFBFCCBC3
BC499C360BD85D79D7D9B7178E22181F77911197B2A6DF89
5A5789AD4E3DA1667C4EB4610D517534BC096D31909940A8
089D203C29252B32FF9FBF465AEFD7B4B8EFFE705F7C2F6C
3EF6012C5A1517A755A8798E55440EDD13D57EE5A3AFDF3D
85E7B70AEAABF127DC402CD0CE74CB550A108202A7040198
000001000001000001000001000001000001000001000001
1F4F2F8CF5EB219477141DA9CA4D2E44CB5F124FDE0D1DFF
1AEA1203FC3F548623C5BF602141385DB1430D4368D86739
D07489D1EB5EBDFB0BEDCF5DDEED986F2DB8975A76389B37
0427988BB62513CAFF4F405B9E884EA948E5CBBE670E791A
A7F9B08456F713E180B8537F0036A42652027C27DC5622C0
AD156EE8C8F4BB6228D09E6B8686102DBDBD6A736010F77B
0265B5177CB6695CBC9E44CEC4272FB153626226495493A2
09642B285B16392D737AB2B618279CEAEB75E1C5BC0103B6
71581A064EEEC98291D7BB9EE8A51BC185ED901B62C1E3FE
A636156DDBF0076A31751FBBC07B397B23C4903EB79DDE26
9A5B42A1B5CEF90E0FB072355690FB5B7670F37966C51544
29705C0FAE771B9E8842EF034FFD0C4F219FBEBA716B1EFD
D133273334CB2A60B27682E1E27B833F9A8B333E0B2AF82B
FAEFE88F772A7879CDDA9060659293F67BD318DD63CE7B3F
000001000001000001000001000001000001000001000001
000001000001000001000001000001000001000001000001
CB63EFD5D375DD058C660815FE76FF66F6725815E069E062
000001000001000001000001000001000001000001000001
77D5DAE55E9D9786C0E39E33CB626FBBF192723A19B2F18A
45C6D410C9C12E9C884EB0FD183FED8535E173FF305233FF
5C6821B196E1761DB2837AE36CD15BFC6A961D20414874CD
49B1778E58F18DD77825F03605B310CEDFF030756C67DBC6
9B99BC120680A27CF1A70C63F1490C19C182817062C19EA3
000000000000000000000000000000000000000000000000
2E34DEAE03F185B1F61AD038541C94A95DC1228F6BABC794
B58E052F1ED5933A9401120F4D0E1B234EEB6DF3A6432B3E
09A2DCADAD659AB727082443B76AADF1297F1532654100EB
72C67AAE07FB564707F518583D57C1DB39E5A49A34BA3411
0FEFC994707FDA34F2CE3D64CD908F031E4FB9B737D04EE3
C481C5DFFB527F4386037D8F261943CD04D2EFEAB1290F4D
12456940349FE1F2214133D975CAF1604D2E7F125BFC538E
5AAAB078E76024F783DA117C7B392066C1509CED3F0721D2
DF8055E1572D31343950B4B04DBBB757C80FA6040C2B948A
B56B83E6F539A662C8FDF6C4DAE0BAAAC3DCA0753700EE4D
D1415D31F65C0AF989CBDDC0A0350859635C6DCD330E9F1C
FE3F40A2C82ECE2EFD041CE1B6A5AA0F3AC49476082397C9
DD2EED4EE806528F34AB87419AB7CB73954CC09C6BA028B6
51423221E720C071F2CFD288CD2207184AA5A4CD0D720825
CFD53584EB9BE3BF03B1D23ED9F81DC6F6071B7ACB031B6A
B8175B191BC9836E08AEBC3E82B91B65B81F0DA42E13B30F
2F1A12D8E684224C6FC9F826F91D37264A7D4F9D629550F8
60C6B8625DCEDF3CB475C1A9F256700EEFECFE7E3348620C
0070BAB01A0A3216E398CA8D4A5EEC9FAB970F25D1534EB2
26B509D9A1B555B7AEE5EE04CCA96500B093A2515FA93C87
1EDECFC7A6C3B34EB54CD54BF7E65F792D8AF20F6105999F
6167B32C04F992A0D29D0661019278016F26031B2881B82A
8B7A35046BEE54656413EF18AB1318EB029962A0570C6BE4
000000000000000000000000000000000000000000000000
912A6022E065E1D97F51336564E4AB72194005560B208C91
000000000000000000000000000000000000000000000000
000000000000000000000000000000000000000000000000
9B2877B43B380EA6C67047A306D14C493EED3775D677B2B4
CEC4A7AC9965CA3115A81C7F9823745E37F37B0F6E5E42F1
000001000001000001000001000001000001000001000001
51E3212BF3ABC88D982D33BBA9CB9468DD79AC5A5542485D
839ACA4DFAC07A9605FBF70E1638C5866FEDFE32BF1C5A26
FE243F95F78A16D15A20BA385EB56C544DC441AAC4B281E0
0FC0F466BB0965D7E0B1D78D96D866F66A77658B1444DAC9
000000000000000000000000000000000000000000000000
D09914AAAD045133311D02964321355CA6CA37107AF07A16
000000000000000000000000000000000000000000000000
466B1FF339AC620C4A2E8D3BAC2B422919092484E05AB56F
7400C147BC38F2377237D32F6A61C1BFDF012426D1954A17
9D57CE567D0036099173D6EC5D58913E168D50DAA796E0F8
000001000001000001000001000001000001000001000001
1785EA47FD1F06971230B8C1B6D7E6E2174ECD4C95374136
3A37B89D81DCB0AF09D6BA28F31F30D8E1A5A5BA86723900
7BC4B52EA7DD6267CBE6A5657B74FA141C9D18704DAF0C67
000000000000000000000000000000000000000000000000
20E6EC89BE11A61D84CAA44F539630E0CCDF068C148FBA8C
5DCD1DC5D328B5195DC1FBCB2FC0D444DB4A1D9BE9A0C578
000000000000000000000000000000000000000000000000
8EA8F0E2A5100DC99BAED0FCA77CFA1B2307ECC524B3B386
75564FB5C2744EBB3866693968650C6776752AA9D2F696DB
000000000000000000000000000000000000000000000000
0C73957EA24D694C858AD54177CD8202B0DD7B3A7550850C
000001000001000001000001000001000001000001000001
6C26B1982D4DAAA7FFBB2E95BA7B9B9B7FCCBC8CD9C93EA2
261E84A7906E20AF71278F5FB151F0F5880D7A7B68CC8ED9
784A358E7F9F7788E15F7130AB6F0F2977ED0B5D4000DB03
000000000000000000000000000000000000000000000000
D2E5711D32EE2BD1526500F2CCEEA34996636F0BAF86A21E
1EB9FD83E2DBDEB9347203051E125BB949063D94B6D3101F
D764386EDDCA8B00C1DBC6BC23090C052C741B3B613FB373
9D349D8472BCA55EEFC1A44F59634DA4BC4397EB14ABAF0E
000001000001000001000001000001000001000001000001
DE539A5B57D335CF169A6DF741BD5C6A4FBB864CD77709DD
A97BDD44BAA5055F991A36CE66C7DC1FA176990FB32ED91B
5ED1DE0E5F09A8526C310A17ED52DCADA325517CD860FDF5
D819F593D5EFB3AB6CA56A9A03A6C17E45E47C0179543024
FB8F78388E00900F4875D435EBC211C8ACEC3597AB1A6F8D
F1BFBECE9B472E45B0802E964C6A96C56DE323E7DE86030B
11C6350B7A7B80D85115375AF547FB100F5937FCAB7E1790
1497506E5BF16911D992755BC98EE21876B122E1BCDDA906
C5094AADE751B8EFB455994C68D2BE11EB4FACE4EEB21F3C
9CAED02391D508D58E7669E95D7EF49A11E07E2A015D123B
7F2B9079326DBFAD1442BAA086F27EC41944D58525C0DA75
000001000001000001000001000001000001000001000001
3FBF2BDEF181B3317A18D33DF707272AD382C46AE142B672
37DECE612FDD828E54C6727C9DBEFD1D925B5C4C8CD86D7B
25445F70374A5F83C55933C3ED6B603778EFD775CC67BCF0
32F57F261D6FF5A6251114559105DBB93156F6BFF0E3F41A
9552FD64A1877862367BF9C9B1571AE4CB721094540029DB
42F86E52145F7FD565CED7770E00482C3B2E5E2B592151EC
ABFAD32C5A7897B51561E58CBE672CB1BD9832919C65DF15
000000000000000000000000000000000000000000000000
3073ECA89D583320CF3FC3B1724E578DF7399488EAA34F0A
30DF0280FE50F46891EAF56364DBEE0E4847402A1C9C770A
63A90FD80E83E5F916025D00A09D99CB670CFB28E4E5E117
903E27F95058A3E00C837DB5A671B67690914F1DCF081F2B
1303445F4247CB609B07A64FE49BECC8E29B99BD728C7588
5336A5148DF2A6E82079333462E7B72F8A2ECB50C344B548
000000000000000000000000000000000000000000000000
0F17E895E4BE39B5F9D66622CFAD47A73CDD314EE75D74F9
D352931EF86788DE826678D5373BE2D88EA5303FB535DB7F
7D6F9D88F2249C598D1C37F3CF1AD61017C0630A599AD828
483725B89809983D52F73FF7F496400174C889B7F4CD136B
95510608C35489E4E4609DC06CDB8587F54889813DB7B1AA
0E43D5B3E19F0CBE9E1893FBA5260591F696DD5FBAC3ABB1
B88BAAAA2B3A64B72CE8C69E599FA5F22D7882AFAB094292
EFB2BA886F3F7685EBC212759A7643F85078588D59EE489C
D210B412DB57BEDB69EB2EF479CAA40731E50D1AD4C11EF2
000000000000000000000000000000000000000000000000
0B7CDA42491EBD1AA35D2BFC0123C6848EAE282FAD385E21
2D34AC8632C88EF5280D44A9F8ACC24F6F99CDA2E21E8A59
8258097A473F478D633C68B3A98C26B9CC2B6A5BDBD6E25D
000000000000000000000000000000000000000000000000
5CB57FF051922E17692775D6E5957711CFFA07230799D4EA
9E6DD05E47F5ED1EE2D146CF9EC10C738430F5C7871E98DC
000000000000000000000000000000000000000000000000
53FC91AFCC710F4D7CCBDFD49DEFBA088B208B58D73AF739
E0222D5B7625B218174F3EA9E922232FB3293CD7D741EC88
A186F662D3DDC037A3AED71C32E065AADB47F5189D5D7DC8
483C7E7ECF468DE526D8B51B381ECB8CDD563B12983E8C7A
5E337D39EE3AB54D34A7B1F53CA7967F3F5A70A0B2705D29
4247695EF179A1F1DC409DC5D48D61788B6BDF84AED86D4A
000000000000000000000000000000000000000000000000
966A0DABDE1C284B94A7075844223CA448E2D6F036E889D6
000000000000000000000000000000000000000000000000
000000000000000000000000000000000000000000000000
8DCBC8FADE28E7B8507C7B97A4040CB636E150D14D9798C0
0CC197D860709F53392B5E85D93BF29BF04423519A3CDB55
000001000001000001000001000001000001000001000001
C85671EE0386813631D66AA27E6388F8F343C53CF54D36AF
EB393D0AD6B5B51E9F2E10B57BDC12C419D1F3C1BF494930
8B8BE7A029EBA9E6BE68E3FA7BA4249E7A749D2990025D70
BE3D2A27DA77E038D2FEA4219A076C6AE32A0D4538A20BB3
C2EF84BF9016C126F2D3E4B74800883480F529F765F0D827
7B02AB27D7F299356944E902EAE79E93169D39173BFD1D72
79F58F8F71AC73BA7BB54E2A52EE0D88C97687E19F540853
000001000001000001000001000001000001000001000001
5A122BD78B995272C2AE59E0EF8ABA8C2805BA4E07487923
644EEA593653548AEC955174F58B5E6C0138650850FCDD79
0D0514215BF444AB82F005310BBCD849D752703066F52A68
000001000001000001000001000001000001000001000001
3DF9D834FB801420DEA2B57AAADAC919FC0B6E205B326B12
958F62C3A60A8FC8128683457100797366BFF81DB83E8E9D
000000000000000000000000000000000000000000000000
000000000000000000000000000000000000000000000000
94B5DF183B1E4DCC5FE687ED8F0F09F80C0CEEC57F028AF2
A5EBFEC5E751368CF19D51F85833D8BF3592058E0A08936F
1C219C47FE77C508113F10958C80D18136DD1CA9E17318F0
467B11323EDE8DC59EBAE36BC9DD8303C49CE84F13D67CF4
A68D06B1A9BBD8C521BBDDF33BB6DFEB8279D11E511A08BD
4D35C643A35D729681414F15D7BE8F5A831AD345D68ADDB3
86BA401520F9D294111D21586BDA6613C13C709E2CBE48ED
38DD024A6DE65D76D4556ABF70DAD35A8D4791D9E19B9285
7C128E9E7444CC265D3F51DEBA4FC8A1E1E9D8B1A9347E59
D028AEAB78DF264397523CFEDCF1182F1261F3C3D901609E
31D61B264C5EBF60F5623ECEA26F2773D75B050ABBB4BA20
50CF048C9D255EF2A0B220E72EB919D5457078A3078330B6
316C7DBEE2F8C89DBB08D49A7847C003B334BEABD36617B2
85519B619E940BC7D8DB3B5E0DAF53BCCC21DF4894E4B639
5D9583BE64668325EB4081FF138BADB91023B82D4FE51B11
AF149548BC8291E98D93ACA5EA0099EF1773ECDE9EEB6E2A
752BB9630FD3A555BF3F643A740DC1AF8280D4A32C68D8B6
000000000000000000000000000000000000000000000000
104C28C1224399773069E605ECE9C923719D7AF69CC5540B
33D43B1CF4B3EE38A65E974FA7E30AC13C5DA3400725B685
8AEC73516598C51E232EF069DE59831024833714AC1C12FD
EF857B637BC1B5EEB2A57434866777E604E7FB2A8D88391D
1D7A5F501AD2167ACEB51AD4DBA766CF4D464D1DC952CCB9
6E1308C8A5138B9B91964CFCB17471CA7F889F117F318D3D
5B203B22F6AFE17F0009EB86E2B07950AA3E25BC3CFA2118
940A4CD5946959ECAFEDBF85095FD922302962C0C4E93296
9E2B1F2183245F26ED13764364190FAD7E5C61E3C904B92F
3AD28BF9255F62BB3755CDBA7D289241E796970F4F4747AC
A5F692B57CD00CA552A38A50957D39503A80C99864A5C36E
CA9A591A06F9188B3B55940B809EF9B374CA661DA26DA1FF
30DF6DDF6654D5974E67D469C6E263EF268C448064603113
64C9DC21FE66C96BCE2D9CD8D3458BF48DD14A5F2C5CEB2C
246BDC8781290EFB90070DDAA3343432430EFADA34D13748
50B25EA869FE8D2817B289D974F9A12B5E54515F170BCC15
B9272D42963A336480A2D4742CD09BFF28C7A2219CF83AEF
9E6FD9B749F59F6281989ACE745F4756B852B5418B9F70A7
57060DE50CD97FD24465B312D562F641FEA3D8DA4F0B25BC
05A83A69294A89B7B497D606EB6CF3F012B211B2A78889C2
AD68551B473FB1958216C5CB1CC7C8668985E074FE865914
423A8C34B70BDB7246894D522E91B9629A3D2783B760682E
000001000001000001000001000001000001000001000001
109B0A94CF81F09424A39C798769820F1E672EAADA3F2FCD
1E7224F554157F015C6D12014194A97392593FDF5B99CC88
000000000000000000000000000000000000000000000000
000000000000000000000000000000000000000000000000
4F3A734828BA216B3AB56D037FB132CA706CD40B8DFDC685
D597E7B3198F1100D619B181D438669CE7BA76147C856CFB
3AC0F0B03BCE13F25FF62C748929898BB26E986486C7EF99
EEEBEDB22C5F0FEF85E2CD9EBEB1108DA8BF51B9514AD5E4
77C35A9AA322989201FCDA61A448AF6A8B1D7D874BC5E7D6
8FA21BED5F0673DF0C9165A9F8E50B4F6F82F04793B2329B
F258AFCC52641510CF97F0D060C18233919B8D9AF1D6B206
D606E65572BE6947A2D38A3B0685AE79EE8DE4A3665D0F9E
8BF772D77D0C81AA56613BB3675067D124F63212C749485E
47B6160994CB3B8641C4074DAB5102ABCD02C64F3C0DBDC5
83C6F24BB28A9FE1A694E7BE66A8B58E7F63C5B71A3458B7
F264B243E91A41DAF1F7BD32B2CC3E1D38C9973868C5B267
ADCE083712A370458CC0C066FFA0D2C22C797E7900335DB3
D3D3F2747DD31F3DA5B9104B39BE5343216E3788D3A0D129
2EA3DA9F718007186EBB826930988695DC773F71E138CA7C
F0E7118200E456D4F304D4B23AE9EAFB2FC24CD3E8A07A04
089568D6694366476F9CBB0BF71429D5BEB48568D461F5AA
E42A9FFDA9BC9AD4320CAD1CB5453F833EDD7E885E105169
BCA7E3B19B9D5DF94546DD91CFD6A7A738CE2DA41EE0052E
000001000001000001000001000001000001000001000001
CD751348FF0EB97DBC3ABD39E20132FE50684B375035A9AD
A102D435F541AC883CC10F0B66265DC13C1070C351B5F86C
C76B2228BB7496B1CD2A8F2E3934DA6974E417AA856D124A
F1D105213E29B7406AF3E2CF5415F51316F5BE4D73D04502
000000000000000000000000000000000000000000000000
129B9E05C247DF69FB285C0A2F90822417E4BF4A6CA0B5DE
39D7C1F8FAAB5FC9E150436C35D84769C5A34C4824107F5E
A1176B84AC07BB51342E4E717E1575F556E341AD1083CA6D
5477ECCFC807463694D6314B18D51FB1B806670C646FF3A4
D201C3761514FFF8AD3BE94799FB1A965074B1E7737773BB
DCE6E8230FB1AA590DFB4B02C33A77CDD5B1BCE0E5C0B2AB
FACAD22950C6F2895CA20C5ED43362F604C69E4EF410525E
4AC9B7CB5859411435D79025C8FBA318230131CC5CFDE7BB
7FD02B63FAE2B9B0D16CEBDB15C6DDE0290DFF72D97C2011
40A2069611F613F3F772749D5049A927DB537EABD871E569
9034B569C8AD206995D04A0BB6F883FC6893FF6875E901C7
8E333772A165E2BAE4A4B46BF65093DBAE2BB1A48182D1C1
A457CAF0939AA4B3DA14965BCC15B4BFD349EFDF2E67571F
6C269E32CA2CAFCF90087FA34AF4E12B31824150EF858C2E
000000000000000000000000000000000000000000000000
000000000000000000000000000000000000000000000000
8203A9998068E75FBC8FAFCF7A58FA637E18BC77411D8FE8
BA26FEC14A80499E60B9A7B97E3873D4BFBA4D55BC368D4E
22397373F47B993808E64DD55DE442B5884A43B85153915B
05BB51B5B78033078C7E19F2FBB8A7CE752C1DBC736B82C4
D0DEC9839653C6BEB03A69ABB7490E0384F5B1659B4229CB
000001000001000001000001000001000001000001000001
0FF0CF72379FD19AD0BD66CB46FCBB93469A110DD3A5F880
08DE7BF8E0B2E455955929AA188B3193B7B078F968F87B86
5E9B378761076066D931FCBC345EF91503B7B5B2D0398B6C
A13B4D0546B0CEB83959D38758D8838F087AB5F7A87DEC37
02F5BD9FC718CCB3918FE0DFA987C76F2A1CA73078CED0B5
000000000000000000000000000000000000000000000000
000000000000000000000000000000000000000000000000
7AD18560C8DC7B4802D49BCDFBDA0C09631491AA667131CE
5DBD47B3D6E4513FAB449FDF6406575940D88FC18EF21949
F99D86DBC7BB4B5DA6A7D72587D268AE0E7ACB3DB1C92619
2D33C3136C1BB90E852A5686E19372B0DC6B818D5CB01D53
F7B0A96FF635FC12CBBB627C4A78250DF0E95BDFF5F54DE3
903C4F943967FDE73E7F65961E57D7DC0DA688E2CBBD2DC7
0701DAF5D28468C81AE1CF60B27C3783DC95DBEE6095CC1F
97D6F509DFBF9186EE0005E4560FB79710F7992552DD4B83
890E017D908FBDB7D3638044742EE97C1FFB7EC28B572A35
68E283258DC620CCDCD59C8247E5751EF147BBD8E73F0CB2
F3B5623AEA5AACB3C9AE34B665B79299A66457DAB3186521
000000000000000000000000000000000000000000000000
DC4FB3365E59B5E2C266D6D065D7FE285775F97D8A4E0BF4
CBF8E120FAA3FE6728D5ADECA2B440E0D6B9F0CF48F022E0
000000000000000000000000000000000000000000000000
EEAD6E1F7B0F1A67BDEC914123F6B2A08DC6A6CFE894C042
1440330E489A2E28C80ACC8B41F22990AC73813E181C8925
477AEAE880392A785C2C3EEED358F66296096F3C65D6437E
ADAFA7F2E518687C4BCF68A61A27E0ED09045579727D9DEC
A0C273407E1839616934D48D72460A3D5010942D31E32F77
000000000000000000000000000000000000000000000000
5BCAB11926533085402CE1911F16CAEEFCF9FE4C5133FEA3
C437738B49C449078C02081C0AE65767527300B4293DA4D7
487DD63CB3AF7934E944166CE59F9A90113EC6B974D0FF8F
8DF090872164BFA620B3AF69D75A489543C69EA0ED443D23
20216DC83C89D0EE88C9752FA887464D0AA9CD115D350CA7
89B2EFBB14347FB778BDB8F30A31C4F9BB458BD4F1CDC1C2
000000000000000000000000000000000000000000000000
81D5C176F474CE4951669649CD92B439050FAFB277A4ECC0
D4065CBC215B5B92FA321384E2DF444664F0C9A69C17E2EB
221891E4CCDB5325522847ABDEFD46D90A4A7569823AF6FC
000000000000000000000000000000000000000000000000
8A74F5A72810DD0B727DCA241DF9645B5F90DDC915CC2250
A94EA565B8E77323CDD3D412A66A44909C2B62DACE453838
13603545F1BD8885838FF388F186E1BFE5FAF48DAE939D9E
5B541B5AC9B6E1186E2AA4CB30CEC12822F8930C9E71EF8C
000001000001000001000001000001000001000001000001
2AEF4339D279966FB5D7959F952CCC62C2F7550F68E39B7A
EBFB83F98CAC247E04935E65E051E503A3B3FB76AE570110
3F46EF32BD493D9AB6FB810BFDC32CF98075729D94339176
516BCED5F7CFDE860FD3DF9384CD1CFF7BCE3CC5D5ACF63B
4799CB1A15F3C60916704C29F7F4710ECF794F03AD5558B2
BBDF18F373D2801A6E812B5C23F0FBF0C4FB590BC31DE14B
FD741686D616059AE300DFDF56ADDA6FDDEC504E34DFBE41
69AE137CAB2B8DF313FBB78563194783C7143BB0F7986C38
68777DE1561E86C85FCF6D51A362C2778126C703B7412D2F
D9EFF2AB3941D929048A0C5F655F2E182F54E595AF765DD2
D00C1151299A73B9D8E7A08BD81BCD22AC73B3B25D5337D6
001F5C12E237B8CB21C2BB5DF2F89C16564BCB0CE85B00C0
718E0AD9D2069C33CCD6E9A12DBF0E4CE368EBC5FB2D8B21
38D3E7807EC9B6900840FBCD35997B59EBC8E17A3390DA7F
3DC74278F7599CEC2AB6C88C661CB33ECFB4EEBA58825E2C
000001000001000001000001000001000001000001000001
48412C4F39BD871FD27414DDE799445E18C445A14AE12888
E9A3A04531B1DF6083EA7398F6A9C15707F7A012674700E1
2D035AA03279E4F31FFD020D6851B262D97137D056746D15
C65BE8421F303B58616301C086B8CA221F49411F7D27FE53
9D574F89E72272C6040D1BDE8C2B39AE3A129BE3A3E95BAA
6012B3ABBC3DF87D2394AA2E6CA27BB23B2CF05D9874D45B
000000000000000000000000000000000000000000000000
3D99EC33F8FA9AE49B3CF46DFCC83A9B4109A5D1EBADAC5C
966C932541257D1EE7500574A715ACE5A185D40536708FDF
B237972C9381BFF20CE0C4F163D1E6CA78F49FDDDEB1A34E
247F6EAF03CF1DA1FE98F4B62894A534DDD990326AF33E06
85F64EC31108B3C48274E74D168711BC01F170110498B0C0
000000000000000000000000000000000000000000000000
002EF76ABC1F16326AAA3CEF1D2FD70BCAB02BB906D93FE8
874BD889200B699A3F6E636694612638B3CC41F41A089AE8
000000000000000000000000000000000000000000000000
4FA334A35A5490D81D81CD79F77FFFB3983904CCE909FB7B
FC3D078B66490CC4610CB893D2AB71D063EA149657717AB0
E3CA21FBD1E08C31A3ED07E8427E433D54658CB9FE1291F9
273A398B90F774ECC257A7F7A6793B0D2B8AB1CB0B2ADFF5
5309AD28019BCB3DB5144F00EDB121BFBD6CA58ACC4212D6
7C4EBEE4FB257F69E7DC673F2A4A0F7AF3AA94807230C393
CCE82D82BA897A297F8904E91C12B90601CAA66DB68D1F73
6D04484B68808EB3563A6BE841919CDEA208B239D6B88ED6
967A23B008DBD8973EA24635F6A571052EEF76AEE957DB19
DC57B47FD706268F70F80B015DC64F4E234A3871707F53E4
0F4BD5ED2CF5F21D49DC967E50E34C4189FC5B1504797DC4
0C298B33B7CA5E41E70485CF11D44F6CD97710623BBB8B9C
082D93DF020ACA221BD88FD473BDD1F51EED29B995ADB47F
000000000000000000000000000000000000000000000000
58B0051421935A464FA98A82C277EBECE5FD4CD3CB276B72
B821EC689A788697F7D7FD03D713418B6CCBB50A7D52917F
32C15110998A0397FE1DDD9D58EABD63D8FEECD698880F3E
000001000001000001000001000001000001000001000001
000000000000000000000000000000000000000000000000
616FD47619EC17AFDFD8E298584BF367114AFEAB6054B0C8
1620509A648F8C4D4961526EF44DFE34E33091C0F35FD035
0C416494F10E6C8FD36B71288F78C813CA88BCDDFC8BC98C
E19F300EC353A92C946D77357C1AF641D26ECDA674055003
82058008608095B71B297360E00906E35523384943237AB5
360F9FD69AE592346297F67ECD06D4FB049BB5110D10DD56
A4D65C5524BA83C1574E453B828BB0A01D3326D82E46B07E
8E2C329919EA7A1BF793D640D3D701C1682B0BB09BBC7C81
13CCC8EB0744650C188FC8769EE0339454DFCD1CC4708A79
B098A2E1369D76F19D7D3A6D69896A35912D924AFB20ABFE
8344D7D4BDC99C695BF645A1EA26B4969A53EE8549B50F51
FA53D7D317D618D7BF01F282A367FDFAA05612A0B7B1EFF1
A88FED008C8A3FD92393B3F8BADC1D665412EC310E7BD088
2EBD0857D793E9F68936FA12ECE2E35AF7CA23A2FD9FBCE7
890905948EA19AF006F5651152D64B450B8A3D4E67D486FE
000000000000000000000000000000000000000000000000
3543AFF871320BDDDB19E551D63664C3D9555726CC2CC3C0
1872C42F7EB0BB372D261268CB2E4BB016DDAE5485FD3872
7CA484415C9F285987B721E5B7F5C126C8C24E934536347A
E6496D69EFBC0F1773819998F6FB7385925DB2D272A62B5C
9447822E8FC12DFDE8EDF235C5E89F1DF15115AB18A8C45E
CB63E19046DC1D7FC26E4749BF00BEBF6372F802B678C191
04BE161AB0CF43D448CCB650F1C7066EBA1EF14E3B256AD5
FC8A4BDCBEA75FDEB14A2B45E15D51E79971A37D3FC5AF07
3BC3B317247A2F940F157B11C1E73FEED8FF860620312538
CED8E5735BDF5361A346CA9C1E49A41C04B94473711628F1
7E5F1062C93C517A025A4044ED766F8E2E6E423AC945146D
409152B33186141FAE22672B638072664161C2F506A214AD
8C469A3472E48BECD8AFA50A8BE03F803051897EDA2D616E
7DB43BC3E4033A0B9A19CFB67E7E724A05B51D087948191D
EFFC4581A3189E25B8F4186FE4ECB1B70B7F1FC1E7C9190A
0ADF15127C0A75E44353E54B41E9DC322DF3618B0FA528FC
000001000001000001000001000001000001000001000001
77E6CDB5C1CC78437032CBAD0B9BCD2DAFE2C22A9FE934D4
44E074F0EACAD14696655E7244FB9DBC0B1FB5BB422E1E52
C51D1048CC6DB2FB5E756C44416984E69A04DAA09836172B
29309D8AEDE9B3AA8D365155F4403261C491F367E2709E5A
37CD9E42A05AC6188293E94200A52BE23C32A904F746309E
3342BE939FA64BD834846734C45DE47949F03783CD6C388F
000000000000000000000000000000000000000000000000
0D0B368BC16A80913D804FE89B5809314FC4FF22E53B8291
BA3F3F8065F638C040302D7EB593450115EEA054A9D79F31
098873B15F3B4DA7C5028B1823C2589B804124180F307A3B
E404822C3C206146FF012B82584ACF5EF8E68742BAF0552A
4AA17D75E84ACBA325DAC696E24920CB314D22B1E2D49BFB
E6EFC3CB41A87A0D2BDA9205F598C7D815616AE1A00B4682
B643943F5673096F984EC3D3BE2F4CD6EA55A133C4E572A7
000000000000000000000000000000000000000000000000
000000000000000000000000000000000000000000000000
BB5BAB939ACFC9CB103E2414AF25F815A357B9ED7BD149E6
72D798B5ADF29B77E3EA9A064F5FD180AB9F97E7BE7B01ED
AE28DE393DD7D524EFA80A7570CCD7D940A37DD0E4E0438D
000000000000000000000000000000000000000000000000
5D1F029A3FE64A67A4EFFD218391D8200209ADD56432EA69
9203296AB044041229E321F9AE1857420A7EFC5FBA96CA06
33310277B227723BE8A81E8FF2179C2898286FFA7239FA88
23197983ED7EE9B6F0E6C38B1ACCCFB67469E7ED11F9AF81
20C06E5EE58AA9C297D1291CFAEAF27A7E26B4EA7808DC07
000000000000000000000000000000000000000000000000
ED6ABD81D140C83145E793F0D464699F6AD6C6733EFBD992
A8C83D4E0FA5172E929F3C814A07000F9DE8BE3FFB9CF0A2
E7077551D0107324E6D786017D609CA23AF8D381C3ACBA69
07F8577309D2ACB332629648639FC93FFC2E60C57096D9B7
B7B9F1BBF3FD040CB764CFF1E5D4C061597A633DA299B75C
534A45DAEF3DA121F2C8B4D8EF1B126DEF4D4F135212F262
30C20D0266F7602EF01403E65663BF1E0BF2400CC41602B3
51ED078180310175DFF35F001220E48E1EE3C2EC6586CDC4
2C9167E054C40705AE49324E8A61A8FC026A80D65865BCA7
4C6F73023D56C904C4693FBE49D22C6971DD086F61609214
4468E83577E7D7C3923A354A06F871D5E62C7FEF6A994842
837E5137FE67813AB310C78D6D766CA1E8BA4E976DBE6169
000000000000000000000000000000000000000000000000
B7B0688817C354A8A05F40E3A0436368E9CD71E98DEEB821
0CECCB60D38C4A800AD84F4180FB7EA982EB3D06C4630745
59FDF8B8F944DB0FC5EBE11E16D28CFA845E26FCCEE89BF7
6F5EB03B3853A0BA571AC48BB40A923C248024F92EECE67F
02D03DFDE22C3146CEC5F2DEADF5CA308AFABDF99FB15FDD
4CC7D07D88044175F998E1AEDB24643FFFF6C104F9C9A926
DEB32CDA069F67ED14180E11B63B9F3CC829F3DBA5163FCD
65325DB93534F87D4AA5D6FEF06A225263EF4A945A0F5012
065D1677B81C702D2B00685A6A4F721F496702D9AFA8EF97
8EB54F44D4719C662FA09CD12DBC9254728BB161764E539C
ED71E983DE7DB6A2D0FB642E2553B246A75D6BAB4F781B70
646C6806150CBF4306786145402A303278B2FAB0C133D213
C01D0EE571EDB976EE49F45F4DACE8E9FA12465831EC0BD3
000000000000000000000000000000000000000000000000
ECF894BE8AE92F53A40171F3DB3CEF0D639B0D987904EC70
61CB786F0D2305F6BBB8D149386035A63846FCFF67583B65
E402FCFC7A33E3FDAFC6BEF6BCC1D426DCF5517F25B2A0EE
CAE7BFFB9CA982F4BE80FE5760567694B5B53F3748F46453
51CD702C6CA9D59B96549A4C199BF9CA5A5B576B70CEB543
6B6BF69E63D998D55C5FAC974EF3085216CB4B6F2392F6A2
95BA8FA21082F23F30172456146083E8273C568CEDD46AE2
EB844072377044277AE7DEB61E34D4073DB4D02DD5C395C2
301E1303AB1E1DCDEB9A59AA8C822571DB890784039732BC
C2A74D63B446E1E16C7817B660258E6E027192561AA01370
D42C1EDD7AE1FF2C66221D7990764BC7A7174065CEAF2BE3
BA21EA144E68553BC18726342AF9EA184FDD3AAD7F6AA047
600B165322734CA711476BA268D025FF9EFE08D77E64E71E
000000000000000000000000000000000000000000000000
B62624C3DA3134054D7F2D7B35458BBE0E3B4F087BC0FE7B
41FE4D1B53F10D6423ABAC12146FDDCF0E1CC9072864FFB4
04BA6F5C8DFB4307A65849CA6C38B3E2186D7585B030DC2B
C16A42101A1EF18A291F1DD96FE2EDCCA23DFF0063AE112E
6742F0C22FA56B537B0F05D249DF41B646BC5EC3DF17B061
BE02C65DE8D687856CBE97CC2EDAA89726E1221D6428150A
D2BC145B3AF70E56F3792714ACB49901CCA7B303C1A679D1
000000000000000000000000000000000000000000000000
C119069D7341ACBB6BABBEE698164C973F65D76B031A02FF
05ECB9BA53ED801DFF0E0EF0EBC7776F7AF4890D25E119A7
000001000001000001000001000001000001000001000001
7283C0461BD11815447A8FA2C3EA6C6428771428D5958187
2A35AF0A342FD5178593C65E2CEF4A98BEAF13002245D347
3F570B7E67331A4BAC3AA2394B65DDA6C0999B6343380DF2
D185F16C18DA919CC6D741C0E0F65053A50D0393604C6BA4
000001000001000001000001000001000001000001000001
B5840AC13ACA74E262C71A7E4C16AFD1D8DC7056ACB0212B
0550FEA0CCFEDD72F87AC6225567A4B23557BA5945AFF055
80633FE20A6EC4D8551D1EAC36EEC567EDCEAAA99595BE18
FBBC22A6C918E743BE52D2DB097473EA3F0903DC86F629B4
CFB65C940BFA563CF52E271C44FD21C451F63015869E270C
6668AFAE201C41197D71A9D6E146A0BDCB0DFD7EC84B6599
F6BAE8EA08487D6A2831DFE88E6AC3F75AA3764716B9A4DB
000001000001000001000001000001000001000001000001
DB130B25C8B76E96CBE41450E67E3381319181279BD86A9C
000001000001000001000001000001000001000001000001
D34E3DADD4E738095AE5F0ABCFAB10F10E3DE94E0DE77519
3429839C691B03AD2E6B4F609829A6A2982238B28262EE07
7B0DE365CB09331449892FF803ADFA1B39DD6E0876EBE2A8
296DCC6AAC3AA5AB16E4BE3B7F362C131367C0BCF10F8DE5
408EC03EB87A1A201003D68F43695C31D864F98C06A6DC02
9D538DEE9F57138253A638356B7772018C1883DD0E1D196C
EEB8453C523F8492D2E540711F6D7C527D17C1BDEC545390
84BAF3ECF180B7EB18C3D64717D3E3C8EBB2856C0EA149C7
000000000000000000000000000000000000000000000000
0B0580D935D5CAB945D10BEDA3DA8FDFEC4998C43D664599
99BA31B965D95A9F2ED52B79428F9B8B958CD8EBF69E0829
F24AB676235D3036B96AC17A4063165C5D039BD2FA85DC20
5B7E46D27EC25C5A6606F1DB96C40E454DF2AB94082BDE5B
6AF067E96C5488B0CFAF99196DBCBE073D848FF9F24FEA63
FC9D4E454B5771CC7D3BC5C5C9FF74EB0676D0E366EB51AB
000001000001000001000001000001000001000001000001
000001000001000001000001000001000001000001000001
467904A767D3F86FF43B100EE8B8891C75E96FE5594F3E83
34B298E530AB2C5E89DCBECF200E8431620D651C1AFD8714
000000000000000000000000000000000000000000000000
32569A2FA7937EC9A620DC591419478C8A1C61F261E1A934
79A7FBB704C39BC2FA211DF7C51CE0D3B7595B4580C845D8
000001000001000001000001000001000001000001000001
C14D6569F042A0FADFBD0121E5AE60A4357071F3B05CF7AB
28F2B3FF4985BE1BDF769005C710B5625087C5FC7C1D2492
4990FA5F84A9E9306F33EB4EA28B3D4701D9597C44965135
84C7D7AB05CDBB7E1D55C6000F7E0584F6F9A7EB18595AC9
000000000000000000000000000000000000000000000000
000000000000000000000000000000000000000000000000
AFE73E01F8B150D1F5A452CE990EFE8A6939ACF29918BAD1
88994541CB92AE094932D4F2C5DBC3668BCC03E23A49BDF8
5D08ADEC18ADC00517DA4A0DDB86B2929C489331B8C0AC0C
EAEBD83D34E63E523F1E541B6FF3B7133020D54F6BB91DD8
A06778B4E8FE2EA61C73A75F32DE834496E78F041189D328
95102324F3D51DAC037FD6721FD09FA694B339A2D5E3139E
8D20AA08EFBD8AA2833F111B91582D590984FF1FFE7FD878
393825659C419186C0F2E241AC626143ADFCAC586397F917
293C571326C978344FB40015CF2DF09381A00583C97E83CE
7117156B2B944DBB779D09B4658AFD3B687C0C8F2F33DE1D
CB0A276EE3591AEF64990FE2A2C7CD9EE36BD1E015081CEE
67B32B192F84C8CC34619D65A9778B5CFC959CB541A1C250
FB3B54AAC97FC85E65B79AC465D8E7F8C10B2D750DC2AF7C
DF4DBF80CF546629AFA9705B217BB6E230354F9DA30BA500
E9F9344EFDC5FC1135230F9B83D4FD9DB38EC919493B1AD9
8856575AC2DDB63034B5EEA0EAA16253802DFB3E41E189B5
000000000000000000000000000000000000000000000000
FE417C7ABF67DBFE011CA51CB71DC6EBC5463627F685AAC3
31D5BDDE55EF53420B145367AC96D952F68C7A023DFB6992
7916689099C99A79CBB7EB42729B59BB1748CC19BE231E45
0A8D7A03AF6DDA6552C0DFF0934E8497DF83B1599F113B2A
383D77FE8788C3F0AEBA2AF1657E4D06DCDA1A991062F7BB
AED2ECCA62B6EA906D84E6AD797302CDBBB2A2E43F62C1A7
71A76B677EFA99ED7598050F6A514DF235EBD9485259D85D
F8F0629E93BE3D07CBEC46D29C741AFCE18CBD7D35FCFA5F
3D56A9A44552AB5EB0527BDC5FDEBFC7A82D0FAE22F2B6B2
4E1AF0C022922C1A7930B9BF05CB52BF11CF12576C690D8E
000000000000000000000000000000000000000000000000
000000000000000000000000000000000000000000000000
B2D62C4F1A5EFE01C5E080EEE8444B2E9D0D19CB2BDB6C78
930787B6E938C7D5C6F922DB29536D32A30A4F3EC81F1F50
77BA32FC9ACB316F2908340B7FF90759377D810513639B85
25B04A1F7E0BEBF6578F169DC36F1342709E9FB9058D6A25
36C1B26A1A7D8FFC6D79B697871D86BA8789DC2BDBD566BE
7ED2713D27F7EE288131C75B96530601E25A2F036E9911DB
A823CDEFB52B99104283C503F818509E5B97D1707F525319
868350F3DCD868633620989DC4CFBBF70D3518CA2BD6E0E9
B3D87CD60B47D534CD5BC4D2728E5965F8E666EC8D55DAC8
9F01C9EC4425064A009D1E962C787D16750FB09BDE190647
A4E7DFF3FF742EEBC2BBB88AC61542A2B693FC2FB1FFB8D0
000000000000000000000000000000000000000000000000
36E3BC20A7E5EB05E1D221DC5B3787A0357B350458D0C130
FF88C2364104620E14E244BFAF3CDAD3DDFF0A4469C6CBD6
000001000001000001000001000001000001000001000001
000001000001000001000001000001000001000001000001
000000000000000000000000000000000000000000000000
8853177B9134C1927B79D734CF83C58BFBD7124E3BCCEFCB
FC08F9049C3258454EB8138E3199FBFBE4FF443605B6082B
7546353CFE820A76C8AE3CE915F228EF9460369E27AB0329
305046D044B743DB1597CA89EA109754FAB096828ADFB355
FDA232679082DD32742BFBB6EEADF283774F8B74A7E2AF8B
DAADD2424316B1407A0C54221EE1536071613EACC1BDE46C
2A533947C62DB7BDC98B5B5664851801B3830ED0F763DA57
EEFD37FEE61D61C467CD2365CE4C5967122638C5175F663F
85867C79CEA001CD3F13C7BCC01E80FEE86700FB6685F721
03B7C4A32E7BDA6B0FECD24FC2289FC40CA3D93EF2230CC3
0953A3385C2BE0BF09C7901EE644F1E52EB0EE53BA8012EF
000000000000000000000000000000000000000000000000
EED5C8E41CFD2F83DD677D4D3F5EED9D3425118063127A28
68CB50BEB44F60EF3072982B4F0CD2953703B0576A644968
FA816017C36B7CB99611B5977F6B3D51C996E88C192C712A
D7EFAA0D1B225E0016D7410C6CC8B75272C782BFBD38F3B5
05543B40170D54840D9DA510A0D4E28FF44D7787609EC3B7
CC3D66D22680B1400F3F7448569E616BFE65B497F0106FB6
D7F6DBEED5C2C8C9AADC488096CFBDC5380A31C2A1137AF3
000000000000000000000000000000000000000000000000
B91D530C926E62FD2643116EE00D04B9D488EC875B5D28FC
B31479EF700013F9099140BC52FA3C75C804207519BB1245
EAF54AB7D07C9CFD254F7AB9CB8AC78D44C209A691C9EB13
EA38A061EF87D75F816F469938C20E6D39C9CF4F62017327
000000000000000000000000000000000000000000000000
13CA55337B9ABE522AA0E72ECED2F61A671E42806D88FBB2
3F9598F718885409E398DA983894478088682DBCCA93DEFC
8A366F8D5F96270666A08F46CD209DAFD3C9BAF9CD782194
63A6197B01AF3D192893201F07AEEFA2627EB29CEAD57A0A
C21BE8DF49D4560DA097665B9D536484882A1E13C07B24B8
99E6120D6B0626A535B5B477C4F236689B79EF33804ACD1D
000000000000000000000000000000000000000000000000
79C3153D53DD793C1075EEC9B15B42135362237DEF3671C0
31B50C9787C5F1093319FEFAC47586D4599E0DE743AD0823
5D9A3AA0F0C6581F7FCB8091E97039FAB55CEFEB5DB4F62F
8AD13A28DF82A7B422ADC11C41CA8ECFAAFBB23EEDF9CC27
2C4BBE02DC7EDEEE5FA9B587393C35F84FB7E2B591DB93D7
AE460D34098F636856A49657FEC13B3019B33BAE0689EA98
000000000000000000000000000000000000000000000000
84938FD9B526C3857A37BC636844A0AEAE16FE0CB868750C
183B9B4BFAE0F04A030F10B5D3BCC222A614667791AC836C
DEEEFCC35B61A53BE658EEF274F7EA7BAD209A9747640984
DA6A659E48B46BCBC1E7B2580ACDD0B2096917E114ABA81E
7E90BC28D35894BEB2E995552EFA132E6B348A11673EB6CB
91818DADBD0AB356E84C34219850B43F1909615ADA2569CB
13623FE2219F9523D5F75B7AB67603DA16F72556A0DDABA1
0BA6793A73BBEAA15BEA3D3CCA9E7AC2C9E820775949DBB7
60C121264DF94A65C2E7E244698ADCE035CA8E8AB244900E
9C5F42358202F739467313598F96646D8E7219CC42776EC1
8827C2C7E484FF0503FD9888B174194437E091F3625EF975
4E7F9075E33A4AC8854FC39722C612E4A29DBF4298BF1193
63EA3920FB054D06EB50FCA805372FBB2E9A273E69A58011
2785CA894CC467397BD167658C0A16C0F4929B4AB9E3B31D
177B027A44EF9FA260F2F3B91898ECC5C147C46144C58192
000000000000000000000000000000000000000000000000
000000000000000000000000000000000000000000000000
A659C6F940F7CE01840DF396508C0FFDACA81C9C5AFADBBC
F247A389B571CF209C3F568A928615E9737A1288323E7C9E
A1C8E5D39483BB6E828E23873409E3C3A363ACFA523A1E10
704DDB97046D74EECB3592524E89107AF68D7908C246836B
61C904475E2844385806F4283C62246D82B8FAEC9AB89DD7
16A7480F16802286DF2624E54D3874D8039829195EBBE98E
9EB8EC9A4CF54AFB05F172B716F95557435CC4AB7E01C5F1
CA3021A59E62AB1ED7FB85602430C64FCA6C8F7C3D433430
D0978DDC0E70198706A5489C57799FFB4851CA80C2DB90C8
893090EE8EE61E96A80EB93CA26F851BCE025B8884ECE25E
44815AF6F498115D3E0FA0C80AE55E6D241F067B7798B0A0
000001000001000001000001000001000001000001000001
D1757D25F0A46686E9A162424F2A62AA27C8CF21C3291350
61E2A3693B72A74BC0FB621E5B4D95E4D9B837503F55D22C
72EE1489003596CEABA448D966D903BD3700245489509D2E
7BC83D4EF5CE8809102068934A84041F1605F75365B25689
12C7A04D6E8C9CAFDC06F8D6C68690BDBE84443C5BF15214
B54EE6534812B3B0C0C91F1938A0FB648DE306EEB6A82819
C4D2282514D1185D50E5A6AC56287A44FF09C13C453497A4
36AD0AAE6964B791B305F4EE2DD6BF3F7CB644C2097EA6E2
4A71BE216E7FB7B090AF9A87CB3A32FD748876FA66FD4F0A
A3F0ACB311987F2F35A658BF1E134F346A16A175618E8C11
07361C6CEB07FC98DD83B0EF832F6528F8C4FF5981ED93B7
35D942DEA7536A0F3F3FF22F2D783CAA3E43FE1AF53A3E03
1874454CDAA2EB30CBE1C1D2D3A17528768F05C7381157F9
F3434971E8F7EFD2EB44B749E77857379744C722B9EE3A30
7AD7AF4D4556CA89DAAE5D68200B104F7F9CFC93FAEC3124
000000000000000000000000000000000000000000000000
B7939AEF2C88A9CFD22AC73F42F416BECC9C7AFE1A6BD835
0F6A5DC941C280AE4CD0D093A9E5344AB8FD0278279B606A
5A0B51575996A93C611E66B3646BDA1A81D72F3A10600DFC
178666165217D43632DBEBA28A0B90222FB9859809F5EE3E
22F264235E0CA633DA72E12661942E2D1BAE0E1882DB7995
AFEFD9037F17969AA1ED89126D1281B3FC72EABDBD0D784E
C61553AE05393D80B92AAC7274A2887D06509433FE2A06DB
1FD375D1740E7DEFEEF33A6B92F94DB877A8CB8EEDD453AA
375C853724F80B7DD7749924829A4E62E552AF106669CE04
416744EC1CC6D9416B31EC517C209FE72044BE90E835368E
92A88B40E90BB60BF944435D752A04B0B0A828DBBDA250D8
000000000000000000000000000000000000000000000000
000000000000000000000000000000000000000000000000
4F959FFEF387AE78973BAC2C5413A32982165D009C287CA8
4D54C77771B0502459140B10FE4659A60B0B5EAA64291C51
DB358942E5EAA2B6E138130CA622E3F30C1E5B19A5D74B6B
D153ABF539B097E67D97252A2876AD4D59AEBB7161FD3F90
E9467DD969D0FE404C421CE390F84D7F7118F99E0F48C8CB
404F7DEC3BC22C6CB04C211F6B1BDA05048DB704365E7010
81EBA558BFD2105472F9CD04D84D8771D37C656FD22D2E44
30B69ABD9FC017C53BB1FCA0818381E9C00E05FB30BC5C96
11593EF9E332D92CF08DE8BA797F1A079A32AB1BC7E78DA4
B8E5FF0C29F07EFDC512C0148817D1EB7F9D29688B3BCF10
F1665D47F5F274DE3617F1B68778B380BFB3535672F7B11A
C4236000EA645ECAF074D81EA89B2EB3920AA68672701752
BE2CB4B8DA10A99B79BF8861FA9E6EA3B7BA465F6C17161D
A16DB4E5D61D5CABAC7BB580BC5836AD50E421BB3491851C
58B34D40282351CE8665D6E3682D6FEE1F2CE30FB23105ED
000000000000000000000000000000000000000000000000
5B9EDA5F9AFF0F558A80C00B8C6D4F69F06F94364046F48E
E278D14F93A2BB460E9BC0DFBC4046F60B30E79C86847680
54671954121021F22B957B172B0E6642CBCEB9A9DA32A39D
7C95A05C0830CD7354497114D5A3530D752D1565079FB129
518206BDC51200634A5323D8BB9E200362A6B8C3EA805816
2DE1EAF5F0016DED395CCFB862A7CCF183D7DF2D0C0BB841
68E75014EDABCB8E7E563416F2EB579E0EA8DB64017AE34A
5F98068BE2241B4D32E2B3FF6C77F026910ACCE611F24067
06A395577BC77B0BAE8E15F8A23B4C8B595FB649915BA785
F7C9F08BCAB5A631D7A84A202FDC0F0DA280F484705C9446
F1C8273BDDFE140F15A6BC25026CA8B26FCBF5A80F5A5E3F
80DD8AA2C9AAF8E25983A707502A94514C9C578ED09D5741
000000000000000000000000000000000000000000000000
0C0609DA99653FB0F2417C093D636B268070DCFD56CB5C4A
158D4909A754842984D781E537CE6468E7C3C849909E97BE
000001000001000001000001000001000001000001000001
F31E81ECD12CC75B725E523054CBC6503F6908B4E12A9CF3
CE8B74C117AE776A025062BBEA06626F3341D22D17384A5F
50C97F60BEC539A87D2C7A74EFD140F8A889339C95059180
000000000000000000000000000000000000000000000000
89C54CC0834467A94820746F3459EC6698AF645AD66522EE
8857975B070D4AD99935B6FEA9F5BE56825A98AFC24E3205
000000000000000000000000000000000000000000000000
8D7CDD04A91EA184D22795724DC99595C3F8C0DB794871A7
9111EF1F8D2444BA265B51E1943403F6538E74BB5F214243
000000000000000000000000000000000000000000000000
0C3B17E406B7B3AF6CFBE03D7000BA4FB2C27850FB5C703D
1140FC3610D3CF9A3E4DAE248A17CE9B8805DBE4FF80763E
15F3010E3A2D1D132BB520078214E0AE6BF6F358CB744CF7
ED0D9AC40DB7888A6D72CB2122DF536A831AFCED27CDC883
831B3AD1D4492025F9538B791D31F1B6E749173BBA930127
000000000000000000000000000000000000000000000000
5E62FDA75414BA689FF21BB1E0FBF6762288AF5347131463
000000000000000000000000000000000000000000000000
F2F2729B0C63B9CBAC300C855A2AE26546E0B4D943CAD4FE
807D67C8AA0EA655998E870DBCD4FACB2D5EE3FA14769D8C
64E14B8AF6F733C494FC6C3B7800D54B1682A0493F1FFED8
8FA36EFC9BC197E0B1D4774A7DD7A3955E93C06E43C18B55
8475EB240EDC5977717293CE5D5E9CFDE53CE59AF02EED0B
AB3ED0500A8F32B685D0E3F18BA5F6051BBD3079C5798D61
1C4F67586798BEAC8D7ECB0ED2C73DA09BA04DC5AB3E8AB6
000001000001000001000001000001000001000001000001
FB9FBBDC97112644930EEB89703F2EABFD85B13457127EB2
704468D66D213264A9E177A810F61E1D0509600C300F3CDC
4DB93A14B7FEB7D64355A441D4A03D47690753E0B904CE82
19443C4E239B771111BD4D11F480A735AB1AB41F188B978E
D2330C705488837DB913E21872B4A45C7F704E40EB10E719
7752E3AD4E608EAA19C3D39A72A4864C71904571A2DCF8A4
863152C1C9050BBC6BFE419F09B5D568F08B1D8049732DC0
000001000001000001000001000001000001000001000001
24A8548B2F63C4DA5E62B4AA0205C9C5297C741B3289F2AB
076E47498E793319C22EA553ABCE8585240B37429E7CF6C4
10AFBB43CE7354DE00BFDD11079ED9F289B55229A78AAFAF
0332B1F1252B297676F31EA9EFD44659DF5BA6889077D1E8
4DEDEB675A70465661631009FE29EBC81D6314BFF70D9663
BA71E1FE7B69DCA762BDADEBD4353AE30C114BD1B7D5D5EB
E2AE039A7798D8F81FE5A556955B786D5EA8E5159E1FAA8B
B272D911A86A6DF906CB4E5FD7F009102AB39E0761F11D85
000000000000000000000000000000000000000000000000
0A04442B5B87F10FAA3543E72D836FADF5F2FBB1A0CD8248
000000000000000000000000000000000000000000000000
682A94117EA9D6E1846DEE837F08C2DAF35BE8EBDE9CF97A
8189BB9DF855E4ACBA0FF3B80EAC956B21B1050ECD85D274
59A0B019D68091B4266D14A908D3162BD52580857118AE36
CA76364E07F55CF76B9205874B4FE3A2A6D00386E2ECD771
000000000000000000000000000000000000000000000000
896861A693F9B6769A81E9133FFC58225FE531D49E6EA6E7
9869031770C7F0E5FFB1AF451843C1919D3233DED0931F62
7885424428C60800D94345B58B895C1B6ADFF9212B770D66
342EF26743F40DCB4A86B097CB4183460B152908BACA558B
DBD4840FDAE059DFF3A069A36BDA2FE07AAE28DD4085AC21
DCF04E41F2437F3B06F65CC101EBF9F47B2ACDAE9A003E2F
71CB4206B2287091D2BDB45C2B57FB663A63109C2A8B2764
271E3CED7737095799EF0F460F0FBB6A5DFA20C6C11093CA
F1DAB8EB7575FFC8D8EC62C17922692D2C0AA3D22C820B0C
4D1B621B7F3E11A6A66A0A9244C7A03CB2F17D8729F57308
B31867F3AE0516B874D489D93FB0792A978FCD03788A1B38
B5FB18365FD87A6A1AB42F4C8E38E6279D1F762E85EE326D
ADEFD31433184DF4067960000CB4EF6A513EDD08E44ABCC3
97B2F682572828D7AFE5AA272B1F96E8EF07C59EE665EA33
B5EF958E2F356063C46D9713ACAC1798D0528076105CAA77
418844E463B54A971A029FE4C2939FFDCFAD9AB1086BE1D9
F1C07DB6D0FD3C8BD28E0B847503C557A9A9664B0830D811
03D2350638356674CDC6D5BC0ADA1DA06037173DCB8359A3
1F30D9C432E77539EA82D804396D25D753FEED4E401A1CF5
EDBAF6CE6C540E413B8325C77414FE4A8A1EBDFCAA49312D
6E13D18325798E1475DB1950F289B16733088BA22744C86B
000001000001000001000001000001000001000001000001
496997CD039032A2A748E4391C7C32DA390C3E51AD216B7B
42625E33CC5B813E55E19ACC1BDD81AD61B174AA44521AB9
6B397FF84C5AF0419BE0C444E96525178434A1496F8D14AF
000001000001000001000001000001000001000001000001
729E2027698810AB088A10624B02E9747547ED113A3AAF44
AC2F069D915CC572FC4D08E2D346DCD853137F4E24954C64
000000000000000000000000000000000000000000000000
8052D214DC6562CC4DAD320D84436E8B08F05810FBEA84B4
117263CF9B6EAB892B2EB8F3EFE3D6A2D2D03B7296E0D4A3
926E90669C19895A7AD2479FC22B6D4DA0AAC9B47C41A217
9839BB3CCBA238F4F352CECE30DAB2D44041E1E947247D60
00B9933C9A850B57A56DC29094F19DA2DA51BBC4707042D5
A522EDB134BE1ABAE7DDD919FEB08F5494EAD4593992C1F1
4B54781BF2AD0A50B4FDB28F5E74DFACFBF38129653F1C68
9D54392CFC734690D11C382A4F4CD3C6402F0A96F7B5C0E6
BB010B7EF5962252767915E39F041EC7F882D56163C3A2B8
EBFE43B41B67B3C7E318A03B4B7368185C49E9666F3E9452
C6686B9175432F851E72C309557002117875712FFEA77899
47AC1CDFBBCE3961169F4BDC731E7B99272413E135B6960B
7E121F7E6DDD0D96586CDF47D7A69267ED8E1CD92619EB73
BF131116A2EA42FF8869CE0769AE836C7E686CD82D3A219D
A55CFEE95C837DD615E3C3F10FDE6F7FCB62528A9F9472EE
E309CA184AA353B4C9C7D7DD8D341ADDEC5374B96348D71F
D9642055A5BCC88D933E1343930C1C4F87A853C95B1410BE
B2C348EC67F8A7CE63C28085633B62A8AA330E8A507D48C5
D2545B297340EAEF3EE27B3862F7A251A903A54ACA930CC5
362AF2B9DCA70F921942249ADDEB9610848FE2C02BA9D864
F22F60D9E39FC68C340010BAD295DC7C189DA6C18B519A45
000001000001000001000001000001000001000001000001
000000000000000000000000000000000000000000000000
5EA98A4DA66AEBBEB5856602B1E9CF251B400B09074A2D25
57D8E61C180EBC6A6103DD2A2D5B35C3C6B36D95978B9206
000000000000000000000000000000000000000000000000
4DDE17DC34F53CFBDE9AF36F0A8EFE35E8163D9652413889
0A9B1E0BC60CA7AA04D9DE66A356CB6823DC5EA9D9BE0AC8
5EA1ABF0FEF8451C37F8F3755BFD7BA0767D5FBA76B7BC7D
71F109D7F7AB2974ACF4987E777FE6AFBFE1CD5F6CDFF2E4
4B7775ED476D325004079E87EDB48B8D4216D41388138586
D56F3E454E7AD6193C019B021E172320197BBC749041C378
57305EB382376D30827C7813EA32A6E800EF440F08E3AEDF
000001000001000001000001000001000001000001000001
4A4BFD62EB9A387C87BFE0EB392E8FB04098700C0A3D4916
000000000000000000000000000000000000000000000000
7DC09585B01C3348DB8C25CAAFC4E5E5CB54CBA83D581F7D
A74F7E3132387A1E94DD0A77C070012CEA27729B81F7CA9B
D307554EA99FC7C306E19EE507EE28F3B20FC18C3C280DCE
FA5F211D8BBDD43C1EFCD75B55334B110F95B080B5021C45
000001000001000001000001000001000001000001000001
AE402F880E4F0F8E8408A1A5F827DC4927013EADEBC87419
E834FE0343F50C4822746EFC37C29A655510FF34B314B60D
000001000001000001000001000001000001000001000001
AE477B46740ABB0E06B1029C91154F6EF48D260A1A0938CC
D37849EEC505EE2666EECFD432DD4EDA3248B233C636C1FC
0EED24A50F374A716CEC2ADECF7A00855848802EC417B55E
55ACCF6ECB0909A3924772ED5BBDACD99BC404A513B4C133
7090235C6D6E39E18F5A1580CFA27B2B1107D777A8FA1C44
31C6DC3ECFA8BE516D77308C81C8E8ABE871DED5E5D4DEE9
42CF719D6E7DC86212D76F108F6D05B1976130631CF1D9F0
0A690A10506C7994520AF1FF2EF7EED713A45FFA4D3E7022
000000000000000000000000000000000000000000000000
DF2506D4893CAAB99B6843F72C337DAFC7FB242503D27145
000000000000000000000000000000000000000000000000
000000000000000000000000000000000000000000000000
CF1C3CCB63FC1680409217A017A7CAA67B6553DDC2BA0CD7
12163EBE387336124BA6ABEDF79C2EF1612A25CB407060D5
FC67F46BCE5FE475F3C755CAF4543CC7095588607F157C31
25D311FB4D6E3B2F7CC57146558FD9A59731D78C4D966E6A
8D45C3A06BEC6747950743D2CFC52A5513FD045F572775A5
0273357D4092115825D78C5FB60248124917C955092193C4
000000000000000000000000000000000000000000000000
000000000000000000000000000000000000000000000000
A6AFA52BC26E79444905B10C668E08D7150D33300B3CA509
9B8A66478798F73D76F7C82E532DE703B49734FC9F695C3E
000000000000000000000000000000000000000000000000
3E9CF62AD3F7997861BF045BF920721F6D93A1FA88084FD3
119241D15998CA90890573D4787A26F8B409444CDEB24E95
92E0234D3FABC112BC11FD2A5B5C6985CE4AE1C33DCA2940
E8C11C9E1DF2D42401389C0522EB69CD98637410AA843948
000000000000000000000000000000000000000000000000
35FD2FE35449D878E4DBC9A360A9AAB455E37261A5581138
76CA6A04A47B9C70C4A1434E3C05D035A2E08DFAC866F50F
5BEC5BB94D92D94D0073618E593A403007C401EEFF545BCB
000000000000000000000000000000000000000000000000
000000000000000000000000000000000000000000000000
3BB6BD7C7BAEA757ABF3E11208B924BF8D0F9C4B08E16340
BF01454502F14FDA120ACD544D857F0FDB3440A4448EEAD2
319C2BF68A8BC9EC5A49257CB62E5305B02BFADFB5C9858C
5BB24B8BDB2DC2A4E4A21896F4419CB3F27F60F66C711B7E
DEDEE6B345BCFB27542D2041FC4155053C6E222ED5F04B9B
953AE3DC64128A6737A9E0BE7B8C15085376693FC85421FF
3EE1A007B42C7FB62996A8712CD1A7A1AAEADA99BC917590
9FD98E7790CE48E65DB6E8D23E7C6093EA1497046AA3F650
7667C2DABF070073D887BCC996750392E3F8FDACDFDA8FCA
23E55BF0E340538F6DD058AC8FD5728F1BC9A9D8FD378A85
37B174E0B57C23FF4532AFAC4CB36C7D359E8F1FE7BC3C19
EB367669B35356A004CC297F5BE627D152C1E8694955044B
4B96E222B8C3409CB5AFBAE47334551EC056A6449E285C7D
A5DD4017228D5A9B78A7D73517735DD3E6B1C5274F48B92C
E9156282DA2B60286FE24DC1186472F5A61AABA0C0670CE3
423300EAA333C41EA26DC4A94A67CF2A354AC15F1D2456FC
000001000001000001000001000001000001000001000001
7402D0725D915DA6852008F0167E29F9A1A38C45C47263E2
815742109BD2CAAFA25CADA0F522B336B009232DC67330AD
D55DFBBE0C7A9193B3DC6AF33E196B1DCFC7C9ED63AC5D57
9873BF2343C4363BCDD1E49D19F9A4980489140A8FA19993
2D3FBCFE6A6819E5ADD7EA9C44F859D51F4319828624EF5D
FCFFFB318E16F3926063E084598B5705E9431F6FEF571FC8
27EC8706793551B44DF3522A471DAAC91279AF058A4DBEA6
3A756187BC2ACAE3425DAEB9E2F8F7385FB0CA2601C76058
313AE7CE904D5EDB4B4E75A73ABEE9357648D781B12CB941
D0A4B86D2C1C1DB99338ADC55E7C65D752F223D298BB8F2F
92D38BEFD50B2FF184653E0114B19F8F2DB496F32741475A
444141189B9E3ADD46AF8E8D298932931EC83706C3C79BE9
8CCECB66CB29B2F4EF22F5710547FAAFD36832DB50D785BC
B1854CF137132053313679D3FC562D15306327A8A7A692D2
000000000000000000000000000000000000000000000000
D4AB7F6313E760D2ED788E21C9247528D1A818DA8CCA4DF1
1E3CF9DD085B35F9813D8F32BC3A224BCEC8BDB403D13ABC
518E09C1BD6DCD395481D311488249E786085EC82C08CBA1
CEB1F23D2B96B0DBB9E53D440B9BD648A3969BE506C72F47
2E262CD4C54777A710FA1CA9D408124BD56C17AD091AC89A
000000000000000000000000000000000000000000000000
4BDFADEE987C67F68904F6DF56F0060C7DFC8308F72F930D
6CA260892E419CC416F2953151C4DDD4D5D405198C55FB82
C95FEE94ECED60B2A75A97D6933026B6CC561B4AFD89C4A1
A21E8275DA246873D5867A8233519CFAAB87D2CB9E4144D4
701A1E3C22069A2BCBCE7B67FAABBC6F29F4427D8B7A5A16
000000000000000000000000000000000000000000000000
4DA23ED1497C154DB294472784B7BB45953D242B87C5B74C
000001000001000001000001000001000001000001000001
32C7A0C02D749A4C23E975354A38982101F1CE5F46025219
3DD151BD1F6177E353067F317B6130EA4A026D33AD78A7BF
EEADE1FFB0F5CB405A5E9D742FF2657BED1EC45EC13D39C4
83B0AA842F80BE04C040916A2B059D1A996C958B2FF8F157
E9DA5275A31FE12FC6EF586575D9AEA9D9672FF44DAB418A
B99380A03BEC84D2F324F9FA00E186C7D22671A4EEE6CE6A
6E8CD064CF14C39E02FD68BDC4016BCC1E09D80EE42C8CFE
33D3DAE0D1E7412C2FC4D5ED8E5C560BAF5EC0791CE3B4EA
6C269BD9DCFC65EE994E0BA15F1ABA8EF8F8276F25317396
B00BDB53158870F9C5889E523F72293784D409AC56921BB0
000000000000000000000000000000000000000000000000
42D2928013E887C5B81A8EADE361F85205508573079AAD29
0A90914E3C4012FB2960FC0861BA2B6FA6CFCCCA8193B820
CD6794555BB194EC1C16D76443049B662A2C3061251BA047
C301D79DD6CF6AE0873E8C614873AF204E029778A553839A
000000000000000000000000000000000000000000000000
931A62020B65582E28E2E6F3FE60CFDA5C0C6BAF535BE370
000001000001000001000001000001000001000001000001
000000000000000000000000000000000000000000000000
389A69B59B14AD8B5A8863B79139F944317AEAB73987F6DC
5FDADE32B1A54B8853EA102061A2E3948DFC6C7CE362EA54
EBDC819950703BF8350C57AB83E5462DDDA8ACE3EA31424C
948F6C3B27001B7B86B6E49DE42BAD2840A709CBA27A2E2E
42D64E2B8951F8016326754601206D160C7F04B3DC9CAD26
558B685595C329C0648636C244833E87D686DEBAEB111C33
7DC40E67869C021CFA8E854511375146915C375A0A41F3AE
000000000000000000000000000000000000000000000000
363F3302EA1B6DBA059B12751DF5C46F26281062B88FC867
000001000001000001000001000001000001000001000001
FE6F78B18983C76AF8A84F0FD4CA544E5B7B9DB1886D27DC
9504EA28B2DC91F985D79FDA649DEAEFDF649CB2F017FEFA
1D7E6333FC890A5079E228CD9AAC2E56D4A1F7ECB395FD0A
1F0C516D6C6A27128132BB03DF324DD39F7023D4EB2C43C2
4D344B6AFE6C2614684BA4808DFC59280094E08C0C50C212
0301C6A20B9012AF6EC5642B96CEB5500B3C73BBD8C863BA
9ACDF19ADB0621635B104B0770675098F232683487ADF893
000000000000000000000000000000000000000000000000
00AC336B81E3452A7204E8866CF4A67670CE98DEC01F218D
000000000000000000000000000000000000000000000000
A26DE1B98514E0BCB3EF84C79A392AE87D9F072558F9DA20
000000000000000000000000000000000000000000000000
88EA13010F89DD2818079CF9B216C958DE2E2C27A9D43787
F76CA5C59A7459F7A34FAACCAFE2FFBBF4ECFA2280A697FF
26A724A822028E37B62D2E039A9139697506A286F369C93C
96E58E8FAFF6A25D30FF8956F04D21077A7C2221CD515B29
350B99C265DD340109C538B1005756706F7EC8E5C8C4D0C1
C9338D71F44204B53CD08420286403238E646A89A20BE8EA
10C9D99FB195FFE4008150E9D87669A6D8A6089D325F08D4
1C071B3C49E7A72E26FF852520E40E46E24529CA68DC941F
5185926E08112EF01DD6F00ECC0FC73B2E39775ECE43EB01
D4E7CA21ED1C6F137FDC985DEDBF3DFA49B3BEAF086A0506
945A12307024A530E6B431E41D9EA9D884152732D4BF0F98
787813556B72680335EEB33D148DA1FBCDD8232B29582A64
43FA868495138DDF129E6BACEB9BF3F45416C3C379E334E2
3B751069318BF953F0DF592BA3175532D6C13C6E04A27082
FBAE819A8E36C1D79301226F56564A08BC1CE5A77ED0D3C9
91CBBA770A63CBAFF430793674E53F247C65ABFC1A9CB400
D54368B424EEEFD863736E10C163F7724B4EAFE83A8F8B4C
3867BCD9D2AE9E90C439DE6FA91E6B1D694ECCDDC10FFBFA
784BC8C91DB47B077DDB4B48F6CA2B013A23245A461D6EE3
639185C55C68224299E2EA0DBCD37953266844618DEB87E0
4AD4E2DAFAA014AC2AFD9CBA60DEF4D22D9DECA6BA3E615F
19B6F21EF5500C5FC6973E68F2068EF3B95866E3D83C8AAB
C4E0692091BD17FBF3671D186A8D4D15C7D86B70B8ECE448
000000000000000000000000000000000000000000000000
3999F074BB5A1979299352C1EBC1558E22C0EF0E9EBC341D
6BBA2E564B081D46513A6AEA305C47759C7CFCDB6405C05F
9BE8728A9E0422F598C60F5564936347020E52B111C85C07
8411159B162FF3551386E58D5B50B52D6BEF696E21067423
000000000000000000000000000000000000000000000000
5C5C4BFBBE6C3ACC0B8D95D23A156260738D6E84D05FB972
90C52887E24757A5EDFDDF2946A4F8A2FCFC0C5B1039D523
79B85896EAB1051EBC4CF1A583DEC4097AC9C683F69A5E27
DBE0336A43D3FDC44CA7A4975F71107AE953E5D685716A67
9BBB800DB710A7BB89DD15197C5E77C5A2D0DB130184CEEE
CE6E35FFAA744EE1752B735B2B0C88B61D1BB83CFAF486C2
000001000001000001000001000001000001000001000001
000001000001000001000001000001000001000001000001
CEE49AA18181202475FF01795E8EEDDEE251FA3A9379FC71
4E007D056691ACA395CBAB6076FE1AB9ED510139FD9B3D2F
09F5E7F672758E76491F1A179BBD3CCE3E91BB26E22A0BCD
000000000000000000000000000000000000000000000000
244F9E0C9CA5AA995E1F16098E9ACE97EC3659C7C1480E5D
6279C5F44A6523AC45463CD1A358AF542B18A9AE76824447
920F1FC968346C21CF9E7B390607B54A66EB11506BF155C2
000000000000000000000000000000000000000000000000
52D0E2B0A883E604887C42B95549D39DDAB90169B1A289AF
DC93684C0D86132A538FB0644C65728DB102AB0B0528CA90
14720910935229980C56AD92723F0DB8E5A9E72CEFE70AEF
0B24F4145F331F93ADB0DA9ECB404ED26BFE04B2C1FA264E
E4722175FAB02A2AA2BE51DE4157F6F1DB7254E71249AF39
3DCE1473517AB7658BF731873D24ADD6B61592E16F3D620B
C2421598FCAEC7BA534B0DA5A4DC67C24663D8C7727BF5DD
374AB558B533DDE981CDBDAE26A17B1A14583252124DB4C4
9C0D68C8807A3B6BC4D6BE306BC76B4A602308DE76FADD1F
3869E67A62599B6D32C7F56ACB10CAFD24A3902AD5379018
42BBC7E959D5642A6AB1CF1B00787256915A7351A8BDA733
7FDE72EE8615E6D431D2991E8F6CF38BB5889367320527AB
2FD313B2116C360C60A3B6387B035B3202F7327FE1180DE5
DBCEB12CCA6E0B6C058AEDF0E1B0247F60B71AA4D7106E12
8C7B0D9ECA24AAD8C18E9EB4645571CA8C6A2733ABF837E5
90FFB8E089EB77284695BF31A95946740DC1A10D1E47F611
443100B22F3DA83163B22C04BD3D0B53A7D3A40720117FCF
F7691B0F76CAC3AFD9285B521166D3B87C15992C1B2DC27D
52A0607A2A6B1707438D325C86E253781A0A0D0FD46DC8AE
7BC06E25B3239621BAFF57B295BF853C30798F25AF338CAC
EB403021A2DF73179C18CDEFCE7016E6DA9AE30D1B3D03B8
827438F44F022A986484AA92EF92075D4FDEB5D68424B770
583E9FE7E4D8A356901322A6C225F6C7F0C002C7E0DAFFF3
000000000000000000000000000000000000000000000000
37367135FAD69318CD45A29BA2E04D7E669CFE2642DC68E5
25483A067356F865A85569C88236E54360D8162695C0FB91
933354DF65661FAC637E411D67CCF37D8820249995E8B84B
000000000000000000000000000000000000000000000000
DA022AA1AC61BFCD582EA1B6197D463BFBD1B85497050B46
203753C50F736C25F419EBDFA84A8F28BAD63E754F15D9A2
5C99A4E933BD5ED7DD52AEE13BF30B45451EF993266A55E3
1C7DA9C938C044A78FB3B2689C7E16B60EF7AA17FD9D5140
DBA703B932099783B1224FCD888089E11205650463FF62C5
A80A4A1A06181CC3286285A7C6BD49C584B3D7817D58F87B
39C70C36141A4F1EFE6BCFEC91EC682A941703CD06008F1B
35CDC723D3932762D008970290D115609DD7097676EA31AD
D3AAA1E31416B2C83F4920DE4963E16A9749445BF607F3C8
000000000000000000000000000000000000000000000000
EE591EADACF9F2E51403A88D729F66B21D6247BD26348BE5
46B08F37551A4E2086870DBF057E4C84AC891683BF2520CE
000000000000000000000000000000000000000000000000
000000000000000000000000000000000000000000000000
83B4693727578C8A452D7C5510E7CDA10982B4665A463D75
60942E20F5B0A786A30E6765C69A052CF5BA4322CCDD6A6F
EF54D3E8DC7C18EDDB7F1810DC69D9E69B6508950ADDBE3F
4BC3413F6252F49867B3ACE4ED3EEAD78DA6AD647AEBE284
A0A4BA9DD027F99DA54C61B2087FDEBA3A9AAE1BFED672E4
000000000000000000000000000000000000000000000000
000000000000000000000000000000000000000000000000
2CE46597418679F12DC679EAAD4000CC8A1BDBE0C5BC09B5
000000000000000000000000000000000000000000000000
93D4C69266F768388CB0119779D4034B8770A5B048DBD46B
53EE9F24BBB84F3DA6423A05A8BA6D30B9B24C5E70C9D5AB
000001000001000001000001000001000001000001000001
7BD36AB6A3CC17912F589082E1B1CD6AF1BA0BE942EEBD33
000001000001000001000001000001000001000001000001
70317E89A31DCF80A8E021164F9D209C50FE5FA52B76CB71
A287946AB07D27C7B01C9D7519B4409E780BDB3844590276
000000000000000000000000000000000000000000000000
051D73A6DAF7B35AB59AE1B6DCA6A45C4A4C58912D69EB50
876B63A535F0826AEFE4F1102BC027A6C2F8447A92B0DBA5
691E163D06E3A8E0DDFA80809B70A81FABC7FF14B7706D99
635047640990BB3C5B5EF3D5254A880AE4074A6D5BB820CB
F4FEB2583217AAAB0E85F9E08195D50BA5CB9F2DB142C4DF
36836D021FE13C78D853582C3C9BD0A33E83C2A31488FD0E
EE62DF52A9D5C38D1980252DD6FFBE30259DD1DCF723311A
56C5944E963730616926D94E69F614707BEBF3E2E38852A5
6954B9135CCF65BF1AC59206ABCA1384A053BA998934A312
B9144583AB91CB8588659D663165E74DD021A43AE9A7E7B3
000001000001000001000001000001000001000001000001
6156FCC6B1196B8E01E47EA861F9132680C246CDD372999E
3329A924C6A9BC6EBE0DFD773C0147C2F8431AFD358E290D
188B1CF5F381C7E7AF0F1805C910031B70C95F5208A05EE0
F729B0DDE79C19D39BF1D77ADF83F35D554BAAADB9C607AD
807DA0D8AFC12D2B8A3C79F634D17017E3D5553A984616A5
8901D821E5530A44D30CDE53B8C7ECF35D2D46BF1284D284
000000000000000000000000000000000000000000000000
403830D38707461EBE87B7BD27B3BE17B2F9388BCB5E51D6
BC486A9A89150D7E7EDCF1361FB5241410692A3B56A2DEED
E6B0E42C80FAABF39BF85EAFDE32917BC69879E427653DF1
000000000000000000000000000000000000000000000000
459A529AE3CF13E4CC2B04AAE638CE4756D7A936581F00D8
DD749A722C6E4C9B99CD21FFC63D9545702BCF270464EC15
1E736F1E00D1B5D998020D1A4F63073599D7BA0BAE8EF18C
000000000000000000000000000000000000000000000000
000001000001000001000001000001000001000001000001
C619BC1BD83FA6F413CCEEB1015A6C36315FD9B583842F69
3B8D196251B14A11CDD31F29DB2BDCC530DE315B847830F9
000000000000000000000000000000000000000000000000
000000000000000000000000000000000000000000000000
8F13827043F9ADE6A7A9117D9B341D2BCFCC8277BE772AAB
0C66A05FC6B2F7EA3C156602DF0E9439B980527F9E205FF3
740AB1EDD4C86722DDC95121F7A05DEF7E81F883ECC46879
072169980B707C8FC8A6BE085F106F68430060E4CAE7734A
6C8E8A94EB5FEEA705B7F327EE9AF83638443FB91CE3A41A
E54A6ACB811E16E5B7BB710C702BB83067C57D8B3D9426CC
E7699D6B6DD4C3E3A37D515A195598092BBF3F0580312014
8E6512D804E443DB0836C8AE9BD198BD483CFC82F6DE1B7F
7BF53751A11F5212EFA1FDF8D70787205751295FB899FB18
CEE94907D9C872461FCAAB4EE9146A466352409B5C953BDD
010A6BD5DD40FCBD925259E77516100CFF962ABAF12BC129
3B8D929343BA8B0124356F8FE7D0B243D62AF1BEEDEE0A1E
000001000001000001000001000001000001000001000001
4013C01643FDA9013E2CFB32EE0208C8D83E3E21984310B1
3DE1DA6C098DCD44AC179B1CF67C1EF0824253D277B82D96
59A4DA4E69BB6F5B720D777C30122F66B325B73D06EDAA0B
67F6445E6154A157C01AAA8AC5A5AC104E0EF86EF0653F90
961E03E88866E82350AA92266C50BBBA99D1DD64777E274B
3F63972C140E934F8FF6321855389A5E46CD602CA831E032
000000000000000000000000000000000000000000000000
1CB28329C9824D4C6BA6D43B3B149DD6A012EE79BFA78C5C
4202268DBF4F271499F73F47F297AE5E5F53F43AFE7777F9
000000000000000000000000000000000000000000000000
F90BDA70C9A60C3064B3FBB4B6328D8244A5131CF1803405
D7A1E724BFFA867DFF59D2DA2B5C4988196525050B353D78
2606851E2000AF69D087CE5603B0AC138FFD059AB1C754D5
4B40D5AABB7AB804E4F85A4946CA3CE0401DAB2E674C44F3
29EAD2A34EAEEF86D2E4405A11D7F11E793325CC4FC2A455
F419D500C8D98B97FEB095C66253810266B5DB8316EF8B71
000000000000000000000000000000000000000000000000
4C8EB17B53E585BE94384FAF2096FAC9C6530F4FCEBCDD33
70856B632689F09311BFEFB4DB0D665DA1EBF930D86594E4
000000000000000000000000000000000000000000000000
000000000000000000000000000000000000000000000000
24C4E2378DDE4A5B0D429A12C4E84277BE2734CF7FF5C8FC
CA5CB6674044F28756B3499099F76C333B5620EAAE72556E
7E084CA905F2DA1DAC2F22E2ADB33C73D7268F370B06B783
000001000001000001000001000001000001000001000001
E752650FD912B7C9DBAE6AB7035FDBF532A3B1A4B43A4DC9
D3CB8EBD043DDBE83363EB581720A3687B9E5801FFD09E43
5638FCBB69445602E6FFA8067B4912B304C64B62D36FE0A6
3E6D18183A98BC0F334331D12B82000F8605956D5E9F7F08
000000000000000000000000000000000000000000000000
C006710369DCEDA8764EF0CC8F94BB75CFC1E18826534782
EDE8C2BB22734922D5301CCF8D2E57C2F05E696479E2C69F
8337FA3F49A55DC2F38E3D97DDEA5C9BEECFBDF578205BE7
E5C193AED76FC435A49A2DDE60C869C43053C4CE28C3F84D
36B6AE6B469698B1983E240B36EF294FDAC24999F01F706A
8DE2CA5D8F6C43BA9FE8E33370548EF40D8267ADC2EC7F38
EA483A4D12E92D2B65C3F402C63EE062021BF29C508CC8F0
000000000000000000000000000000000000000000000000
D2C75C7DC57BD090C139E6A6077C8D3D681F421BBD30D3E8
C2B7C7EEF4BF859FDE9E19D0747E967785B4FA8D7DAC77D5
8B9BDA57AA3625FA1A5C588F3E80E661960097A32AFA0B71
83629B43C731AC52F8B6697A07BC04385BF7FD3E5CFF6D93
000000000000000000000000000000000000000000000000
664FC9038573D5740816F01029C92ECCD92CC65FA590D44A
260E9F66DDEF1F26BBBD17E5B06BBBA2E5E6612FF480234E
9A7751543C0253E995232BCA7E39F2E00EA792453510AAA8
000000000000000000000000000000000000000000000000
000001000001000001000001000001000001000001000001
CD6250FE445C7801DE1DB7626F708431070161B007723C6B
94430478AA5F2E82375DC8815FA4067DC9656F7F162C047A
54D37183732358F5AD97A971B8AD76047D7B94B3A0E3E782
000000000000000000000000000000000000000000000000
9FC021E053B5933A8178E64FE21047BBFDCC5AF29F2648C0
03DF2AE0E089CDB1A8E6D19A5DE39894FDB644CBA2B98E30
6C8BC285940D6A3BF0EB5C7D81660B1091A51CF3712303F6
8E461B1AE62DC02C137D718CDDF742BDE7A17928B3960DB6
2E7DA7DC53A1EAFE446F939A33C19EB47F3AE9CA7729DC7F
A4DCC6DB247C1ECE3A60D5ADE5573E379A77A22D2B99D21B
89BACD2F212CD7B9D8A7417E0DF4B323A00FFDA0CC8DE4D3
7F5F3F70F178F4C9CA323AE789B6BB3D492C9AE4F0453EC1
8AA20F900B92D54C074C1C5AB6B931D321C4BCD503447502
000000000000000000000000000000000000000000000000
2B58A7C437E16A92A3F98F3E28594840528CC3D10C01C651
DC22E33CD6FC7AC822874A2D6F3B9EB523552F510FE676FD
56342C747DEB68D291A6613C5CC7380E71DB208CC33F535C
0D0D6DE0CA9A73CF658DBEA81F7511D1A9F327AC49423815
283B7E895464A68F6AE9B32251963B211FB91711C4E5FAE7
4C5F70BBE8D2FB7A40B0CC591B816A083ADC48E92ACA6267
000000000000000000000000000000000000000000000000
000001000001000001000001000001000001000001000001
000000000000000000000000000000000000000000000000
89EA9AA6401CCE5C63E3A6BBEE3ADA3071BD46FE63ECD148
000000000000000000000000000000000000000000000000
2A4E5B8D35357A12D403F85A3EF63F28D9095750FBFEB67B
40B296F3BA3F20280FFA3314A862648540386150B95F2698
FB837F6DD2E9BB580DA09193B5B14F1016B42928D3153E16
60C56862E427F77497C392A9ECDC80B7A598DA690F1591AF
1BB694442468DC716DBCA0433F2C102B9CE4EFA1AF49D92D
000000000000000000000000000000000000000000000000
2561EC9444FA722A480D7D95BAB7D494311AAA4E27A523B4
70C716C673233541FE9040213618168CDE5941E29F60882F
B109A7A7DB65556AE40F99A27BAB0744627BCEB9D7FBB3BC
CA542801A688AA81553BE5F9408AA7B5A6E2000A6D552267
330F029F4045822C2E32D17044E0E39D6238F201F2C4C1B3
FCA3B6E2234E421DB84FC0D7D464306829B11D958709A7BB
B63228755D9A4105CF462F413F973940E78CCFAFEF39F131
DDAEB7628656A25775BCDE8B96E9F10B561664C594F834F6
E405090AC9680CD2D724ABD880AD4ABDBD572CC60FE32BC4
F1F35F22D5CB670F3483AAB806755D49DE16395797706549
3A494A21192750038FBD0CF6DED3BFF3BCFAE3DDB38BE49E
C21FF88BFC6C42A4F6EAE418122FCA098FB7D841CB299092
AB0A16203734E4D9CECC2FB1C3CA96A85512EA495E1C5F35
37CFC8D7AF82D3CC267BEEE4D915AF2EECCA4E15FA64675C
32E6F4650E81AB43F3D0039FD8786B2D96538E507729DAA7
283A8D9A4BA0DFE40842C49517E5288291224A1498EF5941
57CB5DE5F3A5DDF08CC1C12270502364C55F5072095B8636
883FF680C13381BE75CF7CA165F6AC1789D865307AA87A6D
7064FE66556D95F2AB7DB884C9F13FAA74CA06ABD9D7640D
6E450A5B32103F7A44AB6BD5D4890D3F357358E607C5628C
33021ED0AB9B049B64B76C8AE23CC7996CE2FA069875C771
6AAB26B311205406062CE5A7B8F44DFB0232180E50347D74
16F969842E7401BD2324211A3DB7CD6DDBC6C691F2A6A353
CF5CB8DC762435194A124E5A4000E61440CA46F9FC833058
E593E3C242E97C36C7DB69640CC357A4FF5E23E264887669
F21466A5BAC2CD6880BFF71E6A303EDC7BCBE750AB868B79
000000000000000000000000000000000000000000000000
000000000000000000000000000000000000000000000000
71BB600F4073D0650976EB5CE1BB5EB12302E47A239D6A8C
185AF2A062737655DF766E45B6F27E32E55C621F91E16F8B
273111A473BEB6E5985171BBD815C4A7CE328985FB146AD9
88934020FD39E359007E34AC737F179E97745C5EB0547CA8
608CAB476B4E056FF9BEFABF156F8C9AE3E9EDFD3A34D6B7
B76405ED0FE9FF1EF3C339F95E16189120984DD1EC7589C9
000000000000000000000000000000000000000000000000
C47B57F2F2C195E15BCA968A0BD13BDEF3AD8FE7CC8A721F
0EDDD2F199E7F223D6F89BEE5B9D4C9E6BC25BEECBDC1FEF
68A225B34E5360C70B7D5491E52E204B8D38EDEACE69AF7E
CCFD0EEB5BB434DA1D309038106C765C4B731225547E1EE2
000001000001000001000001000001000001000001000001
4DB8CCCF5369A7A9C1392B0CDA2655F8F8F538B668A6EA4B
6E58BC2674A9579E48FEA5AC04EA3C740A86B13198A30833
BBB9232C78061C357DAC6B55FCC760D2FC0BA3DF20C7F2E5
000000000000000000000000000000000000000000000000
E9442DDE9E6E8242506FB162290321F15E9C8061D5C2B02A
2F466A79500D96CB0682C440D38BA25FC91311506D3DC612
000000000000000000000000000000000000000000000000
6035F05C45697B24766D1D77A9C49A82E71522B8B75C5439
83E2D1E4C3491F767D327CAD83B8F8D4BEBD6A92E78E346D
38F8F3C642B5DC018CEBDDBCCDCD0175EE6D25A07CA0B0A7
6F57599B96AD45D0DDC133D196E22E6CB226884AB2CF0316
74172902CD809DE3454B2F27D7CB968906BE38055717E332
59A431F8AB157426280EED810536319DBE6862B0BC683EC0
529AD0CCE5F1D1C5110CDD778F06921325F1FA07A20EA0B3
D766577A4DE33DE368F70984A3B9672E1CD24DADEA17EF31
ABB637569F4C2BC66A480764AC59B802DF9005A2E0CC0DE4
6BD463E6E444962B9037044CA5158E0B6DFD213F77423A67
56D9D29881910520EA9DD5082C4B68A55AA3AE807C43B6F0
211CEE4C1EFA49A2650A81EC99B12E83BD06BA40864EEA7D
6FF903B88DFAD3E6CD777EB91758ECE368E35ED8462B3626
9B6F16A806C8A0D0C02BD33E0D05741F574AD08BEE159E2F
DDF62F6F5462BD99DF4F7AC92297D0CB28229C3DE0CD6620
E5146E2F94A43B472AB3B540E84659E4E0CEB65246C57F27
B989D941AE20D3D7F0D50D4267579911CDF92A59718C8179
9D410FC0494B84035FDD418308884602EBFC19D83ABAE336
48BA7D6E92D086E1396C5582B44F85365B0B29B2D82A6CA8
D1C6C51B84C3AA0340F83F1A6DFE4D1D01B8D75E1312D29E
5F125414F91C8672F1999F40B9E6EA3F6342E54B9F23FF2D
39843ABC37244FE2A9970204E23E8B216EED36EEE49DC43F
000000000000000000000000000000000000000000000000
FF778DFE276106A6F5F6A016CAC3A68BEDD5D81BFD4E26F1
81645713573DA3D21B39C7CFC90E2A28351D6217C109C025
71956D9BB729D3C5942A8309E2CACD2E85C0ED59DEAD013D
404CEA28DE0800EE3B0AA0B7C54BFB069D70CBA44D2D1C73
497EF09A5262D6AA0D3102F82559E75100DA754F5564E565
7FF5018A190883A05C88A1CE9A86ECFFF0AF018FD025D335
000000000000000000000000000000000000000000000000
83190383CE9521D803E9D57338DB40B3ECF3BD3D91A04D67
000001000001000001000001000001000001000001000001
66B9894F249527AD2778D5C9F67FC2E9AB189775C6AFC1AA
EB30E1631AABD8383ADF5DCF5D82DBD03B641CB796099EE6
77659E62E563B66BEBE9E1A508ABB64AE8D2C024C6B1A8AA
AE6C4EFAA38F324AEF34AEDE1E22F62871B0CB5A98B694C8
2A0AE28F8FE5D4D7A1D4BFCB0AAAEA4104AFD30BB4306D95
8528C1D6D65813893C5F8CBFB35AB52C970E57AF4B1CF591
C8047D9C9720CCC65F697CE6AEC3FF06EB85B91B60605F17
000000000000000000000000000000000000000000000000
4BF9251AB88C5CDB7D12319CE0F467190C4F1321854EB0A5
1329E3E1280261A278DA0E476EDAE07DA4796C83AF12AADF
EE7DBD0FC1E6B7939C1C30F6B53E4B7F4184AAA7FDE69780
3CA15B2980AC19DD09BB3C92D5CDB4954E33E6E57F4A9F31
0B22B34001BC29EFDA033ABF67EE1667B26464BE3F8BFA57
9A7B04E1077631B94280D3659EC93ECFB98E3D57FD999FDB
AEDC6B0CE30C6B9B2DCA440D7BB007EF3F99579D85561227
C658745AD7DA04BC765A8F2BD1316FAF9EC3AE1AB56EA74D
000001000001000001000001000001000001000001000001
05285B220FC04F8C61E528B6B2109B1682FAFF82B62F81FB
000000000000000000000000000000000000000000000000
DD6F122D715235DE0E00BA9309B76B548EC39CD8C74DB588
000000000000000000000000000000000000000000000000
6017F2427304D7B0ADFB5E6A5678E95BCEAFEED3C45E0EA3
AEE1D48A369764BE0F048E012D3636AEC32CC54DC86C11AD
CBCA4E6937B321D3A1BA2971E2F81334FFC51BDF0303E430
F1B2F4A85756E2A794712762CFE76B2FD316A7E1EA8F65B8
48C84D1E0C09F5E8C9F050510CF300FB412DE6BE8A74CB88
76398DF8B717DE1ECD141046A2F68FE906374E644A2C31FD
F096704BCFF012B1CDB3862B9700300DB12152A285F84C2B
B04CC39883D84159167F09D1230D2B53F82331E77F2454E2
B994FA84195149CAD75E627618226BDAB83871D5AFA96A2F
DCF1743C0BA7BFC634F0D415BBB23EA18F2F7B33796882CF
181CD4DD87A9AE15581BE45D6D2CA0945556EFF68C196397
B7389A19F0E5FEED0EDED54D75E46A56479631177797B734
8CA87385C5F0553531546370CB28664BA54E6F7F80EE5BFE
B0DAC22E6FE31C8B6BF337D88016A8171ECDEEC98C2F270E
EF2714B0B6849302AA2EE53D1FEFBAC416A10BDEFFAD513C
000001000001000001000001000001000001000001000001
BDD7F5C899BE5CFCF9A6037AEF2FFAC8BA4AAE51A2AE33DF
55D8E111ED5463603B8E59017448C127BB0F4235C1B2C7CB
CBDD79CA5F922209E8A878B1ED0E78D4B15914D64D749BE0
916E569DF610AD26F52214EBCBB6A4F8B0CD37F34F74C8B1
6240D60B718F5BDE7B54BC1FE342FCB112E4E29C2065F86C
000001000001000001000001000001000001000001000001
0E71C0B1D12470197EDF294B55602FC14C8FC54916EB998F
000000000000000000000000000000000000000000000000
6521F226F817312FDA3FE6A2498341D659AE20F6210A5569
FE374A724B0430DAB75A2458080199DB08A8DBAF79EDB7C5
C8079FAB321B1639B76A62B459E21E7D4AC080801C27E99F
34000F8A35DECA56E9A47199F5FE4E4DB15B4BB6AA599BBF
3917CD95D7825742C598FCDF7A9F4B84C41B03527ABB133C
E1BC51C1C5A321F8789433D8F9FAAE2D06BFAC7F3C9D7BB5
EA002DD5182070C0CFCF7F0A2FFCA09B3B7230C3E6744591
A08D640494AA2BF657306E44EB1FBA6FF284EF85BB793473
4B732790AB890BB199C07951EA20A10352C941DA38B6D70A
0597455352CCBCD129336FC39246757A557E73D9E28ED009
4C8DF1C21D9E41A497E70679CC261F3A432805849D3AAF08
7224CE22C67E306FE266B972AA01E4F435F89E02D20E80AF
3532BEA3618425F330FB9EA7B0240C5B97A21AA57116FA02
FFA38834190E1300D3C2CDF1EFF873790D07BE1907EA926D
4D18DA7AE91B2A84CF195128A8E982A0BF48E215E008A043
000000000000000000000000000000000000000000000000
FE8F2F76133FAA5F33019A5EB29D61BF7BF759CD584001A9
186CBBFDA1D1C2B4F9A5F4C0A2F11B69C39E96BB29C4D66F
61D753DB063FE749DAF671610EB1314CE9FD3C06EEBB3372
8AA5CA1F4F2F26B6EA6A3ECC51DED533E3455534BC8F7ECA
BF9A126DE4E025A619D08AF3DB01B351B8EA9E2A1B43257D
115DB5E071B4E71188D31CBAF84AED787DAF04BC14872792
000000000000000000000000000000000000000000000000
B6FE49B0786ADBC51084DC7C1EF8FC5265F9EF05B16E3213
2ED91F82CFFE29E2068D082D113C0A98A72FA313BE0BF689
0D5178A510622B9A43E3A279FE5EA053407655C71683E44E
D7DD4E6DDE629E948B324AF6DD659E86C2730631674A77CC
7CA6587FBBAA794371454AC3FDB460A11B1D7BAA236281A0
06569CA73B7FA0F7C3053D65722A341F883F6EDF1A716FD1
E8319675DB72B2FDAEDFB3E106F9A02FE9517F2F9C0AAB53
5E3D95BCBB0F7D9390FC77AC431DFE2A790DE2B2E2800CFA
82AECC9D89D097C74C5ECC0B7669C25ED4DD6B31901D0E67
82E82A26B6697AE4D8187DA321879802D25F37D70BAF14A0
000001000001000001000001000001000001000001000001
F2DB8768D0D9F7CE601EC92718270CB43883773FB1C87D7D
A90E260EEF029A988B28C6B7974E4C415CADE153785D4B94
4979A5FF2DD346D9E52E07A58FC0FC1AD10025F4A0CDD4BF
BAEE9C6A157799ECFC6AED5CB1777AADFF6531CEA06FBD96
49D9C25064DCE246D8EDE274ABB0061AD90B34BD4DE3B7F2
FCACEAE9BF8464FCF137A89336CAE8B89364D2F890E29DA0
0BABD8B6B7DA664F8CE9AE342EEEDAB1DDB126A6C0242FAE
EDB0FF5D086047CE31DA86E9793A2198793C1A6801F1C1E0
F1C3F38010B3BDBFF5356FBFAE5E4A36CB3E2AB76CD60E6D
AD9F58FF6F30C5F9EE8881F12C469CB32B75B3217DB70497
68AFE11C3457D6185CC24E3A1EF6084680C61CF0EC10B67A
8C85828F66E1B2DEF767524E5279DDC8124ABDA4E9C8E3EF
6C5A668D093A071BDA0B3476DE8981012664F1373562690C
024743E22128CDDC6AC944DDC05165FC2EE6D2774362C201
34E9CEE8BF5AB6E996B5EE9E638CA0F5AFF9D6CEA953A785
F752884A0365B30E6AFD5FD18FC7B6C85F3B227D849D2E11
1B9E6636C737F95A8B54E2D18B9411C0DAE12916C4145F87
14077DE52EABD2D4387FB3408A05B36EAE4250E8EAEA57C2
000000000000000000000000000000000000000000000000
6473B4AE5BA474067C00CDC52A73104FE6E9BE6762EFF78F
4812DF5DE419AD9B84EDC0FF5499B59127DAECA6DB263474
7CA193E6FCE9A93C4DB94BBF8E080B30B270A579002A574E
EF26076CEEF56089673CE4322542FE9D2F415112B9E31901
DF54FABB809587AC157D8A39CEF8D134C955237D4BF9B251
C45D14063077D2D54228FD5A79A876E5B02FE29A8DE1B022
F62C16E88FD2E08ABE1817AB88009D4B96844A756192711C
5A7F9F1FAB4A9D7CB639FE782073F6FE4669EF94D5885770
D0DF3B4F5BA5D6CDFA91D46450257D9DD34F08F5B9F7DD8B
8E9BCDCB221D9C5C432379A923DEB87206EA3EE535AA253B
66FEE3CD3CF740535242FCAADD5D6680E66927A4CB27BF6F
2805A6F0919099E899120378B2246FA16400165A943F330E
36633A939DB2C32D29815E303F5895DA8C3AFA453960F9C6
67AE1DED520CDA58B84E4CD83966B43336C00CDEA5C75E27
405902C88FDC94CCA402A286CC73E73BF9F0A3417DAE9C9C
C17CB38D87677E031E89C862020267354E6210A2171DFF7B
000001000001000001000001000001000001000001000001
000001000001000001000001000001000001000001000001
78F7814FC4D6CAA4A26DA600702AAD00C31FB8874DB09ED7
A7F2ECA70828E3682A8218F1139E48B2E5A7B7BF4C02D883
179BDF16250CD755933B54CC73E8574EF10A421991402067
EE296811E1151234F94ADB270049C257857F8E7E50CC1547
A8A62693F1A44B1B6CA0CF0EFBDBA2F9EA8FCA6D39BD1847
1063785F4453FC29E0A51DDC22850CD3001F34F8410066DC
3313BEB7371C010F2AE31957FE35FFC3B2ABED3552AF809C
000000000000000000000000000000000000000000000000
000001000001000001000001000001000001000001000001
F02D072DFEABCC9316574BA7A2F14217A68F06EC689CD836
435E7FD23F2EDE10E1BF7B55B2C495BC963717EE0797FBC6
B8564ACDA0A696618B13B3F02773E2EB14E67EF80E5A30A3
24C6685AC76E52F75522F2E258F0A92FF954A3367D399FCF
3FCB16BC065A396CCAF7D1B9EBEC929A703754DA3D41F616
82126108832C4ECC2FFB74B4ED66EE42210FA9EE91CDA597
4E12FC5A50A676E827517C565B40706C35E1087A14BA9031
B097D0F2CDDBBB3403176EF0D217BECFCB94DF907FDD38CC
82AEDB188494E74E0E7FD2671E355243D6B2948A5BF9C4BD
1BA5B740C8108FD33D968349FAE3372FBCBDF048F79823CD
EB872AD8DE85F00D4CE5656940A043D88ED8E8AA76FFDD99
64613A606AC969AADD490323CC8B3ACF31459718BE5DD9DF
7434E39E06BDFEDD399910E5CC39BF3718965C283BF37102
8183ECBFC07BD86BE7935E613F325AA65DBB5BE36A69E479
DE630CDB11C01DD0E341CF9C994A5B0D04A25B442D676D6C
757EF886589C9D6E3D0C9C077CEF90C3E848AADA4DE7DDCF
000001000001000001000001000001000001000001000001
B54F0554AA52099056B03B68CCC9212F3BFEEC7F7591106C
A46E2771C6A2B6085B502CF506245F9B594B0A9B595E44B8
5073C455DC15440B810EB82F537A6CB6C2F03727ED15CFC2
E627503044C33748891C29E72DF04F49DF64EEC0E7DD221E
2D130134FEE617D14C0054AB3F110E6A2B4E26C3BD26A83B
000000000000000000000000000000000000000000000000
000000000000000000000000000000000000000000000000
000001000001000001000001000001000001000001000001
CD4F550FA65EC0BD5B3FCB2CCD1945B813BC9F58FC8ADA84
F58962D419DE60F2E1C0C94DB8073BC00C3184595ED9C168
AE0A95D58A55B146EE320232E73CDC1772D8841B39056F42
5D784DADC496E8D62E61C9595BF8B7C230C5E810A9E2EB8F
B36AB3471D65AA41AD616E89C40B4C869DBDBCC517F832BF
000000000000000000000000000000000000000000000000
7AB5DF3E5932308EF1D2AD9234D0B3979368993D4ACCCEBA
000000000000000000000000000000000000000000000000
3D244D2C07E6A287921FDDCA5EEE8F8BC4C9E985B03688DC
DE9EA5CD950DB9E8507DF9AD77C21BF25C8BA58805BF299E
519FF13EB4CCC0335169F4003E327B1630E5D7ADC13F4106
729BE41B4E14C0A7B6FB6959FE806187906DB5B47DC7D3D1
6510358AB7E78FD8F9D9D4411DDB9E3DE370D7D4FFF6CC57
000000000000000000000000000000000000000000000000
5F7AEC7300EEBDB9F05DD3FE8B5C3A77386B8A2609F6E636
831AC06A968258D6D5B887F47F445A65E8D239A0309EEBCC
E5BF6150123B1087849C0F915CBE388F0E663F0433287C2C
E1534C39BF31A0E6081A23561E68F92B33DF0C2816466CBC
15275C666377811C4ED39C23B98392DE6B06D3300191A369
E97CD4B9F54576A8829055F9D66F330D48E87880A96FED14
25C79044DEB4ABB1B5562E765ECAFEF31AD6BE40D12A5F3C
000000000000000000000000000000000000000000000000
000000000000000000000000000000000000000000000000
E5DFC00093A9FBF87AA0CAFC5A9FBFCC85D8B35A262338F8
000001000001000001000001000001000001000001000001
4565FA07BACE57DB5579FC8C58BF67BC580BF5AE27603C0A
D79AD714C2F6AFB6C9704CE05BD6DE86E92CFEDCE9EB55B1
77F8F18B9350D0DC1F026FAB29277C66F77914CAB3E97FA6
5C140344131412138DF3B6B9C205D3FCC1D9DC1345AEF998
895B83CC95E141EAB12B12E3151FCF554BAD95B2B8964C26
95A460A0D7FC1A225AC8FC46B7FD2CB66A0E2C650B5DEB2E
C540E3DC0070FE7EBA9F7CBC31C5F1A3CEFEB96AFAAF1E90
A62E51A90B85D2B0A1B30076D3A996C12BFF496EA1FFC7A5
8B40ABB846DE05F80C7B564C96D71FBA0F185139EB67D7A5
000000000000000000000000000000000000000000000000
000000000000000000000000000000000000000000000000
8FA090AC28233269032A04C6E926DA5673A6D8EB1554851C
000000000000000000000000000000000000000000000000
AF23607541C3280DC4FD9E73A5A9AE1A2AC29A261023E042
A2B01156A389DEFDB023D7B8E558EDFFA200E8002F3D4310
46F3292950D2B0E2D06CEDEAFD0D2E74372AABA43A50A846
5CA2C29438F237BC627886A34969F78285A6C3387E8DF63D
000000000000000000000000000000000000000000000000
D23FBD5659E9E6A416738855B3BF29C2C78AE20D80579E2D
19627497E0DDF28A30204247C16775C293FC3EF78EAD4C05
68904922C5D63DE04C742A6B64185D5AA6D7034722652C68
F8BA534F072060204649E3E23325D84B4CCE403C1CC7DC85
91CE1B0C15604F4AC8B159416F194CFB67CF29869B9F37B7
8D2324C3E022C897408F2A3A777D134ADBC483979106150E
9D26769A28C5640CD10AA07633F213A11FA8BB95676F03CA
1C844894CD012C2AE5D993513D80A0728EA7092AF82A9BF8
C72C6FF8F09686D02AD8DD849E7979932CCC0FB5DBF88E3A
660ED570CC608B409C9546055D7694FEF2FD29ECE68622BB
AF1CE9B86A021AF9B2E941B768A3F3F029B21CB94BB366AF
626794AD69DE998F8C2D00125DD58FDD5057AB8692AF5436
B47ACDFD3F04E0500C8A21DD921790F4706D9EBD8C57E255
BD1D4FF3B9FD25EDD1734E3AF8E4BD6B61E8D9D8CA8CA005
000000000000000000000000000000000000000000000000
827492E9F6DBC3879DDCE6665E0B643FEA22B4A3BB414703
3EAD2CCED173CFB4D0E7942DCBE98F8FE2E9AA1E573AF059
FE0CED2A8CD8E76D9986D0DE28522E31BF4E04FD5A7BC34E
12AAD96F7152F98C05DB7B41E2B87171F1E97D8CC9C860FB
236AA04AD8CD65BA27DD920DF30929118F2BFDB895E9DA2F
FE836B7FA8DF2C84B89FBC03CA4982447677016DCE4B530C
0D9368060DCC39273EC060C034A1FC26BB712CB6566F51B2
3A956BAAE886B9A457CF54539B52F6F09DF035D68AC60E14
76C418400A8222D7175BA9CC2000EB922E1FBB6556C11ECF
3E39CB3D851DEAFC16E780B90F31A952FD4DD013BA65039A
000001000001000001000001000001000001000001000001
000001000001000001000001000001000001000001000001
93A48500A5E1F2C7E887AEE1215C7778F66A2B16097337D5
D1FEF92ED5765C2DC94E492E11841AB2B157433409349D14
8A05F6851E308BA49AE247A73AC82A9E122AF295A9976C0B
5D27B5F516E5B092D0B9B01F71E6E6B5B2F4A041CF158A24
3C220F7767CCD73354133622B27D296B2AE89D77952AE172
6096AD59E077632231E0AA0C6ECBFED3EE4FBB180B530D82
000000000000000000000000000000000000000000000000
0B71B1CCFCB84EEDFB1FF40667824F857962C40CB44A992F
C1448131C3E1BC492A1474DEA10B17AB9FC579F51BD55EAD
0E2EF8E13E009CD9E29578055559299E88BBC4A7A5C1DCE4
000000000000000000000000000000000000000000000000
000001000001000001000001000001000001000001000001
B14F2121AB13B5A7BD176F8478E43328EAF514F427D47C78
DF58777F4F9A8243E82945F609A7A9A0534A47DD764CD55D
62C093D2B45524ED7DAD0297F209D4044432991DF85DD569
5470D734ACE2BB9F495C73B6B5AC2CCF93D08246582FB195
88FB0C62C0F9A7387DC316390DCF7F2EE57CABE95FEF1509
21A814EE761625C9C2C0ABEC0570E7B27F677BBB1762E90F
51579D98A88876D018156C38DED1DA07F19D0A1C07153832
000000000000000000000000000000000000000000000000
000000000000000000000000000000000000000000000000
000000000000000000000000000000000000000000000000
E44EC1E06BFD92C3479D44B8C37B61444FA83744C3C41100
B8B1752102E7BBCFFADBE058D4652493EBEFC48309A5BC3F
5D2491CF28CBEF0C774324F3E98FA53BA897D486A1AD9C06
529E02E0B37AD5C4A649DA10B467F3927AB87FDD7DA9455B
DAA2AC7F64F0B5E0460F3A7FC71C59EE22538B173EA9B1B7
BC72C6DDF95234631FBF387E8C18CBBD275038CC3EAB6977
8F9BFB57F6331624CB54BD023C34E9180F23E06B57145F4C
104C6A13AC9383DD5A4F8168CB3250A5578E471EE4BC932C
0E55A10D7B3A83EF045DA3E097D181D5D3770FA7E4B53031
BC58883C758ECD28C947ACDB98E7C93B203A3B445A30C399
0D6739E319B94486A7DD1A760A9A3E4A4EDC517A7D50E854
54B331BD306B3B01E23E61940E4450F23BE314E1972B287B
D3B788E565FB259B7665EFEFAB3D824FDCAC625152F57155
37F105D754D928030499C5C7625F7DC27A8DD068DFD2CE2A
6D4E9E898B6D7172FA50B658358722A7456E29DB8C9F6AC5
91B233D69A30869E9D8BFEACED9BFDDBA0B38C9460212026
47C622DCB75B59EE55FB25A29588F036F8946AA49A8FEBE7
10E0E87C2E8719F83BFFC8CBBB9F04DA898E56CCC74A7597
8CCF3114E3FB0D2FED1C051F8FAF779041EFF91DA96890CD
B6512EA8358E156A7C5B1606D87513927492AB1CEE92AF6D
466F89D1B2F397BE6116C5FA8FEFE7A49869A284952807B3
CA4FB1FBD968F76E3B7A1B25C419700A8E9A24BE73A67C3B
9B4F4927D7D4C4486D86904DE1A981FD9AAF0AE852BAD923
2A607E3159872499339A0C1E1E48861CA2706DCC88A414B7
B199B03B26D0117AC740F6D289B6656F4426A1C8CC00E9A1
558D6F6E300F7097B89A361570EE3F1B06F7E2088FCE0D3C
A25A44FF34A6D6CD7C5FE109E77CD8408D4003C4AE5E1D9E
000000000000000000000000000000000000000000000000
000001000001000001000001000001000001000001000001
000000000000000000000000000000000000000000000000
0B0557F74A2423D4A1A25857902E4F003AFEF3CD9EBE8709
000000000000000000000000000000000000000000000000
24B575EF345CD18A6CEA7033BBB65D7D8583EB84339A817A
A7E721A09CC05E5FC2E74179E1D82A58CF055D959C7E8D64
8AE4EC17BD23916EC148ABD9DC45294F5AE15FEE6F1C95E6
B16339466448FA2E16D48E6821C9E9FDCB723896F2F46038
B7040C09C1985FF8C82722828ADED42D08C5C201C6363F06
12E5C29D332C30A523CC564CE3B68AA8A37E83AB0363B6A4
129E52CF5F21DDE9D6DFF715B7A1BB64F04DA9609032666D
346879945320B913F9FEA9CB9455D65536BB125369567F4C
FF183ED8A7EECE1CD3237FC5D89FE255B082740399A978AC
CC46FD8FA234500F4CAC814044F1B4FAC23A0C04E29E7C72
527C28440F20694E7804D629D722226C18BA270E36B19689
86387556D9F09B7EEA005973FB05391FCEAD203D3903BD31
EE72FF7A1690D52C997BF2457B8DA2B0E5CF3ABC1738676D
AC6E631F7169B8AA18E4419ED6F0FA90C19D1FF3265874C7
000001000001000001000001000001000001000001000001
80E72CB8E77057A934E557F27689653A1D0753D054B85130
856A6D3E5EFE68887DDD05227E5C7F6B971F366670214CFF
A3F20C4F2F1BD330DA571D7F3DC2C6EB15A5C7EC23362A5C
A2C4E4E204AD2FD4B06256D2EC4AAD34817D6738DFDF4FB3
000000000000000000000000000000000000000000000000
FC524DB5DFE96D2FB4AF75F04B87642258363F2A96DBF691
22263E9528DDDDB71095388158FA24CCC484FC9725019A3A
37852E3EF81257A8640F6B6E45F57B8E710AAE1B5B42F294
09F4499D8540A41261BE4D7C439389AEE706F5F9488B245C
F2084F4D2BCD8B120942399849C0D4C85AE38B011AC62C47
E9C1937C97C2F8C6100A36329520FC24B9F75E67C1F21C1B
000001000001000001000001000001000001000001000001
5524A8CA865A6E7045BB5F31519E2A1ED81C800BFF23B260
71AA45E03F1C69050847B41B717BC0242852CE2C777CC612
E3599E0C308C58BC71D0EDC04F81BA72679D0755BC9D49B2
CD5D809AA3ED239CC225B70A576DDF4D2BCBB72C4B4969E7
8E8C4921A46123B17F8DA931DEDD7050B691689A90473C20
460140048D6F9418A3F5E74EF11134709EC0F32D2D0F4871
000000000000000000000000000000000000000000000000
90422452112E34CA51997B0CC84E7B8708888931961D5F18
95077C13883EA6F9A117764E5EEF497464F399A86BC718BD
CAD53FB215110ADF6188296274167FCEEC80E67D752449BB
EC44422D82FBDDCB440B24BAC81D25AC687AA73138861422
000000000000000000000000000000000000000000000000
6C42A7B830F92584E3430ABDF455D475F62E67DF1FF4C191
19D503D1655C67C8AF07F209A5DE3904D0C92D4740EB059E
20A6D1E6A40787BD82875B935B7CF4D851F0D6BF30898722
0F65C61CDB48506971CC2AE1FE02DFC3A92860BA6B185190
8752F3DCD36883B250EC61E49EBF6413E2EA8C70A3687ED8
FFB4447D78033109745BB7DDF92E1FEE234E03934604F9FF
D7F9E0F9C5356498ABEF4B30C248DC36E8D066375735CF0E
000001000001000001000001000001000001000001000001
FB70DB65277EE2789D786EE8CC941FD595C6FA8531078FAC
19B54A945A974C61AA95160630DB751410A358E1586854E2
2F27A6DDA2A640EBA8A7D002702A98E8FB6743D39CB7D655
000000000000000000000000000000000000000000000000
2A56D7063AFBADCA8C7D65D75098E3EE879A54975226D22D
A14433D3C5A3143CEE0D753AF49B91436B23F89F9410C280
4583B0E1636A439BE67F31548764454BC5A229B03098DFF4
94078659043DEEB20DC3D3059D6D2C7F321676480822D54E
95AD95D2DAA401E5A524AF907DB9D2CA273348372542365A
3C17FCB6F9E6C7902CDC40ABB76036CDFDEF3A15C6513379
727126A8A843596BF441A997E46CCCD53C726DE12F3D4B50
2975A1166F982EA0AD61C0A83228490EF445598FDFF7375F
89BF45CC9B32D584289BBA3202664F01078EAE036BA084EA
FC4FC9C960A479FDBA330CE47144DC46873361ECF1F718E5
F646A00F317C16DA7F530EE5B904F6645DB5E8F80C2CDA21
00DFEF35A708174262FD6C65A1D7CA96DFB277DA59CCF520
0C3CB6EEC471C4C628A50F742BE4E9BFAE8FE0B960C05D9F
000000000000000000000000000000000000000000000000
4C4BB3BA4702E1B191C21B3B079AA7ABEEE81E24E563D767
6EAF248E9FF077AAFF4E71F40DFD74F40605AEEAB4FEE46C
000000000000000000000000000000000000000000000000
000001000001000001000001000001000001000001000001
CD46A8B40F72915295FE9589F27089FECFCE6386E18D6195
02D7B50E3F4AB0618B64E55832B8596B8B80F5F2E3C5BDFD
19B8954A2FE831E02016C15C65F2DAC67493149820F2B18A
9AA84225E0C6D7FF9957305802D126EA3CD047FD50E45840
8CCF7DBD81D733154EB77931DADB3ECEE793A1CB50245BCF
81351FB6A524796BB6F6AB268FE1B721FF28BFCF7ACBDA1F
E4E511398A9A83944FEC8992E72B9FCBC9181DEF03BDC3BE
A7043E0A189609730D099480E8B9BA712AD51F707D832373
62E68A8E48FA9E74037358BE0C888F6962650CDA078BF80F
BABD51B2D7BC38ED335ED55BF9D1AF9AA7D7116332DEE903
9CC286F1E60503D5498E13AF68311B93CE4188738C3F94AD
5818C8C9725408441E5555343373DFABD66A94F80BF70B37
CAF85D36BF37FC2DEDA1A5618D7A07EFF419D5BE837436B9
CF0523E020394054922452B19891B316D431944BE53135A8
04F05A78109A89C2035CA6297B2EB122E358403EE49F1FCB
000000000000000000000000000000000000000000000000
000000000000000000000000000000000000000000000000
51AA38026C9511BB7B6168815DEEAD74A4340C3CFAF29A25
000000000000000000000000000000000000000000000000
84A4C0058EDF6E8C5DCEEE24CEF7C45672F61FB78372D48B
B1D5DF457CEA8DE671089B7E70B2DDE93D491D49E931C362
C8760347802713C679C76A012CC48FD8913A4B887B5ED405
8F92530577DAA0C717F06A629CD104A68F760813A061EECB
000001000001000001000001000001000001000001000001
3CDE6314FEB1748F441449F347AC812DF608E7E88991DCFD
F277996B64678276CE7DB333F64BC88222A16B73590428EF
000000000000000000000000000000000000000000000000
B533B8921851B5C6004563F50E8EA71D87DD847A58C93AE1
AAAD24D5119DF730EA6F13B948FC2797AE2093C62D6ADE58
8031CAC279A141E917D6434CC90A61E67D1272ED066EC221
000001000001000001000001000001000001000001000001
000000000000000000000000000000000000000000000000
239B77D8CCE106EE1F598BA58B88837580F537182E912422
864F33D06B90FF24CAA65269AF79A03F52CF534D257C37AC
0EC70B8E171A339622D4301705A2C8AD301F860629C94FD8
000001000001000001000001000001000001000001000001
BB13D9A784921629E631903AD2344332C2B8E28E4480C0B2
4B83BDB6EB3C6A6CC9C729CD7412FEF3AFB75FC90F79B8DE
C9532E111651330200D9DC2AF6B9397C5151619233F57C23
3666BBFF16D1B1A7D1149732518385678155702C5E8EE3FD
D13E3A34D43902391DF2C174A3D3842B30A262DD0CC369C0
D11776BCBD08D5D947BB471FC7F0FE730FACD934AC23BD1C
C9A73143B3AECE7DF782B59B2BA8E3D98FE085E6CC0C4B84
000000000000000000000000000000000000000000000000
9BC5BD863D2827689C6BA4CC4244EC5137882945F16DD480
917E04AB2616EDE7CEB30F2DEEAE7E1318524F364063037B
D3C4AAF9F2CE86D9AF2BFA6552C77A9F3C374569B485E6C5
1F375F70D71650B5A793B87D1B22A1403679AFFB7621E430
7E224395AFFA0E786B7DEF035FEE26F4FAE4E01C04EC841F
53F999BD529B724756F3FF1DB35A08F2C4304B3EA2650AFB
C2B8BA157B9B3A79985615B7E5BEB279933AC97B35DB7EAF
A26F465318931AC879EFA9D255DF888932E09D74ED037851
000001000001000001000001000001000001000001000001
8AE585D4E785815DCDFF19B4F690F9FF8C8C5E1339EC86CE
CDA2C701B6C737DF4AF8EF73820E04A88A1E86EE3C8C4525
6A07818A90C3162B2929BD20D7F41BBD80D0D0BC2957297B
000001000001000001000001000001000001000001000001
000001000001000001000001000001000001000001000001
6434877112D2575F6625D1B9FEEB90EC8F0C0119740D6DAB
000000000000000000000000000000000000000000000000
84A8E9CF4D9CF6AD7B518A569B0EE04FBDF2E8005D813343
000000000000000000000000000000000000000000000000
4CDEE0102496011BA0F1287F2159C9549361527631CEB8C8
BC7C17C7F492F2B5BCBFFC750C268A905BAD279CE32F60C9
45B8BFCBAE11CC7348652A66E973A2D83D9532F37D41F02B
D86191DCCC44E56D86896528A54CA2A2E3C877211449B1BE
EA8D8839097F4E86902D163997CD641CEDAF94990F538A63
1EBA67DC1E974E82799AAA07114EEB2E6A02A4E3D660308B
000001000001000001000001000001000001000001000001
ADE8769AD7BDD9D44235009442D27163631AF2CDF60137BE
094E0D3F0C53DC6C79EB34650A18193207FF0EDD121BE352
BB876B7D6CE5A0A177FD71580CA23861F9E04D5C411F499E
0EDF3831BCE4B465701FD35A9B51C2838DB6306D708CCCAF
6E2643A98B2C703B32561707E8379674536B57B3F09695A9
54FCB2D881025C8942C442E1F4308A2D08BCF2B07D0DD879
BCE5280BA164449529EE87F22505766911A1AE0066CA65C0
410FA0E530EF36298516587BC81F66EFC0175825139B690C
B14C665B211F42BCD833E1887187BE60DBE8DAFB8AA3A440
E5C875F86F8826DE579735D36F3FE79570CCB4D4B2476347
F188EB8DA1BECE50D8143263898D2AE4F8BABE41BBA6F4B8
8BB87E855073E85BCEF35250062B01A1617F7A0D463879F0
37A4FEEBC0DCA5676D33401B50D726F62AE7DEF7DC6960FC
68F9F69470B29E73C1F47C4B191663764577106979EA0BB5
43E62DDA9605760D81D000A130DBFCA351E6969FFF86396F
9E7BDC1C19E4840013492B39D6DE430A609B3246B50EB2B9
5EEC3678D1CD2A14727AFAB8FDEF764BCE99573549BD383B
000000000000000000000000000000000000000000000000
0943F63824611606D377FA84A2EF2C44E3381C111DFCDE5C
000000000000000000000000000000000000000000000000
28D40EE579EA44526156AA991C05B80C45A3200E10511115
34E12C55E7E2C53675A630275EEA898DAD889F455ED976CA
01C8485F26241EC2A75E0BDF17BCDF7191500C7096F27B94
B202EBC6CA66805C3EFE7CC4DB8DDD2631A06ACD4774A324
C8853FE38509AFD10A77F9A6BD84DBB6A23D76C49A509EE1
F6CE71FA43E70F2FF5C558D23F35099B00A9430C3CAA66BF
3314103BBED8951D74B955AFDDA1BB572571AE1D504E2AB7
4C797E84B2F4C28C6C0D993A7DC395434A8AE0B14F870031
64C3BB39BE4F3877D05F073A27AE3FD6055BE45F5BC23138
2A0368C9E1C6A51AAB3C94B5E9D4CB13F559CC471F95096F
7F49592624DBBAD4198C90A752ECE0BBB4468F6B1DAF2927
C62C1BD16449FB5280B78FEC7C5B54CE433A8F5845CB5237
7BD3E0DCDF487F21798F02EB8F0058B278A2903009B82FCE
FCEAAEE1027CCBC1480D6EF940A50EB43C4D2D4C784D6C11
000000000000000000000000000000000000000000000000
9279A863649ACDDF26EC457BD7568EFFAB43240E8B14C5CA
D170CAC930F0E6F6491CBCCD224BF0DAEDBFE6CCB8AD1104
000001000001000001000001000001000001000001000001
7F05B765797969C8EE140B03E965419BD84FAD49DD40A7A5
FDC024F65342BE02BF680CBC589CE7648A4D18AADAA3CD0C
3B10F5B30F8C00A617452B2678BDCA529104607136807FF5
0BA3F69B4ABC5C3BC91E389419810967A05B5DBECAA26D83
3EF82C17CEA40F3F101AE22997CFA152B82E0CF0EDB3D6B3
879B01BE486FFE1AA2166C86DEFB00998E0DF8B6AE71C956
8822F3766B50ADCC1A516E5C74F4ACB98E0BB4174F897449
50D46B7EDE14D462676B83E64437BB54A95B4585E97C6DF5
91D47E71213079E9774CDB94FAD7127C35764767827A3D38
11AAD56CAE199381EBDCC8702582C0C5180258FFDC70AB07
000001000001000001000001000001000001000001000001
049DE6F3A5B899C178F1B41EDF40A680A7B9B6E71AF2AE56
40D6262642D5A993960918D94D8E9DB19A986F214888BF06
000001000001000001000001000001000001000001000001
8DFC9DE4D8E74CE49163D300A43F568D699582389CB8284A
FCD01B4F25C929E887C711129D9555154316247B36E9E5EB
6FF7809CE63B68E4CC62F113A1F85110DAC6322C3BD51CB2
D286602AD3BBC075529350B44FA624A9068C18E465BDF620
1B83FA3D43B63F20292638DD110EC857D270A2011565D0C8
33A0819FD986B5D217C0571CEAF3E467FB5FBA698ABB1C65
AD7C014DE6FE6A4BAD4BF5821E105AA17502DACA7FE5CC5B
72C2E988DA5D8A4F0D5E2C745BB1AA407286A4342040C149
53585F7D5B36B49CA45A382F46C7DA2745CB9D027A3C605D
2A1F433D8E13967B8D6573FD74B869348BC1B91C49BBE1B6
C29440AFBB126BAAA89D564874858068B9A50B9795AE71BD
C5B15B453ECE2E99CA17B8D73892B91C9D9AA8D8F9E2AF09
29FE29F74A275F0EEAEC51299CE5CD399C92473D1EC65CF7
921BBBEABD2DC1AB16E17911EC720EA5C4E22B221684C846
4B48525D6B662B50A526EB5793751D62139F7D4ABD8AF619
D5C1952F3C56609E39366AE78D1B8EC63DA98C6E4742FE6B
60ED6815FC31DE2E326A5A5E5086785B91E112E1CCE68CE2
E9AFB235DF30EF9DDC5801B186DEC42D0A0B126CEC3BB5F0
DD21E061A4DB711A605A282692537BDD7CE589DE832FD430
3DCEF2DCF47ACEB18A40C63D4040BD52B29ED8A0FEBD03E1
EC80136C17AD047355213A06429E18522A2A5676EABD612D
4E0F67F4FBEA3923DDA0162EB46F1D7DA98378C05072020C
5F19C5257CE5D122899E24507E000BDD21998E11155B88C0
DCB0B831E593A48BE6BF3006F222C29DFE3EBBBACCDC62D6
000001000001000001000001000001000001000001000001
000000000000000000000000000000000000000000000000
09B349B41186F7D8B4B63D2EDCD55EE8C64081118C479881
000000000000000000000000000000000000000000000000
661D3E2885B1284C0E4B080150AB07D717ED53999A244F58
000000000000000000000000000000000000000000000000
F300E0D50D2CBEF1E7EA52D977EB75510BD6AB69F878070B
980DFC387ECE94B805448C8A6FEDD7B7C5037FE4E4BF5E23
493FB9291585F6D717830849671A5500D4F36BB08D34ED30
F1E959C28FDE12C22401C4317A257FA92B230C1AE2EF4888
57CB497711D819C9C7C967B7D2D6495036F8A7C835EDA6DB
B6990D23DD534852F288BF24FEC6B9B13177776B223E3492
DB40A0E44E49C3A01A1ED0B0D637F8B5777D706D19387EEA
2123E76716E776C5D475E995C311DA4B62F09671872E296F
DDB5D75AC4FFB2BCFC6666BF8C6E6386457AE8A198711512
28E6EEC8C064A1459A5A3B5E9410EA3C53B40EE7B66AF7F0
02D8E2FA47CDD9C638EEE17FC24C3E8C5E44CB1EDEBF4B86
21725E5DFFC4E3B5B5FBCF0699616CC27AFA1375EF0827A9
C5F524B7C3605D09E16C3AF9DD94737CF86D262AB09B99C0
15CE75B42E9A46DDAC831CAF91A398480D9EF10D9C2F7CF4
F427BFEA3CC8046E37DD77C0F4E4B12B5BE61CC963A3E428
D62CAB7C2AD2D49FE3D8EADDEE77329493B37E661D3BB8BA
740C7DD580331BC07A1952A3BD270FDF4009BB1A4115C5A9
D1417D38475072C1C3CE1663E6C5CFA1CAC1CD409879ED7D
AF71D7FDFFF02EF2F2C936107FE5E7C3AD44FB06E4A37E58
8089269BB19C355DC8AC533433BB042E4E7F0A0758D4FD71
915E73D7AE56DCB1BD0D5A57AC6ED2F453C540F9B47B6540
CE4D033FE2495D3D5086283E27ADF16094782113C8378268
000000000000000000000000000000000000000000000000
32F1FB36AFECA2941215DB2C8C1B74E23A15B5800A07BCEC
1DB461635A9FD4BDDF7BF61419E83A77D295B3F1C103F344
13EE1138071E4C34088CF865FC433AF60CC71485D817BCC7
7687FA603F37382C4D5185F299C3C283297A5B42FF2C280B
0C74C3134823F46D3A2CA06A0312D38386B187E88A4C351E
2228672E26FFC5EA3E86A1CE429E80792DBDA3155B0FFCFA
580028F22CD4FB5D72365E5D2A6BF7227C832D0113C0EC86
6FF644261EE1525FEC7ACA9DC79DE81A0512623EEF33CF2E
E73E7E68FC3C63D27F57EF80854C3EDC707194AA4850E08E
13C64C1E83470CC1D606D5B9F0A96938A3D370C231E6F0BA
36670CD0CAC1E162EB9E1708F11CB1FF35294D7D82E6AEF8
26ACB300FAE238B97FA1CFCAEC714D9929570613230D2B14
113C855444C40F152F6F1EA172EF409F258D99D6322AD7FE
044C83DB50D05FBA668BE9EB5F29A6EEA49643BE4C554802
B307D273938F700FC5244F4F68A690136DEE2DA36B960DAC
3BE3086E964E4C47753439D52ED942C0E117845609882B78
C194CC8656CEAF3CA7E2971248348D0E986A37CDB4D6F488
E655D90766A8DBE82B0A7229456630A39C28532215081791
3D993E3528DE6BF42B34BC2F082A6D1EA9E932684AE22DC8
142CAC32DC75BF7F89423A15C13CA64EE1AA7DC7D716AD97
72F7B313713D07217DC6D121DF7C45F3B4C6EA358C4C4A2F
B533B9BD836DDA4A139448D9669FFAE55D52D3C188B7A16D
000001000001000001000001000001000001000001000001
036A531AA69139B3E16B013745824C31DBE2F581C1527FCA
46D86DA349A08F1E9053D4F96E0B44ABD3FCCF8727FCD61B
B5F8B362931400A1523E0032F203C6A1CCFC29829828CB2E
41BCFCBF9841C1308C3C8123B19E102BFDB34985EE6E0E1A
F5422F59D174B47FBF1DAAFEF350496059F9677ED9C00163
C7148CFE5648B5E9E441E0A53C1F3E5C1726F51FBD6D946D
0E4EAF4834123E2BE213F1633ACB56B633C1011414C80E35
B0378A95E723AB4F4C8AB12291646164A92E15A2860C8242
66D31A0C9301DE4BB8537BF45C217CE0D2CDB8418C4B7F40
AB7571F5BB9E002BF25BCA833CF5AE2B49603CA4C21841A3
A08D6670473227F53B0F7B16327DE4258C5B5798612FDCC2
3ACB4B28C09D6901E5D83B560AED94DB71455CA5537E4555
3E9378E51E8AB7CEBE521DA1F4AA52C42F7EA87CD1A76F8D
ED00F4386E1741A5B1DEF059862DA5B9CCBA9B02517864D9
477BE465A8AA945BB7873B1D3FE9D05862033E925C68BB81
85718E984DCD6087535B356F8C38E920AC4B0C8761849AA4
000000000000000000000000000000000000000000000000
01617DB6AE0B50C1D0CC3ED5A36C7435AAB474078026A804
354E417D0B98EBD5C87FA4CF47314C22E3985605B5E488BA
BD832C66F6DCF6B3D82B07916153A77E6DEC9C6CA561D58D
25B74407D447B91E9FDE12EFBBA5373726734ED43504EC1C
5EC93328AF8BF17169173654A93C50628E4AA3161CE6739A
24EF1BABED0CE95D2AFC5D9457E77409A13334D7880A187D
98F62784D3566666D54E52590E40A8BC2A55664A172972B5
3CFDF262AA77A5BF88881F8F09CD566DCB46852DA96CCA13
E665DA8A84B4776FB7F841D63751B4359121876CB66C298F
9E7BEF823C6055BEA6630BD129D5DE67A8E1ED421407F22A
000000000000000000000000000000000000000000000000
BB99A2247661D6209F6167DEDC879E5116D4CBF84ECE5E40
AAE3F1960EE365315033462F1B2FA53C087C68194B35A277
02A8A80D10CF4A4F40360733D961558D3CD420DB963A9B3B
CA17214D88471606FAE7D52ACBEC18438092C2ADC4A0187D
FD0BE6693863D73D4B8869522F470C49BAABB3AFA10F82BD
029FFA5787C1385CCC50038DBDE026A2A02D267FA8E7B22B
899BEA31CBAB6D5853C7DD3CACB146B79264647C885ED4E2
000000000000000000000000000000000000000000000000
660497F4EA44BF2C222580FC5C815D43791B797214EB86C0
000001000001000001000001000001000001000001000001
80CE0A10D3FB376763967EDAA98A80A7321F3274FEBEDDBF
003EA8FCB627C8534ABBF846CAD1F89F93FBE412374FA9E5
970A511759D46ECE07862B77F5C4E55DA542740563CB90F3
7605AA088730B1F0E84179CB117A7FC33CA50739EAE8A73B
3D12BDC0500B0429E0737A429FF1AF1D1A87F665C5FF093E
000000000000000000000000000000000000000000000000
744228E4E76D3BCD5373D054E3C41C0F55A66AAE78A58034
79068F0DB8FC124023056E11402F8E949A8C7AF5239C2FA8
35B7DA941DF3030DE584FE41F43AF122957A6160C5A9EFF9
BFC4102ED8ABB541436DB56438C8AE1B2955B1510E66165A
E7DF33AA708D8338BD62C1EC6923150D221086150E6A1212
BAEBF9B70C403993F29FA2A12B5F929C30ABA93FE975B57F
3B98DC6FF1B338B321D546370CE2ABBA0ED011FE85184FFC
DD95A95DC23B7DD07BD4C408562F313E99E5C237674E813C
5064BF76B48303306D1E1132181B0661B36AEC669C3C4C79
A1349D6AD3E8747D9AFEFE6F8CA5DB867DFDB143202AC838
864FE1E8A1B6BC7ADFE225045B706C75ABAD911CE02D3A42
6EBA891FF96821B09EE61BDDAD0C3CE3578FFAD43C196CE8
3F34E7DAE759B0597FB237816A5237E683BFBC7B77B06686
1B74486C91FB19092809CE8C9C40CA0981BD936AF33D85B0
5D59915B826829BA4BDFE30B756F006AE9F3127EDF4B8BD8
A2F9B90D5CBB3B335658B2BE53AA88874C6F29E9539EA564
9C42E8EDA2032DFABB5CF033824F1EB7E233354C9A8819B2
000000000000000000000000000000000000000000000000
A5730C9CE98A826DF6898962377E50680A286618F09FA1F4
000000000000000000000000000000000000000000000000
4A9D4535476E13AFD9885DD34352DE79DF7D3373E1667B7B
B6ABC84D4EFC09DB1AD30881CC8B476AE84EAE07D5E87730
0AD44A80658CB47AA4966874360A3208D2D63715210009D4
000000000000000000000000000000000000000000000000
01A33421A1A17FB8A38086A0F185878ACE48B1016619DF2E
09D792C5DAFAC6DFBEA6B356E974873E87F46294129A0FE1
5B81F9112C3FFC49DFD0660A733A49B7A53D34CA5C14519F
000000000000000000000000000000000000000000000000
DFF9824CB252AF526A81A15900793DA76E95EFC1A4B16F10
3428D7958A884DE53247D15E5D8A14DB53D1880348389207
F562DECB78C74241E82F30971F772B2AE30561E6C3562F07
8875FE8F8F23DD5EC31FDFCE39343BD1071F470629753845
3D5578127F516BBA5672A47AD1D4D096F76067905F5817D8
51F9343FD087136A2A7463BEAFCE0D5A519F92155637A68E
5C0BBF27DFB6F4C1A0B9853FD2966A592D7717B8B22E93F0
1FB74D14A2DC57456DBD18741707527638CDA059C8E871E8
009D493432460EEC47CDD72630C29E0B2530A176AB98BC04
3867E4248E32D2B0895EC72C87CFA4BBF5CBDCF7DC2EF9D0
9F27D2A4B384DAC5A4EF5AB5E3B530741946E19DD7DE1DAF
69782C708DD5E5178E467DD6BE2EBFCA4637EE7F853B8E29
7147FB3416BC9301231B392CA06F1B714167AF04C47CC978
2CE8AFE938C368DA8D4E352F7A4FD1BA865DFD309ABECB15
000001000001000001000001000001000001000001000001
7494AC614BD8732045DB8F28C9F7FB4D015516E7EF022772
000000000000000000000000000000000000000000000000
27D28C25BD90FA3FEC4AE6F2ED103D88273FBDA14B93416E
7BEB11AC966894581C1593D879B530DB57559377D89EC3A2
C722503A4084F0E44488805BD153375C9D3C76B58B600BD1
B8A6977DBF9F4B27275A40D5B7E04B9D7980CE1A37CF52B6
2933F7980ABBE9068E21602410CAB1D3052A18F2E0C9C0CA
842CBC9BD8CBE7942ABF4A4D71CE82857A44908E0F680655
F62217C2B61F644DB251981DF1222A0B2FA36974BF3C7BCD
1E6E7ECC920EACB291960DA940D9580BB4CB2767951665F6
38330FE02456036CD5CAC0DD4541185E1CB538C60BCD2621
C247C83C1FC7B82330F2E228E6C40F7A26BCA15C26A47593
2F83ED63D3B928C87C2506C544DFACF5856EBB5A6CBB9CD8
5C04BF0AB6CAECD0CF59EAD18C52BFAC37D9375E135F99BE
91332A447EAF3D8C82709E21CAD57508AFBA463B3CAC058A
B7C4E5AF37D5354DA1F9F5D23ECEB90E3753CC3370608968
800F5E8A1EE679BEDDECF053FA7001B40DBC54FA097FB899
ABABA1C5461B4FD41BE4640CEDA6DE736FFB051B2E308790
4CC288DEC0316457984C57BBEC80824E94C993E104041F6C
99F11730A29D343BB12F8C0F783C2655C3BEB2CCE8694AE6
3084DB329B2679516BCE6ED11762D68ABDFD52BDFC894A06
2B5AF8BA694BE47C922C248BE2A13C6BF54D7CF4EC5442F2
FBC714D04EB05F510C1DC19C91842B53C8167987FCD547C0
A048AB7C8DF6FF50B61CC725B2F970005E11B06A294A46EC
A1F5C51A815673BBCA667AD8E87D072ACE812D2E81FF43B5
DBA95D6868CA1C30F6838ACB18EFCE6F3B1F94C99EFA0A92
B6C91A898E950132892B98040C4CA0177F25488639087AA1
80FD08EC4BCA347CC6A411B15D1A506ABD132B87502BE9E5
34EDBCA0E9402C02AFB27D7DA9495A6DAD0F1AAAAD90F948
546B206FF3F01B96EDBAD58C51692AE2DF6173E064E71413
A0D74EA1FAC2FE8E6FD9F189B93464C38F9A131972A00896
C1E38D423E7FD9639B65C3AEAD066988731D8675E7445749
424F28FC681549D61490B4E7822B9DB2858B345EC3137655
8DA3085DA24EB28B7D2695410089F60A9B7B5CF0C700789D
57887320A6331C4C0047D8C5EA56365064297AA130994867
37B87D61C90F9B8A7B0BECD16BC480F5703925C4BBE6C018
860CEBD920E03C4FA1B99CFD2672C107564D1899A2307C81
2798E6DFCAF03130E12531FCA8C0F6771A11D2D7348F8850
701219F75E428F3DCCAF10870C5813AD3CF846751B98ADF3
000001000001000001000001000001000001000001000001
FA43A0E38C31BFCBA9A9543E7FC61A597ABE2798DB25AE7F
6FE1386C35116DE8FCF1055C056C483A1A42275F8544F12A
E41A92C1188134FB46FED328AE95AA3196B295409265DBC7
426945E18AC931882555496149C35861B6A2ABCC55584151
100A45D17E657BD5FB30B6E47E279FC71E417A6AE86DBD88
1E25536B68F6D9AAE391862ACDCBEC793F48A36B47401684
EFD3DDB7EE356C82FED1AB0D83F02429409578384AC2328C
7B583BA92FC7CC18DF56DCD584C66DF6B54A7684670213F9
A1F7EDB92DCE8DF40FDAD3773C519A0E8C820031431AF3BA
B0E5005404B2C97247D0C5A7C93CDC3DE74DE02D6409BAD9
6CD5422D89E9D8294D5B1538CDC324B908BFD01FB92BA4C0
29125B6A891D28343B75BDBA399F0A64269F54AACB69E7D0
04CF8F78E494C66C11B668D42ED62F1D60EBF446DCCDB920
000000000000000000000000000000000000000000000000
0EBAF737DA22D6B3B635B7A5EB7110A476EE0008EDCDD8CB
814EA747316BE3C888C6770B74B83616DE6124B6456DF515
56F90921B812E9FCE9FA7EA9DA16946A597AF1671727A042
EF4BC7C38A1778D1475B25FB3D3E61C39312C1BB484B95F1
813BC1C029ABC1763CFBABF1B89EC14CB6F24655A586ED2C
A2232BCCD6DA525811EADDDBE277FC78A87B7A7F40B70B2E
2AB5E189D5FF9E4D1E97FC16AA125B6BCA0FA45BFE2EDE35
000000000000000000000000000000000000000000000000
000000000000000000000000000000000000000000000000
F3DBDFEE534761B6803BAA0DE983A3BF65572B45BC48A3C0
B867B86F89086C2D4C73EB9FA34DAF7C324EEB0F541B0906
85EEA562B94F413558B8DAD65AC82E80DC34AF58B5E6D4A4
F57049B56186B1A24A452CD3F633561258361A42FED06530
8E9FBD11F1951EE6B9F208CA1D28EF11E3D7F6F4E0E711C4
2AA315BF8C66457BB3FDFD314EE63339B40189542711EFA1
000000000000000000000000000000000000000000000000
1578E6750988E6A6AF79755C79A964A19FDB19948AC62B9D
2CA5BB7A09B49883D73743B1A09B198383D23C42DDF673FF
C3367471F433383C0A5C215FB015BAD37E0DD34128AD5A42
C615661D50DDC26471462278E89FEE66FF7CA468924A4EE9
000000000000000000000000000000000000000000000000
000001000001000001000001000001000001000001000001
3EDC161E25F7E62845B407C93F630E72CC504FFF46F34FEB
57A4E6FC28CB0762AB904DB1F8739F109723B932ED33F770
F3B80F4BBF494B0B1365B25ED7E36329A8EC00305D16A04A
48275531B2C3EA9529CB452045E29C850D5E02F11414C415
23600D893AED6C6A3E7A1ACC6D9A70C58DCE193A1BD90A1F
ADB0178CFFAC11AA70DAD0C62DC2F9BF001F5132E77558B2
F98CC2D54869947D01B5E82555359A71F3221AB57A222A9A
F578E13CA94C69CE12AC119EC0CF5EF0A9EDEB19A6220681
DE735C7ACFF4F32F20DEA83875CA838B1AD2EC9FF9B4EB7E
F0DFA1648620E4A220E4C1C597E8B0C806B7DF070A06F7AC
58DABD4E50C7FE4A935ABE6C328DE922FCC7C2721C710D94
530A7616A44F58CBCC27957E900652AFCFBD3048A6C021C2
000000000000000000000000000000000000000000000000
00549695785044AE2BB52E9C874EFB67719E94747125029B
FEF3D039988EFF19DB323E8398EFFBE288302C22F87BDE65
6553C9CEEE4D7B264F615E9F37CBA55D0722D618865A180C
5D4104249E198C4ACBA5ADA565BCABDA7E668E3EEA4D76B1
F289397A150F56220CBDFB222599A0E47E6B522C60EDADEC
4D23843B96674FF74914D06B0D5F6F87B8A99E3DD54126B7
ED640E3C40CBE393D225DD797218F709A34B7705FFBFF6B0
69681FCE2C508027DA77FEC28A5124FE7462CED9A2D21F7C
000000000000000000000000000000000000000000000000
0E443F32FCB3F0AAE0D20433CC760681136A1FBC8D7789F8
41679677EF8E2169BCA3E8FD8CFCB34224A09C17A08D37B5
F22C6F1ED9AC053837FFFEED4ECF100B4F8CA3A263B348B9
B44E0F1AA8E1DA5A4C1CD2210E21D183583EFCD6B0A67621
000001000001000001000001000001000001000001000001
733C9CC22718752CAD7B6166F8D46B205C51F6D53B084B65
A27C5A1A2D6D85705B1AE3ECEBC1C1E842260D3A5C6438B4
A175E9598EEB0AB287E809D7659A4CE1B20FF0478E13C07F
F4B38600D2CCBE9D8F16C48403DBBDA2D10AE58173773FDA
8D3105718716A178CB8A2C4F80B2AE698625232BD7CBBDAC
3EF95CE6D7DB62C98E32AB1DDC120A7BC634969483E00AC6
D1C2214F5542AAEE18B3C2DA60D23EA1BEFE855A736987E3
051F9E01AF404844F8A140FAFB6AF43097C08B131CF65255
D1DCB9AF63938B2849BCE5D360D13B416C755D993AFBA036
000000000000000000000000000000000000000000000000
01720F61F16C425AB32740B4ECC149F26C42ECF33EF99958
F294B24CF5EE44213CC8BBE06E46FCD978BEBA8ACCEE8791
162DDD051BA35B922DB6790314F7FF230F4310DAAFB3C566
E35887D39D32E0349DF902B14AD42DBFB11A26316A020ADE
8B468180D499CA4DB495EA14224C28A874EAACBE29230376
000000000000000000000000000000000000000000000000
3D89172F95413FE42C85477CBF2D68C846DBCF621A6473DA
4529066D0C280742C19A8E9EB852B0025F54DCF760E34AF1
6F90287456972265F21435FFB08030D5DC1DF3C3A1742996
E49501B9ADE4D9B0CEE91745FCA4B65FE71AB104172DB7F4
F19298328EBC4992A89626030F62200EA546CF0B9339BF05
A672D9DC43827DA8F52C8404FAAE585DB1DF174FEA69FCFA
E37C726D916C1FEA6177F480419A371B036790BB0A3E7F06
41CE36A0B571F99C9FD4AB657802F40F9A739232E2E9C21A
BE1BCF7C02BA007FF1D197E90699400C1ADAECD2926EE05E
61AD09C13D649EF703E132DDE1E28DF50BEA87BB76BBED1B
CF7C5C1860F3054FFF2C6A30EE164013BAAC4933C186662F
90B01EFE17FA26D51F8A7B7FCE5592595964A5761ADAAC62
000000000000000000000000000000000000000000000000
725739D938143E8F5230B1EA70CF5E3CE9775D31840498C5
4FA38C0F5AC693551196C46D2EEA4DA615407247704419D4
404BF2F114DDAC18AF592047B535E369F9F334BBB8836CD0
B348D782E215CC2B3B190BF3F4587595F6152833946D81AC
000000000000000000000000000000000000000000000000
31A08E90E6684F9C2A74FB042AB4271F89B06E4E700660C6
021B408E19B1FE02762FAD367C0E3B70480E8756103E8611
5EFBB823AB85AF60519619AA902803EDDC52A44E908BF292
D1027D261C7CF8745A2F0F6F926C3653921656CB585244EC
A7235CA305A489DCEEFE2DBA0BF1B6DE03EE0F3057777396
F774C93AC7D23FDB703C81C731454EF08BC18137E5450791
28F54A42BC808820FF0037108A9BF77EC0A933702D4D30EE
5576927AE3AED7139BBE859F5F8E1468C6F967872C6B8BB1
01B7731679F5FAA1023431331E85AB76698D03007C168D2C
A705D72BFCA12835DD5D94E2CC65F27107C195CF3720D904
729CE406D3DAD4C6694BCDF787C00DFAB98EF3E83BC10DF8
EF8767FB74982A39DF6CAEFA248728FB758D533848785836
BD631B24E40BC1BA012400E12AB1FCA3E67DE3ED68480657
51E07D4B691B8C820CBB3F811D933D6251035A5DA216B4BA
AC091603623D0A7C020AA825D4DA9B1767120EDC2EB10C25
4E8B2003820A9CA21DB8744F6E2361F1696755EB67AC1EB2
1A1BFBB238262D8C6067AA8C4540C49F7FFBFB213F5116EE
495C2A3DAFEB0D4F581D4C8CF8610719EF32ED17D5067C7F
10B321E654BEF8EB2A7DF00FA0F0F83166DC146B163D24DB
A15F3190D3D63B132929DFB476AC4650AA37A0965C9084FD
D6913A0EDD5208104C40393C63E46DAFC326DA801E01A443
D426E725591624A0BCD548636014B1E1431E4C0BF55BB4E3
F272EAD25372A6092BEA4BE12657735335C52505ACA149DE
000000000000000000000000000000000000000000000000
1C294DD58AA3ECAC8B29FE4C42CFFBF9AB0B506180B9028F
1B44B505FE23A6748DD9CC94C6A592890896EBFC56519EA1
320A7D6B5881523AD9B3AE6C4C57660D4952ECBD3DD7E52A
7605E0385D2E5D80196E9879DE13142B6437E57B69EC87B7
7CC493C99A777E424A7A49B93BDB5725C203CC8089ADCF77
6E4C8EF7B6AEB11B0053A9CD05BB9D177FA96A9CEB8E6D97
000000000000000000000000000000000000000000000000
B77E408F15DECFDEA736194E322AF6AF395C802F6162D632
AA800268B466F5ACD2658369549FBA921E2739C406B0EE7C
A209C5D4BE3B4386F62EA13501A3F669EA105D3C557CCC16
FCA389C83F6B7688CE28F9439015A46E83B4A94C3E365660
19F03D76ED8B4250C0F261C1E832D5B0AE27CC40255AAC4D
B0FA93614F33205005752C4F66BB6ECFF3B4F931B298FBB6
BDC4F863A352CE85DAA173BD3C8C9B0069E0089C9B84A8AF
03CE7CE75F27A4EC35B9B7FF701D2FD5EA37B13EC50A841C
1A5ECDC135FA56F18D7DDF36F1FF541D752DCCFAD353D716
8D91488A7DB7F2C7066558315F410C084630FD6459EB4B4C
96E9FB0D52E01954792689F2BF9901A6339392A34B99904F
EB934FFC0A0731F0DC08147E6981DC837E3CD7D01A9B2ED6
000000000000000000000000000000000000000000000000
3058A6A8FF85BF323B7C9BEAEB8246AFECFAD6D0577CC9F4
C09D0C08B49F901A18F6F43DD11C4DBF67F59208718DE560
82985C1C8749C607D1D28C3DAF9E0C13A44EBE9B793A00B6
BF01F292822AA5B19551A13CF8E2062FAF107811A9CDA915
000000000000000000000000000000000000000000000000
819864D4F4889FC9E331A67AB3E567BE67D4586C1F498917
67C68E47B00FF79BC32029A4FAA12C19C506D9C5BB247E9D
08C29052B5D41EC7D07E57569988B558A3EAE49F5C800124
D8ABD7E6CEFB69ABBB789FC7800617380AF7426AF7146B67
D08CA0FB1D3456DEDC5D72D332BEE9291968CC8515360B13
74FE0F80F3092EF1323D5664C8470D1815C2F90436DF8713
000000000000000000000000000000000000000000000000
000000000000000000000000000000000000000000000000
422E762F5518EA65BF1180FCF3806955CAAD7D034473EB1F
9A33DF393304E3D4015D5CF5FA7361674B0175BD9BEA55B4
D6E416BB58EFC7139EBC88483E889423AADDE288FC9A8292
C2F35766AB6C35576580C91482E39307AFD6C5F4FE92058C
1B693E154BCFEC067D3BB28C4863D0CDA8D326DA96993B07
9E8D5BC86927AC3DDAE063E32BCE2128438AA7EE511AC8BD
D88BEBC533A19319D67CFCB3D6D42C2D55743491AB768E8B
AD19B7B56909E495E2116BBD52B16D979A398BAAA4745E51
F4322A4CCAB5FE5B20BC689BC2F548AABB44EB2BF1C2C88E
8BE140C27BC8DE981723721297306A7550441ADAB806C010
63CBBDB70EE7330972343051A79CA7476E26D8F2296974CB
6F6FCF0EC7EF9C5F8E99FBA1EAA4A1FD43DC59889594E18E
3C80054A25098385BB214AF976681A3CF7E5F39478D072A4
7F77257535BE75954E8892AC28392D45159B7F2CDA834877
000000000000000000000000000000000000000000000000
3A3B07E0ECF967137DF85ABAB676189051DC64E2652D1BA4
C48721D6564D00C8AC4916C1DA69D2E01732273B90978B27
C541487C45C2CA9665C918B32F5ED78B8F3108C43FDF848F
000000000000000000000000000000000000000000000000
1DA0B1C04D87A334911353C6E71BBC8C0E086B4845EEE5F6
5FDC31012497370C108C15990C8E91D1D29E26D62B4FF2F4
000000000000000000000000000000000000000000000000
5D819306E9E3FFDA27764C9352C2B9586157DA4029D1078F
FDE532E2C93104E6F0F3D1A403925C5D307285D2AB602355
000000000000000000000000000000000000000000000000
5FE1630D2C4523F180F487298DF713BD6CD739FBB11AC2B3
AE2616BF19FA837CFA89AC349D780CECE34A21DD4F8676E4
823833F9FB55EF14E0884BE4BB705DB20F541697C3FBABFA
2B4BB5EC4BEF4D659E72AC7F5FF0936A8626C7A6B4F494A1
9D7119E4E33BB7B49168F64CB9733E0907796BC3623A4872
ECB0306B9C5F71256CF5DC6955FC0396040C0845D672DB89
D47D2F4468091A0F844422CF4FC74A40DC9C80D85D25C531
8F6893B7ACEAB31E6DCF3DF8E88FD151EDEF5AD9ED8A09C8
3D3B23B8023A7517C10FAC29CE67020B203F3DDFA99D9D20
000001000001000001000001000001000001000001000001
D203CF3C6EC39D5E61E2EF58D6C58C82DD54426E00E3C0DD
87ED5408971138845289316EDF2781442D3CFFAF3C5AC7F5
B459C4A5E2EAE976304AA1FB764C389753D0A84F867C6D15
E5F4CCE4FC13D3C65148C29EAD5DB76EE040A4DD62C5A984
FFD0750CADF3FC11225CB6E51576FE62365ACE05892FAAF6
177AFCDA2C2A9C9AA58BEE88FCC6E01B0A4C56FFB16C6BFB
000001000001000001000001000001000001000001000001
447A78BDE674A5FAC24301A6294C5819E405E24B141A7C67
7B4DCBEE2F4B39E8D333F4D98E445828376CFD30EEEFA5E9
000000000000000000000000000000000000000000000000
F24B38855A3D965C63F72D7B2E6B371175F3B88D0F11968D
61647D646F55251FF1EFC50B03EB397D80BE92006D139FBA
E1BE493F9DAC08239F69AE596103925C8163DCD3B82BDDCB
838E68C217A95D4F8A3BDD75F747698BD8B3D79FCFEC53C0
78F0BBDBF0F695F68F93702AF965664F3F232447FFE854B8
BD0C0F7F0711D6883308357CDD0EDB099FB1C68FBB7360CC
205D794F8435390B0A8B77E1BD1FD0E9A9FFF6DA1C8BCC1C
49222F13A93A79991F0625CB9C6FEB7BD96EB72CE1E80963
D2B61CC8728FFA4222B54F0CB9E2B63F2A1FD601DFC155CC
F438189AA4B756C85D300C6E3A2E327A420E312E6DA892E2
2B1EB9B4033B2E4510620F3AC71F874D6F3AEA9B51AEF80E
1828AB6EA32DA852FEEE0570F6D1DC78908408CF9D2972CE
77885D4BFE77B7DBA5BC5B7ED615C44D47390A514D201B69
1EF3523962A7371ABCE1A33B736F42FF9E21F07B2510CC17
548441F779EB1BB267540426B4CA46602529E90E5FDA3F2E
F5FF4D876E022923A0EEE778D205F0EF0B60283DFA091CBA
5B4CB526FF593312954B912F114167831700DC7DF90FD401
DE7B3C9CFA87DDBE3CFBE8AE0A10F548FF42E2F968FAFD10
000000000000000000000000000000000000000000000000
40364402237C4D4550B14D5C06392F9D0FFFAED43CD9039F
2369B161878362F44D677A4BC21FD92433CE3FA8D34159F0
8060194EF291E3AD99781B0D468AA9C769B5895D208790FA
E204838CECFE969FF867AC391407431A11F64929BEF3F82D
CB0B920B4431B2613D1A8AE64768DB49CB781D9D579BC028
6FCB33C3D964DEEA962DEDAFD6048A65E569EAD383E3AE31
59D1FC648C878C2DC08B9D8575388E2FD7A3F648527CAFEA
6D1BF10CDC9C96FE5D17B4B7FF26F94BA86681CDD757D2C8
A77E89CAE16EEA86877160EF96C24AF988B2EF87431A9C04
19890AFA260F38DC65EE299CDDD463F09E43300ABED8E650
8CC15433F75FC64967033B6A515417DD3F4E8017830975EF
D80763A191AFE86CD684A85DC3C5E399930514B94CEB0B59
CF9701D06B8D0A1C9D7FF43F7491F7A397B34139F703254D
4FE1B2E1F5268BF155629FD8E96B00E0A89376CF0FF84A04
FB2BED7CC072652D4F9DB9B39861289E6B4B9B9FA3A8C57F
000001000001000001000001000001000001000001000001
EAF9716EEE4B33465F3592EB1DB5ACB21F36D35E05C574C1
85678D0478537905F2DBD407D5C50931B4276A19A4693479
45D856609349BBCDB97413E50276FD12E3234DAD02C67D46
AE5C1D94A7D9F05D7909672DB15A5299FB602F39F2CDFAC7
484E920E6A7D2AE08B9B7AB9DB673634D5E7ABCBD4A271C8
FFF4D8249CA5107EEE37F2359CE81FA4BDE3008B6289FEA8
4CBE96D46FA24ADD848FD830DE090D23DB16807F29C1F4A9
ECDD40E65283C29AB8515F4C58AC9C16ADB466D46E401074
000000000000000000000000000000000000000000000000
000001000001000001000001000001000001000001000001
7AA592854580F7B9887EB558E636E1E8A3FB9105063915DD
1DF683D72BF17581EF566AFBC844C8B28102563E58A469D8
F1AE10A2E36C00DE65E1E6C349DB62D9B2BE4FC76454C4A7
B763C3934C7A74178D9443550AD5E79688BBF42A4B5E4B52
2429B2F18F2C2FC504A3D2D03BCB9E1C722AFB4B1B3312A2
57272938B7C889D92D4A3AD5C0256A392793D332755740C6
6C73352156B41DACB7D7A44E9CCCEBCCE2C92E8DBB0F1767
5DC55124D4EBDAFF8A2FA92D75AA0564825DD5BF30C79460
2FEE9268B65A77270D549BDDA62F0D7DAE3A4F04F91B1B18
FDB58166387021A916FF5A573AAC75DA790AEEAC95342FEA
30BAACCD91D85080C6853B948A874C24178F56166E4718DE
8D12B4E467F43F735ADEB701DC80ABAE001384290BA14252
8DED107C9D7A492FB006DE5131A2477D57BD0EA4F4739C17
7BE70CE303E4CCF8354B1CC49FDAE037F2EECD59B86EF580
E8958346719328BCA752E2AC713AC098A12B8184C2198113
000000000000000000000000000000000000000000000000
9080744ABD6F3CEF0C7C89250FE097336399675A5163F1DD
960A148C8C3CC01E3150BEB9F77E02FCBC1D9DF425ECABEB
2281DE001AFD92D848D7D67B4B6178757B73344C475096F1
C0E5609B30DAA0E324110ECDFEB74F32D75D7B03889773D7
236897FFDAC6F2F53750DF45CFB51AD5DCAD6C2A08D7F337
DDD98FFEB284C99F8A0728413811398C93FB481651E1CD9C
000000000000000000000000000000000000000000000000
6420B40C63CFCF0A643E86EF056CF61F61668000A69E5CA9
4B42C5B31A122E8A7B1F28EE8B739914041F78EBE4022BEB
3B5E677C83D2B1B4B56704E577E3F72BB2CBA8B0751F3757
EE6C8CB7B08D0533C918EDD01CC11E19449E1997EFB8FAA7
78C8602F43DD658554DC8CF39D2B89A6C2F942BF0ACF283D
80F019F60E151EC3A7720D8FCBF642A6247BC7AFB0C71793
171EF3C41883A1438C1563F268660EA01EFADEE300DCCE17
634998985D775CFF53799FFBCE8AF5B1B487FB8FA33980A4
B0EA8FB90FE5AD76643F7F6DB5B1EB28175CDF59CBCC28D0
96CD887BB9B6E62139E622A691E32825FD5E29D4F44935FA
98186CD87386B537403A4E815E3873CE8EDFC3C290A8E2E2
C4757FA6E2C948B957431FAECF613DA35B0F7A5260116DEC
D777F95E5926C70A1F3EC4557E3B6C16FC4881450DA3E0F8
B0087B93BB0CF47FB8404E726ABC9829422B29227411484D
559A7949168AD3CF15CC35D0D7C076395AB4BB72B83DB61A
8EDB8453304F2814E3F361221FF1DB5726135C9BA7A33CC4
0E17F9EC457DFA6C004E4238119A720F80695B6E0F5DD876
04D50F4AADF7D43432F4EFF8FB09E657E34997C26040E813
1230830560CB0380A18BD71C6AEF26E9A945CC58F9992DEE
000001000001000001000001000001000001000001000001
84D970258B20698DEFDBC9F7B44BFC089FD40C322CB808DC
0A64A1CC5BBF6F6A4578F6270D7EB86F2E1AC3C7838D32F2
000000000000000000000000000000000000000000000000
0F379D7CE52EDADC38E9198298921A328EFB5494D502C8AB
173F53D9530C5F9CAFD1250E79921FC5BB28FADCE057176E
626B1FCF59326AD4A264B7BBD4C43F5DFD13A7476A73C85E
7A7CCB02043E8BC4785BF6858A39F1C07FD49FCF1701A96C
F36F5873281D23B52EC39BA8E85E639AB1074D0B8B707EF9
FE2EF92DDCBC2F2C9421C10A1215B000D96AC1888002A91C
98E1F27F597478D00BF7D48FE4F74B0BB63A47DF35A7ED3C
000000000000000000000000000000000000000000000000
C33450EACF259C57F16AF485D685F15ED8098FE318E2319F
FC1855834471BE28D56E95C01ED877CD3BC5E8D702B0AEA5
7DDDBDAEB69DA4D1D61A450A5456F6DBCECAB4D7ECB96F55
088F0F7D8B1AB7A2506791CF95A369C204AD05B489B20101
000001000001000001000001000001000001000001000001
7A7E7F88A63B2FB9F9C6B01E89143F3E2029EACC3702514A
CE46735D4760A199755AB9ED63A21CEA2EA7AD0C14815CAB
AB29528D8456F293B6448CDAE667D25DA356EDA3B1CE5A67
1EAA9435CF698B5627BA3C1F8905063383FCF8C29200CA8C
9C9A3F2FCF4443BEA59CB7D81831F23FEA555DE7F86B8A18
23A578C770EB65BBB78ABC24073F91037E1F797C9A52B170
000000000000000000000000000000000000000000000000
A4434737F86377410A998C5ADB5A2D3691F6504B78B97D50
A1222FB5D617E84BF97E85F79ECFBC0443D417C1ED71A24D
000000000000000000000000000000000000000000000000
AFF922FB9558B3B93B151EC301C90F67401FC4CC24272F11
F78BF065C42CB0D6B17721875FD4AC74E4DE5DC7240C8AFC
50E4B609F91262F631B303F5AB52AC359513D32633ABC556
0FD0D736C92AB566D3918A59A7B72C16051E786591073453
847D70CCED62CAC82E1E317F8D3ECBD32516A22E4570111D
CE54FA4C62B35804B62CEEBD500673E1151E982259A617E9
9298F66A3A7E5D39BE4ED2544D286AC29A8453623D34A98C
040E5675E8BCC272FE7322A7978D6CABA8E2F827E1C5DF88
619789EE7AECF060AE43FE40D635FF1A7BC20CE69840AFC7
C18908B888E153283F7F63F27FE83FAF235D914DF76CB31F
CA43D14D89E4CBF13E5383708E36C85342FE53E5F6C0323B
000000000000000000000000000000000000000000000000
B003A156067B4116A235C4E555D2715102A5C3DE7E709777
000000000000000000000000000000000000000000000000
A361B497F6B491E8112328ECAB5FEA187041D6ADBD6FB600
721860F524DC949A8756015542EE4A98F7BF2DAF0F88C9B6
912F5A009A65AD592144A71B8E657518514F4E1ECC89BAE1
21F6799458048F0BDC135DE3555C9E1245C528B771C1F368
6540D39DE8AFAD2B1F8F7521DF80F63A9A667ACD2E8DAC74
915796B9902B717BF7C772F9CAE3E13A2929DC8E80688791
9E586E05DDDD19880D99EA2725654752F613530845434E06
A5078FA477C39800BF8CCFAED842AB96E9B81597676BD9ED
0D2437F7C64EFA00968AD0F0949EBBD0A9DB7147A7148C46
43D1884A7F62D341A27CB066048BB3145E722CF0D32EB777
D955D3788A2612E51805F932DD738585C5F13FE251A227FB
B2D977771FAFD39CA262A5FCC17B8ACABC207A6541523FBB
000000000000000000000000000000000000000000000000
4E3D8AA502C9F0B1FF010071497554644968EE83F9E0D8A5
000000000000000000000000000000000000000000000000
000000000000000000000000000000000000000000000000
000000000000000000000000000000000000000000000000
AC36BFB41F8ACA054A665E7462CF597787C5D7CAA6325AA8
59C9F9441D0DC52F9F80D97521F43619FD495ECB0D6D11F5
BDA20BFF30E99858A936CF17DC8589FF77C28245A589AB5D
1DA3E3DEDD30097D8DA5BE2203254179D2B64F403CFC334D
000000000000000000000000000000000000000000000000
B6C41A29DF53CEEB1C94E31F01A06B5D7247499B0615ACE3
8BFD1E7DF0C41E3E0CCA868713729C8E8992533D8E35F5B2
1BA806F98F83FB5FACD26620F7E903B3A1C8448E6EFB2641
FC6203FE9A2378779D8794F27ABB19D3D9B8AAC1262D60E6
8D2356856E7315A8FCD164D59C443E432C7932A250580828
35AF23338433DF649306F39C5E19F78A51367433057A0FFB
DE774250FFCED8BAE42D76DA4F6287BB98273C5927F40C55
DC9DD227CE3AB566BC63CFBCDCF2D0D113EDAB76618AF691
5244BA4F49A5D4D69F0D3AAF47CA263D542F38CBCB7A6BC6
C7B2899FF0D9D0D68218E181D6C1C92FDF7C5CBE9BFB5068
291983BF511D73050F55F1F96D2A56DF338DC7FF49531698
A8164F02DD5A78843000A1647D80201727DB36B31E61D7DB
B25EDFFD710C046A3DDB734A30F39F2924A5AB2A17BE3FEF
75E40E0283E9C4EB4B87EFCC0C344DE2E0CA6B8F2A3CC472
831416288A525375DCC9272B546F50688B148724B3218211
BD0D80EDB004905DFE7DE0778E59D43A148CA1F95569FF56
0F4E8704F1F646AFE30730D9C811F7D5DAF26646D16BBFFB
FD49434D75BDE305241D45D639A4680300C08475E9B49B30
95C75CFBEE09F53CE47A993DD3AF410C738D7539C6A8E7AB
5CCD44630FD0FEDE796E625B30997CCA5FA2D6A5B8109A4F
FE9C0172582684321A0CBEC9024097A8129BE21AFECB7407
1C9BDB906E7A4C396DD93BF58CDC2F18FC28C542532FBAC8
000001000001000001000001000001000001000001000001
6F2235E79988AA4A640769E98C9B40661649E534D3D0397F
B05ED89C1912998EAE7B719CDC452F10744803B14FE18F89
F21B012F1CAF6650854AC957D723335739BD27A7D3BD87EE
74E4222F16468110836A1ECA9772C281B7D14868ADB8C386
CC1B4352914D7B298FF33833102681F6EB5C7CCB93BB57E9
73AF4E76B512B5D89695961DAFCC8546B6CB5E9A29BF0503
8C4E932D2543CBC77A47FC119E6A7A098C45A0E73FBDF61D
89382993DCC48A9A75B30EEA833B40925E2C3342CA668442
E9C38789CDFE19A9F93FF33EC50BBCBD5EF375444A8D3781
370BC4FDA86734B86C85373F4383FF6390E994C16ABDFE15
85CE90F1A34385BA67F672AE61A148A9F267DAD9D8986B1C
B245FD8AC9EBB429CD6CFB907964C2D9F857A56029DA85DB
BC5D832F9F9EDFDC53AE5FFBB6057902425E8A61CE356C65
000000000000000000000000000000000000000000000000
34B00CB39AC9483549E2A2943AE471549B597C7FFA781A96
000001000001000001000001000001000001000001000001
2D82310437F66FCACC3543D9BA0C0A4C29B9572F5564854B
F060FA1AA703A280AEB1349A8D39A202EA9BFE8830BB8302
156CCE57AF4681B22F62FA8A1D38CDE497AC0CD4DB14C7FB
21F34049D351CDFD8F22241136108B4D3BA0F86AF45747AA
9175B901C30FB43AE12FC8A29B365CC395829D9C26CB807D
000000000000000000000000000000000000000000000000
DADD4DFE1C3161199A36954D9051358D0900720274674F44
6D92F60169C93AD03B11811C54FD4D2B74517D856510C11A
98408BF51B7F5191629A1B4D7474BD30FE3230E6F8E1E7BE
BD8D73F8C11B4F3DB89908D9CA04B7C4EC5817E48F5BB804
88DB32E662D4A5FF735E13A3A65D5D952FDDBFF3BCA99705
000001000001000001000001000001000001000001000001
3B5E45250EDDF536C2850B5291477663D750E63E3D5C9CE9
52C88A5C9D5E8097A7640CDA382D736A9087C3B5178466D9
3C841751632CF87D342A2EE856713AD7AB8EE01A88FC127C
B9CA316FFC04E5482311732D292D6958EA29A756DE6A1B41
000001000001000001000001000001000001000001000001
73CE4D46F2AAADE48254BEB6369585592FF79841EA6870CF
A30BEA81E23588F529B296E0DCCECDE4ED4F8A14E5F5DF4A
7A94471B1628B5D3AA0E2E2144C463D16CB6B0D0CB1D5FDE
E69CEACCB181AD298C63EAD99A12D50744D81AFFBBAB4C2B
8F72E8DCA230015F2CDAD015A685F7B0D2E5789D93F1A675
6F83B004C59108D4B3050E7DE9EA80425758D53177AD402B
352F659FC3E8333466B921CE29ED723C0D0F65B863DBF252
000000000000000000000000000000000000000000000000
7A3CED93D221690A710AB6728466084F965353E1C67333A8
75816D5B63A14FB9362DAB73AC0496B18E9139004D8C4BEA
4E0BEB5D2D7F06BDC364685A2148EB5D42371CFD9EDCBFCF
AF6DF0B372F586247FB4FFEC678FD79A0207246B20229B0C
000001000001000001000001000001000001000001000001
EA64481FDB73A81C8A2E31C29D79C82415DA10230BFE6BCA
81B4A24E6CC0A4F0B399B06BF31E15836915D9CCD9B2E7AE
CB69E18F81918F14E6D6E9DF1F3248C498735932B43F454C
DC9EC586814D6804F52EC6C39F89F741D646AAB7C956620D
85A079E54C96AA1B766CDCEBD2146580CF8C082D535286D9
000000000000000000000000000000000000000000000000
7F91A73147523376167407141FDE933B53CB5C0CADB250CB
4294BEF6CB7E9A9A852C8E97ABDADA207C9ACF8C59A72702
000000000000000000000000000000000000000000000000
000001000001000001000001000001000001000001000001
1D7FF08F6E11B230F86969677741D2DF021595CD4205900C
B9C984C1A032902C9954DA2A47F349A669E528E66C59F72B
60BE69BBEFDB21618395820D38B7D5D610CC8AB4FFBDF150
AB920CF5B72B469743520DAF8C034947586BF6B81F1B99EC
6AD5BB5BEF3B5249559FC91D3005153E2FBCBE0C72CE07F0
A29E62AAB7C0DAB778DC3CABBB4A56E97EEFEC28DBBC6F43
DB1CC2456B38575524E1182DE989A6B1DFE87BE4802BDAFF
8885B05922B41999B5E97FFAC0C0E2D5B5ECCF7E22EF68AE
0BD1BEE538C0B1F21C59C1F80265A0252E27DD4B6B734936
4564861F0117030554FF75A25A91CCD6523D332CCEB4CD11
8EA61B3D71D88070670D64F748232AB772D73B2EBE0EB50F
000000000000000000000000000000000000000000000000
679CB87EA8141A5315B569DF83C34A4086BE06113D3FA044
E8DF5101012A63619B763DDCC34D1D7573805FEF1A94CA8B
4FA3C9CCE2B40975D93D032A7BBC916AB6FC74C748A4C9CE
4EDD3765C0AD8306A5D4DFF6FB4AFE9DC3F614F3C10FAE34
CBAB6B2C5AF86E5A279A553F9CC9BA1809CE4C7610F20E73
5510B16F9F8C89058D096F52918CB5881955ADE325D5D5D3
7546280D3214BFA44827308B60256D0013D9C61A2C6C7C93
000001000001000001000001000001000001000001000001
772BA0CED2A81E1A367D6E901FE20462A4DB8746602B32F1
60B276A878CA654A2E54296973A2B09F962F24866AB5361B
000000000000000000000000000000000000000000000000
AF1756711FF12239C688D384CE35C106CE4A11DDD37FA12E
439771006AA2AAE8D012AA531470D9D3B82A54D64CC18A50
C34AC4116CC69C6094F06F6CFF875FA3B32B9323AFEEA6FF
F23A4733123211CF1478D19E4A1954B2A15CC42CDF51AEE6
8240F6CA4DB9AD463FD06078ACAFC806372B5EB5BC204F66
CD9C5C2F3FE6387BF6763987BE595DF2A491230FA9F53B92
211675098C0D14EE956890583ACB919F6DF586B1BCDF4ABD
FC96E5CA630D7DC8ACAD17541988F5733E5DA44B43BF6A91
1CEFFFC1AED3747AE2BFD9E4D1392C0D9B3257EE4F80A6F1
52A8A74FBE2AEC05258F053029916ADA913B6CEFB52D3C01
BE57B346503002EB96DCCC30D800D9226F08ADE5EC6466E0
181B8C4C7EEEDB1BBEA0EBBD5F46ACCB7BAD399D498E1EFA
385DD19B1FE35E68DB3EBB3978189D56D6DD354D2F4C840E
21D83E3C2FC4F277B6FCE7F385319035B31D0308F6EE92B8
D3BE75A98DF2B9B3D6F93ADFCF6DC9EA8FB8D5A495758538
905CA3B9CD5E28F7A0ED3F3BAE0566A4CE7C2C398B3436E1
B427712B36F522A4B9B4042F8912D6802FC780F895037BAF
4BFBB41EED18CB0F25180CC663838637F0EAFFD1F29A297B
000001000001000001000001000001000001000001000001
000001000001000001000001000001000001000001000001
BCD451D6F0E585D848E7A1DADA4DE365EA16999626A4B139
D663347486FF84DB72FCADD6DB307AD8435535B725730D8A
41E8319E48A7A22576BEDE8A67CC9EC686911DD87F3DB449
B938661467DC2BD1806435691088D9F14824C0A349B03169
86DAA407930A48991C01E0BFAC6FE4EA0668E76E49AE890E
000000000000000000000000000000000000000000000000
B86908D464B8467C7C2FDA02F51BBE0618598881F6EBE2D5
88764CD942439EFFCCC6D5ED1512F36BFA3FD0F052871314
C51A169C202B92A06095ED3EFFD67AA1B51761938751F50F
0546617E2303DAE5158477D2CF95B9B15C25320EA46C7910
F8E85C270582E1ACEF04FB69656400827EF0B77BF4AA148B
E60351F72265DD81554AC0E50BADA80123EEB7EC7BD49833
97EF1188501B52B1DEB5D3DDBF08D8B9BD92A82A16F96517
1F293210A8C52604D4CA42360F5178206A9F724E7D618BE3
000001000001000001000001000001000001000001000001
21D03B609A8DDA17E7EA52E23360AF23F72DFCDA18B56194
000001000001000001000001000001000001000001000001
64DBF3D7CAC625188F3A081A76E4E850A840D6856AE64573
000000000000000000000000000000000000000000000000
6392CE248CED0747AD8D901A4EEE1E009CA3BCAFDDDD1338
C860401E90F44BCBE1EFF29D81AB3C2BE7F890670A08B3DA
3CA7E04B58E4F66F99DA1EF9694FA83BAB43FD06A23CA2B7
7EE63A5532D41A5416332A07B030C7A0C4D5E4A5F03C7CF2
9181AA98F3A322C181A37BC0E2605482C184F100EBC48F43
AE0256260FF1F898DB2D253FB1D4333CBBFA1C8567959C1D
16A4C448E7F0F0CBAF194B77E6E04FA603932AA9F04B0087
88771C58D71E3F5E0D79E7AED6F3783C1AE6C07C56ECB4B6
64A04A196F4E4F79046A43EA2D6B20DE1D47B9710513803E
000001000001000001000001000001000001000001000001
1F85E0AF6A416A44C4CF2222A1ACBFC05FB7FC8029707527
000000000000000000000000000000000000000000000000
C55492CBC3BF95E4CBAC4923C0EB662EBEB2EF3E82740EAE
A1247A54589DEA477E22BB502E0BA03E949AD59EE3F4FDF6
B949304E61BCDB434976F9318E4AEC80AF64304B6F676D1C
4D288988EC5D21EA3A0CC6E5D72890834E32420E0E07068A
2BF0BE558B3DCEBC0B12DB5315BDBD8DA564722BB921064D
8B40FEDB6DD08F75994F26CE97C6B2E837539D1E47215DA8
B66AE38ACFF196461FB7D91B6E4CAA5066AB3765D2734410
978D75A6B2DDA9F6DFD46E006A01B3E06C397C9CFC13B0E2
86860B191DEDC2C5698173581C85C49982B006E2A64CC9EF
6F0B609BC54A0E03A11018D987E3F1E4A1121B539979C407
A68A3A4C2B9955FD7D72B6C4DFF88A366653D14AB58B6773
DB902C2D757BFE9374B67B3B0A5A1D1F823D8560CCFDBA8D
000001000001000001000001000001000001000001000001
2D017E86945E223CB8E07459DED532718E720FE5E4AD6FBE
6C1BFBB94428F75D7822EB8E72E535D33760E6A5B359D69D
CC51603C86654C9AD3FD57F962DA8A54010C5481D9A18236
1A064321ACAB0ABAF85EC63A1D6863722ACB4B740B0F7F87
DD9648F8CC11C2F8FE72E32E46F2AA161E12B0CD42347D73
DF5F78AE2D645B01B8051FF6AB824A5E0D362DBC84CAFF2F
17D69A44640A1C801693373F31DCA5498AB7931781507489
1559A040789C8F6C36DCEC30B1FAB06323C95FC8ECF82B3B
2970E955345C22D22374CA1AE45DF69929F72BDE720EA01D
3CB7BC2D6E139337A26DCDA0CA838BEF7FC94C25E8955C7D
02F9CB3DDFDB02CF83757211D7CDE3A5A422D2600F1111DA
2F7F8FE6B7B4AE7B8B30E45411A0D634EC50F6025FB792A5
1A909CAF041078019718B9474A9F978F1A6DF3894690F6BD
D87B74C800D6C0E76E105095F6B32FAA077405472E092C9A
000001000001000001000001000001000001000001000001
9451C9F379FE0BCC20BA9B4137B64A90DB505D30840261B7
3F0892B26AF877109BC21440706DCE6A76E6BF6EC334186F
0AED2D861ECE1ABCB1FC266EE582CD94142722423A94A82D
3998471698C85C3677A768365BA37CEB27ECD94D4289C6CE
3041F6621E6EBC8C6EC14E1D80F750BD522778161772D565
AC35D01737690FD008C36D32CB5900F6A30C6B39268E45D9
F90902E6A70C610C0D878749719D065AF6DEE88B73C8E2DC
7BA8B8A871DFCE1DE3694C69986F76C09C14D6E531DD385E
B3B94D4002F0751F9A4E66653D2F92F076829A60F851B312
0EA507B6149330A1200AD7B816A9AE09B7ACC02586C368DF
6DA38DC7F16A47DFD6289DDCC7F9BE90B1AC25D6BB1DEF11
0FBD265CEB9273F8A11F9215F92C17BC23380299F7C06420
176A75A937EB33AEA828E04A5479243FE7C6C74991FE5309
000000000000000000000000000000000000000000000000
000001000001000001000001000001000001000001000001
000000000000000000000000000000000000000000000000
F9016105BF8336D57C2A9E4A9C7EEFC95D88D3E6028C3A00
0AFAC0ABF4E598917C4BBD3A583F55BD5E67C32A16B4090C
1F5037BA2AF2D4053279FA5B065F20AE9BD0B6791AEA82B7
A10D2DBFE9CB9237F4BF2FDBE47335C135E3F7F9BB0CCE6E
32C6952D96961B50E0086A33D9B35DB774EA0CD3D7328601
000000000000000000000000000000000000000000000000
5BB9BCCB08FA88BC1C07CF88BCFB4E894F49238BBA12E693
EBD37C4EEA004AA1A1444498F69FA8FE36842628B2D67AA2
48AB93975A9468D12DEDA8B045492FC2170D660784F95127
787F91878F7A9D908716206A679680C9B154C1A7B72FA4EC
DDD7E997C21CD070F8FB3DED90D87989EDBAD046639A3AB4
B13C53461F4172FDA5740E38CBF3E4C20656D05A9E63090A
9F2752A01925C376281298A3559EE068C93AE48114C1B542
F90B646457534909410AD6625F80A5A3108AE785B6FDACE9
3A472F24BC82A3FB9D63C4E5AFFAEB838DD0B58515923FB6
0E52DC4440F3B068BEFA127C8A71D673FC58F22A9A57C014
9D4D94128E4804029B5EF24F08B0CE5150E8BCB2ECC78105
51141344FD465905B91EC68ADF1D1FB692241BCC2127E11E
089E0CD7EF9E4ECC7A73051A3269F415DC1EF031279F38B2
C167C5321F637E8C9CA2BCDA72BEDE8303467B062FD34595
24F256673408ADFFB041CD86DD2CA35C888191F7632A5F6D
902AF141F5ED140ECCC4490214FF0A5DF03519B61606EBE9
73D83F44E0E63108A15FABF13EFB9DE81DB38B8240EB0834
000001000001000001000001000001000001000001000001
B5A6DB2291D8A7CF671D7DAA04E23AAE9E81EFA214AFAB1B
DC104AD922C555B016FFC48097E3ACB78070E5D4E8653836
D14AFBB92610FA2ED71F08EC982F61CBB0785B537496AD26
95FED948881B07548E044F08FB847B38CCE7C8C00402D36D
D367B5236A2A4F40B7338191AA91BDA85DDDD305406AE685
E3C942C35AAC024E90A4B68393CF7860B6DB288B62BEA835
8E183F93D62AA2A7B7841B14FE603FEB70E9D13DE7CA4597
9B13FAABE5059E9C82DA4DF6EFC6ADC6CA0A4A4F8815107B
A0F0B5AA03E770C5B983DEDED959DEB2C9CB040E0A16F6B6
3E584126DBCD57F418DDE93116801AF21DFE9C8DEEE7C0A2
E989B8C7F368C6F953D60266810B47332B941791B8198BFE
07862ACBA4C5F9FCCCD1C4B00F786B9950FF291ED3E249A5
B272A51A114E435C324AD544CBA60D57F5B997E97525874C
EB9BE7FB8360C8AC7B2383D8596F2813BDB440026C67D75B
000000000000000000000000000000000000000000000000
000000000000000000000000000000000000000000000000
38A037D0ACB2D8B048A471330026D6F5CE67A7E25ADB0728
E99BDB9F739417108DE41B7CED85190CC52EAC1AAE7BAB48
0A6120C3C210E1138A9C5460FB035CE26ECE63EB77668744
000001000001000001000001000001000001000001000001
000000000000000000000000000000000000000000000000
000001000001000001000001000001000001000001000001
08B4A8F1BED9CA7781BEC12605A3DAC6BBC7415AA305C810
B9E7C0EBF901AE22BFEF5207390A3658EFB6C0A1D92D9D54
51A2B40B6124BB460477CCE5A65A0C82240665A720C6494B
D7E4DC3751A9BBB5D4C977A0E6BFCC7A78D781A240095F63
0DE90511F52EBB771906090E367FD0C73589088152290A0D
1014FAD333FC9E56F9CBB3E19BF989CB95D3EB90FA3B07D2
CCCDB5AE85B16E8FE9D7596F68BAD294560586A4B1230A30
99746FB29E5F796303F3E5606F7AF9F0EAEFDC3101A60BF9
0C12C7A9AC6E3824CA3AA57CB44A782F07D294DE031AC5A3
043E0294CC4B478805071BEECB3CFDD3D2B817BCCE4B44DE
000000000000000000000000000000000000000000000000
000001000001000001000001000001000001000001000001
233EA6BEA6F42B65DA31B7D28042551A7ADB57089AFDC724
000000000000000000000000000000000000000000000000
000001000001000001000001000001000001000001000001
059334C0866059A7ACAB6AD054120CCC25F74A21C6357312
D9C317382EAEEE0877FE4D92035BBDD0DFE89A167BF8334B
78163783C87E66AC5BFC35D9FD7EA38E6B8CB1B7EA7EC8CB
42DECDE9A0FD43CA769D7CED5D7F74786D7796660AA81EDC
67D2BAFBDCEA5C23438BE9E4304DDD3ACF72D09B02CC0947
52E907C8F8B7D9E2CD236D55B5A1881CAFA3BA822668C1C6
F996A7079009D7E0DB7ED68FD28D4FD5E9315CF364A9F57D
45F8ACDC31BF18575308C50DCDDE342558AC239FA63C1F72
000001000001000001000001000001000001000001000001
AB947143AAB791D8A3530B0752C54A5CA8C9CFA05A1212E0
107B31D642857F8391CC0FE90BD3456A4AB22BAC6F8D4447
039F2ACB6D1E463EE4449B50DDE99EF152247210E313229D
3F618A9E02395DB726B206ECF523FD0ACBD589FA922A70BF
EFD7355F2A2D23BE263B84BB97E7F28A7D96FC2F953FC36A
000000000000000000000000000000000000000000000000
9F3A00C23635B9F580B530DC1E5C62478ECAB01DA0F8FF81
1CE8EBAD85FB6B9694FAF4EAE17C3EA33F87B0E2BF2B7A8F
4C258A61110A99379D54F65516C1E4115EFF86971EF0E43E
1090086C50F0F90F52D5499B3DA075C161432E68B90700E7
8E5BB3FA31C44B75EACA47ECE209145D15CCEC6B2FC6E146
387316587B1901EDA42BF84A5947547E2BE82E23B8D049D6
127E0156A255C37C3DB311A116FABAD3865E5AF196EE9D2B
000001000001000001000001000001000001000001000001
C35155363705BFFA0C2134C51D45A6933679F29AAE289099
87E380DAFFE2A6408B425F60CE818AB49616C59D1D2BE07D
E238A5B9BA253DD5B5121719D5B3B88E714FF2A0A34AA098
947381438A7AB1CF9AD315CAAF578F4FF549068A2C8DCDB8
E6C2EE75609AC2A2D23F0048E85A3B97C145E41A0AA58538
5A4592BF391597B8DA8A1689C7E0888C1C6E56AF5F029D5A
D85AECCDF1B08490AAF628F57F86B52519D27A12E530F145
5F707801B3A5DAECBDFD7394422840A7A60274ED566AC0B5
2A2DE66CBD3A2E45BD34CED788F1C11E5FFF86A88FF76729
000000000000000000000000000000000000000000000000
08C921F7964BE306C2BADCD5E0A483EAC93A0630245D7EE2
D368F2D13FEA2BABBE0C6F28E45E306A7800F8734FF236AB
7287B97662836ACBDA45F09FA069007771A374783C073CBF
DEE4B725A08355ED8672FA198AE7C9B720C364A5CCA7EA68
D6CE358E0287AC9D701D8339CADE2DE0DEC74EDFF9EF55E0
7132F446E960ED6260DE501A31D681C7D1B073180F96D0FB
B22B8F41C03C350921B3C2A3D0CF72CBF746121C70D8529C
43EB1C242DDA14C384870FB4DD97556B3A5E7A43B4AFF6D3
52C6A1CE0A38AA380F895F556E8D9A8CBA59D56A2EA3305D
D8372009716F9B03BB3B1DB059EC6933DCB5E639D06D5C04
81B3D754C497FE9B1B8A9FC0A14DE5ED37D2AA7EFC0C77FC
D85E097A710C67F19828099C69C0E94DD7037AE728DBA838
7BDE0A857B7B422C6A5951B9B75AA113F6E235E82287311C
EC9DD6920383710DDFCF43C5699B670F912CC9C8C68D5939
0550D19D4A2E2C02D57D2D60A10E17AF38B600108355EB26
2FA039E6FB93F9A19AFA9F095D834CFE3CA65804D23541CD
AFAB844A55BC6EE86F54EF6DA6DB1093E15BABE7D0CE05B1
2C916E32CD6D8CB32078FD9C4E437E623E05513965ECE565
000000000000000000000000000000000000000000000000
000000000000000000000000000000000000000000000000
000001000001000001000001000001000001000001000001
9B7A26FD1F14E0D3ECED6C01A0738ABE59DE563DDD4B4C2F
760A33617DB2663ADED181C7DB33FFD79E3E4506F60250D5
98642C335A7C70A8D620056E1CC9F0A6862F838E208CA7B9
9E44117EFFD4EE0D81726793FF2E197F591245D750733FE6
1274CC9BC03FCC0F5E2B9768F88CBEC084BCBE04D3CEB10B
000000000000000000000000000000000000000000000000
9CB902FB7615088D3EA53CECD715BEA22591A445D4B40035
BAC15F92EF1859829D4C50839624D4877694FEB85146CE29
84049E8966781C427EC28D2E1BDAFEEA6EEF5AAC35FA8183
0EC3F7A945431141000C2A8F7384DC581C25F77B854E7A99
C62AFD8D4FD5CE00BE81A09241E71B88EA5092109D128A52
75AC0A7A0E7F4211B33DB1466DF43F8BBAAFBF7AD2C5007D
3EF93B3B3E15960682EA92D344080FF699E1B5567F7EE448
F1B18D1623E76712AE6956647D33576D24FEBA8BED6A37A0
A24B8722A9D1DDC0FA3492412540B5F9D3399E9B11FCFD4F
3F4772E38CE530A8671162481CE293F84AF747A895C97051
C154D3E772DAF9BE536F39B3D2E454296793DFBA4D3E8D1B
000000000000000000000000000000000000000000000000
2BD8C1A6E874A89DA504E7E0C724A331C9FA91B00A2FBB45
A4CAA9B402316CE9AA0E2D398891CE1A0ECC285837E8D837
BF810645C53D7CFF7CD81C40DB4C359A99E492FAFDB80E07
D27AC83DAE408F67945CB1F03B69C948E4B93579F3111DAE
2C707D6E78A283C9DE24FC8C64490B04988BF2B5C1A4DD60
FB68D99DBC78C9ABF9835B497BF2B59C07F792366E560050
7CA23D37EA6139B0575C2233432B42B341D14662AECBC006
0A927E333FE109D0C753FF9CBD886E54233120A6EF629EEC
C3FA1534F0B327EB3130FDA3F4F192ED65BC6FAA89CBC263
88A5336A2EBFE793CA5C1C25F3CD91DAE4448B1DE2778C39
F53174114A9C2071ECAF5A264372C4D45C793FFB10D85F88
61C7E5286705EE90B2A2BB3B6905D9228CAE404E773B8C67
9A4D7D99EFEE3850BA9A8B46F199F8262A1EE98864D46D5F
53DB00232DEAC19C63CD1050ED229757A8BA85758B06C7C3
000000000000000000000000000000000000000000000000
5D8BDA965EA3435409FE405AB6421A80281AA0678DC12AE6
63A4E4CDFB5EFD18B3CEA55FC02AC93D022E25083B5F4712
000000000000000000000000000000000000000000000000
99C6828DF24E86CF9A42FFC673471AAF3AE11FECD393FCC7
000000000000000000000000000000000000000000000000
66922DFB22F9388DCC66DE94FEC98C59B048D24E1E4911ED
2DF3F33FC6D9B3B666CE32CC01ED50EA36EFB87C09BEFC74
9C3D57147D40B2599829DD8D70E8C9DD91C9767BD0EC53B7
0ACAB99C8C78E66CACB3C1AF7A7979C801D99CF16E026740
000001000001000001000001000001000001000001000001
7BEFC71E3A26228996A6FDD32C4ECF64855CED1EBFC3079D
67D0EC0865E4259088368D86BF282EBE92838BAFF02D33C8
2D20FA31E3F2C61BA69EF3547F3233491D9945625E4363A5
32E3E575344663C8BDC260FAB51971AEBF57ECDEA724F4A1
D1F322A25F61B0DAD7599AA74AC4579113CC7949B23DDFB1
62AD957941C0BEFFD181A4665E8C0A8213B4E66FBA0B9D6F
DE896186710D3316B3961A83AB6B6F156EFA4D6AF8EE55AD
468A911320B2A6696D5F07E66DD2B5BF13FA7BF0BDB3ED6F
BD4AFB67D145B0F8A314E7F01063BFF96FF98ACE5FA1885B
CE7F29BE4FEFCE4A81C8456773F914712E8C0A066DDC6192
1FD47952B3AB6F7473F95160A6569144FF90F043400DCFE7
A5222D2EB27AD2936C66EC34DDA6B1D2FF3E39A6CCF1228E
000000000000000000000000000000000000000000000000
6DF01C114550AAE64C8BC975DA3DA8AADCB37C1BB077106B
C9ECAA32FABD2EF9C20001EB1CFED3E84FC77B0BD660FEC2
94505256F281C67BA987E18B3D9EA6D0A23019346192E502
A343BFD17E2C52959C29F859461FD3B24C73BF7239B8C177
D78724645C491941B8550F7B93D00B32FA1E82D670DEC751
000000000000000000000000000000000000000000000000
B625E338B6B66BD494452FD2A93ACAF17AD92F651C6DF170
A1FC610F1BD755ED2F2D4950DB5F46ECEFC2C2B31B870B0A
FAB17AEB7624AA18EB08245D8E0BE65DE79720D66D59D5A8
8C0EE47638C1836DDD56CC4B5248E54B5245CB62B3F0DB66
34D47A3BA9D1BCE17BA3FD68602E58B093F6700D1829DED6
D2707651F161F22829206C54B5B1C8142F359221400BE05C
7888C57F074C980CF2D652039A4BA2FDF31D4C16B6D6586E
F54316E07FE758A3FEC6B6AFC80D196D32E23BF533736DA1
2C1C035BA0AD8C21AABF33BB9868854E6FCAC46E3A453A76
CCCEFFB0F9721D49128914F6E25ACC40AF8B75C29F485D8C
571CC5A58FBC02DD968D73485D3114F3094F414A5A1F3CB8
0A8CF8F15B2358B1B782CB70C88E93AED69315778AD92B74
C65869A7EE65CB72E7CB45CA6EEF8A03A049F058B0E2F83D
000001000001000001000001000001000001000001000001
8786B0E596CE719C6184777EA837F6A080B24F47F565CEC9
D93B5326DC7C645CD451318453EA145209123CC98937B84C
5A9E1A48602B0289EDA71C9D5404E517A563A0393165D9A0
DCE4ABE576B2A0ADEFE9526DD948DCCEAE2AE6D3E5F0DA54
D0710A1E4D19DA77A523BF9E3C8B4724CDBB0AEDA31D419B
2CB776E30B3C5B859030BA7A190B4F19B7EEDB19AE9F37E4
F68E681BA5D1AA36E23ECC50717492AB47850B4430911A32
EF37CD623D54C11AB23A704E61476E04464E0A2B3EA1CC95
4CA5489DFF14D4B608B9E909DF75F93AEEB61FD798812F49
000001000001000001000001000001000001000001000001
000000000000000000000000000000000000000000000000
A96429807AD85F99C996CFF8FA3EDB3559568073D3DF8DC5
02581257415366F09A008B5D26A567010D62CB2CB18C9333
4A1DA2776893A680C48BC0EFA2F4B43245E31B9722340A9A
40E1B4197B0B2E9D64A66E2FE9E1A5596EC98C2CC0B68CAE
000000000000000000000000000000000000000000000000
B101D229D375A427775E92A19F7141ED0611639B81662227
92CF7EF2E7F0D592D34B9F194221E977B0E7BCF0F735486B
91DDE17B13F7B08389928D9E0E5EB4750112D2A3033A9A6A
18B2E1D7F2AF05EE05C5894D92560E5B59FBFC6F90E62829
61F048D0DC71104987245E50F3A94DC735C457EC7A77DF21
BD242B5F9D6CE0D33BD9A231856FF31BC4E9C902C32DF6A3
7F6966CAB8AF5AC72309D24CC16B88988526B3AC25943B31
68EAA97C2FC80B64A3FEEB2721D78B5DE796033E9C0758CE
0F83347251BDBD49D6568DCFD8A7E3982AD6EBA92DC1A61C
D4BA99C3DEDCCF022B010F72FE2B15AFE15FC5BD1D81816E
000000000000000000000000000000000000000000000000
000000000000000000000000000000000000000000000000
3CF6B7E676B9D686893B47828414020F27DDC9B0368AC03E
000001000001000001000001000001000001000001000001
D12B55D4C6E83EA4CDB5A39B7C430FC4CF5B9B8E785836C8
5C54E5700D9547BA79F7F917B71436EBA1B75711FA89215A
F93F02DAAC07A7FC21CCB426ED1033E32609F4091807D3DA
000000000000000000000000000000000000000000000000
C75AF252C33A84F167B836CB09E92543A4E429A52988720B
4F0599578C0C37E2C901537CE669447945411622B9531ADF
32873E0EECF25EE67F3136EA572460EA2877D34E3AA82EA4
9BDB8444E78A807899D4BF7D625EDDAF165069E08799DD50
4E0AF9E85FECEA4C50F46A21D0B3B531C4793D75011DADBD
000000000000000000000000000000000000000000000000
000000000000000000000000000000000000000000000000
BB5B9D1C97A0ED3EBDF2561C96EA61FC249223461C4A82D3
39D50E9010C135B842FD2C518B96C9B19B8563BA1C83724D
19BC2321F880EB4E12609B0BA57F50125ADE8A5208E21CD7
6E9C93B6401198BD394264653BE65C804E53147FA8878C04
372BD36D9CD87366AF30941A7400B0537829D57803933AF7
B53A076B80FC55DBB70DD96A01A060F85B0255F6F9C786A0
39C27320B2AA0C04B0094FBB31B174831848A55A4EC9A327
DD72D1DBEFE1BB2B74C26D25633D75E94DAB03F90D1966C6
000000000000000000000000000000000000000000000000
F88FC08856CF10AE918DFAF46FCC263E645776C6FAA12212
9D744F1EF9F5B8CDA0FCC0878D9F444D41C452B471E3DE86
0567B2CD601D6A114DE2F83442CC2492491CEC4BDE3CCF68
000000000000000000000000000000000000000000000000
FE5651CE30A67FB22187930BDFD937F42CB20D89DE52D6D1
000000000000000000000000000000000000000000000000
000000000000000000000000000000000000000000000000
FB814C8AEB16C1BC102DBE8E5601C71C3530A96E9FD9D285
A7BB705131CAE6B7B9D8F1F8FF5960F5C017D51E310B3EB8
000000000000000000000000000000000000000000000000
AD64523F97CFD5D124DEEF1D542F26FE9249225ECFCF616C
18E3289274C7C4D3BE6DEF2003AD7EE9BB913E16F1504A40
2B834D55EE0BDDA5430B0DCBF37C2363866FC106A7B4537C
C219A1DD0212FFB76BE47EE9E430CA186F7D7F06C9CA98F4
49034FB96135BF442BDFB6A9690E5E49B37D72F0BFD5C9F9
39EFC87E16F21A5B83FE9E4A1EDD6818C7C66AEBD7C88BA9
92200D48DAE6F0B3C708DB80A2F43AEC5AF47FEDEF179067
72213C0E1F4A8F45919D4C8763492E99F5C7DD3303B8026D
55BD6408CEEDE6CD4C02D463B41FC43E2CE8056B3AAD135C
CFB6D54C3DC3DA9BB5A6BF91DFC8ACA5BCB4EAC393A66C51
D3397913F86EAEC5CC516142F5A8B0D70786DEAB3C4821F1
000001000001000001000001000001000001000001000001
000000000000000000000000000000000000000000000000
48964D711BC7161F6B255FEC1D536BF4E8AA35547D127084
133FB31AF298DAAD07F1AAB3C3C651E5E34FDAA06E06E087
5C47749DEE1E63EF724EB18A18A919BC0EDECC4B4BB24A07
A2C1959F352CF17B2F57FB85E70A427143D91F128163DAA8
84AFB0135C65C639EC31A1E17CA8F48643880FB639A53BEF
D7DD62209D18CD34FF1AD41ABE587F8F7E32DB27CC800B5E
8C25D3FE9A00038BE2FE29895B19BA3E6364A99CFB349124
A2BEB4C87CC9239D507C13C879374AA043F8958465E9DC7E
AD1E088A4469549B9C6DD5B735FF3EA45977ED14FDE39736
5FE4535F526D6F8D801F57ACF464C2B02DBD07569294D310
202DAA205D46E34D2FBF84D3933E0DD5ABC28B5F70AD09A2
14D0A302A90C9E3A02B5D0268791C63FA1F6B78D131D3C34
3BED942D55CDFC418CA069E8630B3EBC27CE376712A9E1CF
7766A8D3D86BF990D11CD6D07784023119E505F3EC526662
1C1969C8DAF8B9929A154DDA833D8BB087D892C7ED6DFF6B
0EF5CAA7380AC72D067E11587B5AAED8A2634B08CF34C87E
C5E865A732E0C775F3B2F8B64C7D5F6F7BCA4367031988D1
7A42317EBE07E5C0FEAEE44B3FF9D0C94FE1A9E5191B4AA6
000000000000000000000000000000000000000000000000
88AFFAC3E5D9492AFAF50E5A4B4EDA26AD02D9F04B98BA22
3E159508C3F52E4BFFCB9417F847FFA1716E53BDDEF98D4B
167AD27F08468BAD58122211A8B846838740011AFB4A7427
CE07AA3775F2D79B448A1E49E8FB5D564206F295F8C1CB13
FBE597AEE4DEFF0894ABEDB1C774C332F17709DC590B9942
D7146D4C51972E099556350AE5231EAD1F7F989EEA936D2B
96B40779B9DB9D353DF4CD9BB3F1380AC42130564237D9EE
62C5BC0A338ADC4C2455C685153A3BDBB9749E86E56E8C5E
23E78D787DEAA31CCA942BBA71ADC517ED413FA6F7C72771
000000000000000000000000000000000000000000000000
C3BCF9219F344F46CAA2FD67DB8975AB8511935744516799
73C7CA5568D8ACB3A37528B877E0843BBDDD0725D90F1A74
000000000000000000000000000000000000000000000000
000001000001000001000001000001000001000001000001
000000000000000000000000000000000000000000000000
4443C87FF7349C2B9320ED2C03F129B227858C912F3BFD53
000000000000000000000000000000000000000000000000
47F46924FE573193C845968C144F5D1944B3298429471C90
9A258C01D1358742740701C61F763C0048019717EAEC6FC6
09CAE41EC186B18F855A75A69023A66E20DBCBAFC18C4E82
FC9874225E47E97585F7C279C9D7120E5D587E2C00882D90
000000000000000000000000000000000000000000000000
84D49C64ABD4D57CDF1BED34D0FE41581691FA29994BC9EE
00E923574ADF6E9E680634D144274A2BB7C7C3F39213AA14
74B41095F8DB9B3743496875C0398C584393A860B2AE39A8
C40F9A16ECDD48AD73F6D2D4126B29A18CA6896F081E536B
A016015DAA4769CA543C3787BF284AB9801BEF4F35455C13
B1EC95892B9D59898A926AA3ABC0725AE1D532B4CEC83801
2173A0F1A1E5AABD14D585BD1543BE716F380EF910A7F31F
4191EEF069BED772F0C34FB8546941BF9A761C66A9930ACA
F1EEF924F57AF028A513BD278F0A09AA7EB18C3713E136D7
0AD3AD06991D88BDBC0808C3BC5BEB9F1DA6C74B670A0207
8D97DEC29362C941513F22FBC7DB046C46DE34A11040EA7C
FB4B3AA5C121A1ED19D61A603D2CE3F68865D5A49DE077D9
21475F37CBAF5356454A1C640D25BC653F095D1637948A34
96AA2D6A279AFD406FD0AFBFED2F3E805ABC740C28829ED0
52403C65333BE772B9DFCAE4A913ACDDDF9AA2528C0F5C45
F63DFD2915E1B4E02419D2D1D5427307B694A7FFB38CA7DC
67D90A75C66A5E9AEC2131706385CB8CE5CAF1CF4A07D91E
C2E5EE46E9F7B0B9CC4000F2C15F236BBD860D510668EBE8
0372A1D958355E55F12345905733B7DCF16DA7E89BAF4B2D
034CE7595BFB0662F8B550D2A74636F375BF75D20CA4D40C
2911B10281ABA0177D9ACD169ED486B561CD08697F12CC3A
CD2AF001CB56A30459E78ECE7EF05985AC5D0273FF594CE7
CFAF1941014B123A1E056DD59C908B8494806CE668CDB6F1
000001000001000001000001000001000001000001000001
372E63C3AEFC48918BA9CC28FB1E9C2EEFD4CB018500F67B
EACA223708AE28BCAAB5010CA12FC4C73FDB79ABAE4BD2F2
768983B38BBEBBF7EF528F2B071B016404F6778EEA51468C
89A575D4E5A35D9A63B730501947C8298BD7B7FCB2406F06
A81E92F9A08FED7CDB89CD0B8171EECC7D3DF5303A84B087
988845A3C2F200CCE92BCC70C6CA3FF5B5416F2A761D330F
D07D0EA4C0810ABE96A34ABEC9E431269259CB9D656DE95E
10994C013CAD922C0AD5C27B5C447026CD3FA34C51936269
000000000000000000000000000000000000000000000000
7D3D301F4D2E2BB827159AB8D57168E659855D84267175A5
410E1B882C064B98B2D6368E517C839DCE04C0E5F15AA3A8
562D3A4FF244F90F8A76B2591C0C8CD85F62C28F94431734
7B94A0BD86E1048C128BBFA38AB8F812D98E0739A0A0D399
089B81E00E25D81D1ED343D660AD6B62F1303F9FA616CAA5
000000000000000000000000000000000000000000000000
ACA8A4198A8627FA4D6D947B4EA880E28527DBD1E3D59DB5
9AF99CEF9ED87171CFA33F1CF98EA743FB7C86F2D0392D6F
2F5FBCA1BF6F46D9132A85345605BA1FA30A6314ADBE2FBF
AF3A4CA424E8CFF9D64CAEBC9ECFB2450B6019FC0127BEEC
000000000000000000000000000000000000000000000000
6D7A81DF288C0FFE5756F8670A945FF5DDE794A81E3E690E
60893217CF270CFA2CD02E62D991A72BE63A29AE78454FD6
3DFB304EF3662E6B534FD6083B29195176F0C9AE0F742248
421F09395B4259DD9A291333756AD661359E989717B32C2A
BEF8962D7871691D5E3B9D69C0C7DBA74B02CD49FE625581
07855113AB84DC1A4A2F067479F637989065BF9DF8737A28
000001000001000001000001000001000001000001000001
000000000000000000000000000000000000000000000000
2147220F933DCC240E3EFDECB1769BA9749663595E86344E
128252EF19045F95BAF6FCCCA227F309C68A1A5295997419
A072FBC54FC7D6BC6C156AC823945BD32381EC6C58C6B634
721D27C697FE058967FF989D76B5B3D8291F3FB100757074
000000000000000000000000000000000000000000000000
BC97516F9D606F3862312ACDB68A4F5C995E8BF58F478797
F0C26554765646E074F509851DEF0B3DB311C17C4B65F40C
5F2FD4594447C60574E7D466FFCBF16FE81BEC9F34A62BD8
B199616926FF2F4332389ED4E108EDB20D3E463DE8C68568
6FCF9FD91087C62640439D05A8378F0D62D1CABB9F662442
8399753211C32F01922674392F896163D02128B11AC88835
000001000001000001000001000001000001000001000001
8DA132AF15D81028B60E8D4D8F2E92AFDE76684E79AFB463
ACA2D96645AFD4E01EBF3DAE2ACFAE6453462927B70CCD53
000000000000000000000000000000000000000000000000
1882FCBDA5263814153118E5C2731EBECAABE5F24F648E54
4203BDCA4163427A6CA3EE84095D3D5CD8FF5D4D0860FCB7
000000000000000000000000000000000000000000000000
CF4BAE0B3785F8FB41316347CE9BFCF6F50DEA5DAE02E45E
688C74D71CCBA91901340FBF579DBEB4C4975D158B4D46D7
B211B7B380D334149C32F78D7F197E9696887AF1616A1D4B
000000000000000000000000000000000000000000000000
178A8E4C92F37C91184FB7EB7D69636CA925411F2B0DD37F
000001000001000001000001000001000001000001000001
14F50899BD154F9438E693E961C5E2F1B024B75AC1717884
37244CD02BBC2B42D8799ED09F19C8BDB3D567BAD173E399
A9E0FA5DF465A4FB373A837EA4E313DBF7F1CECF6254E16D
C2CF22B1A5A9848FFD897E7CDC4BF09F5252C4CCBCFFE4B8
6D0A2E15C2E6E21C5EBBAFB6EAFB4977E45FF33304EB874B
C47EA4AF4999F58C99C0B9716FA4AA5FBD82F6161D30862F
E7692DFD4C96C7737C1E6123C3BEF70970118E585599AA25
968DED11F67C4869D068617CFAA69D119C38CC90FF267E5A
0D018236BA91395797BAF5ADB442AC38B5ACB8B53C0DF993
CCCA8B8FA71DD2F27FA98D33A3847142AA43A82CFDC8FD6B
31EF1B4AC6580919B389C0371ACD6F0D7FE6DDE2BDF80F89
000000000000000000000000000000000000000000000000
ADB3C3A3909DFB4BF2C74ACEE15BB3400682EBA9173FC43F
FB4AB05F52C82C06131228C328D8C11AE472139146D02A03
CF3378766F4EAFF5FC38607F3C177F4A34BB9A098DBAEA61
000000000000000000000000000000000000000000000000
627BCCE53A6AB7C0315B636C5A423CF4A02129DCECC0D7BB
000000000000000000000000000000000000000000000000
000000000000000000000000000000000000000000000000
F01F781EF3A1A39A3318AB7F027DD069A17C7C9B377566AD
56966976B4C0EC2FCD1F5BEBB31BB24D899BCFC9BD642341
DD35377B1DB440D978E78E93FF7E7CAEEE241E799C7A446A
18FA916A7F3EC2AD339270447933D695E0B2E9E9332BC191
000001000001000001000001000001000001000001000001
000000000000000000000000000000000000000000000000
933612357124BC53D68C7798EC73C9D8830BD3A2B5C8BD1B
66DE4DCD7E5E4C6208CF20227593E9B94FEEADEE3DA9B8CE
AA01998FE537A561740CCCA7863A36E77403F826A013DA4D
0008E293C64A2FB90C43CF7539A04CEC242F6C4596CB6916
354648FD6B217AA3D68313FBBB36C06FF9F26BC67F48F713
44A809CF764388EE78BD766B32A6B5108F0F810827A84A2A
F5A482C4FDB1AE7BF49500210907CE780AFE7AD41F6DE223
85E6F5FE1C07AAE63FD861A502A9BAAB13BACEABDBC67AF2
49DA3F3E7E726EEFA915B41662FAF81D8B275236D2CF8001
F61715A64CAB8C115A6A038E7C7A91DD1C50EF6332C62A34
9FB694495CF565AAD0E710DAA255B8856099A12BAFA1EED1
0B43B6157D9731674535ED4DDC0C0A21D3D227D7E45B17D4
51B9741EAF937AA2162F548FA24D068A819EDEC0910A6205
56CEACE87CCF7C1306FFF76CC673904E2E39AD4D6A63B557
AD784C8C1BCB6B9EE7D5DB4A3A94DB0528F469594178DA3F
4D54416DE0E1C2D23C72B986816438833AB52124BAE6ACDE
000000000000000000000000000000000000000000000000
CC7739E83605022AAD0B55D0468CFC13D59D1CE7E81B4A5E
ACC5D3B766C2C266B65C9700155F97576525047EE8F0427B
000001000001000001000001000001000001000001000001
000000000000000000000000000000000000000000000000
1E25FF600B4987E2E03AB9938405A7C1E08CDD5083B13DA2
E8F616DF6A7A413342DC9DD47223454167C51BA027DFF82E
000000000000000000000000000000000000000000000000
7CCEB4CAE656E09FEF236B89EBEB6A9E4DE0FF83684B86E6
1DB65B796BF1F49FD8A96A819D2EE3DADD054A10DC175114
2A56C6A952E37EE823192CA99ADF32F024274EEA24458413
3ADAAFFA4B098DA96E0AC9421471B9DE9385C33BDA4E8FE1
8E6F78DA76FF6F9A4408F94CF4DD2CFCAE6F66A75D7FCB36
7D4C0C110FB2D399E1D3F2C627E432ECF35D163A03FD766C
5E2206E68A17EF913D6176A639E29E8936FC0F28B5DDBFB6
791177BF252ABD04306686DEAB6FB56D5F83A9F8821B4D14
7CFEF565F2BFE707C1D3FB1F6A116ACC3B73456443226EF3
7C45A088F6CB4AA74113746946FC84ADA59C9C010E0D3529
5C3CED33A3367E0E5DFC9AD5BC23CB48787DAC17E020A7DE
2B53EB68A9BC2BE5C0BB4034C8B43DC87FACEE588EA356C5
126B49765B86D1F1E3AEC6BC3F8021173EE5C8A9C3416FBD
000000000000000000000000000000000000000000000000
2B9B31658213DBB70192DA499044CFF1375D8138D472349A
F92766C02449AADEDC6D5D153D9DE35F57E011DA6780DBDF
EB5C83064F52C11320820D94F0588D821FA670BEFB874B09
7DD5380FF53BEFE9E2B5CC0812AE758D10FCBEDB12BAB04B
246885D53A9063A7E47AE234C726CC2DA83EF6EDBCDD409C
5C032B0C57C2AC6D709571DA20B8FB0FA793266613309F84
B46D8AABEC1902D87C5A2837871E50E1A0CB3CB37EE1E47E
156396778A503B65DA8CE2FBD90312281BB8552E4A59F1B8
90D7D03FC095BD30F769D054BD613FEBDF1C850DD055A03E
000000000000000000000000000000000000000000000000
000001000001000001000001000001000001000001000001
8AD59D63FC3DE25F0831B0E802C21CD738AB6F5E31997351
4A99121B621F97BE8739BF98B53A8AD5CFB664008EF6E99B
AF7461128A6C9FFDEE6ABE00905CB3B588AB8CEF8FEF0FE4
0674535F7608FCE552D953E4E597EBA666AB23A42EBE25AE
7F12B2D5CD7A354443A93AD3FED82DE33FEA822EB3959B98
8F3E52E0AD1C41E3BA8284C890937F3E17ABEFA8EEB9847C
0E1B894B323EF4DF73899B1DF009FAA63A175F9A8DDABE2C
000000000000000000000000000000000000000000000000
42720678FCF8637694FA3C325549C89F0D5431723584BBBE
250D499CDAB937DAC82E69204E0F932B31A3E84234752EB7
06F825FCD4D267C66CE0B6ED54C5EFACCB1E0F658E2BF02A
FDB1FFBFD34CCD18465E88C264DF4E7C6BBDFDB805B5BEAE
000000000000000000000000000000000000000000000000
3857ECCE402B8E49F2688B7058D61A856C6EA5FE4F767F0D
000000000000000000000000000000000000000000000000
000000000000000000000000000000000000000000000000
ABD165AA72B9F2B407449F0BE42CC1EE46ADAED5FF1AFE56
03D4BF93D8FA1342EF1948090504053B24E48B193273329B
FBD5F135F7C21A950D473317F87297B71B71352BB295F1E7
50CCC376CA88A38784451EC850DCA659F70C58B87C0489E1
000000000000000000000000000000000000000000000000
D3F48AA8BA890F3658783632F1DEDD8F785541E1B9B91745
E84F44F52B2E46E022A21456B4B7342573146A4FFBCEAFDD
E69CCA91BB1C00499AE8598CB4C6441424683B7672EE9ACE
EB7F6515C4F20F5B0EA71A33533353C401A505BF11299CF4
D0E83DB633934934BE4A0FC849CA64BEA2B3D14A0227C020
09F59E9F1C78C0C211166F773984CCBFA023057B665A474E
60C957A7013DBB1A3F6BA2663EE375CB7BA657FB186E973A
000000000000000000000000000000000000000000000000
CA4654D0CFA3FC47BBCB0A7F8B273802E3561195F35D7EB0
F9CD68C94356B2DD80F7700893918B66612A9AB60AF8A353
2DAEC36C70D2FF48904951AE6FC2E6BD1FB64936DB2CC5E1
ABFC9D7C06BA1D0B9CE7D6B30A0535493D1E020C0F8921A2
D5463F8023752DB65480BB82629D3E9B0C5573261085514E
A9C838932980CD145FC2074EE89AFF060501910D5805BAC8
344FD3C1AD3E68FD4B92965902ACA9A61728E74B0786B943
0AC17C899F023DDD12D100065D3E638931BB32EA3FA7582E
000001000001000001000001000001000001000001000001
CA44B828811CE48C12FFF2AFE637DBD0DA8F821F0E4675DC
05BA1A01C3B6E725A36C6D2FDF3F9B7347AB2DD62DC6E48B
DA80AE572CB8D54BB5E2E6369B401E1B2EE214BCF3AA18F7
82BF1BC5D2AA6804495550A2ABDBAD54E4E02C951E0780C2
000000000000000000000000000000000000000000000000
34282B8C1E41FCA2D95D0475A3097FB7B4C98F27026A8ACC
000001000001000001000001000001000001000001000001
38F36FB41D146436AFE82A56F595505CFF845A0FD16AC5AD
000000000000000000000000000000000000000000000000
7DC987CC216E7B56ECEE5386770270BB95B15CC90ABDC9C4
CF7E7A2AECB004CEBB01F0FAFD85931B7C5C5019B5328CD3
FEC0B053662155D5890FA5696625B00A0235F65F9C78BF22
27C27DA7E33C93DAC79373AA5FA48F8FDDFBDBAC8C8F8E08
7861882DB8C128D69312F02904F1A10AB02E36D0A8D7B33E
7583DB69FD3D413B04125E9F3E30F0549CE84CBA4E29617D
E7C38A2371228AE52042B0A70D8EB9731887C4218D129E1A
BFF32C6C595759B0B6E66A29AB757DCF3C7E0F69D540F976
45C5577324AE001C741B6300F870AE74187FB47D129C75DA
F7391474817A1068FEC515BB9AC1B62847E3E742E84F6845
000000000000000000000000000000000000000000000000
600E136CF9DEEF31C6D64BE01A6223C351975234B67DB587
CA9AC8FFCB891FB9E8E8BDFBEAF37A2ADA1CED40CBCFC0D7
498C091341D1FD66D475EF9E8C4D2211847F5FA7B044F3C2
3BA4DA9195C669FB68CDF3ED4C0624AF53F90F82FF9B7843
5CF811B6300484E025F151A44FAE5C5B3B29B952E9070057
000001000001000001000001000001000001000001000001
7177E14D93EC615727271D8D1E2A7BF77FF9BFA76282BFEE
000000000000000000000000000000000000000000000000
A7050CD41F447760207FD7F1EAA54510644457804149DAC4
ABA2182EFE69F8AA017DC4F26A958D5C179A75FCD2C39325
0E133BC7C69DCE1E62549DD11DAB64CF008CD7938F3FC174
01C105CC0541750A6906E2A2FEA1B071EC5CDCEAD396B4A3
44A749739361B5C9542950B2F42CF8914868D6AD0BD0FEC8
386492B03A6C58A29C7DA8335151B13CD4C54DB454A700AE
000001000001000001000001000001000001000001000001
8A2534C4489BF14927D6092D16FC0FC640E2BB902E899DFB
04354393A39C037EC006A4AFD93A9EDC4CD80DBCB98D5BB2
26C4D3D46291439B5DED83C95ECC6F8FF4C4E68599257427
352718B06D36BAD2BFFA9A3C4796007E2C99B869729778C4
984CDB05A4B027325B152BE47E826A90F9DCA3ACD6121486
3D3C4B056E829175A983E5D9F20AEC8A64E5245FA2AE2A5C
C7083F0FE55C8CBC5782E20FFFC60692437F3950719A73ED
99B8C8389C29A437F1827E10429AD9A8E1E157EF5BF14F3D
623F506DEC3629450C0CF83F2009DB3B2B5992D91FE80E66
CC405146905AE310E386DA8CC91A06A152E82E3557E3DB93
1B6B6E452C7A3B92A8FEA7246CA874A78FE581B1522A5DED
4AD09AB08E0B22C47FE391FB5B553EF17AAA3AE152522355
000000000000000000000000000000000000000000000000
1E63C1B7A5E635A215D0C21BEBD407FB51B6BD4722C9BF8E
DD347920F14377F07949780EF3EDB489BDF7EC8FCC4994B3
09CAE5037C672C786F2AECBBAF1FA8BE450A222C22AE240B
000000000000000000000000000000000000000000000000
63263863D29234D8474EFF8BAA43AE078DDD629279D28D65
620A5CE52597768E0B28FCF47FD51B05F3A8B1015A35A0F1
000000000000000000000000000000000000000000000000
000000000000000000000000000000000000000000000000
AE003424D5A937DD7BDDA38B0E43A2331D025D974479E147
F7978F648A2BC3F0606290302F76BFB4EA0234F1B314CF7B
000000000000000000000000000000000000000000000000
7C4752AC079FA18981F36970323DE60ECC8E7270B54E3EE5
32EB47AC6AED234C113938A41FC408AC9A2B0FA6203665D7
BC3AE28BCA8D15AF2C2887DF0B7D8DC0952744EC23573172
56DEF8FA3DB2E98DAC7B1F80718AF49896A963AE4CC5B73A
7FAF98F7FE5F845036F49BF14EB9FB29A788A7AA3E07C359
8290F8A7103A0F5AFD119C21FB6AA888370E04C3241044B7
2761D2856586F87EDEE32360CA6F7F2203D491EB99A3A23C
000001000001000001000001000001000001000001000001
ECAF3AA53D674B09BCE162F9331E5854F434E2893FE81BC3
3DC17A576AB980FDB3A0F9E4D16EF90FDE9B3D07076A5FF8
4CB497AE22EBF26ADA8AF688BC3941ED2B2C15495617CF1A
820ABDABCB83B05968F48098C63E7568AA09CDD957A9C81D
5FD10FF2074CDEB1F231FB72367A013250C48BCAEA78E002
A1AB501CCC1E740AE19E4A23FC8A42E982BE26DACBBC1509
9F6FC7B04E88FAC8B7D3EEFBF57A20D479E630E98B7F5D94
000000000000000000000000000000000000000000000000
685C96AFA3533DF04E174BA493CC6F957A9C3DDB8388B6C8
42E6BB09F4FC3B0F1707487D4994FBA3E3739DD876128FB1
34B0A30E9B31BE5E20199CB28D7304ABA2788096C04581EC
345BA6C0CC20224826C44CE1EB526C7A513F649A8568E458
000000000000000000000000000000000000000000000000
000000000000000000000000000000000000000000000000
58DDBA7EE45B040C99D5DC08CF910790A38BB16025EBF838
373CC8C7BFD9161F69B5073A1F7AD9D7256D56FCA8E49730
B6F4776A90DEBD404AAE36BBCF32EDD582E61574B1619D13
60DCAC4B70581A8BFC21B96956F7E5F56AD5A6042F7BA1F2
FB748D22991E10F41CC073D3DD65F12DAFFA34410113D396
3ECC5B761F43E7C1F33AD5E8DF071FA50EBB0EDDE6718C29
73F3948EF5C89BA8354EB56433DE9F8EEAAE0F712981BE50
38C76FBBA4F24140779E4704A5B33B653760B3F4C8543A2B
000000000000000000000000000000000000000000000000
C1E15D14420BC36B39C04430A0399C7A94ED904A0576C032
000001000001000001000001000001000001000001000001
BB03CBB30018CAF9080FC1DD5D43AA5A0B80EC45AF8C9941
547488626EF12FF731D3B16501B48F15189AAD86BFC9CB44
C66AE0011A8768DBA7625AC44EC0A603F7E8CE92ADCBAB70
953EA30FA1770598A555985AF43B5FD352D322BF1AD81C8F
7B27F8DFEFBD05AC8E9F78705716014BB77E16135B19E94E
15D3585BAEEDFC7E6F44DB426595557542FAAE360B5AB93C
DFB66F7F9955DA5E2F28AF24AB7499A5C2F25F233F4D468B
38FFE6BE3C7E6A505FE1242706C628F0DD1C575F06AE706C
23774915363E0FEAFDFFD99A9D57380E1CF7E94C169F906B
0E6D390B294F903932589E3723A686AB9531AAED410A58C6
3D93717EFF011975F9A3AA8C8CFA9853346AEB9A71D5F55F
7F5F86E7B64029670A26CD482FB5D54F9B47FE900BA59433
82939E12C4A9DF0C4089B27FA4EF27B5B1CA3145BE8E869D
000000000000000000000000000000000000000000000000
CCD725FAA9A73DE667913CDA63BA5CE4E5418822B8214958
517F9CBE4DB2D788D966B6CB18A460A31CD7DD91B4E5391B
8CE454A695E968709764AE4640A577713C6928CFE2E044F1
B75D24613C4A1E75D9E7016D5F5DB308DF9B24F2CDFE6F44
8854265B7353FB25823D069316480FD80F7979818FF52A0A
5DACE7FD50DD6998CA0BC1506EF4EE04D671ADD01F3CEF90
9DA280976B1185D71DEE83A093C489A8564ADE46DC514439
2FF6612EAA2B44BDFB4A2E984E3C92AB4CC66284202684A3
000000000000000000000000000000000000000000000000
094A6DA50502F84D2449A404FD40C76C7CDD57D2EEB0B5A9
12056A3C3388591C6E417D5A42B55A8BDFBA31EBF42E333F
000000000000000000000000000000000000000000000000
2D3791190CFDCABCC5E60E005051482919C7E8919E71D9E0
99F453A1D8992B8B3A5951E4AFA2BFDE4763978E7D6BAFB3
E6254F7A0692073241636D3C1D5DDB99D5E004220C31DEDA
A65BB73DC7FC3583FF0C389853ACF356E326925FF0117BA5
000000000000000000000000000000000000000000000000
088DBF87564E81A14CEA3186A14FE12CBF3854E2C24EA240
5C7183989D93AA189BB14644331547C3EB3455A5D4B351DF
CCB9806CCA59569ADBB0639C894F9C66C1F4F7F6F0FF2EC6
A5E9E2308402E35FD6563E9ED62B38305442165DB99FDAB9
136C2F8E734AEE2DC7B0DF37B4F34F037D552DBC79963B30
6781B7E7EAAB2311149AEDC744D12CCFCAF6A7E6CF393711
04131CE82A50F9268C3F05E385C2BAB0D3C29D90BF5030F5
39DEB7823722213E8247856996331D647F7E7084194960D3
FAF7CEE9C638EABE9BBDDC636914644DF2CE5A2DFE86D8E3
000000000000000000000000000000000000000000000000
DC469C6267A1C9F245C3F9120C113C5D536EB97C448BBDD4
0C2384FA7036896E63592DDC1BAF5E59CB3BF4544062AC62
867D595B0E42447DBF9AFA59095AC92B220CE6822039F0E4
E6A54D823179E047D3FB4FA075EF35910FDE39ADF68EF6D8
1C20D56A983D2EEABD8CE83A17E59BCEB2E38B3C2578615F
755C7B7A3409488338E3953D388D349164C0D1CCE48D676E
000000000000000000000000000000000000000000000000
6ADAB381173E06589E1DE2929440D305154B1F2EF40DE515
F873B61E0E734608AB2EFD1F1CE7EFDD7439494DA7EA66F0
0FE7EE80E643CEF6F26909FB876C423AA5685D423D610F0E
0036CA8A742590C8E4F902612BD3FB6891F27EAF91058B32
461956D2DFF11303E709A8B3BDFAE7149FAA6A4AEC671778
779B611FD4FB6C259CBFB39E34EEBBC397442C92EB7085B7
DE97AB7908FA653ACB470414EC27FE6BA1FEC3951CB394DE
162F83E3236DCCCDB12CD57EE5C7A659FC0C844AF05E677D
ED1D8DE2B2E92D34DB994ECB173905D9005668541E1BAFAC
FC9763C23EE40274D1CEDA35EFFAA618C8FFED2BA9F5A7B4
000001000001000001000001000001000001000001000001
B2DE078504BBC83D9ABB3D7A867A9A939806D6D98591FDD1
27CB24EABC1B3FC434232B60552C06214D4C117B88ACFB5D
82299241898A993DF59A9E92DFF3553DAC57744F1BA16AC3
0AAE302F5425A22D3CD8E924D9208D0875BF68258DA310A8
BC1DEC8F328D367DF7711A55F1765D69D01A1A4AAB065A19
27990DC3250B10FC2FD89C922B95ACA2F488C996AAE19243
38632E32E8727E20105B4AD084119FFB738BFBE5352FA12C
000001000001000001000001000001000001000001000001
A73FD90CB8967E53D70DDFF4854FFA08A378F230859237F0
000000000000000000000000000000000000000000000000
EBE76E383707C1D37EC2F682A9C190B7930E9FDABB9BB6F5
8BEB8E5C8D63CE7A8C574EF6F663B89D066094F8F9DDF88A
000000000000000000000000000000000000000000000000
04D36D70F3C945507CE6207C81365685FEFBBC4CC2FCC819
5ADBE1F7619CCBB9EF1CD44698BA809CD16FFE706DF1264A
B89525BB9FD14ABF5AF86E5AFEB3ADC29026142BCBF90A41
9A73A316BB3E9033505BEA495A8929BA3B4545355E3D2790
29631C57A52CBFEA94B935EF7A686DF6CED7F654CFE56FDF
8BD9B078ACC7DD456FF99EB745F6D305D650A8A9889B8FC6
06CFBF2293B9DF8CD6DB43C832161DF2D37943A3B699F0FE
7048EAF61FF0833DFC417F494CE06DAF3076AAF8FEADEA2D
96DF90AB41C9EA4C6190184BEBDE702827356A429289C77F
98BF1EAFED02D6CFB54D5709F51F4C061B56C974FACC57EE
000001000001000001000001000001000001000001000001
2780B1C8E37003337E24BBDE45CEB3E2847DAAEF6A56F4E9
251B8BAE921BE387F7BA15441249ABA940F56DCFF7F7B55D
80D481EAA33CC71EB73F67239A565B0C03A67444E5CDD2CB
BF192E58B436F5E2061D6F7C17A82A6D6D502336BF950307
9F6EB902472CF3F799F5EA89FAA1A68E2D23CDCAD8959338
160D5E905819C10BAA3305E13D1493647AC7BB5F5F34572D
87219B499DCBD128B8E3C8F5C3ED3E800AF725862587CD39
000001000001000001000001000001000001000001000001
0E6C178802DC6E1295B203EF58CEE8ED96CB8C3050C6F9B2
C4A40C89E1FEACFB68B9FA834F5D290D71749ACB01F2609C
000000000000000000000000000000000000000000000000
88C6439430D96997F422C26A7A9EF6420EB047E77A030A15
B11FFF9001A135F3C70A888C3DBA3F55810A53F96C448244
2E58158BA7F48E26DC25D538CC830BB2ED770663E486256E
1BAAF4B6F479BD575075B63B5F4CDE76DA8F1B60087E6422
76B1BADCD1C2454A661BA0A871C83BBA9AAFD02DB330B338
BFD18D9F04BEAAF5BCE5E8E79A41B83158A3E4F24D463FBD
C9C841838C5E02BAD849994BA7F440B552FE21E5C953800E
F02A8E982E00D6E8863599C14253F4992CC273D1A7F3154D
000000000000000000000000000000000000000000000000
007634C8E76693FB5EEBAB5F32532B342CB346B928B713B5
E9E765D404306A012D0EFCC605755A879B021447043B7855
A5B8605C06587071A7ABF630D5A025D0441543C5A7EEF8FF
ADD1EBFC453D45115C539638AAE5B32470747D78F8EC2433
B403E575F21962C0CD5E08ADC2D443AAE72C16EDAD018C62
022A8A45605ECE16DD5CDB8C162697351A704106FF36ADCE
769E8F3C178E83A2B919015AF6BFF39891474F09BB333B86
8F4631D0203FF6A51E516E079D54ECF632E4693ED461CEE2
2041A3E3D338C0EF209A7A0B75268D6CF2C6CC20CD5E6F0F
276D6361D06290CFF1CE2C8BF4649C2C0DFC58F7A35B9AB4
110877555446E880F4389747FF67FF163A07E35EFBF1FEB1
13DE2E522CA24BDF888398AFDF32EE723468731DE12CCB40
2DC669E7571C387E2DA5DBCD5D37AD2E53FB8F81745B16C9
727DD692CE2C57750B4EFA4A6B4B316B9BF018B3FFEAD7A9
ABFA50432890FEEF6930FA2220B4C7980DC20CAC29FA4A01
6CB7E64BE066AABC6CB8FB4B757FB103FDBFC54D6C4B654F
4EFA66A09E41AD904F9F19542A4BEE7393E4611B44B231FD
2CE6DF901A03495381CA0091ED8EB78A29330E62904424AD
DD9190FB04BC0C442F4D61558AE5E7A2CE126C454F425968
FBD4616E42137EFDEB08CE6F19453EF2FC7F9BD119FA1576
000001000001000001000001000001000001000001000001
000001000001000001000001000001000001000001000001
64C9F214EED6EFE668D95D9184BC03C12ED719488E29C850
6421D4CC2DC6B4E45C7048594E23A26BE686F026F958EE8F
CBE56E2284850C35E4860B3AF2A9391AD5BA1CABDC23E097
7A83EF388567F97946DDF1A80F0D5ABECDAC9CAA60988CE8
4D773EDF8995E6CDD3BA21BEE849C246B0BCC977D55A2521
FF67520188DED51A7D606912131876EFFC7AC8C7F53BB1F7
AD3EFE5EAB7E37BAE75B6F62CD7901D6B90E4512EA9D3F8D
EC5220BF34F4CB3388388B223CF0EA6D2CAABE39E9CB1C73
54D5C5A3571C32201358DCE97F080E8FCBB5CAAC071A3A1F
15F3D2635D9CC0C4C62C97130C58479CC8118DF4C5565DC2
760BF3D20E472395CC01D9CB434B2945AFF2AA1E06BD6280
AF01042F839D29D29119CA39D1EF6DF81687B21EA3517DAF
A94D321D4A913477ECAF706CEA515552F724C613DA321D8B
000000000000000000000000000000000000000000000000
C2849AA5854F7B97632E4B160637AE7DFFBE3721A25C4E8A
EE5913C1689D9FF4CC980F0127938CB4C8320B7C29BE8BDF
000000000000000000000000000000000000000000000000
E0764AB1723A3DBC764F8DC146CBCCB38C1E6C570BE63022
975085E40D75C35760E0153ED701B585E080BE018B090A84
4FE53DEEF6109E673D296B7E07875EF55C4F9C392CD5F288
4DC2B96A41610B9F22A10E76AA75BBA344BC69027A3C3A70
000000000000000000000000000000000000000000000000
D223A2C4DDA0772295E1DFC76883395E6EC99B3BCCAC1DD8
EFE127A9DF8FD934FD897F1BB29A1D16AFE7CA0B604EA817
629779D9BAF2DE1D4548642DC716FDF0D13A312444E39DEA
106A1A0B15D010538CD5905B5A3B7484D497352AB2739ADE
00367192FE695328B2A458A04440B24799B346969E19535E
6C1B91481BB269779D13811F4F8F638B19BAD2071AB714B0
630447BA93EBBFF244FDBC925B37370A4CFB81399F566B8D
4EDE80426F98392A7081D505B546B4AB50C7D688FAA2C522
478F0E85F883166027441049B01F8E98BA4BDD610A987A36
D4665EAE88DFFD2124682149CCC8639C577915F03B622859
4190BEC11B7FF156CBE39FC06A6C3B35D9C123F4E49E099E
B8BEA5460DFA4838ADC42272E6841C7D9E1DBD9CE97EBB45
44A83179C9C02481AE50698AE9F29BD09FFE8513F27B4E80
39BC86D37590D71D66FD3F328D385F8A77EE617CBF27996F
6B75645C7AC555F8BAE552364EDD5CBB90F8683304F1A4F0
248900A5DD8B27ADF5F11D4805F18795BB55EF9D03FB1557
15327DB0126FFEC90BFAF1B839078BDE6508A8297191BFD9
F9114CDA32BE131F49CB96B7733C04E5C330A1BB4AB16135
89B20F337E2853B317A5729E8861B9EDFD9D16BE11680D99
000001000001000001000001000001000001000001000001
3DEB35BD893D1CB95890A0A7BD1099E8CCE4B127ED75594B
BD901D413A9FA0DD91F6896E5176A2973A2CE6D747163535
A524F50320F2B152505D5CAFDC062978B140D48E70C1C993
3711DA2F8A3BCB9E404FBA3EEA4312F0D0D601B97B5B88C4
2E49B198FB705672B5196158C4BF3F39B12FFA0BC37B3002
5B489AA58296B0B7F4337B2F5EDBDD9522E4E954C521462F
55713B4A1E4D600564873975C77ACBE1D597FCC404005713
E7C9CA3566AAE22A20368916400FBA9667B1A99EEBB82231
727BF2F17AFE6D8D767D5775826A222AD13B8C260AD53F8D
E5FB3819B47386AEF8746D96993FE00D3E0D727436900FB3
DE0D8B7EC1FF82AB9177644BC3DC0AA45B4033450B123CEA
7F028F8B1F5C5D24997C214B6C6EDB3FD13A182B250742B8
A4CD5574E71E82B336785AFC516473B9D2C79AC9841A241B
9BA2AD6EEA08E6EEF86224BC69D939B9A9AF31277BB92A32
FEA3940E8429ACBB4B1FA357375B2722A3C8298EDB2E3917
C2FB46DB9237E2CB89AF66ACB35C79C6C04C15631AE2343A
2F2F628015E4E611704724A2285F763E02C43D30E8F0619E
60549C26228912867BCF908669CCD5673FB08949AE9C781A
C76A60912D0BB701698D9BB2E7C88B40485243D5E2EE20B3
1B641D89FF9833BB5B707932777A953CA30E39D0DAAEAEC4
BC4AF8DCCD618DA3AFA4718ED51DB9F4701BA67ED2B7978B
C65301A7A70D5F333212BC38C5E14369C9AB35CC86351D90
EC6EE7F810D4528836A91CEB10463C07268537333CD4AA88
000000000000000000000000000000000000000000000000
F2CA66F1F7119A637DF9F5A343CD827A4210FF7EC9BFC79D
000000000000000000000000000000000000000000000000
3456B9246D773843E598B719219CE2DC0C229EAE8CF94398
57C30A822EFFE18D738097E97A3D84A3589073938B53E8C5
000000000000000000000000000000000000000000000000
591558609C8B5373E229115FC5CC35C49DC0F8A851BA8453
169A2083380070311061D0BFE6121EEB930FA85FE97DE8E1
8A53AB82D8B348365F5B60F960604581E0CACAD80D8F2149
8C208DEE98E3D8F65268BB0153DB9A08AB398912B1E0AD9C
CF4E144861037BFF789AF81D06C2D0FD5796F29A6B8FAE2D
60FAA7D3894434246985294DECAD0D6CF64BC58C6CBD78B9
2942324AA920C8D44568F8F410B69F3A631E99D703D9F1F7
C5FE712955FA9F29B53F414AD6942299A80CC6540C6B7DE1
17DCE6FC06076F4CABB9BD2281C27BD156D67F490446F0D0
0021379DF82A84AE282E17498CFF7D1E3115EBE55A97D682
1F65AB6B65042B191C3B2ED593F30518F663ABD4BE707D12
E2BCC39273E6506CB4CEF8B042A53EB63BEF49C0C13CB083
000000000000000000000000000000000000000000000000
000000000000000000000000000000000000000000000000
F80017E6E57FF78BBC982A353A7F28F04FF40515B669C5F4
7C291CFB69D7CA2F63FDC402CF9F6896BF246312E77FA967
8B4DCC0239ACD9E4471649B8BACD413BF24DAEF3F52A7D58
8EBC00F27FAE49F346E4A5239FF3222484454C1B494CB429
959267D8DBF4D585309A8D2F69C1F44E249C2596038E5DE3
3E606FD943D75C84CE9090B48A310D8E19250C4449D02AC8
7CD0A94EFB98CA91616C61935CC664D098EFCCEB9B1C4183
58529BF1A4E567D181CD9642364A53CF4B584F2488B96B70
000000000000000000000000000000000000000000000000
6639B83BC63CB764B5A63C64F282B5ED36CDDE37A395D8DC
2F2F547117ECCA9BC7D9B3C86C2430552B2A92545226B796
86226E7A885BEA1B21F8F033271DC61976A7987EF992538D
220A0E01BAC9531FFEB58B0BFE2731DF33870FECAB2FF74C
2761A2C2740C20986F01570AEA8C34ED2542D0D8E92EEA69
C91C05F4B3CAD255929B84A8C285F4A5FC4A921C12B6981F
45ACADB9F560F7904F3EB60FF1E89FD8E6CFB8F6712B8E5A
EB600D1B24E7D7DA5A3A8B192376E9591C7886689C977C5C
136D647D1092EE6E43BB0AE85F9EC1E3330D5AAADE6E8E10
836404F779229994298046921EA1400EF36113C3B32C426D
79CA92099C3DE317347591B61617D71CED924E3D845B4648
9481EC70BCD5742349D7B30A08442B68262B0E2813B820EA
000000000000000000000000000000000000000000000000
303E4D1FB54E9EFBA5894AA2FF31E50BFDBEA4A8A186E0AB
D42881382EE895A4F08EF3A62E99FCBF2CB1AE6183FE99FE
B60DCF558E67174DEFB706BBA386565737C2EF9012B82ABC
6720C4800AD4B6BF1CC22A9F2E5C13E91EE5163363A070D7
000001000001000001000001000001000001000001000001
F13607ED30A3B5D16F29DAE35F50AA356770A1CD84BCE1E0
000000000000000000000000000000000000000000000000
FC3C84880AE04616992C8EFC264DB1CF963A0E5C7C1BF1DC
000000000000000000000000000000000000000000000000
E653516E03FF5A7542F83B2B883402275BBA798B4FDB1774
A4CAF3E2AEF7E65C9283F4377C10E652CF6A064EE376B831
A3D3AEFA00C96D8B542E09CA545B545A22717F78C6CE7BDE
180B195BBE0833A6903A997F2742FC66415099EC94805A3E
000001000001000001000001000001000001000001000001
ECDF0EDDF04FB1F2E1A0EA2712453EC3140927CB693043FB
4427AF4C396168E2F4CB321A530F04C29946BDCC9CBD19D5
82C86B005557BD1A53457A468647BD25E7E12344D4C22798
469FE186B9C55B0A713581A94C92B2DB40998EA59474F77A
000000000000000000000000000000000000000000000000
000000000000000000000000000000000000000000000000
C2194BEAD1441AC2FF37670788388407B07452EC929425A0
000000000000000000000000000000000000000000000000
C889DA9B1BFD42F682232E4371A6BCCC458E6BDD5B359C7D
9E96EB17EED9B909CF74442B2F1A9D0F96E2C45262D2E7BB
B907876DEAAE18A989BAB988B56EAF0BD15954F269FF6210
E41C642EA8CD639E88EE5407EA2FE99700A29926E8912B76
000000000000000000000000000000000000000000000000
D64F9EA423F34A182A8634A892FB0793B4E2A9D0C5998927
15D04650F61FB9AAED5D68996FD807A248D8E219F1847F9B
6B76207F602F158FB49E6DB5FA4502307ACB46625ED77AFA
C5E6C9DE4124A879D7144B348EC161E3091BCD42FBDF9F8E
5DFFA0E8C31A317FB45B4346B3001746F6EF96098097608C
759A221AA5003D586B16F04E17A5D18BD244D94D69082B5B
692477DAE1F96798C80438CF40DC062BE7160A6D130611F4
C57236099293D9A93E5B850B247BB0EB59150A42D3A43A9D
60D53511D3A4489122E3158C91EA4C8C16CE1C999EAD0FAF
2F2B44CC93E0FD6616CBF6463DA359D5007A048C7BCD4C4D
989981077B697B56544A4A861ED7B81E8FEF7648E33A1C75
E4BF0E73C43DC78445A88AD64D9174D479C165671DAA0FDB
8B78D2CAD4B11EF01E0A32A12A766C1985216089EF646E96
7560140F41ED990B2AC76BC0B4A5D1E7F83AFA3B068074DC
EBBD2F3D3AFED8CB4245165798567AD6939CA8F8780597C6
303B6672B7AFD25FE48C7B246E041AF09478F4783B638C1A
74F628AC61E4249E4FD68E51121521299FA5685FC35F594D
A71056679F7F7DB8A107FBDB107645BAF5E9D7B218394299
C370DA4985837B9A891EE859F18231B90EC54880AD997E92
2F2EE2A24DCACD0171502B086BE9576051FD5D069D4F0CD6
D7CFF1916E4EF900711C3E5994A10008469EAE3CEE13856A
FF50442E1E5A3AE938EBE31BD94CD1841DCFD170FEE08D56
7E51968A17D714B7CE6D100A2EBA131DF2E9BCBE037B7278
EFF9B3E11AD1F1E9D9418B1EF14DDECFE46FBFAEC35405F0
22CFE69CB452656C6C76086F09E69656FC3BEC1A5297B37D
4A5E0690636AB9A3AE83BCA7CFD91235F7ABD5B9B1F48EC9
1690EB57220798AF6A45F0D1844ACBEC1437F8F86764D519
000000000000000000000000000000000000000000000000
2DF2A88A406079577421BC2D37A75974E7C3FA82D398E32A
F4BFF7BB082E90F3AEF13C13941D274AE10177C58F613C47
FC5C8A8987839D873166A877F28F97E391104A2C0A3EC228
7E215AB568EE7BC03DF2A197B490FA474E80887A0BD4F157
3233A4A5320F5C4D6E0EB5F2DDBD1D89460595A6E1BE34B2
3D393004BC0AEE4A4789F88856822D070F47BD813D927FA5
E77637A1E89DDA9B05A24F0EFDF7E9A3910667204327D39D
FC0A6562E614EC65E246E94AC3CD2E61E08787EB11E37FA4
210F01E2E89B1C1BA55B833CB801F73EE85C4554EC4A9F67
5194E2D667BF53CEFA65456ED353D84FEF85201CC7811630
A4D08E6C95E00CAE75EC2EFA95544F5E1CFDA0F9D0CF0A30
0B102EE661921068867F43C46B9E31A6F514C25AE5888FC0
3CAAE675FFDDAA020E7EF63E33F958D259CA6DBDA4EC3D0A
E3D0244E79DB717CE50B0490BF3E8C88D6E33E350B33988A
8827FCF3DEEC2AA5BD175367E370E0E4E7B7BA10D10BF7CC
8B16FA5A7CF6110C5661D7643E207160ABA6DB9BC8E804B1
000000000000000000000000000000000000000000000000
B68CD4F286DAEAF94C95DE033BA0BA95177101B9EA8662FA
D19F74588B7570562251EFA271C4969F7BC1E61C2E0DCF3B
3BCB7DE8D0F9044D71B0F25C16B23E2A2B64E418C7E18D68
8B1D993ED295DDC281F099196D058100655B986A4FA6E444
9661E85AC2EEB87F7436E487C3D51AEE7B2F22D56AE963BC
D68238EDD4AE0555FA1B9A329B53C9D754766C208B74842A
9F78CC0BE38F2A804C6A08138335EEC483632D9EF4DC82D6
A2B744E6B27A19F4A21BFCFB4533A42955426165528225AD
3766FF46558686129D782D5E6B94CEEE470F639C7326F5E7
000000000000000000000000000000000000000000000000
000000000000000000000000000000000000000000000000
6EB2C9CCB998063FF8DBECEB3B1296DF02FAB9BAE06DAC01
BACBF9CEA43DB16E63E238F77C30AFDE422A8F89D0A24398
A7DC944A56BAE5D2F402C604E3102FFF04517DC281268074
623741F7B9B4E25E46E2B4A6C4530B456D4CD1B1B405B20E
23DC673C508D777CD3CD8CE7FE24860EC324CFF68CE1AA94
AB7D59A487382673491CF14555F15498F545269FF61354DE
CCA4F18EFDDE26CB614CB8C56BDC61D5ED43D915584424B8
4D3EF452E21B4AE65A49FE554E455E43A776A5A775938C1C
4E8DCFED5B404DFADC894A7B827036C84C1DA856250ADBD6
2317237FCC337E973EA0DA23B032F48AFBBE8DA26A183884
99827C9FA0364C07032DE8E2D8D3184493FEE5130839F295
F49923B5F2FB1BE5CB8CE9835763853849A2BC53276F303E
000000000000000000000000000000000000000000000000
71D520D337EDBD768F4B1C82A454A8853A096AD2964319D5
588A87BAD8B042081FD93477926E5CF5AD7E76E58FC66936
7C09F463ECA7BE0F55EA6085AE8AD0C7902003945A899774
18DAA24B4029B3D9F28B4A9A776D622504113585FC386CEF
000000000000000000000000000000000000000000000000
4B6C46372F05145D1B690118BBE78F634C398F23FAAC7C2E
3556C922F53BE69724966B583795E45B075C570BAE2D97B8
BAB2D20FD6DB9ED100AD357911222B1249EC4E7B24FCFEF7
EF0FD16B060E1F9A06D5CBCA717C3401846DDA2AF658B752
5A1DD5BE5061B4F6B695C6EDD818E7CD91DBF3BD1F7914A4
11513B6037FBD0F6FCA984FA83253A0ABF631466D7401BF7
000000000000000000000000000000000000000000000000
6C1494D6DD4F42A3AE100EF3D47BCF724EED6CAA5D433DE8
B2764A9ECE9FF2310590CBF675C1647B8A20D86630C4A47B
8973175E35A250A0B37714322812562C08AC9AA295834332
28EA3AD3B3A05485DDEEEBDF20A19C052F3B29C543906CD9
BE656E47846374473B6E309EB129627D5086F17FE7EE6E47
2ED8A8E96FB3F2DBEEBEED6E78CCC634AB12A178AB82068C
82A730CB4E51628874C37F1B56A28DBF02F775C1D4044627
881CDDC9E05BF5A2211E0698051E58A97DB773FDF2469C53
AB6E03C4C1E8A925967C9638B8D6240069FBC9A637BBFBD8
E673F2803CB8502FE9357A057BFACB74DF165EB995807E4C
BE99458762485840CD185D29B0F5C3288EA467548A3594D9
72102904C6B4592415C2F9BAE30809BBE0AA9B1CD263D0F5
922AF2D86035A39FCABF4691A8378B9BE24460D200C4B869
27E62305DCA245A712031D3291B42EE384C4472B1EC03F80
F99108F37E6B3007721C910B3D343D5C73D8A884E2161D28
CDD5CB429B920DAB64734C3FD31F927D1B5B271D0542DA13
2C16BE88BCC8C4896C2514F8D945926BA89D1D737690B379
000000000000000000000000000000000000000000000000
C8784726B56C6A38D295D86402DE0400ECA770171311E8AA
000000000000000000000000000000000000000000000000
000001000001000001000001000001000001000001000001
834C91F60ABA372248F73DE02FC7ECD381FFD7A732C44413
FA197C7730D6C3B6D7485A5F5B4D6B776FA09E6C4478F44B
A35AC68D6395223BE48CF2CD66C0F9089BDC402CEACC1024
6E0DB3CE546A27881DABAB07C4582F3330DB07C0CFFB4FC8
00A10B443DFF1762195BE22D277516154131CC629BF5EF6A
4FF2B669EFEE8A1C19B242185304BA3BF4FFEEBB8AC2E8A3
64DBF44C4F0AAF0DABD5AC5A2FBBDA7ADECC556E913B7EF7
000001000001000001000001000001000001000001000001
9EB339F38E5A10C4363D9D02086A41A8D0B8598C5E674893
E580AF0F3FEAED1D6D2C8B656A2E7E2BAABB241A9C091611
2275D1256D0FD2F81F63DFE2004586034BD1E32E131FC1C0
0DA05FB961D5640280A4C2D1E6B8FB41DA4141F203BE285A
2411AC7A24DB026EC59681FF35A322FA4F6B1AE89DF578F8
9D21BA884CA777A84DD272FA097D964B4D0771C37684DE8A
000001000001000001000001000001000001000001000001
000001000001000001000001000001000001000001000001
767EFAB53CBCD952A63B13CE7D8B26C5C85546BB9C1739AD
000001000001000001000001000001000001000001000001
000001000001000001000001000001000001000001000001
B9F3858A0C220628773ABED7519A8FC9C13EAD0AED430E68
7630BD05ACDAC5F8227FD282C6D51C8611BE1E2FC7E2DFD1
2720868BA459DD73BD19348A22A190C4E606DBD901D02AC0
0F9F105A5AA4C9A13B1AF9C65DAD15631F27E8100D93F0DD
B35FB66C92258B3067A0F9234C5875803C2EB9C494D309A0
F5C57B50D4C332037B743A46CECCAC94D975E36A6D84CDF1
000000000000000000000000000000000000000000000000
804378ED9B69FD7A6E338E77FFC40DC019371A57F02911D7
82CF83D794DAD5DF169992A8605DC2F2519115009F9AE7E3
4414B31DD7645108E4579A891477BF88F4B192AA693EEABD
FF50D2B21BE3FEE026CAF99A3761DCC7D74DDB3F59903B2F
711FDE2ECE0A0FA4CE21017E6E10127A056A61A5F4CB368F
CE848A668A8D1F47799822F810BBAEE505643746BC33E1A8
557E70BAB5A6F090E7423A332A29292632BAB4A7AED4AF2E
F971BDDA1660C25F4093B8C0B5CF5AFE7994701695CAE5F4
7B2D7BF93E9AD98D9CDF1E3814631AA970C2EFDC599C72D8
C37275116D8546145035EFED49EE7DC457DB9AA3CA1A8F1D
3A2571F6197D8B1E738A0D03953B603D13E4C34DAF8BE417
2F0C5FD4AA81DD8A3A3E387942BDA1E7A0F34327175795EA
39D748D8A723F293DAD91996AF3D4B33495AA51E79F01A38
000000000000000000000000000000000000000000000000
877B501672CDC3B587AF34A00665B9973F38107359DBA152
02FAEF1F2C8FB267E501773FFCCA3BBEF6C395747C2BAC88
439CC5B28E5CC2686F9D7CC4C2CAABFA7AB19221D58DEE75
000000000000000000000000000000000000000000000000
62433CC0329D25FEEDC5BE22C8C2597F904052632032B3E3
000000000000000000000000000000000000000000000000
43732B8D3D6EB5A25E18E98D8159277AF7F89FBEE313F945
450E300DAD3643F826EF247EC9A30DC81C3B613B883016FA
24D4F5B15BCB45BACF91D30A10C5E52A7E85662102F70627
953273BD3B38F1BA139E3F01D6E066CF0FA45AC428AE38F9
3E6B3C30834B463D32938AD8BD929FA67E275B813170EFC8
929129B18824A77C8956988C58498D829438CEA4182E5B63
D60857CF4FD6976D89657480E2DF25CE30D4818158E95432
D1E9B29B82798FEDDC4F4C0103F853655C9DB03BFA288B54
000001000001000001000001000001000001000001000001
8E29FE7DA7D1A67CF94E3A2FBF5EF3412C680B5A8A9E9C4E
5F0BF722D72D84187EB6CB281C02EDF475196B5597C4DE66
000000000000000000000000000000000000000000000000
000000000000000000000000000000000000000000000000
F2757B2027FE3C02C37F9CA3DA91CD120BD272C16D6B19F4
8F311E660CBB250860E633EAB8B2687AE4C0201F51C7F2AE
030C78044A6BEA2630E7668E6C769D5F21037B9179CBCC06
90A7ADF97C943AE96D724E63640BD75B41E1F2EE2096B026
17C44DB2C367A89C37D4D6EF3669E6A28E8AD278AD33D846
63951A58D0EF8F2F8D713DB9B5B36243D96A62C74D938120
32821C2E4E033DA67EA055749AF22D5B1BB9E5CDBC889181
BF57AE2B6E88A0BB0ED4AF917B8B08FB75FC7035B2D09A2E
36FD52861023BA63CDB183C2458CF6C8494321587A384459
BA0C4959CF29455D9FC3FA222F2ECAC08ACF6DA946D18968
9088020F14188A1558EF25F5AFF297EE1C9D65350B41DD1F
A0B59781E5435C94C1260DD3EAF405D6199EB5FB47719CA6
000001000001000001000001000001000001000001000001
C349E6670012ACA656A1ABA25A643F60A9B01C25E859C24A
5A975CEA1828AEAF5F76C84F9B07709C0BD801FFE74AF0FF
2FDB288E4B566B297AA7ABF71D6B7E88FC0421F141FCB13B
9439773F72C58BAFBDEF502E3978C87D7F54DE2C21E5250A
7DB1BCB0AD5E42F3711880DADB3EFD59B916109CA0BA7338
60C29C91BFB46DB31ABC32411E878084CF1CD603C8F14F83
C797C0E90F883E78C5062637BB04C78E92C73B422E6A6FFB
D004C76953DCD5CA73B6C1BD19287F19B890771C8F4A2272
E3958D2518EACA2EF38CBE2CACD33535809480E8C52D0AAF
B96FAD39A963E349D90C452142C7CA9AFE1B518CB74137FF
443D38175FEEF65F91037D680C32D7EC848C8A4F0E668381
000000000000000000000000000000000000000000000000
000001000001000001000001000001000001000001000001
000000000000000000000000000000000000000000000000
EA67C0E959DD142969C2258BB3996A5EDD1CB4A8352D48D1
000000000000000000000000000000000000000000000000
36521B63FD542B1C05EC12A627F807F14472E7454CD615FD
A2181706307857860A062609176F1EA6FCE22FCE1C337BD6
15A8E45B69052D2242B5AF087ED0BC99B2FF053C21499508
000000000000000000000000000000000000000000000000
0220A2C9F1E51316DDCC28658D5EE5196D0FD887FD8568ED
C76F18DF036337DC7705F2B489C511DD4FF132D0D358614B
7A6A0BE74FC5381A9B5D66FB154C98807EF1CE9BE3CB1A4D
6E6A51E0A8BDC56D7DF504634AFE4B6C8582466854FC199A
000000000000000000000000000000000000000000000000
5117AFF7895B24AFF6EFBBC3D4CEB756310499DFF0EAD67C
65F089D19871461C1584FC982119FDD47441E984EA6A438A
B6937B73B96322F901BD37254C7BCD3BF1D56590193247F8
CB995FB2604135FC0AB05F4E1AAC2018539CC0E67741938F
862E64DC3BCC74320AB3169DCF1035E08D9EEE6D4D203A68
5F0F6681B126FC545BBA9C8194564796C0535A93CB92F819
B062F7EA8B41890F18E2DFFB20B8A078E869ACFE245827FA
43DC1F7FDE91E026DC6C562C0FCF026622A4359E0089F36F
03ABEB1B195A125330E17A4280B56EA4B7946616E3AA823C
040799C03CD3C3697E71ECBA40F89D2761FB12A02C760696
000000000000000000000000000000000000000000000000
D8A7C43CFFF13BFBFBBF5F25B4AA21CCC02C9BD36F6A9201
9E9D7FA8BBD43F9759C83349CA81FB6CA123FC7C307D2E19
5A3BA103D6BEBB4D494A338CD76CE8FC8FDF5CDF677BEA18
D91CCF8408E0F0337DA1D9E52E4136FCA1D12F67E9F59C11
99A5B7F2461BD864A01563C69B211D421F25F04F9670B53A
5E677B165B7A0FAFA1942019AEC0EB98F35F3854D9823654
F92E33DCDA9B286A1CCF33498CA650556C10F8ED3465AA5F
CE637C4D40240F81EB02B340C0EABB4F9DE4EC5C6C7C0D97
E310A91A993D2763DF1AB8F6E1C60F02C34173861DD69E76
DBD30665AC8A8C2C3ABBD489014358B4A1934983942B78CD
E5F7BE633A4643888B99DB24F4F3A30B2D2B270C278030A3
B3EF9DFA2CE85C861307EC0550A39B79D306534B45263BE4
FE373846770F05504AE0EA19CA4A06ABFA0B13C2F6CCABC6
2864871EB11E008A1DD778BA4FCF4A1F04BDCFEF615C029A
000000000000000000000000000000000000000000000000
1584502E1DBC77A073897A3B715D23FF315B75A524A1BECF
FC36FFFA186148496CAF57A0B438D6DCFFA11610E82EAA07
5FA4A3D38295C3B503D2F57434E809964527D69775BCA50F
000001000001000001000001000001000001000001000001
71A232815F6BBE403BB755B57D1AF77A8CECFF2A9A8FB808
58F9F8BDED3DB447EBA07DB4FE30BA5978C0FF9ACE422ADD
8E4E1853F30D7801E8850FAB4403BBD4AA2D8E4FF44CFED7
34BDB33C1C64CCFADF9E03FF5891B962C83B16C3122BA009
2E7D95E9446829A264FB259F1FD010B6844FD4442881C0E2
10BD1F2328DD359D7FD91356AD759B83BE60AAA17A39CEA5
DB2EB130A324335C062C449C41FEE4E955989C5B4E9F3847
0ECBB860A7428D399531B47B24DBC7A461CD98EAECAE57B7
000001000001000001000001000001000001000001000001
0C0053DB3F327DA613B74B1FC3AD3FAC324275DAB4A4D9EF
000001000001000001000001000001000001000001000001
CA05737DBA04EFD5D13A0AAA7D7179704B2566F4C49722C7
65AE890F97CAFCC37C36C48C825562F3A0F8AD173A12F201
000000000000000000000000000000000000000000000000
53476B841843E1947C23F0A30F7D68F881EDF992A71634D9
C847AA36EA616C65061EF040E2493B53EB7D2E1C20F5B235
F32FE613040EF0DEE2C3A12D435F533F9DA6DB0501EAA9C5
EFE558E88F639492D1FA73E3325ABE0F62BFAD6A35FE00C3
2133D5D50820B47D08FB0B459F0AC5B4B612A7A7E81A510C
F8C796E2781433246C2EB2D6527F75F8023F8ECC9E94F682
22F9D797DA6163803AFA653E5BABBE7DFB6DB253D59261BA
28F7C6566FCE305D7E6264CCD21B68B32EE7060768DFE86B
000001000001000001000001000001000001000001000001
405C43388CF2C7EF4CDD988EAE9834CA7C29F7A164104346
6713BF2DF876016653CA61E6E50FAB265788A326F1EF6614
78E536113892D4DE56F261936BB73D7D0456BD1D9513E148
D7F3E927D3C0EACB5911B9621ACA18F1840F2C0C980AF0BD
BDB8B29FD29436D094E6ED4AB64BA8107676CF39B5DED055
000001000001000001000001000001000001000001000001
EC4F71BC159A720614859D1AC81086522183C0928786FC06
4CC307F49D2920737419762FCD8A33D24CADDE1F7EE6A9E9
63B33F4ED9E6301A946D4A458FA642EB634D156AAA577C03
FC6EA434C79293853399BBE15DFBC6261DC8BA1B318536B9
E1E460B2BFDD7C228F925CAE9AF8AD2EA93E3D0E0CC311A5
BFB4F5A65FCEA51647474AAB0AB2427F7A593A449F76CCA3
9239B4C651001E45DCF8F6D1C313D251C330897A315B9F2F
000000000000000000000000000000000000000000000000
000000000000000000000000000000000000000000000000
C7D423D3CCAD36D518F2B41EC0F0007A778709FD123D2323
B29EC6398922CECF0C970860F75313BAF83EB8145E39AE89
07B7520E94419DFAD7F08945425630B5DBD138D4E425214D
6C4A02AE99DC62955A196AFCBAC3D0ADFAC2728B06E5EE00
251A8BB7BD85C61E9968FC5A8B91F7B84A597167E34C3C5C
FDD5F0F1A3C559531F6A1423A60A97ECADE5A66EA46C0119
48012D6B9385D8622B93F506E6731394814B7E00F218C5F0
678A6ED964524434D868DDE9B1E7E5A16AFBA179727EBD3D
F458EEB2B2F22641A5351E84B143F38A6068ABA378FA7E3A
20D01F17E3C3394E9F78A0A44D61FB1CB4620720350B6CD9
000000000000000000000000000000000000000000000000
9D2407637F2267772253B82403747795EDE275D9D465DEAA
2935808C8077488467CF710384256DC3A0036A7DC4635878
6F3F9CBC1714643312E45615F1C78399613ACB07B2A525DF
F99C5AF742BC4E5A51E1DC022CE6A56CC9C9D333144A55BA
56650F257966270303EF4802DA09DCE8BDC27223089828D1
AAB1D73B56189F80D1468D4D8548BD5491AEA8AB1EA75F9B
58C24D628C43D0907B5EBF55BA980DC35C3D37F2AC0D1B4D
A669A065921785B75214D3A9C317671ABF9C97A88D11A2DB
D06FFE817BD58E4416F0516E86231806ED2CD9AE7E5DB8B7
9AA742C7D2A2B181B5DDFF149C7BAE90E34224DC907EA77C
6EE534904D2D771AE246236B78DEF6BB1A0B841DE382C267
7E20FCE71D7F62E37A89472F7E30CE75E5CC978ADEE58116
E411C556B2E574168A246EC92580C7AC2A4B2926167C0EB9
FF0EA90C81D888907F997A4B6EE2545BB23F73301A6FFEDE
7EA1EDD5A3DA409B09A13D0877EDE8F1783142ABDDABA807
000000000000000000000000000000000000000000000000
6F16197BA77C549CD420ED2A93D6DDED71D891CBBC79BAF3
000000000000000000000000000000000000000000000000
B839C990C97A357EB8B047F375A518BAC9D5ADE373D83127
0A152FB362E6871A1694D8DE52B01D2B02D70179F262DD35
BA6C98E8513D83F78758EED7BD97F231E8AAF00DD83C707E
17E234DA07499CDC49E9A9B1415469A75F1D2D6E0028D349
D674FA966ED74C73DC8E2F935ECF0DF47C9C02AA38926B10
C55EFDE3C0A4AA9396BD3D85DE35558FEF01025782A07476
000001000001000001000001000001000001000001000001
8ECC270230822D88BB1FAFD20D88CD19E8E36B6FCAC30546
02BBEEF1431E31E4B4FE6C1BAA7912BE89CBFD30974F7D40
D215E566773105B491015650C57F278BADBB2DCCC2D3E365
E0A4F53942E40EA9FEBC2DE7C62F0322920813702D99CC55
50E32634AB8059103FE4E731CA67106D1B9597EDBE1D9F94
D3288F4755C8D4EDA46400D4739B5C4C55BD11A4B3861C13
9E1980D189C46641727D4D34594AEF03D6B0DD36D7990D6F
93AFC7DBD3D23060690D39CF5DC791A08343F390B598A386
000000000000000000000000000000000000000000000000
5C54840C1B8F1246C560D13EC602A5FEAAA0C41BE9385D9D
704A883D0AEFF865A53B833EBACD473EAF98A472C635F066
EEB20BA58A90C2C0106A40970E8A55115A21EC0C4A9F3F05
17B8DBB3B7D27E7ACD9E94F67FB75D69B0FF2BE7B580C9EF
8A9EF6829643A59D10973DFCE1A8BE278EBCF332178329C4
000001000001000001000001000001000001000001000001
F7091FCE084BEEE8C39133CCF8741E1A96C2602DB99B39FB
000000000000000000000000000000000000000000000000
65922BD8D21C79DF026A5AAF8AA8771112139350187D8B8C
F651B1E24E4F7AAB907B49BA4331E191087A4A2A177AF465
DCF4C16B0BB3D9AEBEC54B6C119D0075E622E67D27056B1F
D3187A5B774EA490F308727984AD45280E20D1226E9F86AF
3FE5B3CB65C91EEC1131E97AD6E78820FFBC267C5F642C25
E22DDC9C566E1B1ABCBAE0B2811C2876E8624DB08CADE71E
000000000000000000000000000000000000000000000000
89ED1F5CE95CDF684BAFEE54D9BB6AEFF37CDB56DD687E15
1AA5BB22A66F78FFD4C684620694207239BA23C7281F653F
EA8D017DAE3F591FF3A6A0041551604AE8826B39C3DCD8E3
000000000000000000000000000000000000000000000000
66DFDABE791CAA148E6BC5AA90C408D73D9FDECB797617E6
95B397FC87F3C9F3BBF9114D7113B5244ED3B1B1B1100E17
08C566D181B36ECCEDC94274DC03DFC70A44DE32194B70A9
000001000001000001000001000001000001000001000001
9DB623C9605B6100E3687DCAF9F2BE1990D5133E06ACE285
0EBB8E7D93837FFE847EEC03FCBBC12077ED354BFDB92289
AE60301B6C2250E32CF0C32FA04CF6389C304AD521EBEC31
1EADDE3B87C35878813B3D92047EA3A919567D6DB92580F6
E276FF34561FE3B4AD7285893CEDC08B95DFB26060C3B310
BB31531103C6C0BEDAFDE939280BEAEA600E6BF9B03BF41B
7E6DE797BAA17BF4E67C204CD4CCD5CF78A6B73D1BE4B671
20CB50F5B8C107FBF849385600825FEF8B9FBA0B787CE5AD
7FFDC35B95078FB6793108FF82A4425A3BB398ACB0DA07D3
D905E031BADD0E4A981226F2273B6FF6EBD385A8F9D68EED
A3171FF31BB0EF30CF7AFF724523D36C6BFA2540882B484E
9A2672E34A2133E5A25357E0CE2A1CD0797D6EA61FB71E3E
38207E4CA4FC8BF0C38F7B5C9F47FDAAFE53D4A1680043FA
B1562EAC41DA40F21BBC102E63A042027985B35D80A345C2
D3A4D6CDC37FC554EF526B235EFC2037DDABB81574D9FB6A
FE11FC3E9C153630ECB75F8426A6A70B30187EC750432AC5
DA31D592B8EB661928B865A3D98C799F515C30D897688960
E07C9F9E7588176FEEA580177C7FAE314AE369B90CBCA233
FBF2A3C871F77C9C3F24EB8E1663C5A5473294BABACF2A2E
59B2EA3807C93A515D4FE0505555388B3E9628F4638D335F
10F05CACC46A4A253C7555D1EC7E474EED38524A6F3EC88D
42A3C588382D87820BFC2F2AFFA524BC0A78039243434AA0
13A33564FABD893255B53BAF71D40E7A5968D88EFFB055B8
7D5DA2F67417DD9473E05304FAF7FD217BC4F1FE4978BBF5
A2229C484859CB41C36F227F2002C54FBC1781DB89F87E24
000000000000000000000000000000000000000000000000
000001000001000001000001000001000001000001000001
F8AD7A08B1D6D65073A5AE3FA0C5801347D297B04EAB13F3
FF5D1466A6F712DCBED3D53A1748E67AD490F80EFBCBAD06
000000000000000000000000000000000000000000000000
1A387588849FD9B9E49C4403AFE9E04417C4C2B60FE33DED
000000000000000000000000000000000000000000000000
4FEACE82E1B19EA34AFAABA5EDC26863DF2EB9A3B0D8F994
F64BCB092A2CCD9A3890B5C2DA8C447C15A746666E8D0611
000000000000000000000000000000000000000000000000
022B5D8B13F6F67B0E831D68CDB6E0245352621BC68FE2AB
EE75A55A9A2BEBAB2D6184F9E1C8424301DD24EC161AAB0B
7E7049B393151783EAFA38AEA5F5388BF5AF3C738DB242D6
5220E48660D79009DAB588B0699D2DE7B46F7C88E101942F
000000000000000000000000000000000000000000000000
1C559FD6DF8E89C06BD746B9FE739E912EC62A8238CD3437
15755C59ACADBBF167A8ED1A7F9741B5707EC3C436E1E6D7
000000000000000000000000000000000000000000000000
000001000001000001000001000001000001000001000001
38435F3FE75ADF1175A923434936407BCA75974491B23B74
000000000000000000000000000000000000000000000000
D82822C5015FFFF71A05765A58825F29062109F21A48A958
DBC716B7B578899AEE200E0D5345F6A45167B5F6B6AEB502
F4F36BB45F054AF9C951BF18F32CC482DA5C4C814E5FC65B
000000000000000000000000000000000000000000000000
AE563A993DCBE28DBE998F4E23917EF47E1CDCEA37134720
000000000000000000000000000000000000000000000000
CFC03DCA69F999828C452C43D02D7926EA0B6174D586BE5B
8D85CE99F527669D7D96EA2B26C14A7A3E7DE2170A4A3E8F
33CC0BFEABC434CC1381BFC614D3065B776DAC7D35739AFA
AE1F972F93089F1FFDFC5097E9FABDC193BD0FC37A574164
A35618AD51A818A1DFF5315254ADE8A9A295FEC83383F530
B16BE9A9B91FA18061F89EFC8E09F0562EFC3A6A31109245
000000000000000000000000000000000000000000000000
A60988F0FAFED3FD3DE884168E95E2B468423D377094F71E
513090A0AB5F8BE825F3C3FEF733FAC72337C6E47823671C
C0E9A0B863D765A9648E32320CA83FD84DF232446239948E
9DFBB73B36036C0E34337FBBC9114D61DF19444E8C69667A
B2377BCAD2A57F1FF586E83471A2537C2B64CFBE06CDBFC2
BE3A0BBDA07944EC942A0024EBCDADD24F1E510F68D8CCF8
F866A3E7B7289EA765A1D179A07BBE14529895258EC87EAC
000001000001000001000001000001000001000001000001
000000000000000000000000000000000000000000000000
11DEFCEF9393EC26AA8E85D97057A70808678BA1DCD5745C
000000000000000000000000000000000000000000000000
77B4C9158D377245639CABF950EC8487B50905276DD3FD33
2A1ABFC29B54A0C573513DD1638700D827B8DAFCD3FFC22E
6812F8F4E1EA032D6D8D5722C1027D92542940E6C2E6A4AB
22E2C667755C584E8848C94C6C875102B351AA700345F567
778D5FBC0FF514B7200904D87E41558C57C108A455A7616E
A961BCD16360A8C9FD4B340F803833F9E4DF1EFAE4AFC309
D4193CDBF59B571E621D2EB000E9E6AE9FCD0BFFAA9EF44D
FE20404DA1E560F4A353B9D42E537BA17604266371F0406F
FB78DD0CF9F949A95E5BD2516F459966E445B7C6BBE526DB
DE5035C58E5CE5A380B9165410F731CDC4DAA724CA22F278
6E6EC23D8DB8205204E920F478D58A30CCB22725B2B9DE8D
32B75B5A7B76F18EB8B612719A2372C54CA506B103C6E979
CAF820CC35924E51198DD69336142BD332B247D5B4D0BF9F
6047BB876A1C6D39EFFD2F519104654C58D03B0E1F2973F8
EEF9BFAF03B929991715636974F3FEC1CC9AFC60E3921DCA
9A544F3DDE5558C319F57A5A6D82A2DA0622307003D209A1
FA0B9235B29A92D973E489426954C1F6A7E33328FF80BCD8
58A45E64E421BED855506F3B1849C25FD4B822A9746540E7
000000000000000000000000000000000000000000000000
F106793E3C84AA2EC247DAAC93C07E122CF58DCFE97B1B3A
74FC30F1B841CA1305F6457D3D5C2492F7CCF7F58A986D90
9270C58AAD2C249F3B93C52F73D7CC25DB1AC7BE7F229D11
F05148A6D724C3CBAC97959258308A9C33542AD50F50C63C
A7D1C21FBCE004741CAB843EC16D82427FBDE0B4FB6358C3
000000000000000000000000000000000000000000000000
05067C71787E5C470645DF4C72A4F58B93A0C292A18E7709
F496E77CCA0D188EE85F56D8747A625188DAFC0611D5F9C0
0687139662C4C669CD3FD7705BEEFBE4A827F05C109BD47D
4F8E1C10C15B1C130B108261FCE77E7802F1DB812A02787F
000001000001000001000001000001000001000001000001
700DAB71F0B69489021D35F8CD759665B74E7755F43B1517
07484AA5901A3CEEDF0D2B5BEE38DDBA327B7D63FE9A7C9A
4AC1C84560A0D51F0228826001654CA3728F8C97BECB8B11
DAA59326773662F9EFE88582C7D88EEC0282AFA2C9316A9A
1FE04990B255F4E9A06015BCCCCB16E6C617E2251EA562CD
000000000000000000000000000000000000000000000000
31474BB2B1C68A3DE29B149EE33F8FABCCAF633E19CF821D
FF2C55E811C2DB2AEC1E999FF0846553D060197A084DB368
000000000000000000000000000000000000000000000000
226806EAEAF4B7523DDF1E2A8754027CCBD29D12F47994A1
AD63C43ECF4177AAA54A263D625B801BB66106A2545B167A
000000000000000000000000000000000000000000000000
7F548AD70B62A58BEDCD8AC726D826F9EEB9CA4E95C8B46C
FBE6238312698A71DDE3C9753AC3B18F0129D4C8DE5948AF
1310A486EC5DCA8A970463D9BCF5DFE69A9B26D05296FC27
122119BD3AA61CF2D5F032B48D434CFC8C8DAA9C2C74A0FC
BD44E582F439DF3FE396F8D94691AEEF31741AE61E126C7B
000000000000000000000000000000000000000000000000
8F8B599948E29F38AA4A13D4EA09E9EA9195ADB1D97DE034
DC0AD06FEE299C36A999B6906736D331E6B17E335B8AB024
947EC9EFD5BE34005A23B2F04F1CD7F06C89927BF6376645
6BD44F32F472E2355073305C1A326F3B6341E8CE53903246
A6E3ECC8273CF5CA3DAFD75DD768D597AAE27600F5A1C8D8
9604D49F3A92D2F673DA2C7EFA2800A3C1012BD2F0988E1B
2E2BC3181E06008FD1E3FB7E774071A68F748401EA581479
4021844007049CD6C80575D6227B7EDDE8F4F50AF844C0E9
A4E76C6BEC810750916204A5F580B6BBE5F155F994C8FD4E
6DE5D32C5A0A9348D3A16941C59D76F805FDB5D9194C96C6
F3642FBE299B99D41C698FD89728EB72C899DD059A985C52
D98BA862A8881B8E6A2A527E90F273D2B36D40DC9693E6A3
F0D63E12D7E70CEDB74B0646E756D1592E70DA443D94B203
7E672D0F9FF7D56799AFE86CA849011B28F2537A466E84D8
D6DFD552D65B625DC6A86F37ADE1D37E75FAF4E0B3F15593
4D56792F49744FD2F75FE2367A1A4F778C0B43422F599771
7B1BDC2977D5B8D778D3634E95B345CDBC7B722CC09519EA
E0B0D10823C65286C4C9F3391F1E88747580359F4BBCA1AF
9463BE35E2BB15B245E871600D7D6BECE4010AF51E86690C
50D1118096C9CC1D2BFA6375AA478904F9D17E98FF2464FC
000000000000000000000000000000000000000000000000
57CC8F14DE16A352B7E9F9AED6DD05D51459A4F7A455E31E
000000000000000000000000000000000000000000000000
91853A617F9D998A5719BEF94717201A221F5741A160695F
C89A0322538389F4E7BEBE76589246396D37655945FB501C
09579D5375B3E6507E264E15643FB6D9F8CDD4A566BF92E4
26AAFBC0FAD22BEB507B08235582EE2D00A7E7D2492FCF5B
8143154E2ED1C7CDC80AAE66BBE17018D3C37DA5251CEF34
030B37417EF35D772C9DA53FBFCEE26B6D699DF3AD0A2500
EB0C404C8C8B94F4D4ADC3D2751BBFAFF683F00027D7275A
000001000001000001000001000001000001000001000001
F86771B7CF5095E53718B33C790E2631E8C1C7F69C3DDDF1
60140A3369D4B4CE6E9C26FE58E989C6D546BF256EC35542
C5DB8B9E612EDF3DD35575FFD575CDBBCE9B51258FE34D5E
652426B3A0BFD8D6525E0F4C6A463FA0886AA2395523B9F2
000001000001000001000001000001000001000001000001
2AC1D0B90831C34CE486C46979A7159F1DAA0E5D397782DB
432A140D079CE570E68FC56C626C2BABF4A8B7FA3D2471EE
7BEC73612561D5CB123E72B5FB7A48B07CCAA755F0D16012
D3E921467BCC58A6EABB2B3561491B0F6A3775EA735BB313
36AE5AF1860FB7DE5DCF5BA94413856A993333AAD1BF58F5
9B45E7CE79A069E1C78C1E2E7E814CD05A4498999D3BB24B
10AFACD71A8BCD92902CCFBB72D6DEC4229A79B2E6E6BD0D
6EA991801543D7D4854ECE2EBF20F7050CA07879A1DF7ECA
000000000000000000000000000000000000000000000000
82AC6A1D87832236C8434C503F41F46F65445ABAF382ED53
4E8CA3626EAA190B53ED1656DB18A0AC856FE48AD96EC491
6FB572E0D949C097971334CC7E988D3EC31591D28602AF36
77018B5C66F7E6FAA4505DE405F08CB174FCABE760164F0E
844EC50F7651FF54C307ECCA23E126AD9B68B4DE77DB92B6
0CCE920BB2D36C446E294B91B63D04C92F1DC37167CCA2B8
E02EEBE01F256CFFEED46E25892D46F3E6086823D08AB319
000000000000000000000000000000000000000000000000
1F3A8EE34FEA466FE23D1224E08CC97BB493F28DCAA7B948
78894AF0948880DAE77B7A057EDCDBE6499613DFA08D8542
9B5ABF414A4C4A240362E33AF8601641BC8119115F55A6CD
5B7D5A8143532637052E591B14124E608B87DEED7298E3A2
8DB5270EC5EAE5E122BE0F1C6DDF5EAADDADCD2F1F4AF3F4
A970B520A10D9A1930D2DE0F4843227E7F41AB27CC112009
2DEE37722C8E095E491818F713FE0364DD69771E3D7F2968
9754A63A8634D94F42EF391C21537AB33F3FBEE60A0E2BA2
F8231597D635BEC651E7E729B0D95FE656073129C743E212
AC452F466D8D06B619A781E14C10D8076552A4743CF9172C
4E446E1A49AE05EAA41C160E70ADD3904781FF6118FA5317
7613EB38F56B6B396A4F47F759081EEF287D81E6A7F8D1C9
D9F15871578F6AB9C0777F456EE6BA591918D1AA3DD8A8E6
6321C712B91A76302CE03C033067F277C4272495F2935816
CA67672720D668FEAC125D388FBDB29CF5C247C8A47A9053
CC39D9CCAFBF6FBF0698E67367EBE598EC2AC5BD7A8D9B48
000000000000000000000000000000000000000000000000
1D4F6BA7C783F945D427EA4BBBD25D1EBB2CE26FC3D49D99
AD10179A56F1E6C85B645A40FF5827AAEF163A8A198AA452
B4A9EE1205A7328F6CA6FF23871D987CBE99E75211FC22AA
130EA8004C1F9CD02414A82B96FCFB6F3907892B3F22F26D
14B6CF7A2AA2E534A5D84C6CFE24B656422041FE8BFB78B9
000000000000000000000000000000000000000000000000
A40018D946116B4866D94063189FFD286A811914EDA26E3C
688FC238D19FA56A48715353413EAB9BD1712005915CAA80
B5C5CD1A4958C5982FC1659374E78C748918E20D0BE7128D
D9DF18BC6966768B4C711681B18CB4E5534291ACA3473CFA
25FDBFD8BE93D5DC4E6B1B3E2E352E816281A66D5CEA92C2
B865E6CA9EA135873098BF3A51521293BD5B88872F88AD80
F4E433A7BA3A5B2BDE2440E11B9D8211EDE2EE34512F407F
4EA59763300C979665BAAB3841157C7F403491ADB3F1F6C3
D1E9E317A886BDF3872702B2903DAFF27EE5B9658BB515AE
3FB821D9593445495495B654AA044348FE143CF2663B41ED
387ED356D2E5ECC241B1075D4BE76CF12BFC562061975C57
0EC5814F9C73E19481EC427C565EDA2DD42CED4FD7475E7B
BFA8C1D847762E02C960A8C19B40FF53B9C34A8363E84727
DC840927224BBA2BFDEFCE7E115B2AB89920EB77AFFC9FBE
E7F9CEFD52ED4F29337F4059F11B4FCF985CE8D3540F69E4
D802E94957BC436FEBF407E09207355DB22B56FCA62B7A35
5751FEF50CB7BB1F30BBEC259F3B11594F40A8AC3EA1B16C
06C44FFA31A9364E0CA6EB3195427A98E12C1562908AC232
1A42C5B1FAB15561143D1A9DAEDB3DA1927846206D5B5CF1
CFA4B821E6208327274A11A0C3BAE93B1C52C0468067A23C
76275807B953F22D988F17A9EB6646A42415307C099BC7BA
3A17EA55EDD3AB67710124A441D10FAE5C2A6CE012922062
331BEDE3809D97DC3418E0D377DF5B7DC24D2663B9591064
CF1E0FC49221C5ED5F6AB7FB4F17C16771E478F04A27ACD6
B858E2228A87D71574615D042A157195C30ED8E83DA26FD1
EC81D6774C561F6D2B113B004F0E2694018627AB30EBBF16
54F5018BAB90B4F97714B2FBAD6F13967C0FE6E0835E3711
6FD3374219A4671B338520C4A66918EC8A297532E675195A
000001000001000001000001000001000001000001000001
24079E2E9AB819053D0707AD20BB433A6773587E67F97361
399D72E58AD8A681FF970F967CFD726480164ED04A604FD3
D4146583DB1BF64363E960719E7EEF58F6CD301D64ECD8A2
000001000001000001000001000001000001000001000001
61C8A88271F70816137F50E8E424661EC96652B7C2CBBB98
4E35E785AAD7CF0F39DAF85A2DC458BF82056116609956B7
8F99BBECF338426CA7AEA1156EF0F550BB2B67EAA3F7268C
8CF1B7683F2FA99B01530279AEC5D6981FAD52889BF12334
000000000000000000000000000000000000000000000000
ED45EC7242B73A16D55CB10BEC76D9E5F220E6CC0CF1D67B
88DDBCBB5DAD7E070932A945142E569F17444EB032E04FEF
A2ED8105A4ADCB51E677054F88FEE9DA30BA5AEBDE61C414
A69B2515DCE69F2D69EA26C671A2E044E92A65D1C001B065
E071C595F8BE0BF688BEBF7BD38079F9E9FE844FCA48D807
1D7D13F7104C718F4E64008D1C77024C72BC4A114A2BA230
FF0B4AEC5D02DF3C36C1363018BB6F95212AD691BE177952
29D3D29E091565A1DE40961AF448A2D740D08D9812458878
42E8207F1AF5D5DB579F3F9D9930AC2A2936AD96E2C613DE
8FFA6CF39F826E850193E85C38F5CC130C17829140339A7D
EC2ECBD49FD334FAFA0D6F0191716ED86895EB7E496A2855
D1BD791D2308EA6710FD35F1E135C69C390CA10F9FEE58FE
BA4EF711FACB74E4C5886E137069A1CDEE7BD29441658CEE
9DDB6EF9D526FF9A08924DA395EF26F457114A8CC57038FA
000000000000000000000000000000000000000000000000
E869E3645106EC47B3C4563BC4DF188D64FA9418CC897572
AE1491268A7A5558354A1CCE866A3050A42738DFF1AB0BF7
41B5772E79D89761B0819349B7C926A26F2CEA950EAF5CD5
4C572C7AAE5546B428E1326F082DC81B7EFC92D7A6C05C62
79179816C5958E843E1C1C915147B53A7F499852641F62F6
3BA9503FFD82AF6352529BC513E6C7601B988C84E98CE2B0
239E05269FBD8C7632AADAC3B21823EF48CEA56D9204EBDB
9D86FDB0267A4F21A6CAD6857368BC08BE7366AB3247C1AC
000000000000000000000000000000000000000000000000
0AAE3085F546CD34263E44A5A0E741A569BC5BC1E4333F96
FF621B7EA34A1BCA1954EA3679CBF223FFC6DA716CC8194D
EAEB187594F8EED15F1FB5AF5721AAFB7BE6C511DC8BB7FB
5A10C73392541FCB38EAE73B06318C8F9534FBC495046E21
A36D620AA9327B72DA11A53A50DEDC8AC314D1EDCB7A609C
58944E505F26FC7D98618B877048558E47ED013CEC9B0AE5
000000000000000000000000000000000000000000000000
B1582DDA482A4CE1550E1F2F2A053FC387E8B70ED111740D
12381CEA743D9625C58962F07DFF7E1F64A87160E7B5F120
93A6130EA592FD6900D52B457983D79BD64345B1BD725105
EC6565051B4EF987BD0D36FB4211D486442DD3BF7D442D80
E903E409592EBD678417255C27F30AF20C37AEB27A438456
86BE6D021533AEF0D17F776A26A894BC4C24B59CE023278B
6C7B2DDDF38B72F020E2B2944FF3CBC4CFB879A3447612C3
5FF09516A1A4061A42F67EA137F06E08EA2F7406C6CC1873
488FD80C0934C690708822E45DB033F68991F2332D3CF47B
341E84855E507463330AC172867A9C52D04EC2030A9EAC1D
9FE60C89933C92A234A4F13A516961DAA3EDCBBDE4828A8B
4404A1D6507D7FE2ADDC7B658B1C5E1185A029530E550F20
1F0F157B55640FF3D78DF227A38427F09B6C47EFAF854CAE
BC6C5CA45B56EF5924569D87A0506A35CD0073CA27EBCA7D
C90CCAA33B64DBCAD596B800F2A8BA2422839916794379C6
8973EEA72B82324E17F52DA28C5002B552AE972DF3F90379
22BED422DF0DBC9BCD0D0D714AA13C1F5E0ECA1D344F1007
DB3DEF3F50AE460C6D7A254BDE99D56CF4240F6E06E3D006
000000000000000000000000000000000000000000000000
521118C0906D7A61E4259CA605B509F7E87C6E51D7DE6F7F
BFE11A7049AEBB8C82C71F6E1AF62517AB8FAFB308D04E83
2DA833150BCEB7E58B8F7C265D56EFB9FE8BEB16417B5B9A
62A00971295A7579562CF13D5D9E86FFFECD77380A697EB0
A7D4D1F5E92029917A8ADFF935974C55748835D61EAB9DFD
F77461424BD96426D36E4459D7C2E9CD5522F5D46234F682
8CAA936F332C5EA17BABDB79FBDAC3BF34928067CADB2439
000001000001000001000001000001000001000001000001
000000000000000000000000000000000000000000000000
A898F686905EF55BCED2E2BD77F4D54A7049E45211F818E8
000000000000000000000000000000000000000000000000
000001000001000001000001000001000001000001000001
8DA24C6F6C7C1769C53D90D4D7C9BC4E21BB6E9D071E0AE4
0AEAEFE0DD62A3FA0C3130C05F4C630D403DB9D2E4A9D4A3
8C0CC5561F2DF3D19E2D41621C43119F2F70BFA7BCA04BC7
11AA40F80D24A1CEB1F1826504D406A2E53D7DC8D37AAD3C
68622051732D9F3C575345CF45FC47043CD31746A6D9CBA4
135CEF13D4E2FBA45E4964B6B4D03A6EACD861505FACF4DD
28266E30B54A691ABA74227D48BB5698CC8390D514C75362
3DFA892E9842D149E9114B7C4372C97210CD7F8B29CB5412
7A59E5720AE20F8B8D43C800AD28030441394E6D272B6D89
B6149E7C7C6B32CA2B23AA893D571DFF0D9F85874F8F6170
21EDD28EDD6E8E45059597D886D7D47D4DE05422FE151DEE
000000000000000000000000000000000000000000000000
62C9C80FF47CAC4903AB6BE8426C0ECA2C5EB82FDE831409
062484DD5A4F766F373091CC045893F488E51CDD7B71E9D0
99A87BF8C7D74E732FCEC5A9BBC7078858E81287E91419A1
A4AD8D2CE57362A37352C2BFBF720999307E91DC7218E1F6
4DF7887B7D430FB2A6132CDD9DB7C5BD28D70E1926338E68
1062B42803E48EA4AE9DC33C30987E3089FBA8F5A687BFA3
05AD3B4257BBA4CF5BB2DBE6D98F2AAD3337AF3B64000DD9
BFB51AF5F45E94210FBE11F2A40B52B25BE46C073F25B121
B138879D404F06CE91F8986BF3407A9F10F012D7E6830C08
4925CA258F730611400FFF9386DB12D28DD9D77019C40EDB
EF57E82AF84CF77EDCC62D4AD3CD2BFCBBC8186ADD492B44
2E5F7DED1F1BD34DD0173B5B3AD78BDCEADD5B3521BFCF63
2ADB6A33434D1C6D00ABF36344540C6F03EAE9FB931AC7DC
BDA52B4FEDDBE7071542FE2B9A77A5BCCD7CD9F0B00C54B1
DC8B60FD3DF72E627C2918FA9B3C2ED1F28E3AEC9C9CC8A8
000000000000000000000000000000000000000000000000
44E7C9F9F41D784C14C636ABE9CA0B4445A931AE640A42DA
000000000000000000000000000000000000000000000000
B8C3C629CA10C0FFB1E5E9878E086940C0AB841DBCE1CE67
81F080228340565E26B4A9F6DBEE54B9F4B965C829239125
000001000001000001000001000001000001000001000001
DC90E41E0A30D395A91F3B7A11944E495ABD37AE4BB74472
07F5E93BFA8E1BF19E14C8FB3BD8AFC8DC0D8B646926827F
2C45C238699D7E99E5AE7FC92C58FEAEF774A943102F286C
000000000000000000000000000000000000000000000000
4BBCFFB0ED383A04A6112169A5242993FE9679B03360C2DB
BD0C051825A6124E71246921560DD7CF9302193557CC6D99
31B4F3C90E5E973977AF5AB7F8D2CB8AE4EC3F62F12AA0EA
F771700476776E36F5C27BA09C0D8014CFF05D0182CE80A3
28FD93D2818440223D576300A1EF653606EE1C7F4F588E09
31662451C203A15CC385D4E2155780D68194EEE6BE186039
27FF0EC4564F86ED97ABC1A4186EA6C3263ABDCFF85E519B
F8A60D7196EB288013FBD0DECE18031B97DFDB4CB1526ADE
D661C9E8BE369FE2759EE244601403BF824AE2A9E34CC419
A9A867EF16AC45B62517C25DCBA64E005A837DFDE4070C36
7E8C42F08A288D4099B6F806E2098373177169F1CD0BF1CD
000001000001000001000001000001000001000001000001
3475B7E99CC9A29B048FEE05D97E8C93849591D3964659AB
86B25BBA46DFC356F6D13ABB90087FB65F00D4F74ADB9264
EB99DE4C420361DE590AB1EBF3B8B6CEFDA7764655C45B41
F9BC1672CB77F1DF181FF4293C322D25EECDC5D621116E58
000001000001000001000001000001000001000001000001
8E66E7016F0F92C7121B71BDF5BB1FC8D69C12CC742B8ABB
0D72BBEDC906587130ADF62FD6852FC8A0EDD1DAF605EA5A
203DAB34309E4BB52A0658A64DE97F1F2882251D39EC134F
C0333292C587ED142DD41CE21071A69C3CE0061EAACC64D9
000000000000000000000000000000000000000000000000
5E245C5D941DE5703F82EA923E79E8824796FD71A4133858
69133847E48DF92D8C17934B95A1AB1ECF5D1C501F43F188
054AAE284DBAA73DA5788C979BFBE31FB2654C1C1D1EF1AF
60DABD1288E827FA07E674C798E9684CFB90755A55A57E8B
70527ADB27642D6201746C8F8357303C6A43E00679BD83AA
E9C63C7FD929C7C2D9E782266246EC868726EAB641FCB5EC
184450ABD92DB02604CA7EE7C0F60FA9DE4E47E0AECBEC93
624B9E93861B7CC83863E7B532E28EA147E012A3332E8B58
A94BCB6D9E7B2EE86FABC806732CE7BC2D5FF3430871F437
4894C60277E5C30FC821551B9D350FE5E958761AEBF8AB5C
DD6F72C872F523BE802874AF03247BA1A12795D7B9A305F0
2B2084A674057482B4DA37119F0CCC578669DC2ECB5B5476
E10F68308A7EC346C89A0DB726886C5EE2EBA8B1BD5B9570
FA1AB6FC598462EA6AD8B9F8593010A2B60648ED3BFF52A0
B68E56BA9F5C34781FE17337E0BF1A694D7FC32D70569812
9D957CF98422F5284718A8D58BC958E57A40A46FE484E881
03159DAD4C0952981AC7F2461F53AF9E291CFC4EC2D25E52
5989945CE2D962AB527EE665F71249E637F823CCFF0232B3
9F769844616E62ABCB24E926E3777FFCA3CFB6C6652D9F27
000000000000000000000000000000000000000000000000
000001000001000001000001000001000001000001000001
22C5FE161D44230BE5F3D34E9DDE35F753A21800B15EEB85
A3AA091353DBC2E4B2F6B4308082A85EF71E76A1624F0BF5
000000000000000000000000000000000000000000000000
D318B374FA6F5DC760E34D0B4E77E8639D73D6B17448639B
709F23CE824286F8E096EE4D89A1CC68654CCF30E8EB0063
09BCE4F5EB71A57F4AE0BBE65FD0615B878220EA80C4A95D
000000000000000000000000000000000000000000000000
9EE4753AA2BB326CCBC9B7D3952AD11F6A30766E003DE0E3
93A8749E998FEE8A7FBA1E8C607BEB3ACCE4E3EC413DB479
FC433D8A07854E063D03E7CC0F14EB6ED7554E6C133B28DF
5BE015FFF0C7BF3C351CBCF118070632ACCC72ACB3DC9CBF
000000000000000000000000000000000000000000000000
000000000000000000000000000000000000000000000000
19E4F44BB8506386FC945AD6965CE9CF9A4540C1CC065ABA
A2D791C55FC9B9289B088390416CD8B7D495ECBB1FCE4CB6
000000000000000000000000000000000000000000000000
DFBF11D327AA1E31BD8FC5915CE7014E5C76D4979D419000
000000000000000000000000000000000000000000000000
000000000000000000000000000000000000000000000000
70B2D9614EA030906F4A9CF6656A738C9D4A394D59B57ACD
D122E75F3F8C291382822B50DD7B92B7F089274A5AC91E48
000000000000000000000000000000000000000000000000
9DA4DB5735A14A111883CDCD6A0588EE5787BB50C024DCE9
3A4D66B665A212DFCA237748CC5081521498B10DF27AD833
7BD6C55C0C6AD6940B58184F6694ED43996EB443737DB43B
9899800B85A2D10A607BBF80D102F5073163BFEF2C5BA466
A25780057D7A3FE49DED10594E5DBEB05710083F33C0AF23
C48FF41601A8097586201469AADF0A636F20521D8E30D979
369218C377A9A71BDBCE0858005785061B18FD57011999EF
C1BC1C6CEA9DEF3D680759B45EB228550299EDAFBE5544ED
3E4BA8DA7A6FAAAEC2516C357C04F64463BE8100F9E8CE21
D45503D54A302C7BBE7DA4024270AE5AC9E4D2CD8831C40F
EFC0904BF2AA456321E396F39E742C1E8F2AAA88D4089C13
D9D1AA150566C305D9690EB1BCEA5D91655A0C655549AEE9
0E10762665074F8C766D3B88174363FD825C0E0E0FC85360
E00CAC513DD6542B7992ED2D8E5AE71A8AC274857C41E85A
292B702003AC779CB4CA62848482AC0F438FD05DA1861767
D9F4D350B2D978B95EAF0999F2B7D30A63656741CD1AC504
7A4B9DA3AC290A322FCAAA6363DDE2DF652FA65D840FEC38
