FFFFC0000003D09000000FFFF00000000800000001FFFFFFFDFFFFFFFFFFF0BDC0
FFFFFFC03FFFFFFFFFFFFFFFE00000001800000007FFFE00030000000000000000
3FFFFFFFBFFFFFFFCFFFFFFFFFFFF8000C00000000000001FC001E8481FFFFFFFF
0007A1203FFFFFFFE00000001FFFFFFFF0000003F9FFFFFFFC0000000180000000
3FFFFFFF80001FFFC00000001FFFFFF80C0000000000000003FFFFFF0000000001
FFFFC0000000001FE00000001FFFFFFFFFFFFFFC00000001FDFFFFFFFE00000000
C0000000600000003FFE17B8100000000C00000007FFFE0000FFFFFFFE000F4240
7FFFFFFFC00000003FFFFFFFE000F42403FFFFFFF8000000060000000180000000
C00000007FFC2F70000000000000F42407FFFFFFFFFFFFFFFFFFE17B80000F4240
FFF85EE07FFC2F703000000007FFFFFFFFFF85EE0600000003FFFFFF01FFFFFF80
000000001FFFFFFFC000000038000000000003FFF8000001FFFFFF0001FFFF8000
0000003FFFFFFFE00001E8480FFFFFFFFFFF85EE00000001FC000000FE00000001
FFFFFFFF8003D090000000003FFFFFF80FFF85EE03FFFFFFFC000000FE0000007F
0007A1207FFC2F70000000002000000010007A1207FFFFFE0300000001FFFFFFFF
000000000000000000000000000000000000000000000000000000000000000000
800000003FFFFFFFFFFFFFF00000F4240FFFFFFC07FFFE0000000000027FFFFFFF
C00000007FFC2F700000000FE0000007FFFFFFFFFFFFFFFE03FFE17B800000007F
000000007FFFFFFFFFFFF0001FFFF8000C00000001FFFFFFFF000000000000007F
0000003F800000004000000FE000000010007A120000000003FFE17B800000007F
FFFFFFFF80001FFFE0000000000000001FFFFFFFFE000000000000FFFFFFFFFF80
FFFFC0000003D0903FFFFFFFFFFF0BDC0FFFFC0007FFFE000300000001FFFFFFFF
0000008900000073FFFFFFB6A00000241FFFFFF4F800000088000007580000004C
7FFFFFFF8000001FFFFFFFFFFFFF0BDC0FFFFFFFFFFFFE0003FFE17B807FFFFFFF
000000000000000000000000000000000000000000000000000000000000000000
0007A120600000002000000007FFFFFFF00000000C00000000000000FE00007FFF
00003FFF800000004001E8481FFFFFFFF7FFFFFFFFFFFFFE00001E84807FFFFFFF
800000001FFFFFFFCFFFFFFFFFFFF800080000000000000004FFFFFFFE00007FFF
FFFFC0007FFC2F703FFE17B81FFF0BDC03FFFFFFF8003D0900000000FE7FFFFFFF
C00000000003D0901FFFFFFFE00007FFFFFF85EE06000000000000FFFE00000000
FFFFC0001FFFFFFFE0000000000007FFF7FFFFFFF80000000400000001FFFFFFFF
000000001FFFFFFFC0000FFFFFFFFFF80FFFFFFFF8003D090000000003FFFF8000
00003FFFFFFC2F7000000FFFF000000003FFFFFFF800000003FFE17B81FFFFFFFF
C00000000000000040000000300000000000000008000001FFFFFFFFFFFFFFFFFF
0000000BFFFFFF6B40000075DFFFFFE160000013A7FFFFFB2C0000026FFFFFFEBD
FFFFFFC07FFC2F701FFFFFFFE00007FFF00003FFF80001FFFFFFFF0001FFFFFF80
7FFFFFFF9FFFFFFFFFFFFFFFFFFFFFFFF800000007FFFE00000000FFFFFFF0BDC0
0007A1207FFFFFE000000FFFE7FFFFFFF00000000800000007FFFFFFFF00000000
000000000000000000000000000000000000000000000000000000000000000000
000000000000000000000000000000000000000000000000000000000000000000
3FFFFFFF800000007FFE17B8100000000800000007FFFFFE00FFFFFFFE0000007F
3FFFFFFFFFFC2F703FFFFFF0000000000800000007FFFFFFFF0000000000000001
0007A120600000003FFE17B81800000000000000040000000000000003FFFF8000
FFFFFEB780000097FFFFFFBE800000138FFFFFF55000000BD4000007B40000028D
FFFFFFC07FFFFFFFC000000000000000000000000FFFFFFE00FFFFFFFF00000000
FFFFFF20800000BABFFFFFF8BFFFFFE34FFFFFE70FFFFFFA7000000441FFFFFDD9
FFF85EE07FFFFFE0000000002FFFFFFFF3FFFFFFF8000001FC0000FFFF80000000
000000000000000000000000000000000000000000000000000000000000000000
3FFFFFFFFFFC2F703FFFF0000000000010007A12000001FFFC001E8481FFFF8000
7FFFFFFFFFFFFFFFDFFFFFFFE000000017FFFFFFFFFFFE000200000000000F4240
FFFFC0000000001FF000000018000000000003FFF800000007FFFFFF007FFFFFFF
80000000000000001FFFFFFFFFFFF8000FFFFFFC0600000003FFFFFF00000F4240
000000000000000000000000000000000000000000000000000000000000000000
000000000000000000000000000000000000000000000000000000000000000000
FFF85EE0600000003FFFF000000007FFFFFFFFFC0000000000001E8481FFF0BDC0
0007A120400000000000000027FFFFFFFFFFFFFFFFFFFFFFFC0000000180000000
00000000800000007FFFF000100000000FFFFFFFFC00000003FFFF00000000007F
00003FFF8000001FFFFE17B81FFFF8000FFFFC0000003D0900001E848000000000
FFFFFFC000000000000000003800000000000000000001FFFC00000002000F4240
000000000000000000000000000000000000000000000000000000000000000000
C00000007FFFFFFFC001E8481FFFFFFFFFFF85EE01FFFFFFFC000000FE000F4240
3FFFFFFF8000000000000FFFE0000000000000000FFFFFFFFC000000FE00000001
0000003F80001FFFFFFFFFF018000000080000000000000004000000020000007F
800000000003D0903FFE17B80000000017FFFFFFF80001FFFC0000000200000001
3FFFFFFF800000007FFFFFFFE7FFFFFFF0000003FFFFC2F703FFFF0001FFFFFF80
FFF85EE00003D0900FFFFFFFFFFFFFFFFFFF85EE0600000003FFFF00007FFFFFFF
800000007FFFE0000001E8480000000007FFFFFFF8000001FCFFFFFFFFFFF0BDC0
FFFFC0007FFFFFFFC000000FEFFFFFFFFC00000007FFC2F703FFE17B8000007FFF
800000007FFFFFFFC0000FFFE7FFFFFFF3FFFFFFFFFFC2F703FFFFFF00FFFFFFFF
000000000003D0903FFFFFF0000000001000000000000001FE00000001FFFFFFFF
FFFFFFFFE00000003FFE17B81FFFFFF807FFFFFFF9FFFFFFFC00000001FFFFFFFF
000000000000001FE000000007FFFFFFF00000000C000000030000000100000000
00003FFFFFFFE000300000001FFFF8000800000000000001FC000000FEFFFFFFFF
FFFFFF1C80000019FFFFFF9B20000013D0000017F000000350000006B5FFFFFE99
3FFFFFFFFFFC2F703FFFF00000000007F800000001FFFFFFFDFFFFFFFFFFFFFFFF
FFFFFFC000000000400000000000F424000003FFFFFFC2F703FFFF000100000000
FFFFFFC6FFFFFF46C0000016C0000013A00000163FFFFFF43800000167FFFFFE37
3FFFFFFFFFFC2F700FFFFFFFE00000000FFFFC000000000004FFFFFFFE0000007F
FFFFFFC07FFC2F700000000027FFFFFFF0000000000001FFFE00000001FFFFFFFF
C00000007FFC2F70300000001FFFFFF800000003FBFFFFFFFFFFFFFF00FFFFFFFF
C00000007FFFE0000000000027FFFFFFFFFFFC0007FFFFFE00000000FE0000007F
000000000000000000000000000000000000000000000000000000000000000000
FFFFC000000000003FFFF0000FFFFFFFF7FFFFFFFFFFFFFFFE000000000000007F
7FFFFFFF9FFFFFFFFFFFFFFFFFFFFFF80000000000003D09000000FFFE00000001
FFF85EE03FFFFFFFFFFFF00000000007FFFFFC0000003D0901FFFFFFFE000F4240
000000000000000000000000000000000000000000000000000000000000000000
000000000000000000000000000000000000000000000000000000000000000000
FFFFFFC00000001FFFFE17B81FFFF8000FFFFFFFFBFFFFFFFC001E848100000000
00003FFFFFFFFFFFC000000FFFFF0BDC0FFFFFFFFE00000003FFFF0001FFFFFF80
00003FFF800000007FFFF00000000007F000000007FFFFFFFC0000000000000000
FFFFC000600000003FFFF0001FFF0BDC000003FFF800000005FFFFFFFFFFFFFF80
00000000000000003FFE17B81FFFFFFFF7FFFFFFF8000001FC0000000200000000
7FFFFFFFBFFFFFFFFFFE17B80000000000007A120600000000FFFFFFFFFFF0BDC0
800000000003D0901FFFFFFFE00007FFF0007A1201FFFFFFFC0000000200000001
FFFFC000400000000000000FE7FFFFFFF0000003F80001FFFC000000FEFFFFFFFF
000000000000000000000000000000000000000000000000000000000000000000
FFFFFFC03FFFFFFFC00000001FFFF800000003FFFFFFFE00000000000300000000
FFFFFFC0000000007FFFFFFFFFFF0BDC0000000008000001FFFFE17B81FFFF8000
C00000001FFFFFFFC00000001000000003FFFFFFFBFFFFFFFC000000FFFFF0BDC0
FFFFC000000000007000000000000007F0007A1207FFC2F700000000FFFFFFFFFF
C00000007FFFE00030000000000007FFF00000000600000003FFFF0000000F4240
00003FFF9FFFFFFFE00000000FFFFFFFFFFFFFFFFE00000003FFFFFF0000007FFF
FFFFFFFF800000004FFFFFFFF000000000000003FFFFFFFE000000FFFF00000000
FFFFFFFF8003D0900000000FF80000000C000000000001FFFC00000003FFF0BDC0
7FFFFFFF8000001FDFFFFFFFEFFFFFFFF800000007FFFFFFFFFFE17B807FFFFFFF
3FFFFFFFFFFFFFE03FFFF000180000000FFFFFFFFFFFFFFFFC001E848000000000
00003FFFFFFFFFE030000000000000000800000000000000000000000300000000
000000000000000000000000000000000000000000000000000000000000000000
FFFFFFC00000001FFFFFF000000000001FFFFFFFFC0000000000000001FFFF8000
00000000800000007FFFFFFFFFFFFFF80FFF85EE000001FFFFFFFFFFFFFFFFFF80
C00000000000001FC000000FE00007FFF3FFFFFFFFFFFFFE000000000200000001
000000007FFFFFE000000000200007FFFFFFFFFC0000000004000000FF00000000
7FFFFFFFFFFFE0003FFFFFFFE00007FFF0000000080001FFFF0000000000000001
0000003FBFFFFFFFC000000FFFFFFFF800000003FFFFFFFFFC000000FFFFFFFFFF
80000000000000006000000007FFFFFFF0007A12000001FFFC00000000FFFFFFFF
FFFFFFC07FFFFFFFC001E8481800000000000003FBFFFFFFFDFFFFFFFE00000000
7FFFFFFFFFFFFFE01FFFFFFFE00007FFFFFFFC0007FFFE0001FFFFFFFE00000001
FFFFFFC000001FFFC001E84807FFFFFFFC00000000003D090000000003FFFFFF80
000000000000000000000000000000000000000000000000000000000000000000
C0000000600000000FFFFFFFE000000018000000000001FFFE0000000000007FFF
C0000000400000001FFFFFFFE0000000100000000C000000000000FFFE7FFFFFFF
3FFFFFFF8000000040000FFFF80000000FFFFFFFF80001FFFE0000000000007FFF
8000000000000000300000000FFFFFFFFFFFFC0000003D09020000000000000001
00003FFFC00000002000000000000007F3FFFFFFF800000007FFFFFFFE00007FFF
000000387FFFFF37400000043FFFFFDF60000018100000060000000006000001DC
C00000007FFFFFFFC000000FEFFFFFFFF00000000FFFFE000300000001FFFFFF80
FFF85EE07FFC2F700FFFFFFFF8000000000003FFFC00000003FFFF000000000000
C0000000400000000000000FFFFF0BDC00000003FBFFFFFFFE00000001FFFFFFFF
800000000003D090000000000000000003FFFFFFFFFFFFFFFFFFFFFF000000007F
FFFFFFC07FFC2F703000000018000000000003FFF800000000000000FFFFFFFFFF
FFFFFFC07FFC2F703FFE17B81FFFFFF80000000008000001FC00000000FFFFFFFF
FFF85EE000001FFFC00000002FFFFFFFFC0000000600000003FFE17B80FFFFFFFF
800000003FFFFFFFC001E8481FFFF8000FFFFC0000003D0903FFFF000100000000
3FFFFFFFE00000000001E848000007FFFC00000007FFFFFE00FFFFFFFE00007FFF
3FFFFFFF8003D09020000000000000001000000007FFFFFE0000000003FFF0BDC0
3FFFFFFFFFFC2F7030000000000007FFF00003FFF800000002000000007FFFFFFF
7FFFFFFF8000001FC0000FFFE000000013FFFFFFFFFFFE0000001E84800000007F
C0000000400000003FFFF000000007FFFFFFFFFC07FFFFFFFFFFFF0001FFFFFF80
0000003F8000000040000000200007FFF00000000FFFFE0000001E8480FFFFFFFF
00003FFF800000004FFFFFFFF00000000C00000000000001FF00000001FFFFFF80
FFFFC000400000000FFFFFFFE000000008000000000001FFFDFFFFFFFE00007FFF
3FFFFFFF800000007FFFF0001FFFFFFFFFFFFFFFFFFFFFFE03FFE17B8100000000
7FFFFFFFC00000003FFFFFFFE00000000FFFFFFFFFFFC2F703FFFFFF0000000001
00000000BFFFFFFFC000000FFFFFFFF803FFFFFFFFFFFFFE03FFFFFF01FFFFFF80
0000003F800000007FFE17B81FFFFFF80FFFFC0001FFFFFFFFFFFF000000000001
3FFFFFFFBFFFFFFFFFFFF00000000000000000000600000003FFFF0000000F4240
FFFFFFC04000000030000000180000000000000008003D0903FFFF0001FFFF8000
000000000000000000000000000000000000000000000000000000000000000000
000000007FFC2F700000000020000007F00003FFFFFFFFFE03FFE17B81FFFF8000
FFFFC0007FFFFFE0000000001FFF0BDC0800000007FFC2F700001E8481FFF0BDC0
000000000000000000000000000000000000000000000000000000000000000000
FFFFC0000003D09000000FFFE0000000100000000BFFFFFFFC000000000000007F
7FFFFFFFBFFFFFFFFFFFFFF0000000001FFFFFFFF8000001FC000000FFFFFF8000
FFFFFFFF9FFFFFFFCFFFFFFFFFFFF8000FFFFFFC07FFFFFE0000000001FFFFFFFF
800000007FFFFFE03FFFFFF01FFFFFFFFFFF85EE0400000003FFE17B807FFFFFFF
800000000000001FFFFE17B8000007FFF00003FFFFFFC2F70200000001FFFFFFFF
00003FFF80000000000000000000000010000003F80001FFFC001E8481FFF0BDC0
00000000400000003FFFFFF01FFFFFF803FFFFFFF8003D0900FFFFFFFFFFFFFFFF
00003FFF8000001FCFFFFFFFFFFFF8000FFFFC0007FFC2F703FFFF0001FFF0BDC0
00003FFFFFFFE0001FFFFFFFE000F424000003FFF80001FFFDFFFFFFFFFFF0BDC0
00003FFF800000004000000FE000F42400000003F8000001FFFFFF000000007FFF
7FFFFFFF80000000000000003FFF0BDC07FFFFFFF8003D0903FFFF000000000001
FFFFFFFFFFFFFFE00000000FE000000000007A120600000003FFFFFFFFFFFFFF80
0000005FFFFFFF6940000026A000002280000017B7FFFFF5C0000000BA00000265
FFFFC0001FFFFFFFDFFFFFFFE00007FFF00003FFF800000000001E8480FFFFFFFF
3FFFFFFFE00000002000000007FFFFFFF00003FFF800000001FFFFFFFF00000000
7FFFFFFFFFFFFFFFFFFFFFFFE00000000FFFFC0007FFFFFE0200000001FFFF8000
00000000FFFC2F703FFFF0001FFFF8000000000001FFFFFFFC0000000180000000
0000003F800000005FFFFFFFFFFF0BDC0FFF85EE00000001FFFFFFFFFE00000000
000000007FFFFFFFFFFFF000000000001000000007FFC2F703FFFFFFFEFFFFFFFF
00003FFFE00000000001E8480FFFFFFFFFFFFC00060000000000000003FFFF8000
00000000FFFFE0001FFFFFFFE00000001FFFFC0003FFFFFFFC001E848180000000
7FFFFFFFC00000000001E84800000000100003FFF80000000200000001FFFFFFFF
FFFFFFFF8003D0900001E8481FFFF80000007A1200003D0900001E8480FFFFFFFF
000000000000000000000000000000000000000000000000000000000000000000
C00000006000000000000FFFFFFF0BDC07FFFFFFF80000000000000001FFF0BDC0
0000003F80001FFFE0000000180000000C000000000001FFFC0000FFFE00000000
7FFFFFFFFFFFE0000FFFFFFFEFFFFFFFF80000000400000003FFE17B800000007F
C000000040000000000000003FFF0BDC00000003F9FFFFFFFCFFFFFFFF00000000
8000000000001FFFFFFFFFFFEFFFFFFFF00003FFFC00000000001E84800000007F
000000000000000000000000000000000000000000000000000000000000000000
FFFFFFC00000001FDFFFFFFFFFFFFFF80000000009FFFFFFFDFFFFFFFE7FFFFFFF
0000003FC0000000200000000FFFFFFFF3FFFFFFF800000004000000FE0000007F
FFFFFFFF800000005FFFFFFFEFFFFFFFFFFFFFFFFFFFFE0000FFFFFFFE0000007F
FFFFFFFFFFFFFFFFC001E8480000000010000003FE000000000000000380000000
000000000000000000000000000000000000000000000000000000000000000000
80000000000000000000000FE000F42400007A12060000000000000003FFFFFFFF
80000000000000004001E84810000000080000000600000001FFFFFFFF00000000
0007A1200000000000000FFFE000000010007A1207FFFFFE00FFFFFFFFFFF0BDC0
0000000000001FFFFFFE17B800000007FFFFFFFFFC00000000001E848000000000
00000000600000003FFE17B81FFFF80000000000080001FFFC000000FE00000001
80000000000000001FFFFFFFE0000007F00000000FFFFE0003FFFFFF01FFFFFFFF
0007A12000000000300000001FFFF80008000000000001FFFFFFE17B800000007F
FFF85EE000001FFFC00000002FFFFFFFF00000000E00000000000000FE00000001
00003FFFFFFC2F703FFE17B81FFFFFFFF3FFFFFFFC00000003FFE17B8100000000
0007A1207FFFFFE01FFFFFFFEFFFFFFFF3FFFFFFF8000000020000000000000001
0007A1200003D0900000000027FFFFFFF0000003FFFFC2F7000000000200000001
FFFFFFFFE00000000000000000000007F8000000000001FFFC001E848000000001
FFF85EE000000000300000001FFFFFF80FFFFC00000000000400000003FFFFFF80
000000003FFFFFFFC0000000300000000800000003FFFFFFFFFFFFFFFFFFF0BDC0
FFFFFFC01FFFFFFFC00000002000000000000003FFFFC2F70200000000000F4240
000000000000000000000000000000000000000000000000000000000000000000
000000000000000000000000000000000000000000000000000000000000000000
000000000000000000000000000000000000000000000000000000000000000000
A675A3B2334CEE312D517CC5B6ABE42B52E65947E0A8764DC8A4ED461BC972117A
5B8871E4E8D27841D307C68831B7B936D9B5A9F970D4F3A7D541DB48FD30AB2064
276CFE93ADEF8B00EDB507819031EBEE72F821C26900340E4F9DC10D843E6591A1
1A02CE005093A30B38DFBC8990AD391AC55A1E2063CB01311DE0CFD52C1C022B42
A66CB8EA325079A5FA3B3DE42BDC6E2DE5C528E2492E504E384D78812C70401A88
A163F074793AA8B22F63398CC40F8EA9FF1C670FD8FA737A832332F1053D67704C
EC957ECB46B32BAC13DC328C29E8EF249DF11E61946437C10767316E4DA2EF98CF
2890F3B5F22C034308B9B7AC430F2A3FA8585650F053509B328F65E4311A727FA4
000000000000000000000000000000000000000000000000000000000000000000
000000000000000000000000000000000000000000000000000000000000000000
BD18D7363174090E0508496474AB9EB3CE01DFEE3818C11F3C5F57E4551518FA6C
0BFD934A1391870C34C25E45C68C59BEE459FD8056F55B07A936AAE79C1B7E2BEC
F599BF5A2C666BF4A65088302F19ABE4B6349DDBE42DAAAA89886FD7774EA8981D
AA0AE1E5CD91A1B526E05CECFFED04F50D8BB94E27D823FEA26ED6FD9F203F3CF2
5F1FF4CC613F3B963BB58FADF4E5363190D1F3BB910CDDA0B9BBCE75E878FB6AD0
00000129800000C1BFFFFF897FFFFFFD1FFFFFEEA0000003680000077BFFFFFEA9
9F38B9F60BB61BB39E731F2D1A653F7DD3E30E40210402E02574BE2603887E7A7E
ABB3531628ADD89ED867328F04E080B2C319CE785907699290FE7ECCE14F6B1F7E
4D249740C125BB93F2FDAFB4E916A011A108964EE208F521AF17151145022F0285
909F667587489206C7DB6893431B10CAD6D5E8E624A4B28DEC30DA943D83BA38A8
5926784DDFCA5AC5CA249D454E964CA23118F4E988A4A06FBEAA3AE7C796DD23F5
494158D12F4523DDA428F73E312E89E4DDE937C16DC1FA85B90ECE4FECD418E7E7
000000000000000000000000000000000000000000000000000000000000000000
5DC77AB45398D739E9B48509A74B06D444478984E6FD025F1F0199BB017996FF25
8C6469525C02CA243CC3EF22432A04306322FC6E558C0C0ED63FBD76C8B25D15F6
000000000000000000000000000000000000000000000000000000000000000000
8B71EC1DAEA52C192172D412F90987A091B1EB557E379322D3A150DA2284A8C787
86073A2CA0D2712731DCEF4BBF7FA94751F2D04DDB076E4972EF03B1D903F7B875
F9E53DD189AB946428BD6B33A4ED2C245C5450CB54E1C4E3E67788C8D85A3909CE
D08AC4D6FB61A429B905539E1CE8C6585E45D79B8C208DF8DD63AFDE1F750CF59C
FFFFFFA28000001BFFFFFFA700000007CFFFFFF3C7FFFFFC27FFFFFDCC00000058
BD770AF24DC8B39F6D6D776E9C3250C50962FC2EE7913FF8A4718431012BCBA37F
0000007FFFFFFFD23FFFFF9E40000015F000000DA800000A40000006D7FFFFFFB2
BD0BA3F6D53C32731B17F918063F3AA1027C585EFEE55C20D23CFFF2004E48F9D4
86CDCE1971DB0CE118A09DDE3E78F7C7D2DD1C8DC2DA1AF657763ED846E71DD04C
13CD9222515CFCC9089560A52281F26CCA8C1E8FC7AC8141209D1CAD31BC259080
CB818A8AA8BDDF684A8C3612AD9232B1C77672716AA511CB738D49BF38EBB439A4
B7DD6C3009EE3680F967B871EE1B4DEE75366CBACADC88F4CEC6563E6427FF1B99
43D3576589EC40A20B79F8337C2F37A881BC2D83EA7FCCFE0369DB5537F5F3F152
3AEF2A36D73FED3302E416070A44214887940C8DA648D486F3453D777690D0C464
CD954B1E58FE24CFB29887272D30B4B3FF8AA5B3EBF515CCCFE6BC8F624A1A88A7
70A79F2E52824594A35CF92AC0D1B54772E8EE46EDF01EE9AE7CBB8E3D4197A3FE
C3DC63C709388D148C5F01279BB476A0E59AE0FADB91A8409AC73931F8C0D089A6
03DBE62AB256BB444B5D193157823DC6D25712A353AB1234609CF2E6981BE14B90
000000000000000000000000000000000000000000000000000000000000000000
DDF0E2FDA2F35DCC506ED45CFEE9F99DE4A6B3088BAFD7C3822F86F6A4B317F693
1266830CA0E154581E9D320FF1564CCC44E8201B4B8992E8C1BAC4676F7C5C3A3D
29E02067A2A8C66617EC675533BD446F5EBD182D859A3C6177E22B3EAFD1CE1978
000000000000000000000000000000000000000000000000000000000000000000
F39FC3E837B8D60456733687FF19FD396A3F0CFA43910535F97C65932E7BA9C549
000000000000000000000000000000000000000000000000000000000000000000
89FCA60AD45E501F7C0D201825D30D30B0513784BB53FA3002498245519E58DA3A
060072715FEEF943BDEB627D59D3C4EC6CD1B64F868966EBDF6B02A822A31C2A35
9F31667B825EAE45DF7B46A1BF4CE95E872F69FFBB69D348A5A6EE3AD5070987A7
94698071100B073FC5072D5C22DC79230C9B05E967E0D50795240E1FBF839DEDA4
000000000000000000000000000000000000000000000000000000000000000000
67174096ED8671AA3CE78030EE8620ACA6A0F8A368E7059AABD00AD268883F5EB4
60FFF225CE328C427BFD85B468CF2C10B12927F6EF5BF027AB64CD4BBDDFDC097C
FD3C4956A974CE8BF608B25F44C667500BFE058527E6F960580D9CFA3EC4ABCEE2
3ED1DFEB5668EEDC375CD3ECFEBFC1C936482EA12AB4DF2A98DA1B73CFA1E3C3A9
293DE49AA2367B44D49C9B603BB1C4EC7E3655EB6DB05A64A1F88AE184E12B0E58
FFF93C9488B23E8D899BE0639E29F1008E02A80FF6F8E23AE311437C0CEAFBA87A
0AE323A9C2FB69D60A929EA0E6939941A4A40D74DCA5B3DE34FA3396A6E89A71B6
05BAB3437E0F44B2CAAA5DD65E943F4A76C14301F845A69E5A1AB802C12B0ECC80
B215E26769D8C7233599DE1207F0CBA67935CC19FF151510EDBE3FB351F4A89995
E042FE6DD6593F0FCFEC695BD3B237C52A5EE6169C13482CD93E26D70E786C7425
3640832C9E04DC1EF0BB823151A10EECF4E3EC00255427080FA50305D315D451BD
08BE3D10C691A3FA741A2A80D57CB84A93C0662B82B744F9C0881221FDF35662EC
89DFA4C8041EEEE3617DD0F490DB936252CACE2A5DF6BEDD8BCE09923432D2F6EF
4F03C8BF4ADD103E4A32B9BD0C4455962CF8828479D302526255B5A22158C95D37
625942B5D63D160D183274E52FB958F505EF5311DBC7DF2BC42E89D37C55270804
E53E589AA9B9A576672EAB7747333B6F22B168421732EA605A943D39661CB5BFE5
D687FC18059BFBB4AB63A10B10DBF7CA4E0409B6947BEFF8481FF938E6C68FFD9F
3357167CBA55668A52EE83AA08DA71FF314C8FE391B9028336E6F2DF2B8BCF07F6
000000000000000000000000000000000000000000000000000000000000000000
ACC1EF6D531A0687096D40C2C4F7724170C7BA8D3DEC1D9B1703C3D6A8CCF567B1
308C14D59C586CB57C6B733D8371285B7E220374490DE8CD13981530B17928BED0
BD587D32FAF34EC2519B124A33EAAEFB63595163EB0CAAA25CF03D3BCB5B1E6565
342D8D1EDACB4C1335D6CBCDD03E1C88843ACBF20EA3201018DAC80E0106DF2287
8D231B255EBEA5F58A9F4DD026AE9C1E99225131927F590E332B16B0B72E895A85
383E84833B063027A761F0EA977A3AB22DC0CFB3AECEFB2F3B97BD0216105E1DF9
3201A08F16F43E75975E7C4077D958BDAFEC2F6176D90D08FDAC7F2046035DE7DF
14659C3ABD5E1725938F1CB6F24645FD8722C9F6E6AF6048A16E20734080C9C636
6C01ECD33E14FFFC83425511D80694CAD168F3D33250E09C286ADFDC34F0103CEA
DA4ACDEEA5EDE3488CC76034812482EBE963CABBB9ECE29CE27A839D2501681604
000000000000000000000000000000000000000000000000000000000000000000
7E8CD62EAD03B77CE646AD2E998E276BC83EBF4BBDBEBAE2C75723A97A8F64D91F
F5FFF527AE255D0E998788689AFA4BE7CEE83C3548EB4488EB7BC9A9D8BAF0E7DA
E10FA558A35A308F97311E4C7CDCF5928664385BAD690E041FD41AD5D72A53DDB2
56C1E54837A13CEA7320FD50710A0C6D6F7655BA62AACE202A1E2305154DB47FDB
57B42C70445E758E7C6E891CDD9DCBB3559308C7EDB20D3FE0C9A030875853E73E
5C3D0C4377BCF4D4D16C59F7A73956B3DE51AECC65CEAC97AE41372906D1B90FC3
A71792A3B31833E463AD6D67D319832AA174C6E968D1ED271B30BA8F1F6439DBF9
E9D2170AF9F9CA7720DB8617BDA4F2A025A150834223113E013ED441217AD65859
EC8F4B736301DC338E3EC1388FE0248895A92BFDE5E0C96DE65D89C1D8045CF051
FBA16E16BCF0FC671BFECD814244536316B18780C39C7F02B91A5D6D91C5F549C1
FFFFFE88000000513FFFFFA2FFFFFFC650000014EFFFFFFD20000007A6000003E6
782C6FD8B15779AFA3ADC2FC209AC38BA7C16736C71AC9262361FBAAE6CD323416
56627ED29BBEEC78372E3AD6A07FFE2697AA992D6D2AD493100B6BF2D6E0ACA5F6
30DAA108A119F993C1309D25A26F42E98396968AFFE9FED80E83626E5FE4FB85CB
1DDF98B4720B8448A3D752D69CC2787A5A6CACD02870FAC817DB2D628129A9A978
BB36FF36ACB39A4E292E579890D847A737E221CA7AFEC895633351AB4D6EC617C2
3C6EA6883BFBE7DF6E3663C7DA5613D515A80B8FD637B3F73253F007A70EC74134
FF15863E5FB2B0FC63D89A28FC10187B5294FCD1E6C4C78A7FB39F14D6F6EF47DE
66E907883671827BFAC3B78E985F1094B7341035417776179706801E43F3A4EFC1
E81397C46F3F15AA652AFC431D1101EE87CC9AA8127B95F3F04950EDE4A416D531
FFFFFFC5FFFFFFD38000004BFFFFFFF330000016C800000C9BFFFFF8EBFFFFFEB7
6C1DF0ADFF0EFB99A859131B6AE3DBCDBCF200275E99176B95F027BD35CA036895
B42682AF5F4B7E4A025CB0AA548326ED3A12C7BDD12909466E6387D402B21B00B7
C437A16F55D13F5423FA8A2F424CD87C4D210D4943C99B0569F32AE0909D1593E2
E5F09FF90395B9803E38BA868F572829F78B3D146E9282B7044A899891E7109038
1A01C476DD55D4C21B6F89E87A6A1E25D98EFA570871BB16ADB16DE5B6471E5419
7BF664B2642BA9CAC1DCF4F07C9156A1462C0A7477378B0F6E63CE3EA38A14363E
343DA377D2D1B4B77231D10B8183448933418A9DBBF4A4C173BDDFDD2BDA42260B
9EAA66C0A7CC15F898870C4006D39C760659C52F072A39F40953DA6972CB9D8C8C
AA53E93F752854F2A6178491553C54FA4C3A6C43F8A202F4DA142E40300EFA2041
FFFFFE398000001600000031DFFFFFD6C000000947FFFFF55C0000052FFFFFFD90
DBBEB0618332C279145710DA69523711C032AF1A01BAA47F341925165772135A76
66DE0028B5962572E884D22A12E3C7A4F4DBAE708794BD4A1F386EAFE577419664
88FE3B0CDAACB09C40314930A993F843637DA2EB539A348CD422AB78A57E4393B8
C273E7CF47B8C4B8BCE62958E616D3767356ED74007FA7373C8878DF6837811F7A
D54E8ADF9B3159B5599972CC361374932D1E95D51502DAE6D3633718D51042D3A9
B0E9746EDB788DBCE163767733D014D157CCAC4829D5F714F3D350294967FA2517
853D57C62A97FEB81C441B68789C18EF271747B3E1930BF9D5CF734C6693912DF2
D02E91FAF393158D6294FCE3FAA6332B4D69B57DA6BAB24F300CEB96C6C540B304
8670FFDEC701901E1C3A04FADDDDF8024277208E044DFC59A0BA10ACA2C06EE0E8
000000000000000000000000000000000000000000000000000000000000000000
A03AC548AF62481BEE938DCAB20EE19D7EFD3C5FAEAA52BA24986B334BAB4DE570
ECB5BC31295CE115B758D84AE4EFF92AF7835DA1CC64268CBC903476DA1EE047DC
25262C7EC6AED96303EE296772A25DAF1EFECD9E3524C61A426237C05CD31D5A86
3AA57656AD4E9440DD330F5D20049E9E7885F7855259BB65062BBD6E1E06321ECC
D47B15EDCDB5145740E7AB95C323A9A0E19DEC7E2F8FC94972C530E19D95013F3C
F3640C4D124EAFA1DA08C963BDD257EADF57DD8C0891676EF0CAA772F9325EF17D
000000297FFFFF4C800000689FFFFFD23FFFFFFF100000090BFFFFFCFE0000014F
FB79FEE90EFAEFF3563C8D4309D490147B54C9628439A8CD144E42A3B35438D0B8
000000000000000000000000000000000000000000000000000000000000000000
000000000000000000000000000000000000000000000000000000000000000000
1A029C7EF53B7775EDFDEC78C38C7FBF7A161A7DC870C18D77141C8C13A1265396
03B8CF89C204C1E0B9F33500B01251013B1D79CA987BB70493735D3EAFC4C88E93
000000000000000000000000000000000000000000000000000000000000000000
C8DAC5E7E266F68DF7BF955EF2E9985BC7017C2B52C8C33B7F3B44FE3636A82D53
BF73646A7CA9D8F4EAEDF83E8C06E15A0F8E01AA132CE167D4310378AE0F541DE2
FFFFFE500000008DBFFFFFFAE000003C0FFFFFFC60000000980000074A000003AD
000000000000000000000000000000000000000000000000000000000000000000
B0EAF8E34326032D21250B74C16B0FE016AA07C177798F316C5283264CBB9163F6
000001CFFFFFFF40C00000769FFFFFD93FFFFFE570000002B3FFFFFC8DFFFFFF75
2535D7C3CA3BD956E20AF303EC0FB1D2A5619F601E9E67A0455083CB0CF16CFD32
3DD972FD08A3E749FAB7FC26EC2B957457E58EC72687D83160EF2794C389C30D68
D1912620EFD2B142680F54A40183A62A682BED3B297DFBBC28AE7BE77906211A90
000000DF7FFFFFA63FFFFFE8FFFFFFF500000013F7FFFFFAAC00000365FFFFFC50
FB1B4E395378851BDC425E1C819F276C30ED610FA99941A7FA7B7AB647DFB52424
A70B2A00601EDE0165E0D0D8F6251BA963AA4BCBCCF131C4490C43B55F42175CF3
9DA73C02170ACEF6A71404C0AC7A05B47E34D9DE198C6AAACFC41B81EEAE3A3063
16B02C82E81C0131EE0A2A37FA3EF0C0FE3B887634DCEFF460F46E1E9A75A342A2
4D0BAEB783F481EEB40CF19855149F986661A0C42A2DFFDA53C566FDB886E134CB
9BF805F4A4CD715272D8D4E587106BF9C36C79BFE9E714C6F23187E1B407B2BFC3
000000000000000000000000000000000000000000000000000000000000000000
F40F046060D9433C18FDF119040EAF544312B2023F8CF23E786C138A50B25E607F
F16E6E844EE926A4DF51A65DC949FE3FC8F798313A55FB0BFDC8749754D3621F31
B217947CE0CCE117A0314E2F3D63612F4F538C9F77444F5FE69539A19292EEE421
1219AFA5C1471E126AEBDD9AD8C00030C3A3C1458E1285C7140482DC80BD8F5FC1
FC0CFA4CBFE2FD68B8D54B7907C6557A98B606B74B7EE3B783FCB0984A7C6FBF43
BD32EB9E43D5D2E629FCD657E0536B957B80BF83C705F0C0A8CA2E377183BC6516
1832777DF26B9BDB382B2BE1231ACB563DF2A7BED427A485AB5EC32F8FA6DFFC53
C02AEBC23B174AC7556CB26492A6C3885B9345A44F08DD2ED62EACA8164ECF0F42
1DEF02A469411047F27DDCC30CC6F1B5B626151D24944AF180CEC0AE616932562B
AC0F555F23CF45E00459A606704DE18932C9DE3922B9D2C41C62DB7F26DEEFB868
CDB356D843410BF27D2EA37898F264773E7B04137B60C8C9E5F13582F246C96312
000000000000000000000000000000000000000000000000000000000000000000
000000000000000000000000000000000000000000000000000000000000000000
000000000000000000000000000000000000000000000000000000000000000000
6DD39B6F45179B20A89258A0B6CCAF043184F31E888D7E1DE89FC0C431003BCD00
E099B98F9F9B91C392B9DF711C0EFACFC023861853EB2956657E7B3AFA88E961A2
2205BD45A6BA72C81ED5E58982035673E2C0B7A5918EF896F468A9E4A13FF43C32
9956E43F0A722085FDBEC71F5E7CF2DBC97E07EC3B4071B2D34428797DACC78E3B
2E094E8C4C3604E24426A387734FB4183E5ADA37D7B1043A28EC0CDB48B3E0BBD2
D56E660ED4CB5B7F7116499194F36545D8C8166213C5CE140A2F25FA8F668D5214
B23C0C64D2CC010466CCCE47AE2BB3748C9171B58BC0D78053B80BD6357DEE01C4
D0D4F5579865E1D38C6FD88A14747AF6F1807778F9F1C6AC0D7F34ACD1880530B6
817ED15F5E7FED8B78D9E5EDF3AB1D401BE273CA2258DCD87E9EC0988C3F72A349
D602C48A77EBFC30932F36D30E0058EDCBA752EF7ED57B4A93E5FC25F5CFF84384
18A09E587F2A9866CDB37AD02BA7EEEBAE2D85AB6DA694AD821FFF218F0B5E1A0F
C3BCFEC8C5C60470238C208FFF2908DDCC81AC6E922F28877BB67CBB9E05B6AE9F
282F4AC67F3BFFD00685411F1F0163690196385F865EE7B4CAC5A881E982451486
89B108380BD2E5124429E0201BC4784A73465D2172F6F0EC2D67F6C13D4D80042F
43ABE82629513856A913CEA13A68A4F6BA379211116F0678DAEF8239C47639EE30
370D479DC3F2CABD83C24E2658C93F611BE5C0C2D20ED7F08E6958694348724479
7BFE841C5B8A90A66C7206C893D957E52E91937071A5A0B362DACF963600325E66
000000000000000000000000000000000000000000000000000000000000000000
855E225EBB8E9B9774796AA2FF5D3B5FE04E5D2FB7AD73B706944AE4757F995DF3
8A69E7FCC89E2D4F1882710854BD2BDA55AEA84894908357E5B06A0821F0877C74
DDB0FDE245A00F2DAF615F03971FAF0EE42D39AA69C71E33496E5685592B766F96
ACD4F8712DAD0F7B27FDF2CA58A51498A4EE43DE430B94839DE96CF08BE0D2D2C9
430D572B549CF23D14933B5584A4FDD422F6C1D75E2CEF05EAB4C31A875FCCDD28
1F97BE69F68DB5965E82D796844984A8AA0A800598D6018E617617CC867C9D3A89
C13E09150ECEC10509C9BEDFF947C22C3974FFED3EEF814C8FC622B1474A120E7D
5E7985DCE91F2C3C3C6F23D45463CE91E0089E1122FD06A3275F207ECA1F4B917A
83E5B1C7ADA2AD856D84347BBD7F2B7007A4F9C0C6127DA011E598864E0FDC6BB4
D833F6F096D8726482DA4622F0502CEC59170E432187D57F2A7B887C60A1130132
4FC17B6B512A0E14B8744E9FC55A3D9102E3FE390EEDE22B37FD0C0E5ABCC3A76E
3494361CC49D1986033CBE96987C9ED0867B86761D8D14F40D5363F11355352096
00000058000000CE4000000700000036300000054FFFFFFDBC0000057C000003A3
B8642E643AA84CAE40F8E6ECFA00FCC36823A3AA6DE389BC23061E478AA84B7C88
000000000000000000000000000000000000000000000000000000000000000000
E379C6D26992A5668E01E66E61B0064C972208F298C5A74C4E194B6D32BA0C4A69
8CE0D635F93E194D079E1D7B99D6489722E9A9681270A92DBBE4D92BFE5ACEE43A
43F661DBBE5DB5FE554A71017A379A9E8767AC284A74E5B0064BCD148D5FC889B8
EAFCF318495A8B07DD3E399EA4BBB07C0182B5BDFEA878841408EF86B0D92A9B04
000000000000000000000000000000000000000000000000000000000000000000
1330DFDA8E8EB304E893CCDC08DD071CF9A5820FB20951F13191C0BBEFD6FFBBD8
A9E3E70379260812AA26BFDD9534759B6BE186E876904078309116A8E541D71A61
E01EB325A516939EA6B74373C8236E771FCF87D91D76D2DE50F6CBB7651619A656
B1DFCD126E1AD2EEE482AB80877D3BB09A5C9B9F5A1325E0B7C4778070F642BA53
412EA1EEE6472671597EE8FA48FDBE3DC214E82F8630BCBCB3F816E355DB2691EC
C2995E4916D78D8C0D9D14F6D0BBFFAF473A80D5C156A300284DA63C57D8289A09
C895B41CF8BA68AB5A8DF748DB1CDCB89C2200094882FAFED5A67AB258F5F13428
000000000000000000000000000000000000000000000000000000000000000000
53B1D3C8DA17B492457FC6E9B272D9714A658A7E53C450C5B7DD08CD2E9D6D7CF3
000000000000000000000000000000000000000000000000000000000000000000
000000000000000000000000000000000000000000000000000000000000000000
000000000000000000000000000000000000000000000000000000000000000000
1AC58868889408787DC0C55AB9502D40BFF13D01AE8C057B9F5F2A60DC5A348E68
16C01F83C14F369F260EE5932C21FD142AA0A2700AFB3BED4ADCE6279C4D8065D6
64B6B2CE63B90AEE9F35204436C0FD9B17261AEE8DFEF12A7CBF30590EBF2720C7
FDBBECEC32CBDB889EEEBAFAA231854DCADA9E8A90DF4DC811226464DD85B2EEF0
EDBC698823EBB8EED812C4FB9C6C053E1D56CC6F88DA3F67773E237492BC045FC6
41C77A2969A7470916F344ADF1B3B32C93093B4559D8EC263ACBB46541AC7F472E
D3E94EE446D88E925CE639706602EA3CD576008EBABC1F506B119421464035C803
000000000000000000000000000000000000000000000000000000000000000000
A6782AFE9CB95BE01F346C7CA5EE1B40523A9C8DF813B2DDFAC0A092744187583E
0678513B74D7204CEE4D8FD444D5946B0A061DA530AF2E8ACC450D27E0F53E51A7
45FD895B97C7DA08B3C7648D2060745C258870D4C2D188746023F72D5D96CEB884
1CF806CC82DA3AAF5230CFF103AD21E9530D61AC1C76DDE2386E10827FAABD63ED
E259086055459CD4CFAD6518467B4C5D67FFFB6288A9CCEBC01EEDCF49396E411D
B06FFB72E7C8030D99ACDB2223BBA5DAE3B5611299A3373883C0F96530AF35A70B
000000000000000000000000000000000000000000000000000000000000000000
A068F7CB9B3DA49FB4037111A91D783F5401DBFAF0AB548BABE47E64C0C29F510A
1EACFFBCC91BD7CE0BE6EC1680E991C27D1824D6487FC6022CC46AE18DE1B36E22
000000000000000000000000000000000000000000000000000000000000000000
FA5B2BACE2D53C81659935777C2DF241CFA37E739F857D3430A788372DA57C66B7
4E074685D63C5A8FC4AD8DC18633AD6AE04A5D73A770E11EE97C12B5AEAC9E992C
56F555D29B3105FA0F720773A4135911088445F431D4571A212744FED3F2EF8691
C2630FA8DAF2DDBA211002DAF240DC8491BB290E849418B108FC0B71DEC075D8FD
0B2A010E187CA050F812014518B10DA3102A7478E6A7972D40BDF2C7D65CDC03F5
EB33A6C0C356BD5F5D36ECDA719A3B60B3446AAFB8249D805405BF9805C83F0C49
11E9E0133F7A7235E22ABB1315FAD889F22C514AA1786E1DE0C6F72CD2914B557B
48110D4B1BBD0531EE6E58EF6D6324F3D110E5FFB0022374CE5E49B04DCAAE6F37
2F0CEE981A1E5C07E17DD5ED69D78AB0C091C51FDD0FB4D7C556510C00A75F839D
AF7820D959C047621A025598D85C8DFB26F6F7457C7EEFD46077D5B1EC6A96676B
D71D8D1976B0EA3CBB52BC5BC9E7C67C84475397FC57024A222959219355D2338F
4CC3221056D2D70E4CD97D7CCFA797773558BA9182FC8874E28DA9D50B192BBFB7
F92329E82B6969BBB307FA7E639B1EB575A918C754034B2EB6C7300679F9A92564
1E7E7CFB83ED8D2CBA2C3604E58048D1E41C4DD198F3A4902B0B1BC192927FD4D9
7C3C12CFCD0591E37AD5E829F10A7DC426F6F081D119B13302C6A98CA943E5B00F
000000000000000000000000000000000000000000000000000000000000000000
ECC6AB67AC37C9D22EAA56C1FDD1BED4006E9263645D3A073080E9006250DD86E1
D9FA26DC2257B201D707FC92DB327648074A66BD9D70F07EB1597EE5F8C1DCAAAC
16B7F7D9F90F23FAFDCCFEC49B2A6CE96B61BE97F24CBCEEAD06CA481CB9B9406E
983D636B9D40539D2DC87A34C466B0E154ACC7C0813B232E4AA7533093E59833C4
DAA87CE6C02D14A19A43EDDB896EFC02AFAF33760A592CA1E1739563A11A9D6159
D95422C64E8657935E88EED4A1297ED1B9C074C9F6AB32F17AA8C7275485471821
65492DF734AED14A0D57DA7C91CFD32A0DAB58BEC10F9C6BE72F2C4BF77FC40116
5477C17CF0454E992E556CB18B317D923D72777987347800CF2BABC5C5F032E5A7
6AC2D4C41251E5EEC8A05B0311E0A18A82C6C1604A5D7B3127B259D737315F807F
9735E348F59AF57879E8F3D96F940722DC43445F7F0EA83AB2644A86D7929AEFBB
21B5576BBE052DCE36419B090273C2516BACED3F5BA24976C49BA1555A62250FDB
453ADD83FB65192E26C467D0AB2B8C38F6305CBF77933598CD0BA6F94840A56340
5E72C1F43D54713EC28C4419A405D37F7EA6F5A11932517CEDAA118991C8208D6D
F3B328292785FB16E8EADAF413494AD588D0FCF38492F4073F1464F5DE343BB93A
1D6D93FEB32DC9E30060EC28976B12575FEE48CD931941BBF1892219FF328F7984
BED21E8B611F837D8423B0881E0A36F771942387294C5E754D2F3767119B04CC97
6F5F88A930F5EAA889B016C8BA53340B881C5926782E96E9BC2D9E3ABBC4F61BED
9949A330E4E8E0360FF592F24ECF5AD1F08453C24F74B4FD3F2C179ED305DA5B8F
CC864553A5F9070905993F23279E8C2E279CE757CF136A810681DD002089E6DF7B
C3B79033D87421DECB6AC7B0C02DE2FE7B74DCD8C646271046F3E284645F608BFA
0A90AE1F81B2D9532816C28F60DFE691779739925FEA0E8434BE7962BB0D492958
DFFF1D044D99E49E4BF541B58A2DB122187F816FA0E5ED08C1B3414D129FE2A275
4479E11CCA81387F50D7891D6BAFCD08546DDA66D82129305BE26B5D825F2C455D
2EBF51745E45E0C3D20914FEC2CC8E74348618ED73E7A4EB67BC430D89A3881E35
72D27AD4F951BE2510B213829B6E500454D1B0750EBE9D25D73F458FA29368D772
1535B1BBE13C49E93070CA2D47400867F7A17702FCF3ECA841D3DA3897E492491D
BC6E1F6076DD95439F76158D24DB87EBFD10E5586F3AA1F6659CC7981A45C3ADEE
8C9EC51DC4554238B9E4890EE1522FA6C0C9F367A395636F3E07C4C270ED3FA8DF
C8123E6AF065F37423FB21A68F6E2D4FFDC5DF6FF5F4F1F7C5E4354B7511B871E7
000000000000000000000000000000000000000000000000000000000000000000
C478DB458AC14496F7AD439DC09BD5A1F2D3DE384BF68FCBE890B15673E9991CB3
A87762D3507C9B363033ABADC93968611534DD91CB6D4D41236542CC9CF5165DB1
7F926226474E2A636C52DBBAC07B114115915B366ED4B26F5F35CDBDBA1768449C
69F56B83F79F982FA644408A0A50F765CFACD8774C12E9EE2397D1560A3494E116
FE0B0F720504FF277D0F618B4F0EF6D79128E9169AE927FB16F6AC968320FFEDA8
9824664FF24313BFA2325D049CDE7ADE5FB60D4FEA2EE6E7F9479AD0731519280A
000000000000000000000000000000000000000000000000000000000000000000
2007F9BB1B976C04F222C10778CF7EF723DBF4EDC46807DB06C3B731D35071A16E
9F930117E13E4385F4648A58F98BB9B6E0B3167960B82B400DDC21FBBB9AE3B641
BA873D321DF0B9500F782E8733F59C0E842722B8523D85630F8811DE1B2BFF4E4E
C3956B20911272B42F5802FB00517584299BA02EF8E60FA849101D556BF0D61D48
320A109DB13891FB8137EDF114B8ADA01D6C4A09070C9AAF5E5558DE7DDB0547B1
5A9DA25B50ABDDB2221C87E6A4DFCFFD71E1324C69DB3DD30D7FF7347A6602349B
5352ABD355B668A275635EB177F8964D46EC519C6F4977B2EE567E21A27BCD3339
000000000000000000000000000000000000000000000000000000000000000000
F501F3909534187101322A103F7E8032E18DA0FD3B52C88E108F4F5F22C3947CAD
58AFD9FB038EE14360A4B6E983C15464F658164AC08485125F69A960EFB3DC5AFF
4B53895B2C2565DA38A17CF9155D3047A01A94B5D20B0225BFFF58323062240BE5
9B62A3455BE19E919D90F52F5807DB035ED65813838B7AF42AFA9455AD8B616326
5FEFFC7920E35E84C14D62C228F027D610A23F664A3D548F73B6C48C61F4B0B6A3
810050213CE56B2C9953D197DC2E96055212FB487167E548FB093E833574391B52
73E8F768BD1070DC1FA3D13974263AE838802495227222DB6082F2FEFF33AF07C3
8CD5C99ED0ABD33885C68BFF598548979D6D982C92FFD0489FC936595816B14779
000000000000000000000000000000000000000000000000000000000000000000
000000000000000000000000000000000000000000000000000000000000000000
944BAFA611154EB698AD6E7B7613BEBB0D2BFA00982F4E05507BD4F9028EB6B286
7B3D55F0F09AADC56F931C85B51019607365C93556E128BBE4AD19C9B38828E9CB
4DCA824C9FE1C7920CE66A8EE7C24D683AFEE9D01C6FD094198746E4D515FBD0D0
FD540FD5AE71AAC6F93DDFD9649D0A8A2522DF6C9EA30972136838FBB8410B4BDC
000000000000000000000000000000000000000000000000000000000000000000
E8A466ABFF8A0CD24F6D2523779D01B8539AF719F208686D0274AB9AF7FB1E2EF3
93E9FD78443545A31E51AD8EC40DF26A0B6C6E0D8B91627759AF5A95A82120E1D3
8CDA58CB83B189DE970835E06746E0EBB44EC57C187338EC2E74DC4586E80F6702
D2DB9CF17F377A163DBF9A22224BC08031CF1A7EA2335E2FDF938E2A65C252FAD1
95FB013C87D45D9C25E68618CE99DB21D06F4210DF7B0467757F1628F14FEC3A9B
DDEE5456E1441B0D3761031CA27B0C1C1DEC930184DB19CDA0D2D460D06C699D46
DE3DECDC34A1E7C8C9FFBE6D76A32DDD607AD160CAD908B06398DABFC3F8607AAE
B200F85E0D38081D8ABD4B412732CBE32F10BDE59CABA1E2E8693E8AB93D0C2A69
A3DA3EEF0ED3DF234D6CB9EF084D3CFA3669582DD345BE67945727E6CE6177EAF3
DC782444E9A41D5AB0E33433FE0E173C73655E63EF8520C5C8F092A2E265EA2FC9
07B184E8463C5D4550148FC8534B64D3EC9DBA433F547058ED9A63D5FFA107082A
9C8B7C2A50756FF1057C5F60DD594EBB09A421527644994E1D91E2231FCF0BCFA4
1A15215DD9208E0F573FE126EE139707DACF276A9181DE8E68EF5B5E44639DEE96
2AE2DECC3C4E88A591AC8F0D2D6610CF058E7406DC94A1E496F9D8B389A835F868
5B2C545CB6762FFD96292E4C6783CA7E43C6D6321B2101358712EA43F4D537BD62
DF3A16241FACED2CBFF4FAFD13864CEFE81AE38769F0866F866A93EE749628497C
E9D64F4B644CC52C4C96DF20575686A406CEE14A70D13DD1DE27FDD29918D3BA15
C7A53F61E7ABC384B430932BB33B08B45141451F9AA5DBFF6B85B80BBF5D16BBFD
CF0CB5ADB2D434534CB108DDBF3E6FD87535F48747A3631ABC890769EA4DB4EDD1
DD14AB887B698EE90954B77DC376332FC6CFFF202B0BC9B2C41EEFA30547A67EF1
724B49D65DBF4C9FF0A79B7F3A5B6D1550A8A3CC456F7FD4D5281BDC8C4717AD3B
36D9BD1BF7A036EF4ADC20BFB57EE3607D1CA01F7CC85B4F340A3B442C3B3F1A0B
9993865226BF1B87BE83A066F4B0D568C5B6FE96889083A833F0E5C56D50DCD24E
769DC3B4EDA75027AFE73828BC90A531767183AB0FD3E638FFB1034433C17EBF80
470C7D58B17839452ECE409D83055581166DD159333C388BAD548FD92625AA7BC9
AE099E8F3616465516CA0E10F42365EAB4F6E3FE69D955ED3002B67BD5BA3E0BC3
D41171BDA87E8AFB5A801DCD290F89F198BB8E80C1DA1F08910B2B9057A129393B
82F07464FD9528F45471CBCB7D2E0068A487118DA83FC5D13CFDFC059049184988
0567AACC5E1F3374996D9AD924478582FD388E52C0466CE107EC8A1FB99175CC2F
15C847529AA23B6693370D78E88E191D95DC70C150BC9536DEC338D3000687D8F5
F7D1302349215E6C7DBC5E45846F04904C24ED9BAEF16E623752EFB691F021F88C
D9710D0E9D20537CDA9EF0E867DE214AF02D009991D117FF61009EA69F14B6E5AB
04822AC0D43151FA1E70F70BD9BD599F9C7B0208D42C27AA995F60FC9FADF40870
7EC72064889E67920139B9A1E04F530C73F9013AE1F21A662331FDCB3C3097D67B
000000000000000000000000000000000000000000000000000000000000000000
FB760BC668A0C4BF5694ED6AEE02346CEA8D4F9BCA8018E8089E6CD006E872C1DE
7604E89E2B044E7AE76DCAFD9DF1FE1C4A811AD631401B5439856AD1F15389B028
E6827EB85E1587EB99C737C1536084063D1CEE2FF474CE5F7CF8C75E00A0C9B1EE
46FD5B79EC5E8929E9D5BE42BC588FC6B3CE7CA5AB76597F63181BA93A92BD8C32
63209A9A978796F411AE12C77491A5FE6EFA97FF3DA4F8F4718955D3D5D085BC8F
11FA5D2478F7EEF748EEAE5081D689592B552AA7AB12BCD982155044801CB6FDEF
1636814C19B3DEDF90F9664F4632DBC856A9A21D22C869ECA08ABFF6188B703A51
0000009A000000A2FFFFFFE44000000CBFFFFFF6A8000007CC00000795FFFFFEB3
8650C7F8AAB56146925C99DF65A25441A217952D540CD03DF9B7008DBD27D53317
E745D2E171016E6DA4FBE6F3E0827083A33A85EB82510840075F8C9CBE07186940
2F95D1C8B3D181DE55607BD5C6D28BD3548C09C35460A568FEE56C7880CC808B96
4E4F2981545DC1915F9924C44A6FF5C2D201F46D1EC8B6A3A4F29B84FC38F913D6
C3F8E120E4FAFBD2879D8BAC3104D426469DB3A60E2104DBA83F4DDDBA8EA73FBE
000000000000000000000000000000000000000000000000000000000000000000
E97E26423F02F54103249915B1AC3065A543FD4A7083EA374DD79A09A550969394
FFFFFE568000004DBFFFFFC73FFFFFDADFFFFFF75000000B67FFFFFA1E00000151
0000000FFFFFFF99400000757FFFFFEE5000001858000003A7FFFFFAEBFFFFFF89
E8B69FE530117B41560865B573FB59D49B28585711606D073EC6D3CAAAA489E007
000000000000000000000000000000000000000000000000000000000000000000
000000B57FFFFF1B000000315FFFFFEA200000110000000BEBFFFFFC5BFFFFFE35
C44F03FA0EDA531E162365DF59FDB69F386ABBD046A16792C146F5385BEBD63EB5
1E6D36AA8C360DBD6FFDCAEF31FF4D7214A0F4E46BB39221518781976CDD577CE7
DF27FB9028FD97B9E7166A11A7F5172CB32798F1DBF8B42381A4B98941DFA27106
6808564087B760F74386F6FF8ABF2F0614229A20F31B50397D978CB66042F3D6B6
1055F8F3DD9320F2AB8453EF8C9447A96AA72122CBC3526D678D59619EB2549415
00000095000000A300000026C000002B00000017C0000008E7FFFFFAC5FFFFFE89
F6CD66510F921E8BF8BCE86BEEA1700A6A72976A4EB4E30C0B868D1C873CFCBC8F
0E1AC831E8B847EE9086D2540F19F3FAE290C315F624F523879AE00D285845484B
40D3B5274B1FBED5B58CDA701243D67F15FBCF926CCA42CB5822C71D8287C73895
6D9D23E3616254F310783BE748E0F0C75A9C660ACEC4C08294DCA1B3F4F5042924
2515B2B33543785107C3032A111ACDB406CFA01BB11226E70058A3F69C7FA29BBA
90E9734C6D982A87CB4E7F3BCD8A8019752EAE763A973E5933349B5851B9EAD144
68CE0BA8291196EC079B72A69E29254DBBD2A43EBCEC49B170741E4122A5097A27
3B120E34083CCE6F461FEDDA666F55B2FFFC82D902EC8571D0037B08388736CFC7
DD2B15DB1E6F8A2356C4262CA4943800BA0E6C615C3202A4AB8E22E4BC05091BD7
83EF9DD0F2E17819CAE5675ECAE2C42C138AA7222097A7A6ABF9F7BB9658C9F5EF
A8ED28BC9608C010211E7D1B44381EA23BF4BB0F3E58A7910C1E45329D859E5359
8BD31F78215EB32D35A65D2DB47CC5F39128EA70E23B41DE18DF9EC5E9598286D9
000001CBFFFFFF383FFFFFADA000002D6FFFFFE63FFFFFFB5FFFFFFA1A00000117
808D84926D035083F3360D0A6F06EF19031C4DE6F0C7A487003F2E769D8E37FE30
85F144A374641EA40552A8286C30E51535243BCB19458D5053E68B4610A2DC792E
3A769343AA603EBFEBBC4327EA3B2219496E3CE0B1D4BB8CE12480AA76D46E5F5A
EEE2816094006D301EAACDA920D9088B67890DA3DECF18E853A1A741CF68791E7A
FFFFFE81800000D30000001B600000016000000207FFFFF533FFFFF989FFFFFDE9
18FA9E3DB2AB82443EC3E01517EDB724E43D4BF5226A1C5B7A4E73EC46ECBDBA55
429213AFB2B70BAEA6C9A967173012924E0054891EBBE5C7C7322658D41F7E181A
847969D267374D8562677C345B0A046A39EA38539322E97290E8CD2E9E1A422EC5
0B9FD63C862174C9D6A727419EC743605D5AAAC77881CDE023DED280C05C64C1C0
B56EB65C90D94B8ADD19E4329B6EE09934CD4388E2132B7DBDFB14C14BC4E2129B
5F5BBC00FF4A072E106731AF2EBFCB1FBA6F504F45387AE2D9D2E0BC1EF31329D0
C93A339C4E8B9D160925EF5EC139613FC917884864C823FE13B6D254FD21969BE3
38CC5F81561D86A4D25DA87A4FE30D101EF330E9E222643CCC35B3F95D13D82E38
F20B134F8D324FD44F227638043D59FC12DF0EB2F695CB4B289106C0B1D380657F
4798FB2C8352D2D5B5B71B82894D9E773173DCEA984F0A5240CC48DB91FD9637E2
A75982CA6CEC6D7C8E7D58B06034AE09C2BB58712FBAE8CFAEABEF2B719D2605B8
1897E72AC245B13D1811D23A9B5A596E4B66AD5FC472818C6CB2FCE189AEE725BB
B1286232F00F4713A07C76F0BB71679887563D1B227B76DA1DCA1DF1E0249782FA
9A7135F09CB43A0C731A67A931BE9CACF44D40B529AEAEAF847ADBA98AC2A1AFD0
6388862E7E953FF12A6EE476C94C45F9192A525D7D71849B456098E248E409EE22
6FFEC71FA36EEC791D63447C47C03BBF588A88726F585D447FA1464520E992F18E
708A1519B305941043EACC4F8D7DF2847EB8E02F7670E9957CF424BCBFB55C7644
AE98B7986E2686FDAACF90569354D7F456269F60613FF2A4FB64BC3C205D853444
7E9772FE54DB1D1928B408310BA23A8EB226C7D82C2DC6B0E1D13510713AF4C7E6
E0B4D4E331C0D64EE49AA68C64719D451F36D2EF51FD415E0BC3AC82EEBB1DB033
91C7607C19B9991AE49DAF321D81F78B93F7609FC4BB8D898578BF11F3A1C349D8
000000000000000000000000000000000000000000000000000000000000000000
1C72DEAEBDD790638A720916B75C2D10BD2A5A70CCA79DC223B0BF65FDF5CCBD06
FFFFFF2B7FFFFF8E8000001B1FFFFFF94FFFFFFB9000000297FFFFFE71FFFFFF6D
37D005C1097566177C88A52B8FF09F6FC27321079AD06E08C19F5465CE79AC3323
6679B050B98AC35BE2F9220EDBFF24B43886AB755B1AB18EE66181052F9C684890
04B44BAEC6CE48EF5C62213286AB24047B4698C2A757092EA035436FEF61EBBFEC
25FFB2E563765830A0C25DFE15D79BA6D93C14170946A28FA44DF1BA195DF51689
6D7B206B1654F35A78250B661ECA1AFD62A5D95D87AD6DF1D9C565F54D36364376
E33DDFC10A25F582C61309BAB8FB4E7B03A62DD7B5A387846A986DB1F6B3F7EED5
0A954FBCC029B0B02EF70FE8659120F98C9A69D5B4E854E7C965F99E25A5E3FF62
FB6670453822DA313A8AA40878718C693B0A1031F04EB165CBC224CA8CE4E4B859
D9F5410B3D840FF2A5B0EF2971CEC6F3E41746AA68FE5D8560E989147DD69082C0
89A4CA497D14444EFF2978D447C3E05374B0D5059717F6362AD35D47912B982261
EA6069CCB2275328BE3DCDE360E38F6AECEBAF679F479B6F945C376493E84A1544
F74921C1A59C68548641D7270867E3BE263EA66CF0280C71922E7F67B163A0B572
FFFFFE7C000000C8FFFFFFAC800000354FFFFFE60800000EF8000006C8000000AA
A8802DDDFADE230932F080AE43C2D0556A21C23F894182321BBE45BAF79AC7B0EF
308F9C755C18B59E2CD55108D85647177BCB1B9B4562819D92C76C583C55315875
295E3BA9D0D50FD4C1B8D4E9A01E922858C883AA975A01CE7EF5417A93C8B258D7
EB57B3896E6E41EC42FB1EC87E3F9E2B8565F434208A51381E0C119668658CA662
F8633405AFB3062691654DA1A8D41D1D2E91B04F3B5236C77434722F15222C9E3A
D46B8CEB6D5124EEFE512497182377C4C85435DBD624CFFBE5D3949C7E4AC6395A
000000000000000000000000000000000000000000000000000000000000000000
B6D7A46928A86E1C4F8D1AE00979D3C91DCEE93B84404CB97F486D7277F43ABD04
DCF2904FACD7D085BB8F3148FE057F1463F3FC1B9BA550939EE326408D1E89D8E2
14510668D32B1575B79FA59E35853680C65566DADD01B987E796DE05C77A9EFFC5
A3A40BD65D836DFDB0BE947908CCCCCB386C08B961D260A0FCB087F38A95FA1AD2
C9E507C1987A749C9B2BD1DEC64FFFA5063298863D8816BFBE080ED345D21EC860
08565833A1E202E5AF4855FE287BB8466E20536BBF0804A407B1DD6996C2AE410A
A6C7B6BB3B0A713F889706EEDDD1EBF486430A1DF16E66BC2EEE69F62389510F3D
DBE7710982268B7D79547600C2309F70BFD49586F83D5B63CF4176B8A854DCEEFE
D0ADB4ECC3CA49C9ACCBE1DF1095E7CF64ABE343EA7169DDFE701F98DE11020461
000000567FFFFFDFFFFFFFBC800000002000000187FFFFF6080000000FFFFFFCF9
2C982954B2381F4E8F124D7ACDF450239ADAB391011CAC8ED6CCFF144E3F1C1715
99DA42CD2C1A8940A541639F88135D07F4663CF9A7D52C1947997659F336A6C569
E12F5B6F244FC7C081B84F389000D9B1EDB86CDBD2489F4CEFCD018717CA7F235E
5941BBA39ACDE77F8F4DADF3461666B5C9096B57455B375844B645FD0242A58B00
000000000000000000000000000000000000000000000000000000000000000000
0BD2E9B39CD81F9CD29EEE48CD725E31FF037FAED02F827E5D0A6A62179FE18C3F
D66A859C8ECF839BE260731639FB5A7E257C7EEBE11BFE6C2FC96C93F10340B07E
B77227759528B6236EE512BFE02B5C57520B331DDDE715561C73D1B710B31B427B
20F474E8DD5C646A0772613325ED66A56994EF809FC780B6A1633F01A5E2CD67DE
A0F66D18C44A09C971DE74F61638422F0CBA8681CB7EFB70F43A937309B3768F07
20D261A36FB8582A9A39D1F92D95B4C3646DAFA16AEF7A3D52A7AC83DAD29AFE66
1BEF6AB76DD12DA25D2A027C5E325F01F8ADBB5DB376FC8B7024102E4BB5E036E8
1CFAA6335FE26C81ADF5F80945C6F1BEC5E858E8089EBF692FFBE8B9841CE67F1B
5C731AABF0B52925C21C8D4A493A80308515FC7D8434BB3D5C7DD1844A26DA8373
95F85F4A8406D6764A245F736D04CF201747C2979518A7905926BAF9ECDC4D9158
1E13587B0D6E8C3045CC7B2F0628361B7DF9F98704CBB133FA85C87B4567596960
2C32F45512CED6AB5B075ED319787D3C5690C52BB3CE0E830EC9DF4B5F82180FD0
62606F89F1BA51CA214A948CF6D95367921165C51679FE61795CE1C52CFDBC4E18
000000000000000000000000000000000000000000000000000000000000000000
D722FE3F58E5BB06A81757AC2D9CF7E6E61402AD22F298D4E3B8951AAAAF1DAC6E
6AB8A486F24B1332DC0A0F6CC0CE4DC58CBBA618AB17C4ACFE2E5EBBB435ED53C3
46FD9561AE52D833149A9A98782848326CC6587249B7FF316CA17B39792BA3A5C2
0621BD0604E07918F19413CB318E9C9CBE1C7D9745A11E297B59BC6803064254CF
000000000000000000000000000000000000000000000000000000000000000000
000000000000000000000000000000000000000000000000000000000000000000
92C826F4DFEE247FC1F4F4DA327613EBDFEED51EF3BDFB1AD899FD9D5B6F0DCA4E
A109BC13AB6ECA95185A09AAE1EEE846B63138E844556CC49C3D7C3EE441B36356
7ABB28639CC152BE9E5FBEDAA38A765F785990CA3FD978103386CD45FED673EB0B
3B36167949BCD615EAC4C10FED0B8C4B9BBAB1C7C5F8D145F6946A91B8006497A9
6FFE6661862639E0F75D314B0893BBDDF822775EEADBE1C7F72626463FDFED8B46
C92BF4D7D24D917629BF76EF59B623766AF98F1291EF6DC42BF790E66E978EB09C
000001D4800000F4FFFFFF98E00000048FFFFFE6D7FFFFFD94000000AA000002EC
E50D4AD6F818BF36E6D4FEDFFA0D9BAB962059F3195956BEACDE6A74CA6644E978
36A6046CF6393A9FACA0A6747F301E87A037E9C82C71770CA153782373388568CF
FABF63C64A95CD9AF81F2861AA0AFDD6BB50A44ACC2E0BC8FDC4A36549A0A7D695
EFECD2B890A1216F61D12D2C3D363084BF8E012331824482DADD3E3390D23688FB
653F39C2B667B2D8028F7882B11F10D963E9DE4F42E102702B73E5DF09B91158E7
FFFFFEC7000000D94000006A000000305FFFFFFE47FFFFF58C000002C6000002E6
698F61F04972706AF1FE17B97BBC6C14FA088AB432802187EB372E1A32AE1511C1
52C181A7C9AC25EEF274A16EC123560DDAAFD58B825258D3BFFB8C16EE0CCEF235
61DE5A24CBED008995520BB8E5BDC690AE0194F5A7340E3FBFB938360C7A580D01
7194CFCBC53ED8395FC8744F37E332031E05B67954900999016B68997B598DEACF
E308C264B727868AC3BA6A7A624590B13594C1DA210191479CDB8B9E360B123CB3
B34EFF299CFF4693E205A198F6A602E2F0102CB84A5CB24D7C8505852D1816687F
E0BD28CBA544B9FBF0D1A3816649073763EFC8BB95D8946EE821FDA7C21D18BB06
F75E9DF4BB78C530007E162A3CD0E2EEA097306D247652006018DA9E53858C4AA8
8F4527412F6924113A917DEFD84239DBEBC411AD83EC01E5ECE8F4A9DB1366E962
11572B1E006D0BB69629C1366005427ECB97F32EA72EEBA384951F92D322EDDD84
678F7AB5751E0BE3AF526DB4D9B7E15AA1AB692CBF05785EB35A2F214E68E93D20
35D8B3C7298E4C82412C9DE9362228D6EF0485AED61A2BF21653C3673F439A31B3
90FF631DF366D33FA301162B038652A696D915CC9CE2479B08B09DCA3340B60934
CAFBD040C20906F89529E07846F5956DCF5D4E774EC43DDC5656CC55203AB84D7C
CA8B32470BE01FE7419A080B8317E13B97F0F7C581B57DE1BCA9BB807F6860A905
85DBDB81F07A86E93013D10834978D54175F26D52FAAF52DEA6FC0027637A989DE
D69D6774FA7A4C106CC66324E4D9A0852304BE8C2C30480E8E2AD0E678CE0C76F3
F657DDA9FBDBD3B07B49039AA0ABAC62967BC02A63E9D69BC2A36D78DE6CC48D03
77967A51304E30E7E128BA88C37FEF31BA94FCB640E93EAEFC6B12F4160A558869
26D40E0332D519E6B1F67158BB70FCB18A6958CA2F50A26D1EA8F1A4FB4BC64961
D8D1AD8400C7615057071238A7DDD04A72D39A043718EEA42E49FB992BB7ECEBDA
BC9979FF3E34BAA3AA67BC25DC5127A13F28A32B0E654E2935826258EBF9212D9C
C8858DF831B47F682BE4B7DCCD59D9891DC41F9BF214E40778477F048BE8F5C6F6
000000000000000000000000000000000000000000000000000000000000000000
9951FF9443C710F4A23DDFAE6B051A3B14E63DA9CDDD61329A9C07FA8613AD77EC
5FECD0830AA5AF71B45A374BA2F184E18FEB3238DB5C90D7695F11F027E3132096
0000009B8000004BBFFFFFA38000002D5FFFFFE8BFFFFFFCF800000755FFFFFC3F
253EDBAA4D1A7C609D5AB11EAB090FE0BF3E789E369188609076451160B0FAD962
000000000000000000000000000000000000000000000000000000000000000000
090847AA9C822D1925537FEE7E5AE1651ABA3B49FB80D749B372D9F34BC1100A88
5584F6B68EBCE5BB4B7C1A52D1E39B50C99380217EEC50B70D6873B2ACCDDCEB78
7FB1F1B0DBDB0EB2610EC10EA0BC3B14C86D10A2449FB388FFA04669E8879AF39B
0000009A800000F6BFFFFFFB80000036C000000260000007CFFFFFFFF9FFFFFC4B
000000077FFFFFE83FFFFF8C5FFFFFEA3000001C90000009D400000058000002E9
83CC52449F15680A0C2C212175390377EC36C04047435C6344EF2F9644E38E2978
0AC986E12AB8BCD5E1DDCDED52B188607A38DE4185C4C3DFF31204F6B2EDC4E03E
B29D626AB2F7A4592DB291D22AE4EB0C929FD10F1DD8C6E0D59CE09A14F4272B0A
000000000000000000000000000000000000000000000000000000000000000000
1D3BD3C877D9E096B32C9D4BE6425D1F5E2D37A5229F4B449A20148CC35E0A243D
E040B40ED8D3A9F0D20CB390DF75B47D687F7B8DC8629C6AF248234539C1A193A9
FFFFFEF77FFFFFE57FFFFFCD3FFFFFF99FFFFFE60FFFFFF2A0000004C3FFFFFFDC
E04CFBEB776243FEA03173BD07DF95EAD3D0230C3B12B54D858FF2FE5FED82516D
D626568978F143583259A460191701FC52EC331FAA01B25CCA637DC318CEFE9E08
000000000000000000000000000000000000000000000000000000000000000000
0D72A8F7375B7F7659222E641D3389E1E65E45B31698A1D2B158058BB9A563CA08
000000000000000000000000000000000000000000000000000000000000000000
A90B0F26E4C1AC44549877B07B9699A9E2A18BE8B5ECBA2BF34433E277E7926DF7
67D502DA984D4B28D4D8086C1A8AFFFE6D13847C918A51E35A56E3D7F98FAABB45
9215CC87489AF295161AEF197966ABB2B6C6FB290E3E12139B2DE48F7C5FF4CDBD
E794F85070D593A2DBC2D2A24186638845D972CF44D38CCAE12D0E3E0AAE7F2CF0
B19D8F6F3308D2A64C3A4E56791E91E294AEB2BB3AF0EB8667107D77E53374775D
7A07EF842B4F1D97C9094E0E38C6E6DA5D0963E5E50126065889BBDB77332D3F96
58201828A55727A5A59063F8BD0F40A07F328B4D3020C27186A51475C8C5DC0BC9
32E376E00FC38673B65FCB27A8B2C4DFFBC451150F38DD4C966747B94508A5921E
9EB5D282770A3E29E8D33A504DDB3FF7EAFCD2AE171AF6943E74F170C90BD29044
CA1B07FE495433210BC4402955EEA9F7C2C010C77ED72D25CAA4DB861A0CB97509
EDB8CBFDCF3EFAA46103DB7D3585C5EB61F463EB288E94D6D96875FEBA297B3446
000000000000000000000000000000000000000000000000000000000000000000
000000000000000000000000000000000000000000000000000000000000000000
8EB8DB95D8A586F233C3919E0514ADD50652FAD000796A5978D535147BA3CD2EAC
1BA6FF16062765C2A6B6275FB33D8DD3B137414E5EA2E9BDABFED7925B8E8156A7
000000000000000000000000000000000000000000000000000000000000000000
50719629092764903B7FB3A61105ABF38972593CC24FE410D0790159ECE4D2912C
813385DD7B83505F71EEAA67C6458C7F08A22F2A790B4E3E258612BC88F72B1C61
E3FE1D2158D3908FDEF41CA1958C80D6458592D0FA7FF84EB8758479069CAD906E
2B5A848CDC7769A34473792EAF7CD3343C936D0E101197205A5C586DC5D9262F1F
97FCFDD5C8A540B4A9ED9B62C28482EDF1DD455059989FDDCC0D3E9CD99CA12A71
602E97D840D3C60DFE9AC48C73DD9F8F0C1B6362DDF70492F1849075B4DCF6000C
B8D8410F22E7784CE9B8E41D4D9BBD9AF33C163F66C33D67163D2D26BA65B92F78
8BE2847A2F227BE5B658CC82301351A29B6642E189FE3963FBE4A7A4398014692B
861DA167B07D470CE59856CA0E8B51BA20D78798DE628F83A7FA403690C841C4B6
F150AAFBCC136F6E27C49197DC57634BD96D03D979A902881AB1BA877856A495E4
AEDEAF4C041FAC8129575DC7459F7E2CDEE077DF65E43F2E5B7277C12E50C880A8
2C6985981B7F892B9FE9DD3DD89A535A41925FDFDBE897BA31A2235DC405B55D1A
000000000000000000000000000000000000000000000000000000000000000000
723FF5410CF93E39255D12F655545E53626834AC812A005A8D59EA69019B6B1BCD
F8E5A4F7283FEFF5ABCE47021748EDE43F03DCC434C242711FE3AF8FAF9FCA9644
364E24EE14E0D9A074F7432C70C505A8E684A5E6F5E3ACF298FAE5C06911EAC88E
02E5AA6E8C6EB981D6D12664CBAB633323EDC1FA5FF5CB6586F02760351226F362
B4C84097FDABA3BFE6D3154BA2A4443D06DA0DD909B6E16ABD5A475110B8281EDD
000000000000000000000000000000000000000000000000000000000000000000
000001EB800000127FFFFFC79FFFFFF6BFFFFFEBB7FFFFF463FFFFFB0200000257
99478D8A0EC8A367AE3AD4507890ABF196F98159F6A599767F1E2BE08B0A7D2188
1735A22584101503B7C2D86D945A59F320562779D2B3F4484556BB03C5A0914186
89D552D66B6A3591F78FC6389C7AE5BB118105FD9D60683FB2D5470AF05A628BA2
77CBB47EDAEF3037395AEEDDBB14BD5D9976D59ABE7C69B38611A222CCD90E5088
FD706154A12D9C104DF54C26D5A34B32BD69E7FB2C6BF72B600D8F2B0032733AE1
6949DD10F083688A298C6F920B6D879878D04E1363105D4E4EB9348C5A96DD1C4B
39B1013F9FD1C9D624D2EA355371665A2E9704211E7E8DC35DD22F6D41A286447F
F9B3A2646590766C778851C4C58A1943F3D715B06E32E0A819D58443BC99A8E80D
89695556F25536D63B8F321568BD2875F6A8FF66CEDA53B4CB1D0DCD76F356305A
06A69B41CAF41CDA3625AC1C978BF79C989F1558707F4C10E1FE52DF6EAB5C1C59
3EF5749B5AC67DCAFC65F3519EFD7BB01A688BF9C28D7BAE316C2106A3E51CBB2B
509229C6E78973A639AAB4B26FFDEF7D4DE37D022C8329AF0387C121E883AB9C96
E962022ED6B6E89B0B8DD38F29F6202E952228B47D314FDD781A4B15A9803FC9E2
6B35D9613C784E1E97CECBE398236AF15E83EA9469E8589416B5079F8D96197B38
C4DED85080E5677A542447BF192A72FE59803EF2F5E0C72E849DB3C69B00CFD288
E8FCD00A9D78A779EA8128AB82A62346E8FE85B36B92952F303CCE52866E11529E
94A9AAED66AA658994520C546DA952CAA3AF406FB94C09DB9681D6B2D25DD4439B
CB1C67A34E0DAE0621AD4D9336849DC8428F4BEE9C759D33375B268F48803861B4
1198C56671B3B64BE6E5F0A29190F8FD6E966B0B0A85DA00721315D2B547C75832
2C05124A1A09FDC0F927590FE9BF0411E5FE63E4E0187BD946AB0C3E3C303B3468
000000000000000000000000000000000000000000000000000000000000000000
B16F60D45989EB38DBAACDA06E1BAA7AC2E1B9A3819721357CEC06425D8F9894B4
65FA6FD96F2EEF63DF608FE6D1CBFBBEB6E133F54EC4F4BDA214A320DE215503F9
D16408E49C31A5D3B0463AA70EDD82EDD725680173CDE22F454FEDA9C2BCFCAEDA
7CCC5361BD0B6E914CB27CA93E749FDF22676E64CCADEEDF63990C064B47FA471E
F05CDD1648E8AD60B0DEADB7E4FBA8A80CA88E374DE87807425620F161DA325EDE
C8F3FD8351A3ED2B7699A7C50EFDC76F75D164B98F1A8CABEE14856510525A075F
3A2477127C1FF0E5EDA9ABCDE3CAA7BD1E6E3D6FE30E8ABFB8C9AA5F4C18A6E1C1
676680C09917797C59A59589C69C7FA3DC656234565EAB49B112667E7183538A65
024A2FEA7E227923777ED52CC58D4E3B21196573B8CC9F1A2B580CACB44828570E
AC84424B82CA10AA24A4C549BE070ED36FF69852E5C9F0F8647DEA45AB490AD942
68592A28690AF6095CFC23601676F7E39500A1B30E02138025D201A77297CA5D09
C7A9770A17F2D65334A851C8F106404227612B90B6E6A7572B7CA9F72E2705C83D
8C8A0996720EA97D68157571ACFE4064A46B99C50A3CEACB9EE1157CB50963F395
69E59A91E34AB4D54AB950E96BF66F357B3BE100E06C88C2074F706C0F39068E93
000000000000000000000000000000000000000000000000000000000000000000
E021599195B1141CF2A5AE2333AA3AB347CB75088E35CD327BD556F4A0048BFCE8
95C82D395565650EFE397A16FD4D18556F91DAAE588F8CC1842189F2C569F19A21
7D73BFDB5D46C2352EAF5322ABCE201A1A9362DB1BC4744D1BD69BBC14BF8FA697
0406D4567881751786977FD4BB2E738789E3FD84716091AB4033038D0268B0AA8A
0000010C000000053FFFFF851FFFFFD9FFFFFFEE3000000C3BFFFFFB640000029A
1A91C14ABAF1E939C725C3D7177BF85C05458C70C8EEEF8D9A00573B2DFD3F0811
54BF925BF925690C31A06546C564701A9977848F2EAE8967100D4FDD60E25DA1DA
8D164D804C6A9BBC9A6F1B1DFBEFE25295CFD2C8CB1D3F07DCC383D20E33510459
5914166D82FA3917EB2626DDCC5E3D34D1EEDFEA7A9651468B06FD4241D9DA83F0
7AA93A649D2FDCF3C547E2A11A2EE5085419C7477DE78E178273D0354AAD8B2626
000000000000000000000000000000000000000000000000000000000000000000
CE63F79B05B9B1EB966FEDBCDD060E641ECE1D611E6CA07EE190AAA934940A94F0
000000000000000000000000000000000000000000000000000000000000000000
9C986F78A3FBDEB6F0CF7F5FC6D5548EA20CA58EC80C0D3C9BA18FFDFAE403B592
7F15A3B9AC82F528BFC3BF180CB5657E9B952E7CADC451755463CDDAF45CE0A224
86166152986468B32E968897429F212EBC5B3065EA2859ADCEEC8D853DAD7BE06E
58FE50CCEAE1DB1602D4D2C4D564C2FA2DFCD6BC636B71D07B6C8BD147C893F433
9376492A9E8FB72D3A27A07C65598FA7FDAF92BE514A8E11CDC663F1768BB2599F
000000000000000000000000000000000000000000000000000000000000000000
000000000000000000000000000000000000000000000000000000000000000000
000000000000000000000000000000000000000000000000000000000000000000
E2E3472848C8FDA72121F55898F0D679E7D11FA6CA0496150017095970C85ADFCE
395DC1FC38895E82DB7341DC8DE382C36428CF3059BCC42A0D2BF277357BFE39FD
2474880F27A863E2DBC9D6CBC033E9E937D103930E5A8D60624733AF1F6E6324D0
083F2CC10EE83D853AA5275ED57FC571B5FE6BD834E5AB5CB7BA5CCC0BEBBC8B35
0FB21AD1495B5EAAAA5CBD52CF265F0D18A4D492701565F30ACE3105D8591D713C
1F09A9CBF6753B7E7EFFB5F981572CD3AE7F02E86FDEC985BF2CFDCD39EDD65CCB
E06684A7ACFFC51659801B5580AC80CED873C283F968AC50EB5CDBF940F7CD9F4C
76C73BDC9A11974F0F7DD4414348D657AA6D124802472B0A9181C6E42089732A38
0BEFE564AB3E6FB118A737C0D785E701477B4930083CC5F81F4582E2E1D71FF3B6
D25400AEDABE3AF97AA1233B9306D9294E9422B3EF5C514907AF76703F4B566ADF
000000000000000000000000000000000000000000000000000000000000000000
000000000000000000000000000000000000000000000000000000000000000000
C8BB899CC13C1FDB0AE42CB9434A36E935A90D285B1E205E42903BE62A6558FCB2
B9307E0694107EFA1ACCCB9B730AD6FAFF9D55FFA409B20F3B9404BF8C2DDD8DBF
3362AE45E44EDE35D4ECD998D41775A9190758E558A694BC0E22004C31A7A3108D
C17FB36123D5A61535F585466B13A53039833B9724B0CE72D44C1052B98D17ABDA
3F271881ACE625C28273F854FC7D347A13A9222F3DB3BBD53A4D4738C7E3E4D4FB
000000000000000000000000000000000000000000000000000000000000000000
49D2E6EDCA89424A2E314C5D7AD6A428F5F33F2A8FAA058554301C364C1A76E0C5
D529BD943BBBBA7A6A9C0F706D684C1698366C5B123F703D5DB2D3C70171A4EC5E
96AA5BBEC4C77ED2DCE62D9EA7F0BD602C0836B588334D6798E756EBA43C731241
000000000000000000000000000000000000000000000000000000000000000000
1FBFEBAC290DEC169B0EF20EDA45390433605C5345F2BF9E806F0ED7154C112D1C
B082C866C8F85186827F81116080C4394A5FAE8B775E15C58767F1A38765FD3595
E8F9FFD674B86F1555C5D74ECF22EB5CC6B9948CC0A8B60DCBA75877B79D2AF7EE
37420F96361844E149D42856BCA63440EF9A3ECC085166027522AC8350B45FDF47
217109CD96CF786246C289E9202760232F765EADC8996658A6ED4898816938319D
8244D3977736E45B391ACB908DA58598D57EFF78340A76220F9B53536B187FCF77
ED28EFA8DC57BFABE9EF65841DF9CFE5DBC5FAE938E7DBF49862B29EC33255010B
14571EFA49DB283FD142C138E7C9E9E80655B119CA2EBE21ADABD9B7201CCB9375
503E370552E78C34E56FFCD85BC356C9443D88653533DF56498612B83D530390B6
4CED78FF03461360AC9214B653C447F9C7D69A1409073315965C286E52FEC91841
2DF362BC4918E7A0DF22D3F7FA391F4097135F7C2780DF22A9CD9948D0F02FE86B
F3E1B315FFE7E68FD503EDF0C98BF93833C904A92755A88A95C1362ADA87718F01
000000000000000000000000000000000000000000000000000000000000000000
FABC821EE4B57F04EB48C8EDDD45FDB006BF644AF2A26383A9D6296FEC909C9472
1288807D4F1942638658341DD0A292A3B2C9A8BA92BC20DDDADE79892EB8871E18
000000000000000000000000000000000000000000000000000000000000000000
9651FB416C0F14276B99E7AF8F01351DAFD972B55FAB02117F17E3F84EBCD39A09
4AD4242CF19075E968739883546D6E942698352306C3CD986F0C4CDB01592F8F0B
000000000000000000000000000000000000000000000000000000000000000000
49DE07C2A6FB1758F8585B0EC8CF91F90196F0293031F1B91C0D0887E52F61BFAE
AEC8F195F70F8204E71898FCF5D7C7997ACE9BF191BBB400A80A8DD3F38D1124F0
DBAD3CD8F8FAD61E53FF1362C0E24506816FA089ECED0400A12215F0CF3DAF495A
C8F4A2393F9A3048EB3E83DC772B4AD30746EEA3E8F708F55F7ADB101E5B1650F3
7B4982BF5BDC3D28AA7644916B93A436A0E32E4AD121CBF5EBAAC7310C325E804B
000000000000000000000000000000000000000000000000000000000000000000
153BCB7C9C1DADC8F68F07CB4AC87322F96F7B1CFB91DFBEE88887698172893C1E
86289687F396F4413A4DAEA6094211D0A0709973C7D1FB63CDF24ED57A508E90A8
0BB7B40F61B1E347124CFF6E80FAAEE38E4E592FF4783FD2E2556EAB6C0ACC1E10
58AA92798927E0C1EDB8D9995FE6EE81C3E9FDBC646BEDD4CB5336425DE2C0645F
579997323113841EF62BB5FF82007279DE20FB396A7DD2A37832601D4F958E5A71
91D87347D06049E92C1D20CEB976E4C7B316DB4C706CEB29EB39D91ABDCD58F574
3936F79E2CE1E84F69C6344962D4F25FD8793056443C5C19B3E99D8B99D83C88B7
F3F2B0A56DE1A41A77F89F664CB17F7258363955EF2CE479D998BA78F2CDAA9EE7
BB857E23B6F803F3ADF0584F0E8C7ABB095023A03135ABE14F92EFD408C40685AC
FFFFFE3C7FFFFF7FBFFFFFC77FFFFFC2EFFFFFEFE7FFFFFAEC00000561FFFFFEE0
000000000000000000000000000000000000000000000000000000000000000000
000000000000000000000000000000000000000000000000000000000000000000
3D89A7E999E08C3EA828CF0FF5B00640C256B78B092C630F1E69912A3427299659
50AE26BE4CDA3B29B6D8D5813D19A884220C7036A5EE122A46C7EB0CC6EF1EC53F
000000000000000000000000000000000000000000000000000000000000000000
FFFFFE79FFFFFF53C000000F1FFFFFE3A00000023000000147FFFFFBFE000000EA
31ACD8DDDA413DDA854F26F4323E75B9788B8859DB6708272DFE9E76B7C56D1F1A
E3C0696EABECA273ACE0F9FD31A85AA4CF2C63B40B9A348613E365180714B00F97
9DA0EA57CC28CC741042414E946FC3CDE6F3DD83218E0D2CDB94460CC6488A1FB3
79410E44F8AC8BA83CD994E642B2428BEBFACF1564991A0EF17F365FA039EBAA0E
000000000000000000000000000000000000000000000000000000000000000000
56A664D71AF0BB5384E3047C7BF4CEF082CC32A857E8B1349546B974E62A4B9CE8
0131C4CA1EB6A928323414C1E680402711AA38F148009D21AACCB7910421B6B804
1CAF388C3FFDBEA83F48657E08836CBFF26463D4F7B766B784E6D8C5176CB2E039
2FEB4C5B9C99680FF120ADE074FDEC54E9D4291F83FB6B37EAE5F492DF3481B1C2
046E10F2AFBE087813C47CEE26CCE7C07C0F635EF6EA713683A1D9F4DE7E9A2F3F
ED44AC1E2D724D5C02510EB9EF975EA4B49EFFC3DE51C04490BF5B360842EB0269
AA763BCAA74A4F8E2B5F7E86E66E7B0594A574915E6159BD57340DC42776B653BF
AE807CAED5C01034DCBB505089B9563E6ADAFFAF15074C9200CE7BCC8AEF7731B0
498B1BF04C66CE1594C05EE1241483693E95F637AC59E8D1F0E648334F2ED36ED1
C6E111C55E0F49961BA59B9FE9224E083D9238CDC580395B458783D980F19FFC0B
E1979922BE411E5E9F2D68EB96EEBB96BC50D3D5200A17DEB6DD00E52A04D2B85B
B2BF0073C1F2F56CBBF0B41D2F547B577B6EB41730939CD7DD86BB4F5532C66CAA
0000012D7FFFFF997FFFFFFBA000001A80000011FFFFFFFB9C0000053C00000134
6CE4682AC18B6EA4B05C5DD0EA2618E5C52E521F8C403D92BF44FBA0960E1057EB
66E3777F1B8D5F188CD43260789499CF0AB7BB5D25F797395B17FFA700D45E4FFF
D9325ACACFADEEAE8E93CBF12C29631CE753DB5325D0F5F0A74CE88A2ACA63981C
21DD0D038BC16CFBDEAC551A7430B274EB1CC92B96234901B2CFDD134BE9794A35
D98BBE056F501F5036783331192B803075375991D1BC09068C71E0395DD1E0C4D8
FBEF76943517E378284F8BF18FA16F88C28DCCF095E7E48CCE91EB7CF068746AA9
96AC85090A8B54A8417DF343A5A1C7DF4C75D28C9F91A4F47ABCB17E1E06F1EDF4
4022BE595FE448DDE9001EC44B7956D23A5F8F2B5C592F462F50DCA485332F5B31
B3C7B497456FBB1F2F4BB627D879E78461E52610DED1887C32D81AC66DF43D394E
62B66DB735A2DD515FF6DBEBB142381CBDFC85AD1922FD7BD0E29D5EA8CF150228
4B115A6E89A86EFEF815F0B69F76204A3A26543A1EFD2B6ACD1D86DE0B39CFD9F0
397703EFB6633C4961C9E2944EA933A0DF304037B6F5B6BA7CF960373A9B45B519
6E1BEFCA9BC6099A4B57C910C9DC6E3BB10A2DF27D71DA619DF1B19DF251319FF8
8490EF0E8647725E30DE4973D1A665A8006F20BC54B922CF8B30E104562DF9F26A
FFFFFE5F7FFFFF7EBFFFFFB9E00000286FFFFFEE40000000B3FFFFF884000000C5
1F3F4DD2F36DC97480CD97630B1A8545BB15D419B4B5CA2EA0789500E03397CA98
296355C86D19681F1F65D0839A963ED2E91BF34109A3EFE6C963FCC8D1EBEC8E6C
7191F85E9D3806EBA5D58D82AFAAC63EC93B755CC4270B98D5EE5821D96F155B26
9309601D91F8F19E7CB0E3FE0E83BE6187DB3E475DC60807FB18C8F02104903EF9
19E9F25F90243ACE155A8EDBF64CAB3B7B6E7089A97FC3E0C6073E1566030406A0
100D9321F2B08BDE298AE328A83FC6028EEBB05647CAC2F9983445E9BB4A72FFB1
91828414DE968C1A5F48D429493E4EF544BE2B5FB2157A99D0C3F668393993BB84
4BCC3D0A0C0A2E2D276BA6FA5C111F749EEDF0147CCA8AF1F4D2BC02A6F4B52553
A5C24E14AB213E3919E3468703A958D2335C471B6D3582D4B6035EB5C110656069
9FACCF948831CBF544616ADBD2710C0E702B6DB74CEFD0DE53826A32764AAA59FA
1B5E5F0ACB0C228801B28EE1CB287C114D7BE15F56588413AC0CC2EE2781B14722
3929980907416A996B74F4814CF88267E06ADB2EBB1A89BCF3139A6131A345D0E1
8FDE37C49D07D67BEDF1ED74762FC25129448110E5B31E567CFDAE38A84116C714
C8C6E84E11E7BBCF04B0C499D5C16C887A31335FBFD4D43D8270E6FA515DD479B0
CEE003FC489809668C358F11B6DF74BEC5483365A2F09DA115B562048FEF6F3437
1FEA0CEBC6C7122FABB54012804CA9E1952D8E5A540BFD8106C1F5133DC783BB76
3BD9581B535BB5F4B2880AFEC23F2BD559379FCB4D7CDD6A7F0CA0BF622E0FFF0F
A328CD6774F1BC217C49D9621171E54D9D6405F839F77412ADF30BC5645B335708
E4F59C0FA7F32611D3187C7B810095831DB99E1C1CECD37620509C6D31031D5832
4036DDB8EF0FA76C84308F4A10FCD555F159B44982A27B0FF02E5B34FE4449E479
42F5BBD448DF60159148375BFAA10EE142326330D260380C1E35B077FDB8E5E2A2
401BBD86DEDDA2D21DA99647869AA070C8B3811515E2A281A675B60BB4F62F960A
000000000000000000000000000000000000000000000000000000000000000000
D5C9B9D10A0729653323DB9556BEB889EA878D8BAC9B534FF930C5D636A4555548
000000000000000000000000000000000000000000000000000000000000000000
5365954A06B3AFE679BF5693BE0D8DFD6B6272FDCB16A31D54C87F81F9F6C3685A
7BC59236049C018A72798B1DA7B9BD66542E602B73FF0D215E53E11037794DA1CF
C195E7A6979210E47F21BC0EB037728A283517044FD9F80ECFE321AFBECC52AB01
000000000000000000000000000000000000000000000000000000000000000000
B5D22635CA982A87433F7432188951142E12D064B92714648B98A59F00D355BAB6
0000009D8000002FBFFFFFB6FFFFFFF7DFFFFFEB28000007DFFFFFFBD9FFFFFF2A
B6109536ADC771F893E6FF27A28858ACB451647E832A2119EE35BC121BE05BF0F5
000000000000000000000000000000000000000000000000000000000000000000
6BB915B982209E1C4C742E38D0842F0E7E62B3FACC9EBB31F132E831D740B246B1
A2A08F37CEA7B391EF9383CC28EC8708C1786777C6A1AE56CCFE35F0EC2D446711
5926D83E18A778AEFDD35E2634A74D8AF70D8B1E07368877E0F07140B709F1A8AE
656BA458C546A83494B988698700D3C015CE2CC4D9AE312CDFB335F9F519E74B2C
000000000000000000000000000000000000000000000000000000000000000000
EF8BCF2FF89A1C9EFE767F50FF6594C040CFF70F3629BAFF9BA4DA3EBFFB5B3801
9731B2B584826FC2374670148B3DDD83B198D6423410069FF80BBC1CB61EF44080
1D45DEBE4B200FCCCD29067E156F754BA8AABA02ECEACCD41BB60E2E8EABD392DC
BEDBD67FA1903A5AF3F5A71BFFA662F008A5F9897222C80C2B0CD7692E2E7A2D80
092AAB6FB2A1DA713008E35D2EEA3ED781570BBE79F311B840FA8FD1240EE2C3C6
7EE3C72CB60B1057CB8760457F9FCD33F3832E2BD8131B10E9575EF24B9673B314
2F062A8ECE7D98756BEEC64A9055215C194A7730E58317694DFD7D6CB068CF5CA7
FFFFFF3AFFFFFF6B800000668000001E6FFFFFFD5FFFFFF223FFFFFFFE000001BF
C958C39C486CD24AC02D3AC6992EFFB56A5BD5C8BECC63215FB2A6704846CF9EBA
38F553816EE4726F3FE2975BF8075AD27C9519B0A7E9ABE4EEF21B4D4F7DFEA3A3
6A2F1554CFEC9EC80AF83335E8414B284D98A6E146D732F745B98B1C98079DC269
09172A95692CBC694072E4958C7EAFD2439E03BF7E8CD01FFCDFCC0610E209BE6A
AD035C4B7D66A61D3024276DC39F2439BB2D0070A8B234DD72861C9824678FE36C
6A71709DB46E2C227919FFFD43ACDA3C9A583FC06A8EEE77F7103762CFFEA79267
76A6509018A12CF8E26455FED63CE7808D12D67D44B5DBD6387F8A5E9328B41309
F69A3DEBE79309E86414078C5F1B225E48935FF6460B168651812F06184610FB0A
6CD4B36DB90E8080FC40390FB1B9A6A85E73F4CE61742C18F0670BDF5EFCFD9A02
487B69C5293DB90F9C47A15D0EF7DD4DA8000815583999892B5DD4359CF7D476F1
EA54E140366916AD7453C3E4E32A3565CA433386B9CE28AD7B4DBFA711147A7586
28E37D0DEE1690DD45B552B1DD2ECA304711F3E550600A7E64D36A11CAF30862A6
55F27BDC98751143A65B2F6F63299A8C653C5E0A20D9D9A9669A10ED4FB2FED9AB
C96812700D9D742D80CFA443AC76F1614419D2A4448C66D8C16E5BB38716EC63B6
0000001E800000D2000000024000000C500000007000000B73FFFFF86E000000E2
000001827FFFFF644000001EFFFFFFD30FFFFFE1AFFFFFFF480000050DFFFFFCEF
E21A69361586CF446D5B96CA39F60C9AB45F01B4A285AFC4AEABCDEBCD950A738F
000000FFFFFFFF534000006F200000318FFFFFE6B7FFFFF970000000ADFFFFFEAF
B5ADBE846436FD2385673DCA37BB7BB3E3BAAD039EDC3F7AF08DB88FEF80BF7420
E2BA687E684A400E5709E5B88A63B20EC10731D4BF64AEFF1695699A81B92FCD4B
8D636D73694F00684D1A8D44554993E225BF3F23F72C440F60581BDF82679CC133
45E0CAA46C6F48DD2B481D61359D38590A397B8F11A3B4DA98EB28B03E8363DB78
59FD7469D505FD7E9D777E2BE38DC50E7A08E8A9BE1FEA02B47470D47A6AD2DF50
000000000000000000000000000000000000000000000000000000000000000000
13792CCAC185DC63CB966AFD94E303D193A226D21CCF6EF026FEBAF11E2443549C
E1B24FBBB4CFE31283DAF039A5C9A7303867FC9412A204D87F463F115430D6A69F
2BE9D9904B89228DCCCBECE385496C9D297395A4341873DBF10196B63DB1B664DA
C8C548D3DC500C47B6A7C89AAD522E8D1E29BF27F5CF49A57244EA67CFDA0C5318
81E7D2563B5DB532A7641060DEE2693978F7AE4538A532EB34312676F4B9DF3F2C
45136C4400FCACAAF4D4742E439D5C6ED3C28F290E1664363217642F89D243DCC8
5A7B1BF509ED1175D8BFF113FE146A52F28BAAE375AFBA919EB4B820F34601D461
FE2F6772F4F9A21BCCCB60537AFFC5EC50153260D1942901FC13B1DE20A5A8D2D3
FCD87F157DF5F0894C93ED9D97CAFC732182216B95C3561B13805ED3156D88BAA3
EB9C082E04552474674D2229E96E2E0E6CC158C7CAA1C96DE2EE2AF911852FE795
F2E83579544B2485BDA2A0EFE2FF8255C062A96246536047889212DD220C976F8E
26BDEAE6000632D716D22E96F0A62498802D336B76F90994AB7A98A77ECE9E451F
360ADD490F081A0F1B1C4A8D849425C2698B31FD5BFDA41B3ADC3AC1FD35FD1115
A475011BF770813A1DF9F4C33B7B9AB48048D9B0AD7B206284AF1C4C142EE738B5
5647C1203DD541F6A41B51F40969ED487FEAFC85947250E8C28BE5A5CE42F53D48
781FF2CBABF8E0D2D1B6DC41E0997AA444CA071565F71EFBEEB806A5CD16B08241
197E40B459B542879BA3B81CB25629ED4A6F7F4B7AE018BD866DC72EBCFA4A0FC0
96EB0B280724CD11A34AAA82F08325251CE2C00F869C2B8AE9C999E1EA020F133D
48D6A84B34212429DDEE8DA890030C5A470EC4E15457A7D0AF6708B69D8976EA9D
E111FC96137BF2ABB3B67ACDB283C9B9623AC071D681D9C832C4AA9CA2FFBC8AF8
029A5E812C73BF4B17903CFC3D7FE94C547E31D3E77C39EEBFF309B6D8CC04D0BE
1E3CB690602C29C755B00AF44DC402F486C9C01729765AA59160CDC99C03AC783A
9F179F454E3F65FB972D9AEDF7157B6C2295C09D04F015A493421345691AC0E934
000000000000000000000000000000000000000000000000000000000000000000
9AF6C0E33B1DF38B42A4DB1E3DBDF6567FEE7E4A08D71709D0BF2F6B202B9DED63
000000000000000000000000000000000000000000000000000000000000000000
000000000000000000000000000000000000000000000000000000000000000000
B9DC3398764591B2501664D3CEB1ADA627C067DE1C51D765DC6F2F86CF0157BD1B
747DBDCA5FC446D964B79F276D87410EEDB9AA7A1B73E707D89623DEC1CE823D10
00000141000000173FFFFFD88000002410000015F000000C53FFFFFA5FFFFFFF3A
C352D33F1CAA537698F2098A4A7D1F15418D2F67959F864FFCCC9D81A6845A3212
04A88F9FAA3E943E9C3C5228CE6D85DB08F1804C7666BBE1F4F0B90226517299B3
829A9FB0BF3F3D3CA62B09B83BFFE8BC4154583AF2D65BF2A5AB0F6C95DC8695D4
57E0E8681B9F18125A26101BE2DF74928786122C94B8C7F0A1D35CE7BBC4AF0CB7
000000000000000000000000000000000000000000000000000000000000000000
D14DDCC566A0BBC907265114B355203B8EC25BF4D49AD38CCC594AF195405EF0B9
000000000000000000000000000000000000000000000000000000000000000000
45DFF9B51201D460BFF5555644A8923AEE4576AB1D32D9F216130ABD136993DB94
722406C28D5377A7C77759E60C6C38A2145949F56B19A79F298DE3CCEBD0947D53
B4E6A4779C0DEA84FA58DCC514B3A803B5533C75B6F53D7F5901EEB4540E973FD0
00000112000000673FFFFFE82000000E0FFFFFF890000007A3FFFFFA6FFFFFFD90
6E3E6439C86A8974D9A54C27D6BE8FB3CC6D3F2931302518996E13E0C57C6C523A
A1A9C4A9F55AAAE2D6D3785300DC3FBC2E96E56567FF7DE130CF560054701E98BF
75FB7BAA963DEE36C986952BCED8E8C025CDCDAEE780E320CD51A11FF8F8CFE40A
000000000000000000000000000000000000000000000000000000000000000000
B8431DC326A6F79BAA3BB18EEDAC041FCDFAFD2E5242322432270C76ABF22613CA
D51027C733780F89C46590108EC054367F5B3A4CB39754F5CEB69CCEB3E3334A7C
000000000000000000000000000000000000000000000000000000000000000000
17DBE24AE2CD63A04AC042470D7E81446EB2E2825850E0AAC545A9F5CEECD920D7
80C9CA7CEC184FD77D35ED5626274183B0532AE2D43E09AE7FCEBDDB7125CCA232
000000000000000000000000000000000000000000000000000000000000000000
09181F690F33DCE99DC432215B8499F6B3960A20E2B03BC7305F6F5AA0461BB1E6
FFFFFE3900000062FFFFFFF71FFFFFDC5FFFFFEF67FFFFF8700000021BFFFFFCBC
8DCB24BB0F00C673B7176F3F9C21ADD99E77C59B2FC36F00D97E5D45B244304A8E
568789638E83362376AE3EC15F6122F64A2BC8CB98BC19F4BD94F5F5E77D16FE8B
9B18D5D1C4FD406D5F5C8AB89ED9E96E78A610C590F90AE284D98BF25031868E22
000000000000000000000000000000000000000000000000000000000000000000
3E83C8C6C8238F56218BC69A5AF5DB9FDA4DEA31A0C477CD3213D4AB5F4A0873C3
B4410D5D30AF8750496F32584F28E5B4CEB5B5D9D38DC9606D6431830C78E48C60
09D5362114F9280AD8AF5E362FFC6385489DFE581D9930BE164DF489928EB157E7
355CA14681764775A5C9ACAE540F6D37730480ECEF34618DB0E7DB57A707E533F7
0000016A0000005DC00000300000001A6FFFFFF50FFFFFF5C800000709FFFFFE40
B49623332990D85B4F2ED0077B0198F7A97280F7C2B06F2E1A401382C11584E418
8638A75A00B298A714F922BF0C6C127C2416C7B12710B0A862E050B2A6D33A823B
CC356A6E7E1B106E27925425295CD40547FBC89AFC2B2242D55EDF2651D26C1AA2
1DC0CE0848906A02DB17BD486B2E60D6361B7BE97C4CA854F350015D3C3F05A9FD
CEDE0F74A03281DEBE97686F8D075ED9114F466374CDF2A0C45FCC8E3E4A55F6BC
4223BB4CBAB4ADD3A6363D9EC3AA2DA5737C62889669C1BDBC808FFBED2760ABCD
D6641DF3320B1CD9B7F222C56013CCFA7ECEC97AF4A216C40F82E9F53A4B2B78A9
0036FAAAC92D5584F41796620DBD8F32C32DEFA0E656B52F3AE362D743363E4D03
D834AA8161087BDC9460E8D9DCC78EF76AD6B2E14709BA5ACFA0ECADA897A1F90E
29F6549A942CB57C1E334A04E4A2C692A08C28D430652E6E11FA87472BD3957E6C
245F343FDEFE7BA7B392225D9BA2C784D697442C733586C1886ADCA68AF019F06E
FFFFFF7B7FFFFFC93FFFFFBE3FFFFFE15FFFFFFDAFFFFFF55FFFFFFFADFFFFFEEF
1C2FA82BAA15B93F980E266155C5569EEB8B2AFCB294AE63B68F4896B10F1F93C4
DFD3C37160DC236F4258E83F178620C45AC56BDF77AD5952C0C65BD7B4DBA77FA3
D6B7FF012636C031B5AC2C5384DD36D9A51265B1020FEE906B6671B5FD9E144AEE
310E1B8A87073C91E6C16A34F83B5DF922D6D48C6CE8CE83BFBE0DB020C8D776AD
E889592A0E6A33CF3C59F7ABE24AFD25755FB2A9E16373133E889486B5E419466F
30E76FAD49F916EA4A07F217A285FEBD68F31DBB49AAD353D19B56CB1879E6EC6D
C75ED54684B9554C9C9F81E1531F47AC4481851321788949240C06B23D76FB632C
000000000000000000000000000000000000000000000000000000000000000000
5F253182A455899EBD18EDD03E588B938B2C5933BA7DDED41FE4874D142E56CA5A
C373C016E6032610AD194052E18E9ED7F1ED9F9A86F66CEAEDC0199000D68BCFA9
D8E8486536DE6F3077B97CD0612320E2C48800E60A74A0E723B0AFB7970DF8686D
29A36208D32EF9AE87A3EC52897E6EFA339B78618FDCBCC362F4DB6F04882751DE
F3B5380F4D7E1DDE1157E488B63425A98932C7C2AFAF1EEB2C8CAC1D129458A71E
216E01F24F9821A2516DA242B3FAB0C6A7EB0757C302B5BAAB1807D981BE8E9327
000000000000000000000000000000000000000000000000000000000000000000
C4CF5BE5C201E2FC4FF09F6F5C76A3982DDEE8764AE6B8837F009A6AB93D47E9F7
58F58B60D737F6BA9BD1CC6BCCA180CAC46CC229EC25D8609513CA4767F74532F6
769D3E85A8DF8E0ED08A6E2B06F043513F14E759C51B1313AF804F0C10FBAB60C6
14EAC0741F9A68A3396C0F239FE473E05DB4B5657D364793EEA7996FF46A16AD2D
1983EC21C1952F54F68821184F585360F4D292178BDC436196182F60BD554F2FB7
0FDEBC3148871B121C2CCE82E5FE774A5A44B07ED984B7A78FDA0E0156FED421F7
135500AD5797958444122C7B83556B1B51F5F32B91B179EAF36CA2B74A0FC5FBAC
C7F6F66900871351AE5E66FF284B0D019BEA049C1C270B203F91DD01F55F586EA2
4CF2359109EFC4055192E12F1249291857CF282CF8D6E34674B856307D225CC94F
000000000000000000000000000000000000000000000000000000000000000000
C05A4E758F3DBB9C44A69F8DE3665FB188ABD4FE7C6C39571EE78ADBA99B76082B
C62F52EB44CD229620E5B452D8416D603D0BA4F8332415A61612D2DD2408A3AF7F
E8C4818255A26596CCD544B4EF7D6B49766BCFE5FB9C6D0BB8AE9D9B458A6B4E91
000000000000000000000000000000000000000000000000000000000000000000
A749277EE5AD814D25B6CEBAB454DE0460DE41D0C8DFC82CB4B9E2A3EAE01CA454
71E1C43C5FE6510E756E73C66E927A305FCF56C65F220B51993483CFF75571AD80
000000000000000000000000000000000000000000000000000000000000000000
F81315DC8E38D2D4D9929756D85AF495A371563FA9079393F4F7D28222B02EB56E
53B12B8CB5A1474959C47B86BA0FE6C224A3487913CF952F883F2F8D529B3884A3
46543DC703C39A5679C7E9B66044ABA2A4434FF2DF1F143355C93F91A817BB72EF
510ECA293044EBFDC58E1751045258AA8872A1BB00A8006138B344BC36E4BA4790
221A4DF16FEF1ACEC125F0C2D52DABF7E4E17464837E536C0B8C26680C2309555B
5E85113A166C7273B9E714B8FCECAF5B479F4FA1804A754E9A59ECA999ABE125AA
000000000000000000000000000000000000000000000000000000000000000000
455B349C52B1620EB849387F0D34D35DD1F1EBB3B5C4531338FE9925710E3A4BFF
000000000000000000000000000000000000000000000000000000000000000000
000000000000000000000000000000000000000000000000000000000000000000
58E44878E78952BBA1443B97D188EA38BE7A207F3BF20583F9B3E3B2DD6820FE9C
8063F547FB663580DC12CCB5DBAC1AE8848D7617044A8A71233D9852777124A551
000001B3FFFFFFCF7FFFFFAA40000001C000001A2FFFFFF6DC000005FC00000134
050A9A5E43D55FE1AE6E84599569E769720050E14FFA44695C8E5338A4CA3CD7D8
3570703EC77B3F3DEEBB54DD6976CA9D4C6877C8456327216D02312682D62FDF55
A12E8E66BEF1154462FF8A9A566FFB5CD11A880F6A839E903694A4002CFF6C7590
008D9618F6F0AFFF512D27ACB653276E1F0DA6DBB753AF28D7568D71CBAC6DF0BA
625B4C455A71C5756F3E7B671F1965C012C3A833B912E9564B94550724854360E8
CB0CDAF6F9B72590F623A1BEB6AAED26D1D14409E793D14C35A40F312302980DED
B971D38FEB484842F0907AC46ADCE584BA3597C7A75C3F0B82E34A134FE0000E00
000001EEFFFFFFDE00000073A0000013C000000A27FFFFF3D00000057200000073
B2C84C4A15877C2C67BE6F590D5BDD669CE188093962726CF7D9898281FCDE6DE5
4959BC59B23AD3E07FFC81DFEECE9B56282B3E56C53C232790616397E42BEBFAC4
C14287E2AB5F556188C1D4F77A334EBE7664E7E6B681AA0A642373635AEA9FB273
FFFFFFF80000007A7FFFFFC7C000002E8FFFFFE0D7FFFFF41C000001F5FFFFFFAE
20C4F3E054A06A43E726CA2FF6B5B2FC1DE565D6B6654BCD1AC3397E997EEA2101
941EA7A6AE2797B7BC0E2F4BBAA6124FEAB70083AA1E9B00A6213417F593EC286C
000000000000000000000000000000000000000000000000000000000000000000
000000000000000000000000000000000000000000000000000000000000000000
FBBCFB6059C00866B591E7A4731BB78D40A9FA7F0C839AA4FB96FAE10CA27DB72A
52A38C704BEFC8A143AE9722BFFFE088224594D6852BB71FB79D6C4A1E3547781F
2CD526E500354D0F5608C3874784754BE58E322F9E5BDA97D03B711878F9C81973
54B262DDC8E58143E77DA722EC45E92CB569E97FADEC69A1D380E94860316E1627
61A8B233621DD5EC99C2BDC54AE1A2728D5999714AAA12149A2335EED4753BAA10
68DF99035D926D27D2C3B9D2AA62B788AD5B8B6BF0BA72A80D81B3FE3815B817A9
DC9ECAC15E6C6AD52241BF36A6FED06D5500D8B107CD150A4770165BD3F810FFD9
16FCBD13E75F3249B084C08B2AFFD5FF07A6D3F05720D5A3EC4C62D962169C151B
AB29196FA0092D876FDAAE91F1A6C006F6FFD4379BB4F09917CB134D273FE9BD4F
91522723315DF139D7DEC083FE9A1EB11B068ED1BB2A5D99D5D9E341A42D303777
28106DA8F38C1F5E5C9A2CF49649BAD6D80F611AC409DE612F4618DF67A1B0C6DB
BF9A5B4292CA315798713BD1859D1DB14730936D62F4797965E5F976670199A5BD
ED66162605B31481E3A9BC2B4E38DFFDA1204FB5F8AD2DD26EBCE0F1E6D505FF04
3ABC7B6D843B2F506C851A0CFCD702967BEA831065D5F123204F6EA553CCCACB9D
15662F9CFDE7792D9A8D6055AFA8ECD8A18E951538F09722B63E6D84D3AE577E22
19501B749851BD9D883F5E5B6CDB149CEEC1696CBF71A53CC3111F11FBA6AB5A07
4DDB8BF16C0434EBEFE43B80560F89F3276549FC7FB114A01B7A2D9FEBE4E757B2
000000000000000000000000000000000000000000000000000000000000000000
70650D9A8FEFE015A7980CDE2BC1BF07C3AAA39797E8DAEFD9568391D22D8BD7F7
3DD36EED780E3EB1ADFCDD7575185177BC1C28272B56A3715606737FF5757D8723
D14A9BA25859C540FE43F11676EE04BD26FCC93FA080C32CA4025C0580950B50EB
AE1B9FD1D8572F5ACF028C64FECFC3585944081B3055805FC3AFA8872A8F9A5224
F6AB3B6606E029A3937ED355AB49BC495B835CC789F7C0751D35D62ADC403AD1DD
E3E4FE5B91D9C4D91F7A9F0F42F8499D5AA08475F92712700E2C34CB01B639C30D
0B7BF33B1D6433DFC5A9185A3BD6EE37E7FB93089EA2DF1A13C149AB42DFB98D28
A6BB0B16FC887D2A29AFF9F1C04B3F8F2B2EB656D526E351F19E26750D52076950
56514878EF584B5EEF58A1D3952AADA7934B0F519316FFE2207A785071EFA7F5C9
CA79EC9362AD6786B87FB3121A31CF2CD8337E7CA07A47F7C5A4442EA41565C42B
2034E93B30923283A735F3FE0F9CCBD1FA2D56AED01F0DCADF694D9E597F21ECFE
995677AD2EF563589E71B9F455FB577C21EBE4A11207CB4008A93CEC305B6F1E8E
461A285D4576887E37F5A8AA16700A3E5528BA208157058614514E4F12CF39D9B5
16D6C86A6A1E350AEA6782C025FAB416E16435AB69A728DE7DBF4C1A7DAEF19B7A
A3D2AD186B5124FDEF0BE4DBD34A6771F09ED780BF12841523CA8B0D3685D4A0FE
A46EFD04544A5E1E8A0AD410BD6781C5316439980F4303514E2612649F58925BB7
13716CDF8108037A40E54D783F9794B21B0E1233520362F35FCBD688469553967A
00C15081DCA68A3AABAA5B5FD5D68E875001237CD116ED2239A3475865D6A3131A
AEED5FF3422A3ED0624EC5653D7149305F346F7B5603D60EC2AB7ACB8588051D27
2AA264B0BB075B265360593DC09CA64085E0F2E5F206011CC8208583B4EEC85DF2
10CC0C17239478438D6F15326826BE3E225CBFDC396C4D3DE1CEFD07B8DFD883D1
E9730B4CA7717469968089B06337EC1E1A2B3E37DCB5425374CC2906D31AEDA26F
FFFFFF157FFFFFF640000056FFFFFFF14000000EDFFFFFF5F00000022A000002EB
B2426F8B958ADE9250FE96A356C9254564288A73567BCB1D384165891056FDE05F
9B8F42A5F65CCF0C2188F8EF8FE3F9CDE9B8ABB2D6293DCB14EA7F0B1C41E2E4C2
000000000000000000000000000000000000000000000000000000000000000000
000000000000000000000000000000000000000000000000000000000000000000
8704FAA558F52F99D334B6FAD258BAC0BBDAD82804C0D35C5B6550633DBA42A207
DA0B96FCA03163BE5D005A7F9F083ACFC3CA98B910DE6C9A9F3434F7DECA185373
78A90704903831EFB686F1E8862FBFE85E8A15B42C763F40524056703232AFBF46
517A3892B026BCACD38768E2CDA22ABA1952BCBE2C6E815B45C4428CF1D4D1B95F
83EF09A6C9A5D881D70FE6957D24DC0D068A938A3E98D28FF9D043B934414ED9A3
57EC345CCCA41D27C0C3EDFCC36044C2DA1C64161E4B92E496583C4FA00D2846DC
EB4C49099D288E9D4B3E2ACEF2199579A5D8A42E3C856EDEEB67E2B96E68585DC3
2CA2E29B565448B19DB1BCB920A3ABD37A55C35615BB3C0527D2B1B8EE5B7DA307
A584DFE471923EFA0B5DB28F7BD6B84314FA429FECBD2B9C950749AE2E5D399D4E
07BD9CD05EDDE1393A5D44A110A5A76B6196074C2893FD19F6750340699ED1D82A
7487FD235882451D3EB8C2A2F54080065A90D45EA8F3138B9BEDEDC8F500EB0565
82E50085457EC555E8364B05724B53CE68BB571B15F7C306A6545D5A6261A7E771
53448FDC36B88F7C64C57A9C9A27BD347EF88DE660FFFD7E8E520F13C84C857429
104828728391D33A0B0C7640FFE3812AF1239AD2FBDA8B366D5EC3C54824746D58
671BD47E1429F2DF6A770CAF677B727E9468F7FFF0D6908AD37537D93C8BEA4CAB
B3EC1C62FC5610B00514892A43A38145E2EAED76FE2FC774EF0C622EA9404C5C27
8BE3D5A9A9A40FDD9C6352B7C579E4754AC5B5160B9A5138B01C99AB7F728C72CD
A9596EA540283D194CC2ABA636CA181C4FE881434ED6ECEA1377F0917273D2A3F1
E8B7BDB6BF53D24E17112525A5048740BF52C24A7B46BA228AC2EF5B11EB36A7A0
FFFFFFEE7FFFFFE98000006B4000002DE000000BBFFFFFF57FFFFFFAFBFFFFFCC4
1D9FB0E7CA98453AEA6A6A5E5BC764ED743E9B29AF4380A707079B9D1CA0CE86D6
B2FFE18EFB5A404CF203ADAEF65DE8AF3948C0E3F98BF2524546108E8D7316E6EE
7D7C4A7F05E6EA6CCD559ABBFA5C2619EEE8AF3D96B469C78F03D2ED6B21C36EBD
F33828CF63F4A164FE727A0BB5D449966CF1691A54898066B427EAF5058D080728
000000000000000000000000000000000000000000000000000000000000000000
76AAA185A71D70E373F550C97D4A6C47612969DDCFAB5692B24DED234BA1F7BE8F
3BBD024CE14EF771218EAED1090853DF8979643869BFAD08D8D78711A1BB248D17
2E904DD884A1E452FE9BD79813D98541F7D9CB506FBB6C2F8AAED3E62EEA2DE28A
17D32BD07E5600EB6C4CED5676EB2F962B95EEEF6C433F175E53A88D6DFBADBF98
B698D716C6A6EC4A9FC143401E484CB0EFBFEBE8F8064F44393278F103CA2F6AAE
DC4AF418ECC005FD07D3CAC9C490EF531AF51DA5377ACE1476E110603C1EE585B1
2A960EF46B7402B5DAC36D21B2FAB53DBD8414673A7D6A5FB4EA78DF1BDD0DDA0F
5A11BD3E3ECD332D4B24A9F1137A2D2473B1A201A5945AECDED60ADF60C1F66010
030B66238D6CCC36D7CC9FE334D0EC6883B4B98BFC65EC33D5CE9F7FC1C6A93B01
36AFD0503EC11DA373AB554FDEDD18C7B48A2DE04971AB878F09C3B99284FBBD4D
5FDF33F0CA3315D0F4EAB64C052368A4029CAEE3A27900EB0534539D17CF30B7D8
3ADC70577DE305C46E0693EAE9D1F23CF30083AF1FB9F88958FDF38AF8BCEC6282
CFDC68E0A57B226972B4FFEEB2E8C5C9A576EC52617C3BC38BD0EC3E8221237D29
D6699C816D089A7019F06874FA755C671BB91770CE2D73DC592E304E9E77D4C518
000000000000000000000000000000000000000000000000000000000000000000
000000000000000000000000000000000000000000000000000000000000000000
3A48397A1DAC879AE87D90F02C7B8762C288AE033A3DBD466AB8516D473C5420E7
8C60C59ED0B7F3F1499D68804B9789B791B40F47C8252C8496190E07573C16EBE4
D0A1F8DCC042E1A82F41D21CDAF948A51E07E1E55F562405E54976A97C4B2CC59D
5C77921D8AD59077831BC0493CBBAC140EB9A9D4D84FB7566FF9FA8CAD310DEF65
ED4400524D9AF2F93CCC30BF6DD5E4B26A3FADE48171956AF0C614996406EA1749
000001AA000000B70000001C0000001CF000000DA800000803FFFFFFBE0000006C
ECCF2AE4D102A66DE6B277C930D5D2A1284A1EF7F64754AD1E985295F63B553F40
8C30EE3C266B1D074CF26667F495CF3A5807BE01CE49AC0C9F4EFB346403FFCC01
3B95F8ECA338877FF13D8D9AF62942A4191A2CB9716A5C0B59B5BDC14FED6442D5
5E646BB1148A241CCBD179C23DBA6F0BE0F03F95E241CD80EEDA536DAAFB92AAA3
AB687A64D626B44F3F02B7ED0580753CFB0FB714B31299306EE40669955FD28D84
000000000000000000000000000000000000000000000000000000000000000000
000000000000000000000000000000000000000000000000000000000000000000
2F4628673F84FD92193535CD71FF121EA4CDE96003F23C78B6935D539E231DC51F
134AF8FC8702CF2828479982B032BB738DF2E48C2DCD8765E63BC57FB391176AE6
1C172EE51A6A3997CC0DC0EA4A9BB983D43680079714821689069A82376D9C6B63
7AE0F586B68F52471EAC9D797DAE0AF31119FB73B77E2F39555F85E50629B74988
706FB8C5119A3588F53AF94D4C6F3725F490B949CE2CB90E7C27E8208EB6E3A4FF
C942095CCC80FAECB83CC364393BA549B311F31917657E9C8FB57DDAD16846E4FB
B3422DAB92DFD3644A266F1B2DDB1A5EC5EB1C14F3E6502F0BD1FBCA66CAA492BF
94D482F4BB1E8741E01B4C9A9DED1991FBC4DAAB3539F20E81E6A714156BBCA3A6
AAB4555E8960192B34C582082FA33E8D82A4591F8B5B3C88CA3D19A7032198B527
4CD4CCA5A9081CBD24DED2F8C50A138C573683CF958971024178D6779D5B61B754
E6EED13AC453048FCC2372144765099034BBE4735C76F222008C91A50846D57911
000000000000000000000000000000000000000000000000000000000000000000
957F66FC85B7D7D02B571F53EA1F510CECAF9802299A459E92902DE11687170683
000678026FE22C5554E12F186507960271FE566C4B58AFE12FE043BBE33CD39315
000000000000000000000000000000000000000000000000000000000000000000
9A092AFE9687561A2A392717371E2B326317D5F7892AE397C8A629B0C309522D35
9B5D875F5B58C55983A7A5207D83EB88F38877BFCDC96E1C6EB5B7EF8DCD2EC7C4
E839C766E4838A08314C11F6B226491C3A46A682F2E489A812581726643EA6ACE5
BD927CEB9A1331AE31526132481041090FBD0AE5B5901A578F90C2EE34D695862F
80610CE496C469833E37575548EF941B53C362A62C56D3DDE59A4F18D41ABA3FC4
000000000000000000000000000000000000000000000000000000000000000000
FF677F62CF54AD133334A46EB8EF43CE1769F94643489E52FBC5FB99EFA4544164
C1BD88E619156BA73DCAE79A52B36320D2EBAB4C201751A7926DD089E59C1E76F9
E01E878964ED968D19A1ADEBB6C4465EC3C418A845427F20A42726ABF61AEA10BF
23443CF70B815FAD45E10C3B34F82D192C2782C959FEECA52B684DEBB946688A3C
5B7736802E0CF145391F8A4351597832C202586C129D002C8DE2938A7366E95639
99F4D4E8F3CAD2E6E6FA5013CADBECA858974C09B2C7CF8783703EA8685399A89B
000000000000000000000000000000000000000000000000000000000000000000
A396AAAFA7FCCC915B6763BEC73FF454170CA64C7347F0994DEA8435DFDD399311
2DAA2CCFF3A3258A89DD8517DEFB2ECD2CA0A1C7074C5A007218F1A7D4F8AE62FF
15FFCDE4E357218906482E5AC6EDE86BEB53A16A282BA5D62958A4E52BD2730FEB
000000000000000000000000000000000000000000000000000000000000000000
EE0ED5C3A47FB03287A8F0908913A383816E97F6EECA9AB2B8B6E294AB96A332F6
003DE278C4E8171EEC227B7BD29A54B68EA6001BE4CA1D90744A0D21DC664F4917
62B1E2A9B8DCBA388EE9982779371AD6E44CDB945373440C1A82AA83F50A8CE21B
D882AD815DA0076A660B9B29B2E87CDF4970D77DF61F3FCFB5AA587F08BA4097BF
000001738000003E4000000ABFFFFFE35FFFFFEF70000003000000037A00000074
D862CC2DA3C3564A065ECA8442E9EC0D56A8BEF0B15B30E976FFB79FEC7D3CFF99
0628D7ABA428655418CB7AF0FAD51A57BBE66518CDC3017B766C98403DFEB9CD00
EE68CB9E3FE7D9F15D97D58F77F4A12A2F21D57A54B92B2E7F64AEF0833C36B56C
D3A5E53DBC7302CD0FF3068DECAA288C0FB6810398C1BEA2D0A94CE3CC63421748
2E0FC6F2BD5E2F1AEA9E9D826D6AECADDAC43AFFFB5096866B30FDABA477DD91C8
4EEC2A5E6F63B0D69878A39B5FCF9C2B4167CC860A18BE51AB9B239304457E4F38
A53087286FC8C1E1EE0B3E6B59F899D604FA255748277C54FA1A7D21E7CD33B932
7F59618E276E047F3E622653823AF4A0DCA17401D56E7C75BC898CD1EF77ACF471
936A502CDD2215CBFE8459FD221BEB03E9F12F98A83E56627CEEAF2AFD394B797C
88BB2E4C45A08DFFD0A96F6448D64D30889061D574215A2C40F5051ADF1ED6E3DD
6A60969EFC6B5422523327ACDB574D6A2C8A74E33A2D83E608F05C250394538F41
53D2AC8B0C652975108FECEB3AA7690D74F5488D26981F1D5C09A7C05E9758D15D
74B061AD223B30C85A98DB7B64AFE50CAC5ABB81BFE1BDEC24E35EB7EFC9CB1F24
93C708D5FB42193027559B48A3F76087B319730069F5655A85CA835C5B62E0F4AF
FD020816EF6BC173FCA71659E8FDE261D414655A08EC811FCD63BEA2D7204D56EE
FFFFFEDDFFFFFFEF00000062C000002430000001400000060FFFFFFABA00000314
F54C0ECF8E607EA5078E4070A43259FBCB57326C8399099A5AB7BA4DACA78E676A
3385FB67611AD98493284ABB0FC9C715CA12F26FFC336ADDFA72A3171372551657
1FFBE6D9E1456FF62D74393D25953FE1E002E42A364AE4E0D4FF6187964C2F7EE7
204010E162C7F77CF44B4E87DDA2B6A37F3D9675CA53DACD99D06E07BCE8F7BCF4
F9FA9440FAE0B8BC9306D7A5477E92B8710DC4F2C3862201C816CECC0522245AEF
1D4EA953A72A9318099AFBF3777C55D94B0711FB24C9C20A69C506C697AACBC9C0
000000000000000000000000000000000000000000000000000000000000000000
1C21D759BCE155757075696C8F81C99D6F88FBF3D57E188B2B9384ADAE7236E60C
C5E0ABC56A96FEB72A9C0BD7BC2F7A816C557C5FD44903BFFFD3106FBEBB33CA42
CA6B059E712EACDC30868F4B608A6852BD024177BEFD9FB9763624C9872E195CB4
D83ED07812F0CD0291233E5EA8DFF56F98DC66C74520E9A9D2A76F00975272D6D5
D04D7F063FA1C0DDB96D70E1DDB34D09BF57AB9C97A2CC90B37C5019FB8F5F5ACE
000000000000000000000000000000000000000000000000000000000000000000
F30BE311993206215B1EDFC7F113802C252D1B3878F0C8FD89680D03F2397554A7
6CD3E745AB5D083141F08B65A1EB820CFD67F25FB10A8618A52D20B1FADCF2D718
000000000000000000000000000000000000000000000000000000000000000000
C6D3339232F747491B617D678EEAA50A5F9677D5FE741D55941B3CA857FE7A78F0
7B51E888C3D5C354F01064F8843CCA1014A4EB7C0CB8C33EA909BE057AF2907ACC
3CDB1FF7FD679E739823F6A8C3651107D9CF5C5035BCD6A21B7C183D8CB47B0F94
A144326ACB73072F40E492B64A9305957D345AA00800B283131F544649E0539011
EE960D604E5BB2CE7039D8BB7A41485C850B8603691A58142D863E8BC0A6A83364
FF98BC900C89C34B7A5ADDA11881417CBA1FF646CAD3B3DEC88D14EDA96913D42F
501433834B92FB8A2F6307CF4BD763210218ABA603A26C51CFF13F6299E8F9CFED
C95CC63627C6AF00B88B31004937643804FAC6330D4A9B15EA922FF9255B066834
FE1CFBD41C62CDB7B68FA87E09733C41F2BBBAD05D294DCF3629F51FF3563D6F49
19EA5EDCB3B66302D25432A895D7025713ABDE60605A7C2FEDF25D0CA67285AFF4
D5E34BCE2304FED38237CD92F2EA964A2E6B1BE3ECD3ACB37F2063F9FF084138E8
D952B5861067F5655AFA2CDDDDF0CE105175405985A9ACC407A95E538F751CFCEB
A2F514491568F4931FDB96764A5DC5BBDFBC618AA1C2182AC2D8B7A7AAD1AAF39C
000000000000000000000000000000000000000000000000000000000000000000
DF8ABDFB52210A44283E794F6B1DF84E0FEAB4A12C87378ED4EF35DBF5D317EDE1
5896F71177E1B94E6BF1260D70ADA8D13A4153461ECA86C9DBB8D48C863946AB82
DD7FD81CFD908B924573D26DA80DC68A543E0D400E90D65314E12127E8756378C8
FFFFFE307FFFFF7E8000006D400000149FFFFFFC9000000F48000004F200000195
000000000000000000000000000000000000000000000000000000000000000000
28E3BC403453AA210C74545586B1BCEE3D56A91C923F383E0A36569328952797B2
BF5395648E506DD84E431486088C45B775AAB71FD9593B7D0A0B80F81399B793C3
088409D4F8A4FACEEEDC26E7590797C88352B0A82D6565E711757024999522E07E
D8C7F5A8404F0903D9237AA2DEF04BD8CF793C0320D7BAD46C7165FE3AC474CBF8
B0EF29D72A34B081C559DC54E2637EFED7C70AE41491DB7A9B8ED25CED84A10DC1
782C871D72D24B9903BAF9F041A2C84746E9F95D4B1333BB05C825E23D9BFE084B
E9AC89C3CE22F77E5DCDE6692A8B0B64E1E8973B5EC645B10B1BD24E0221250283
358437E0A13AB01F279B92D11A64E1BE341E405F7AC1827DE9BA874C9B96760532
1A6F66414585BDB63D20EBCE61407CB12CAA6F74F0922ABBD128EFBC39DA56B0B4
DDE5A1D9EEB56C267C0B53C48AAA69900B3CDCFAAC1C0D89767612EDAFE3BC704E
B9898DFCE7BD463BC1F4F9F6282519AD1262CE6D1E4B1E87D522C3BDEBC5F5B3C7
855EAB19B40151BEE4D4A0F4783FF30B3A7F2054D73575F951D1789B84B5CE7954
A1AB965FC6C279F5973F3E04BE7E0978869127D1F0CFE253D732F2034D7B68062A
C836D070D1B1B249C1A5FBC61B899D21BF33A5368D2E45A75E7C38DD38FEB730D0
434D90D779936EF2E085B9F052B45511C9A5FA33AF71C21640BFFC17D865D5A465
000000000000000000000000000000000000000000000000000000000000000000
DC9DFE147CE1C282AA406FB63079CA06A80EC6A90AD35BE7270C522D40328F7F65
853492A895BB0CAC18EADCFA46D3842FD0288E91DD38963B50857DF1FE36CC9443
C03B8C5712C4AC72AF46DA6C0A577332A812C022CAC12CBCF0E3C4C38725F32168
48739D23F824D4D49E5B930DDCDF4FC8B4576DCEFD059EB3195577E8972700708D
06B999779CF9E1FD4A1AD5CDA089E9AD28663C98ACD173711BC4E713B0EAF1BFC2
2C83DD5F9790AC4EC2323D1FF1CA4C0DF643D91D4FDF3E5B62562402259879B0F5
750417FC1043DC35E68D1B9D0A536D3B5BB190173991768C64AD2D0595E43FEA9E
4E54491A9B0A42DA23CAC76F8DE3AAC2F98EDEC68F2EE78960E62A7EE6BB583B66
DD8966508928960ED33538E6772E30F66308B13CACEF2E4A7EB5C54A84CB8E75A8
C0B753930ACF41335D601BCEBDDD422EDD34E75CFD79AAB2CA4740ECD9C3570242
6B6EC7C1D521872D3FA454B8AD9D0C550AC066E5B3D8842A8BD5B60ADD2C7A1A32
1DE998159DED818B4A9CF42A3F723B47114F5372A8CA8664E40B38D47F046C98E4
250B88C7E591CBD0010F782806F5A9F3D82198F49B153411D1177D8C84F987F4DC
CD1BA8CC2234583EA2C056BE71ADED89F21B8601D447C73A0F08556A31FC5F6769
D30E04AD7CAF8F8699378857ACD99A4FE6B97ACC7472FF844FB5130A69A91DEEEB
D61108916F3EAC43F08082EDE1DD0FB1065B01464BB67877D99786EC71F7F25E0A
FFFFFF7C7FFFFF3C7FFFFFA7E000003E1FFFFFFB9800000277FFFFFE080000018A
0FC12E9BD2E6C01AB111774A5C6D844B88B3E16090A13E1098A1D288790C4B9C4B
0563D58BB67498FCB307E834D3C69937600624B33FEDD89EAE6D20A28C4C31E00E
2A6F602528F4C84F2052F90732634DEBFC3FD7F48675C992C41D43E3838313DCD2
2002377126D482A3A9D482E6C6855E7E6FBA2D5A5CE61989B60F51392F106CC575
934ACF7BD7682F05EB69669AA1616553F2E2BB9D9162F9DB1BEC8E4D6584D18236
94F251612B3D8A504CB0ACE48429915C3EFB10DD3499A7498C82731EBFEAAB2208
000000000000000000000000000000000000000000000000000000000000000000
0E5ECA2A7B8273EE65019069492E9C2012E660CADF417A2EC761396E8DA8E120B9
A3AF49FDB2D6CF898A0AF8A06A0F09CFD4BDBD3B4D6C8ED97F7972361C4D3E412B
B932B575AFD9E41A35F289B3C8B60811271EF22795F29708AA817DA351BC9B492C
FB4C5651DE9EF53BBAA9E3D52048DE72F1F0EE44BBD646E86B0C82A889338CE7A2
0A0004A2C5C9F50601E6AE73E8E8FDBF4C7C90FB45196B25708168D8F877CF2999
8D066E57BCAC8607751B04513B23893E0E8A4AB7CE5BAD42AEA584ECB08C9EC8B5
BBDD1E537904716DB0D13187390C0E665238B685DF2FFD440B6979B07E1B045109
000000000000000000000000000000000000000000000000000000000000000000
000000000000000000000000000000000000000000000000000000000000000000
541A31A89267E461F7B94914B0177BE165469C1C07C06D186BE9CE24370918E263
4454A25394DB5D2D56EE4ADA435484CA8612F66086E8C5421AE8AAF7DAB0749616
BDE5D72DD873F412F5B35BDA2063B03A19C151F79CCBA9D47CCB8A9E1FC0E8A9DD
000000000000000000000000000000000000000000000000000000000000000000
CFDF0E2EEB2E0C8DCB6AC8FAFC8F222087302B5FEFFA24141C706FA1A97691F575
BF0414521918415564303A7F658362F90738AA55AA0ACFF9F8AC93F61D0903D6BE
9538ACEDD8103523157AC3513DDC439506B51F7FF7BC0EAEBF7DFC425C578BF6DC
8A90285C96F07C32C27D58A9CCF6894FCD88AEF9FAEA004E022EACE2E28E61819A
2147176AF4AA5EDF882E521F94C46CBA592FD3870134F0F2937F44A0B70B09B966
000000000000000000000000000000000000000000000000000000000000000000
B8DF54D3A0805A6B56B6029306451B30FE7A9967AAA1EADDAA3EB9F541AD942896
5CDD6847018A8EB4CF3EF7E068CE78F60FA148C35006EF0351277E35B574E64084
0BC67998E915AC4CF075029854DD88DDBCEB6A9814C2A56569CD6563DED8F30FFD
DC3710FBC438AF0D539A7AC7509A2316C42C22D824FDA543448E6AB52FA2A25172
DE16E69FD91363EE2D0622719C5DD6878EBAA485D35858D0C4C4CA52A47726556C
E294DC420A2A45AF0899708C0AE7FEAD97185F3AF2FF0FDCF9CB7FA341A5E6DFDA
04F87EB6F14819652152099E574ABE406C1CB8FE1158ABEF07B48F252B85F846B2
7D5C1D04D71B79BE735231CE079E1714AAF0FADBE5923F470B10D67150FA80EE24
2A5378058B68DE0FE466041AB50C2A216272948909D0FE4F61EB95B268F090BB2C
407F814A0E8F5012E5604AACA99C5A774890BB12BE466CF2294D04EB91677014AA
0F0D6FB5FB249CE16135984B5A4952138C83584F9B4598C30FDC05FCD652A8BA17
6C3614DA83D04E6D91519DDD203D4CACFC46624045530B219127523F78D055D86C
000000000000000000000000000000000000000000000000000000000000000000
57E7F5C5A9FD1D52B4B1EE7CB46E256FBA2979E5267D4A57D6A7484F5C34974E5C
B8ACE237E3AD67DBE254EE23626641596138184CD2DAD8B7D79693D11362E894D7
9E34AE9F8072045B9682CB0C89BD5963A7B08D5E484DF293425C1F6EF294974AF0
5ADD0F7BA01E8969F657376C7A384E76C0E1225FCA0A2CC956330007D4528D79DC
BA5B981DE14128415EC6FA6C560569FEA1429E2F4335E513CFE1376E2349A70E35
AF912C59D7D6D827443A549773805FD66734A6F0A96E2839E0461B2319B7AB52A1
B16EFFB9195CC3D76C81B3B50BB9F47B5CD2ECC97A18C938D485FC3E468EFEBCA9
06C9A698D8643BB86AFC9F22AB72B297947378216B7CAD627C6ADD400BD29533A9
603CA9F43F856088949659FDB1FF71279A497B3F370AA0299F5697D48AD5B6DDC5
E34EBFCDCF9A4688D8A4F3EC0B1FD8309AE33B7F1AD99F44DC1939A1BCA01651CB
5274F58126DB578FB7F18DDBE1ABE3F5675D671146C5AE5BEC1660ED07AB094E84
46F6C2AE687293D824115216B1490D7ADC491C62006A24D422B565787D2651DE4D
F7E2CCD8033238EB7C02AC8B5C633B785AC827DFBA0D40BA473682D6DCD5EB5373
000000000000000000000000000000000000000000000000000000000000000000
DDB1686AF50C16CFD39643144488F646DCF3805B93FC62D68B5FB32BEF5C25AD0A
B80E5625C7187D01426A418AF0F39622C46E78B1046499DAC921DA65904D5D3EA3
19022A5380FF5DFC5BA935111934910595333B0E56008F11668E01DA0747C8D1B7
44575405B1AB8F0979DCE52E45E2525736A84F84424FDA024107E7447B72F2EEFA
89DB1C37714A4CFAA77EDAFF01ABB8710005858593A1BD233032E1EDEC57FB5AEB
F5FCE26D6C78B5BE661C215A8F86DE47D10C6A2F55A086232D1B046817979DFFE9
62E8F6D928B24D96CA2F40B84BA40664B9E8963AEBB0C09A41AAF2DD671734A1E9
782EC6994ADE92B2D6A72876DEF1E1EAEBA42A3EF772A04360900C5533951D1EC4
FC817C5BB8A3190A0C77D8ED36C30A9019D6F1BB8762FC6E7D5AE9D6AE0C69C1B8
D4F8F7F26D429D5F6F51CBECDD22026614D56029A96674FF48A973DE17B24404A2
937DED3482FF1DD17FCC6DD00BACCC5EB47B383BA428D4A73894E9C33CC1176689
379CFF090077B584E20F9A00E8EC6F1C68D0681CD0D35C48344E4994359D9B22E5
8E4DD0C2EEB9B9D6CA4AFC1A1D87D016197924A38F3949795E6FCD8C554C1BC74C
000000000000000000000000000000000000000000000000000000000000000000
911C5925185B6B2B5DCF8A8942719405A88421A287AFBF645F4EB473C5D368A17A
0791F22FCF81967675580D65A53A730BC5776393CBFD4E7CDC04F34BC351D515AF
C338338F6CA639E0FF7A8A59477D612ECBCF03DD6472507783E0B09CB8F45B0931
C676305CB6260B17C05328372AB0AA1743593B37DD0AEFDF80BC7DED6B61C3A3DF
83D41560DA66A6B56E9784E21B774D4A308A29C370C6A0A4E60A1A2FE7DB7BB910
F97F9A577609922414B8A2AD67F0B1E3FB1A19B3E478180CFFAA41511C55236EA6
15B6DDEFCC6914ED37B5A3E7B20A2ECEB95441B5863A1AA2E03B4A1A570BC4D235
000000000000000000000000000000000000000000000000000000000000000000
C490CAD4581359087DE7911EACF3305CFAE77BD0F311B70AE6038A0CEBE5D77108
1BE641A19D69D156FB5776FDB26BA6B50E397257951A4D8B887C2CD78975E392B7
0000015A7FFFFF444000005480000013BFFFFFF01000000B9400000083FFFFFD7E
737951880096EA926A5B4D329E1E60D5DEF93BAF36E037CC53A49BB20FE8F87B7D
5E66E38A0CAC3F1770E1095FE727EB839585357EC70E2DF3F648AD14D6630C12EA
FA5EF0916EDA26AC1FE97C375B4F055E724090E0AD333C323E2E876EED17937B30
B3D359B99CD38BBDE6EC46BB923E452C523BAA519435FA69C288B98CE2A9597B59
FFFFFE2C7FFFFFDDFFFFFFE23FFFFFF3AFFFFFECC00000093C000004E5FFFFFFC6
2D78116BDA3F1DB5B716C4696281E9A0DE4BCAC8D956D9927F66F886AEC30D0171
9B95FFE87E4B68EFF8D42B03E9F2E97AF1A28257178C7CE60F931C4E5624656DE9
F7B1B2E7BB8B00645623093086A306FAC1870F750308DA57DEDDC165A814A97068
9F5BA8B558DC84BB4EE9E0ABC5EA63752583F33257DE27ADB33C659B283DC78947
88F8C4DBF42DE63CAB2769DF373419A473783E151E431B65195F444B02E33DBD5A
F7CAD89914B318C790B4B9E67C0E8FB3BD5DEB6BC55191E4FE783B57CA716E6745
DD8860CE35F8A63AAD40CBD6001A733F1C39065145ECD52969017A526D5C14FAF4
000000A8FFFFFF6E3FFFFFF2E0000032A0000002500000098FFFFFF9EC00000280
D7C0CA27C3B444FBBE2AF1B23FA60D82E6981C49985B3E7CDFCC7C47AE4C8C0A56
FFFFFFBE800000ADFFFFFF94FFFFFFCAAFFFFFEE4000000C1400000345FFFFFD0B
FCE6D0D7E4CCEB7CE61EF14123D2A37F56429D4390B2255C7AB42745B8446B742A
E7A541FD91BAFC0EA90A872CCE85D2D5214AAA213D6D38CE8B4C410D2DCFE704DC
718A2F98D70E5AFDE7802F0D1BFCFF9357D39D91B4E6C355F8033D3B3D72EDF6FB
E0AE9E765E8B1544584A505033A6FDA7B259664CAB1192E7E0798AADC3D22C3B5D
EC2244371C8F17302A406E7EA5B95BEC24FEF13007D59396DA37DC591F96CDEE31
6209F4B7F17653E2F332C0A4FD2631DE6AF7D1389D91D70B78DB00FAF123189B98
D0DC02B820DE7F72C6F0251A58298DF137F85708B3BCEDF68E3946B9A48049C85D
C7FDA34CF1B728FAC71CC17DCAF8A8B70ECD7697DDC3B365F97BB5EBE864AC0C0E
000000000000000000000000000000000000000000000000000000000000000000
2E63DC76D461F4B05D8A775B939F1C0705F60A3A16E9E8154E7879F97F437DEE58
0D7F45CCFDB2F08AD4362D69723D0405F2889C9E21DD200CC8BCDA0C7D3CD08C65
2937AC9B726614C905AB1B9AD0A3A800F3D9B0B10FE6708A9FDC9A7B0B25ADCC22
7F5841E791E0C88691407CF35EC1155B90C6611C2E49FBA8D204DDAB220A621736
0F07FBED83054AF0AA4DF06618F827413B7D920A81E9888F4B54935704BD10E81E
43308182B8132787A5181135995808B5957EC0AE697057DF947C07895C9093039E
FFFFFE58800000E37FFFFF9EDFFFFFF84FFFFFF008000006440000040400000019
0000002EFFFFFF2FFFFFFF94E0000020E000000FFFFFFFFBFC000007B0000001D7
8EB3CC84138CE6FAE7F45EC9FFA632A200A7CCCE7E1A6E891CCFDB239288999758
03FA91A36644359D495B1D11A4C6A9847B4BDE384D1CB3E953096E93A8D1C9EDA2
000000000000000000000000000000000000000000000000000000000000000000
71665F723EA391A27BA8C2A9BAB88E226262D8661B476D270C1CEFEBB0A14FD86F
BD897803C7ADD458BA63E7941454DF8A81CB989F289CA33C002F926C948884B67F
FFFFFF93800000483FFFFFFA80000023D00000192000000AE7FFFFFCE2000000CE
4712581A15A18E03C0E87AAE634F360A8A7C697540E5EC52A3AB4F5E02D82DD44C
517E6C20CCDA7DA1D8305E4AB2648ABFF150B15FD0AE52EA02B81DB81BB998BAF3
3A4B3BAD580CB5AFC87AA3671720B33A4BC9CA3629CFEF406E0174ED29F5C8B70D
C00BCBE8985A1C6EE29D2F8685500B649F469FE1D97DAF40FEB1617F4D1534E607
000000000000000000000000000000000000000000000000000000000000000000
000000000000000000000000000000000000000000000000000000000000000000
4821989679F1FA66DA95F38C4D2DE73ED17C4B031517E78772FB1AE713504D8CF4
472C3612389C1140302162EDC0548293D082DF05CA32EC5D01A37759ECA16287CA
8841C9DB158DB36B6400142E0E0E96CA3A774282A4599CE104A90C4DA6E44FF7FF
A6FCC9859B748140B4C5EACEA0FE2DF7F715CB2907DD152F201896054667F028C4
37ED165DA5CC2CCEFDB3CFF80531F25E08C9D5C346F040AB8ECFF294FB20EB0448
D57A4147AC01E8B59EB2BE02C77BB32FA0FCE725B60DAD4EE376986EF5DA4C4C38
9F0E57A3A97B18A1BA69709EE6F3575608F049CE3F121A64BE7F8820732EDFE852
E0AD62D1AE429FA3902130E1879FDF24FF7B542BC047684CB1D7620CE1F5D225FB
EAAE8679EBF87062FA06554E49B6CB94DDDED9A97117ACC628208FDEAEA7D2D12A
8177A538702FD35C7D16B304FA66D4CAE8D36743F4E8025295A08DFBA570EF7B80
3BB9001870924C7007147C431DA0588FC69C6437C9E94125D7C290B8F689F67774
8BF37EDCF551B8A7D23B61A26E28968DA2C778FAAE14EEAFB16364DD90F626E98A
43C6A2CD2446B4B26A9531DBEF5EFFB05C23DB6F42584CE3D169D043FA4064C6F6
02FEFBBF5C1D0186E36849A14960108BE687B19183B497D17706C43C9D0D702949
2C1EF310A0B8B2478BCFB7F8B19215E14B86A12A5CE78280FCE97EBD17803E8962
046B7D3822EFCB2ADA4D6ED07F8FCB89A34C73F934929325A304F07F0211797E16
000000000000000000000000000000000000000000000000000000000000000000
0B526055577EC235A11590551C78D3232FA42A880FD18B0945CA43331AC2545967
3007BD11A6A524096E29F34282AEA9E6EBC673D9AA373EB823871B019C1D860C79
58E8A2FCC349E9D7CB23363B2DCDA19BE9E66C4ED0C55B9BFFBC74996F1192F7B2
1A5C6AE75961C93F3B718AAA5C1E60F9EAF6441D8C1C8DA44B13AE88B139208250
8D2917B74E9A3C5CFA20ABE9C9B8F012D0F26CE06D4E8F2B31A10854C42192745A
8A9FFDEECAC22A2880CAD2C83A4A126C19836CDBC9FB17158FE886A4014AE3B797
7C660DB7119436D7EFD9413B75C95C79AD9189D92B11DAB6BAC0E775CB82486A70
5834B9771FFD9BFBDCE741A0D738BF639379F34F54BFCA5AF0EF10D418E390715A
CE4FDF2E750638FA3584B7B8DFF16430404452B36A0C2E7D731C1220D428055DFE
3E16E2CF06C3142C4E8F49E4B6F9924323EE736ECA0F40343B9890E69BD6D93EEA
000000000000000000000000000000000000000000000000000000000000000000
000000000000000000000000000000000000000000000000000000000000000000
F37D3DF82016181315D6B3B39B0D2BFDD2E0F668D3BE29816A6159660707FC8DA2
B7238DE238C0261D8A6B4E4FCFC38861F5A43ED58BAFF67215DE318CD31BA5A90A
2C3B9A30E136AF12A7FEE3802E09FD547EDE80D642D803D1E25E9346F88B96EC4E
6CF681945A483F2CE45C4C5280E422B5C4A92FC93AA9CF86960D977DF3F48C898B
68725564322C36E2647DFD743BF5075B21207BC0B138BD8F5A49BDF4A61DCDE045
EB511120583AAA0A832C54EDFBEC9C97C3E562E13650C1EF17457055D0D4DD9B49
692643E448FBF241069829CC5BAC8A52B5E262F6010E6C1F54D734C799AFB02C19
44A34C0EEF4741B876A0BED0886711F18DFE832C92D2BEF704B085855ACC955E4C
E6BFEE4734780361EEA573F66D9D7A5ECCAAFE4DA5E6B6206E7D1EBF91019E7CEC
94544EADAEDFF11678C6F89B48D993D46ACDB6590B1B620802F38638EE8E8A308B
B1BC37DF6AE5FA12EF7CD396AEE85E3745D6D72DD71EDF630914662793CFD01282
000000000000000000000000000000000000000000000000000000000000000000
116FE62226668D5729A712B8B1A65346A6CBB74D46D4D9F4262CAF46426ED5BB4A
AA157CBF9602A6AA62775837B732457D941A8166EB04902DE7AADFEF25D8E444CD
FFFFFF1200000052C0000060DFFFFFD17000000E9800000F8FFFFFFF3E00000340
FFFFFF94000000023FFFFFA44000001E9000000DF00000010000000066000001D0
000000000000000000000000000000000000000000000000000000000000000000
6F9D3A99BA576C70F682F38B62165192BE460EFB03D67A50777620D61C8BCA8383
9B518610F853951AEB00F608C39395D55B05B511C44454E5C42B310877A8BAF3FC
4F5580CE85773B3BC62D84B01C1810D0221EF87A2D6E3BD2F251161C17F2642BA0
2FA09AD624351076B3C697984A02337A4761C9E4A591B6B6D82A3C41B3BC4B1B52
7BF8729DABAE97ECFD86204DAD19FE22DC343FE3B590FD2686C913554589217C1D
2ACFF3EC84917C22DFF3D01BCADEC17658B306549467523279A1C4E63388DF612B
B9BD395346384CC5E73B37EA8E859FDA38170C02A7077D51D67D37B23424FD42FE
F56B02CF21B1672E2C833C81812F97766105C1A5DEFC047E6E763DA0849C878A70
BB7571EEBB11752195ACBD0A0FB9D971FFF6EAF60E24DE7F28B5E03C16539B3EDA
042B1D5E11AD57AE28DF7E1763331F48EE642F8448A9E4DBC3428B1F752B354752
1C07FFBD9B1CF282D230CFBDA1355C5F87B04095CF5D382CEB8128C1936BE309B2
000000000000000000000000000000000000000000000000000000000000000000
F49A63AC81F0550C1259C05EFFFF47F80D5C74002A6CE69454A5469EAC66D53F58
B77F0280532C50C19020749C6547BC6A5A02DD1B4361B763757ECEFACEC821EA4C
919185D9890F42DAAF0499CB26EE3F08931C3F65CE848B5E055F761DDD939AC56A
67605BC8D6FCD5AF50139A8B22ABDF4EA8283DD8E33BFC1EA28F2D14220F093468
2D90DA3187E6A187F2743EDB1BFC9A8E9E94173A162496DF09D4DD9314515E7477
015677F87DC06CDE2D466FC37FC4D99C8CAB1088840B054DF43CBCBEA152B255DA
D97963C536CCD8C1DFDFBCB01AE8166D3CF04ED1D76DBF030CE110F2C391C7327F
000000000000000000000000000000000000000000000000000000000000000000
03844FA163E0C27D8D5E4A4C3FFA9E2D111071C795B35D0EDA6769B5EB362BAA91
349D05E1DD819EF540D6CCDBC3029D0FCA5FC12C40176640FA7C34D6B87F5EC5EA
449CEA68E7CAF3A47432DD6F1FFD63E8E3FF64D78431A6D517370705C78A151730
F8BBCF6E6D3828DAFF143804EA13EA1E921691BEBDEBAC049B4434BFB0F7E75495
000000000000000000000000000000000000000000000000000000000000000000
6E8FC0AD0F588A5F4BFBEDCBA0FDA11A5B55E04D9788D1D1912302A013F8B2BBDD
0E8579396BF012D517467983BE5FDC105189C9F8C6F25A4ACB4DEF3318E64CE2FE
594DD37F53549105C3050B231CD71C0A388E0461425527DD1379C5C20ED95EA285
06762E674083FA85DD956F4988209268CB17326075F95F1F73EB73224B2571A3EC
1BBD16FCB7CC92AF0BB6C555FB712375B4B54E5F2909FE33147DE8E3DCC9B8A9A2
E32CF9B5BED6C84F69CB8041D4F1E379DD665188ED2055AA2AA219A86651E17C1C
000000000000000000000000000000000000000000000000000000000000000000
2C5DB7DF0C9385BCA8CBF7D2620CBE1498A8C27766F0223A91B92A8839A02EE430
8DAFBE2AD15FA915092C52CA701D1CB1C3C929A1F5AFFB40FA271744AAA29189F3
64AD1AC513F9D6BA18F113E277A19CD03FEC5D9DB292EDBE62F731C34C384E325C
F6E21D969257993C0926AFEF2E11BE3E51749002731967A35785BF179D0FBBD6EA
D056F7A419D908E1C52DD9DDA964E5847607A4E00A4BE27A99D49DCB387A13793D
3E42A2F9EE2D9CAF0CCDCFF65036F250AF6521CA6CD0F9E980138446182C4F9BB5
000000000000000000000000000000000000000000000000000000000000000000
22C82055C2E49A967E0329BB7F855CCDA622A07FF318B755B5050A7885C0BEF9A6
6AEEE6FAAD4F6B5AE337D36296C7DEFC29B48BDFB2860E6D6A8ECBC02AF32D20F6
C4E98A8AEBFEC19BCFBDB42669D65EDAAF85729B37A6F31DA65A16C5D929A4EA80
F571C5377F9E832860E8F5D0FCECFD2C0DAF58B18ECB7C4FDDED8C50AA2A14AC74
21B68917DCD66AB1FC40F8AF40479731724706527C37455EFE898B15A3DD3B7587
8485D7F4E33F37DF2869C231C17379D70353CD4F8C73EF4DAA3CAA65B016FCCD1B
09E055A02A967E154B6B6C5D90A3C7BD52B9823F9912F59F991FCC79693C73BDA9
75C562A008922310D7A1D70988A4B87B8FEAE5030124CEA655992A4BF4DEAB672A
FC3D3D54C9B5511395066C1F022BF3F1C4A8EEA368476C6DA1ACCDEBB155C6C1A2
FB3D8666A72FC4A0E01DE23A6A9E6D9C079EF893C2EBFEA5F3DCE30DE5955A5342
D2C1F5A5E8D962BC7B3EF2BBCD78E7F6A6560AE35C2070DB64C5CF3CAB239D4014
F2319312373587C07F8949BC2A7350EF3A4E75AE0E47811E6F17FA417063B8EC85
6C8D3A4315272587CA174EA53AB335932B24F0EFD72B715C0D98E062B99660ED9E
FD8AA9AB8CA1D62C000358B5AB18D077B6E58CBC15B02554243BF6B853E4FC0265
17F4E035A11FAC6D2DE0F6C658D9EF7F569217BB26FDF0369A63CDE82884B3811A
000000000000000000000000000000000000000000000000000000000000000000
000000000000000000000000000000000000000000000000000000000000000000
F3A56605E3111B06269778F4B43142D0D1505BB2DD5EDDE4CC26D3FF05A9A20FD7
ECBAC1238707884110FB94CC9064D54344861243C0B6C06A67E84EECB6790E1811
66BE1D2D6F03647DD6EF2A7549AFA88344A8D4323072F6868C5A53C4A9F7CE279E
948DB25CC05FF76FEFC9138A28AC63C0BD287243C4523F968F6FF1D30F3CFC61B5
DDCD8E2C798FFA4CEB348202B5A352C63E5BF49DDD867D8967CFCB762C2CFDC2DB
13BA75207ACEA2E6871443ED69F58F4971A6A48E4BA6B4499E0BEA1B323298B28F
86C7D552894E997EF1A2E2A84DA6BA93CB2E57D9E5D1B7AFE32453BC488EAFC125
B446B243C7E0146B7FB022A8C398739EEF2844033E805AA9C3E0C276CD7CEF6244
635BF11133321FE3283FA0CC2FF9E789AEBCC08855A44CE4EB41340F47C44AD03E
D9463027D7951ABBD6F07A2AEB0E567CB126138C94F3330FFFA4A921982CE596F9
614665154914ED2C8836A36B774BE97029EFD6840B98B281EEA799DD836809B545
000001F2FFFFFF110000002BDFFFFFC65FFFFFEC0FFFFFFFC7FFFFFA240000001E
1A68A4E6F257D0F3821924B645ADDE33A456DDE260BE0B2E6ED7D37A20EA3EE596
77EB176D152167874447384BD6EBF005BFCEC18BADC5546D86C1D3AA64B296441C
CFCCFC7C697DD604D631B60B46EBE1E979A7AFE56B9FE578D793F8FE158E1F25BD
C23BEAE9F6D8BD4B528BDA2333433E697262B878EFE2EC47183965BF8FCB6A748B
00018FC3828BBA35AF6A82A40A0D75F08BF4F9A37C7DDF33C5695D3200549C284A
582FDA25D8B86EA75459009FEF120641611038163D14DBBC1AB45349D9BF73275C
8D5647B3A5B169392C8ECE97423A79E53FD66457AAF8437B74B2C493C5AFB92C3C
2961995A20F7E3B2B64C1680FCDBE537AB7CE28F56A463E7F91565ACBED1DE43F8
C4143517B297F2B68A08CA2E8E84EDBFEFA2F99D8E7D62453C18EF93F960D56301
4DCC918ECBD90A122273059C41BC311F47C679A39D0EC171CD3B490985ADB08BA1
A3C7BB031335AE060395B3723D7307DBE425120731E6A580195C0AAA10AADFE335
13E09F41DE171286D7A38CA782F0080FBDD6AD71B08EDEC5BE60378878F36D0A6B
3B2005E65B0AB3B039D183AF6225513DA45D0EF19E5AA7B9BD6BE306BB38969469
5CC1CEEC6D6F494843808CD8D892F419E8DC3B30AE7F963E0D83BD10E03CD3852B
C429A6603464141390519DDE2D2F8E2B4BD3B1BDC9718B1F1DD8F117C741CBFDA2
000000000000000000000000000000000000000000000000000000000000000000
74044AE6ADBFA5D700261D35166A659374B802E7DBE155FF708EFCCB1B01782FF2
E0AA70307AA6E5FC2A612BD4C84F1A397AF5DBADB8B03A57B918E4930A012B348F
E09EAD82998C35EE2A225EE57631DDDA3E7EC718CA427B3F61B9FCE898366C6641
A9728A492CAE27235542327DAEAEBA3303B0C900612A6CC5BB98CA26AD25A5534E
EF166A7BD302C371D3C9342FB0F1D0538FCF7279B3DC1EDB647497AC5A3B01FE5E
1A05A9EFFF1986779BFBAD403ACDEB8DBA7DDBDDE92F3D07820F502C00C7162DCE
5488DB3C346206CC0D0CA76150F4C9747B62B9BB70F10D0F35FA1AAEB2ED014D56
FFD79132DA6F46F01075E0D6CF9068EE8B97958AC842417C3D1A5F505FDF9F3B02
55443A5CA8D307CC8371F1482EF53073B582952705B9C3F29F859E9D47C59E2B29
BFB50DB448173CC42DFE731B83DA752760E8A3191E35683F7D13385ECF5B67C93A
60B58254ADF39058C0BBE4BAF1B523FA9C583931E3B386BC7F754F86B76758D226
000000000000000000000000000000000000000000000000000000000000000000
000000000000000000000000000000000000000000000000000000000000000000
B23A923AC5C3D9C7C3CE6E5D0397937DDA8B639E1CBC17EE6F05B05F43AA85CF20
2BB25ABEFD13DA46640E5C4E30523B7FA2D8CEA37726220AE5F138E8BBA33EE7FB
F65F136DD39EA9231002D4391219766E6313F3EB36E73D96717A3D8ED56A4E0B04
BCA3941591C2EFC937C75DD4A4788F027DC2D3E964B4FE3FE8BC31364763669D0E
2EB190076EB263972EBC3C442C6A006F8EBDF5E4E61851F5C018A7225414276EA3
8B5AC8EE5209C8C308AD2A84F6F0E54EB10334C38158E05D8D89A6180D2580BA7B
4924587ED7868EADDA249D2670178099A2D33BEAC914A7858BD9985A2ADCAA4775
A5BC7164EF8F0A2D0528ED548C6A9B61735B2CB91575C00490F4945D737BA17BB3
F414E19A1926D6A40B10D1187D9DD350E73734D37364B50B0E5E00A7DD82CF56C5
998E38515878E8109B7A3A82B8BAED8E8E69697E34AE3C120CA2622A3B2F838140
3CFC75C3B7794F6A9C7A05DD6691A44110D2E7B437868841002F474AFB12CE2436
053ABB932C40CB60B75BA056AD37C57725E824D23DED8FB3A08E5E5E7309771F93
574EF56EAA22E1AD13F532EF0667592E276ACA7D385316502CDB4F3245EACF2083
91872FE5B63B24D9A45C4DC94E904490B50E2045C5606E74FBF506E2C44F8F8C93
5E1EDE0F788C32B5D320FEEC1652D78979D8D8777985AAB83209B72583684F9A71
000000000000000000000000000000000000000000000000000000000000000000
CC1745903CC21EA113A87A1BBE79DA2B314B655FE46CDAA57FA8E22DA9B2E73EDA
BF9FFFE1075F4349F8C239E12A364927A1D1DBB6DB0B6A49B91DAC129593B109D7
C2D5D07FA823EA581009E24122C4549D568C00645898BE3A2ADA7D5C156C04F926
803F56E7341EFC02C4150CD90E394472FFD09E9EFC0F5742D3D41C8E32D329168D
F60DAB2F0A332E21DB156A0F3F21358009DA8F201B1046A3965E3D85DF0B907C90
0818DCBE3A211DB2050F50E6FEE6E94D9726041FDF151D1B429C21324EF7DED61B
56CE6AD9D001FE3945B12A81F955D775FBAAC66960DD57A5A149818905D18E031E
CCF640FF1AED842E5ACD99971D509CD615384447A4163A843C388890C1B43DE2A3
7DBA4749093984C3F4161C1C1299FD1C50C5AAC6573A91EA0A470770EA5CD4FB6A
F3AA2E07EE92B27F377E5CD4CA6CB0367D7AF5E013E6539E9D556C01A6078917F0
C95FE3BC1765FE0FCFE3A9A2081E0E459DFC947C3DB905794402EC6D122911A05E
17A313C45E4276B96CDF33766BA4CAEA04558889FCBAA9D4578DF0A428E0EB80FC
000000000000000000000000000000000000000000000000000000000000000000
BAE5DA5E13C836B3B591ED20A54F47651BC5B0BDD73854CAC8A40BF28779F95D93
F815146B1BA0E4F9DA6CC50925B1FF1636FDA8982AC799DC26928EEC5FBA91BB5A
0000007E0000004DBFFFFFB54000002FBFFFFFECA800000BA7FFFFFCA00000037C
96AB8849698D331FC5A7DA344E62C6EF647868AF7B0A5102FB4F328F8DD824FF1F
54A67AEA17D6D068A19D1E1013F300FBA4EC5701A062F4B53B16B3CC9AA4C480CE
1664C2B74FBCD7B8F90B221EE562DEDEE8154E39BA88D8F8257EE16F8584F50A25
000000000000000000000000000000000000000000000000000000000000000000
FDFE04D921BB907A80348DD8B5D9E1A0BE3DC04F74055A3D75798618C4FDF37BB2
9EB09E39F17BA58B8B9B75ED84CA851FF87416CCE1B2C95DC74AE5188B6327BC56
000000000000000000000000000000000000000000000000000000000000000000
D74AC8B58F0CD7FC8C5AA6787D5B3F3E8216D9813301340F1B75661E03FDDFE848
8B6DDF6A002EC010D7979D98B9DD4B02371AADAD8B6ACC28CC0BC1B6898C9F78F9
000000000000000000000000000000000000000000000000000000000000000000
A09DA6CAB6247B8EC870549CEF0DF2E48CB32D573CE225E2E715AF8243E8DDED5F
21525C0AFBCE25D98940A8891AC2EFEE136B59A9EB5ACA03DD9E160A56721E4253
2DBE1C477ACDE17956B433A1AA865858514486E723AC5D51EE2DA8386D63BBE192
DE938B62555501073A70025599BBC4DD7A8B0D43221276C58E6B858E11FB05A636
C0755A5119197665833B2C1283F69541C3F6B360990A02FA52965F3C23AB1EAF11
000000000000000000000000000000000000000000000000000000000000000000
18C341E0309EAF59CAA4756E6213604688AF5EABD5BACFF97EB4D2CEFA515711D4
000000000000000000000000000000000000000000000000000000000000000000
D5332446D21D9A7A029353E70DA6D9C21F0A1A655126BEE950C3CEBD7680C83EE7
7178F21B181A0D21975CA7741841CB72EA95B46D3F4EFC935D8DDCE443E83D6168
EA9889EF78F3288AB75265A7D9A279498BD3A7C522B70EB8C9E477BB827FDBA65D
DB71BA1F9B6337445F8C8A20D973ECF38EE86D04454A8BB0CD97821F3108C2D74E
9EAB9A205408B89156064DF8D4E1E1C189E9A37EF9AE242B4004D6E3A111F6D185
EFB90E009A7C920B5A2AFC7686E0B27810263B4870D4ECA38985EB51EF1D906B4B
6C88CABE13DBD5D681839669D9EBE854AE793EA357486787B6F713E6B634BC5018
FFFFFFC6800000C940000052C000000D8000001377FFFFFEFC000002C2000001B3
0EDB7616C3A4B7C3B350AC273BDAFD39361641D237003C6C099D2A9F9CF9E9B2EE
44C0AB99CD75EDFB05DC9566F70E231584EF9D35830DEE3281A0109A78EBB978E5
93BB05AA4BBB06E1826D18A3865D1F031F28102631BE730ECA82E1EF21250CD1C6
9615D19DDFBF6DEFE8480A30DF135725BBD2FB22143DFE308E1275226F111C82F4
3CC5E9F053E0E596985352A3639DD5D798E6FFF6483E3A1B750654BA3AC99DD72D
C3F0B1D6B4EA598B4C6850279E6526B21C312C4C381EFBA6E01CE0EBA8A920BB83
780EBD2F4D0FC379378C2169BC9092394667B5CFF16663A9070A93E19B667CD6E6
FFFFFE33FFFFFFACC000003E6000000B9FFFFFFF77FFFFFB7C000004C000000330
47D2F828382E1F0096783EF112BEB4F9B3699D140EFCA7A795028DF850546B052B
85393BA9EF71691BE551600809451491A3E706B0CF3CA6CF1079209D2746014796
6F1EE3D03CEAD02FF4D864A35659B3D6B08ED4354C26CF889183960723261E7170
8BB440C14CDDA778E378702B7A9921367C2DC9E344DB6C2536BA05712FB8FB27CB
EF362F7A5C2C89996EC317DEB90DB54D006957695F07FDDE3A444FDCE37858CD29
DA07D20106BD661632C74A03E0941ED88F750EFA10E5CBE9BCF1A2ADA9F6439FBA
CE90C9B00D0D7A3201D57679493FE860B3A7F87645DE729020890E0D0A91B067DC
2931D20693080D400258C2799546BD4348BFC6A2038F39CA93BF34FF1E655C81E5
000000000000000000000000000000000000000000000000000000000000000000
2733854BF83AE4AED8AD3202A5F12A7A269B7D92C6ACC88D7C207C51B830401951
000000000000000000000000000000000000000000000000000000000000000000
FB394A57EC43ABEB9FA2843B6E395A5B35F214456D65F6B0415A5C150C631C829E
F6E78771418A0EFF26EF651A77CD7C0538608952532B1881DA1DA855C123CDDF21
55AEBEC497602979D256C70DB109445E33F3C1FE12E73E8868DFDA075C4F7F8F1C
7DB4D55A4AC9218EF1D6C7CFD46A902CF2843B57115BAE7F9FC97AF72EC1A52AD7
000000000000000000000000000000000000000000000000000000000000000000
40F846586DA1A28033A734557848A652AEFC40C65715F667DF79B1DDFAB6B680AF
C5AE1830190300E0F3919076529E93EDF4C5603563449A6D3F2C1904B2F736F680
9A4315E03411483A440A76C95FEA00BC2AFA238D36488B2E81B36A031C78AA7275
73571F4947E0721DEAC0F5E93B307375485E12D8470150689FD8E088593791C424
5903F4EF4371696875AEA5F6103852D75EA10E4FF44C1593E670AC34420769D545
C8966634033982DAF638BE508B42249A3341D45B59D6E1E8259C3D124D3B0D19CB
F7C0BC05E7E815E6877067A33745DE8C37DB7773D0D24E7CAF052201DCE3A66986
58D7BE354296489264C9D62C5FD1436BFC82DBD379AD0D5D67F8C1E1988D468508
A9CD41FF80AE50CF9A442B2E6BDA20AA7DC73613C2D69128145317A79D30223093
915E5FE74D2A7A7AD1F75364B13C953131791EB87E3CCE43B10DE22E5FF53A78CB
73AEB57538EE064E2DB6AD762AE57E29A6E7EF0C7BDC948EAD3A39FE3DA02849C9
654F999D8BBDF234469614387B26D16C19991F69B01F8B866E55951D2647EF7C7E
EFB9E826ACA537B33D798D20A550B18270482AFECCCCA086C19C87F37768E8CB32
82AC8E0A73B9F4650F668811E05474F6B7C807216A65F033B1D743D7676A479F93
A767F59CE62B7CDA9D34DAC27B60892C54848BCDFE6D96F7FE6A7A9B8051E329DD
DEC7DF02C1769E4C7E3E95A76027835D353168C7623E1E9C088AC6AA74232C1BA3
21F830ABF6E02C6DAB150380BAEC0F116A9006086595D27CC0850D5C7C469EFE5A
DA5CFC4E3312628BAF59364482204318B0B084A95BB6774E0C7A60109C72682B55
19A3D42E1EBB82A1469F8F77808C93F8FB56EFF727AA861704B4F20C47B96B4A2F
16AE344B704596BA86422E4C583E250CBD90418923EA93AEC5244830DBDAC73879
61B934CF023DD05CD94AAAAD934C8B32A39C7EB9AF6C6BF580F72174CED88761AF
00000159FFFFFF58BFFFFFBE5FFFFFDC70000009280000082FFFFFFA53FFFFFD60
E4F1413482E037EABE3D8C57804DD0B8AA1B9A281FA75CD70C460A889A338E628B
2306011687CB4D0A903FEC4EAD0405F58610C370A25010F16D7641CFC40F9B45D7
550A111D5CECF8644D6850654A7BA9049C5C65E005418C03941E82FF9C1F602026
000000628000005000000004DFFFFFCB800000049000000D5BFFFFFA05FFFFFD49
D2F80B494F4AFE89775F9EBB3A6FE3AB472E1783AAA7829404FDCD1DA8B1ED07D2
F53D121620F82E93F1CC1B8D3FD115763A11B72920932FE28E7F7BB73ED729F9FF
000000000000000000000000000000000000000000000000000000000000000000
3B6F3331A450A8BCE68AE401F1793072E86BF07CAA255A9451A98CA6AAF1ED668F
61C73CBBE7959D448D0350D66D2F50D025879F509D2A27EA3EB2B63FBD58FD31DA
A72537581A57D218A9CF911369482E97F1CBD9692472A268C234EA76660FFA2F51
939FED9D441D1C40254585594F4F3CD7FDC76B7F81D5CEDC1EAC16D900B84EA0A2
21BAA00EA4AD7D362CACFEAD7916C52D696FE5B46499B4244237EF8A52FF03B25B
0E5C174E6FB938B916E8723AFC908A45EB24D64F637A36066CB456307AEBF07ADE
659DED668001EA0B12F5321A9E014F630D2D24FA1E51388C515702D2BCE38CBF8F
FADF421F188420C1D1CF5FA12C4617ACCFB513D03641E930F7BD327C780BCF3E5C
402AC4AABB23BC837A24B70C97B2922C61BF4A96EAAAEDD50D15B064804C14B884
4B523777C75559B4FE250A0FD859B215D0D095D1A81F7AE6A9969F8513122C68D7
9B9B74F986768EAC9FAAE45ACE82EA71F0A11D099327BDFC5BB360F1980971E756
391FFC9CAA3D3FFA2B654C89670BF9211966178D4900FB0053B3D7D824C50A14F5
12A342303C96798F3EEFD69B7FD83C06464E265AE396FBA0041E5FFF99260A38BC
872B95A64981914D395E020487D19AD9D0460170ECE135E4BBB5C0809E57A41CEE
BB715185ADD79169299D1AF5E0A1A7470E562CAFA0F4EE928B8A384C0D928C277E
A3FDAEAFC628D35F94CF466B2ED201A762A3E79771EC58DA9CDB40133961CEDA8E
548696862D49502020879A53153B419BBC316D37B50EBB4470740CEABC37C27F4A
4B3CA417314F727506323FABDAB98B66FD5991EA16B7EBA609B33D3708F1C7FC2E
861E6D0C0646531D3A35DA44635A69CB1F9AC5D9A3FABCE5FC92C067F3984495B5
50240CF58C6AF07516482B304015520F4BBAC141B6AACEE1DE1292A1E01C04E968
1FE909921D2445471EC94A70E2645485B68AC9A30B1C38C40DB67DEF58B6CD7D32
FFFFFEF0FFFFFF6240000051A000001AAFFFFFF95FFFFFF24C0000073DFFFFFE33
000000000000000000000000000000000000000000000000000000000000000000
73E46FC3744145A75C71EB43AC4B97689528A55FBFC165DDD6AFDAE30C83285380
5CB853E9A46C707BB200FD310BA35911ED85C61A86A7EB6FA6AB7C462CB191966A
000000000000000000000000000000000000000000000000000000000000000000
FDAFC90B5E2388ED0128525E034AF4F157C9AA559139149F21AD89E4C57421473B
994078C53CB4F48B837C8C6A27F723394F3CA70AC1F67DDBAE89E453530378F3B1
74A2124246D415FC3BFE988BD90798CB8686741AFC549A52206DB9F9D881741A59
53A5D2FAAB6ADCE1E24B73777A2BE81C47A24AC44107608C74ABDF60244E75E136
DAC1645E3D4FBC15AEDB7BA9942AD7DE739EF608D9E3DA9EA201A109E0DC2066D2
46FCDB01B082818FDAD15B9FCFAD57B5777FA42E9549F33F9D808BFFB4614FE930
2051CAE64888DEB388A4D254D3D2AF367D04E100A54201EE434F5AF25400555A20
FFFFFF930000009EC000000D200000239000001D7800000F33FFFFF9720000036D
011841D26D73C1549A65E2AB0F0A609F1FD8A24AC22A5FCBCD444870523A67219A
000000000000000000000000000000000000000000000000000000000000000000
8A9A57AE48BF7C25D87BE22877407EBDA9EC59BE236BACD9D061D1B3B380BFE650
FCE8C05B57A635400268892B1800D802C05361B3B278DEE78B762E1D038FF79206
E85893B91A263EC7327714D469E87AF590431F670964F7B3647D0E02FE4525B21D
A3A971E4C3767B7AE5A9CBC391949D9344522A2C8ED40A7F5891D46428E925663E
FFFFFE45FFFFFFE4800000173FFFFFD54FFFFFED180000044800000646000002FA
56C28011A4ADCC17D2172597B3AE3020FFC26A7DFD6F0AD2C9F0DF127A57ED930D
5E7CF4F1DECA9E6FC802BBB108B5B61F1FEAEEB2EFBD0B230309061CBFD327FC24
000001B1FFFFFFD4FFFFFF8B7FFFFFFE7FFFFFE687FFFFFDC3FFFFFC6DFFFFFD5F
E3181B4F2280CE41C8901037F08C7D72480D00BF11E32DD1E9FDB0880FEC4F428B
73C9A181CB9E89A37A1FC84E793F83D806419CCC07C27AAB1967DCF141584AE015
BC635E5A342F8C921242A038EC11FFC86E48357F67122B4EE89A59720D8BEE63BC
8E9528F0347DFA82BD381B9BE3C45EB18C4A5F490F09512F3BBD2D5235BB110622
1C9DAF83421BF68FAB35433FB5428A7AB23400BADF9A6DAACAF4F6740C2AF01B9A
71062EDCA2B611E9DA7195A6C325D6CA77546478DCE1CA3340DD321FA95AFF2B30
42C63241855482DDD6B7F5592C8586BC0B3825F175F6F0F00C1A05146C194D3919
4F92F8FE5FFF1BD77E5C625FA967F76373549D4A06C8A89F2E83CB5B49E8AD15F6
000000000000000000000000000000000000000000000000000000000000000000
7B476A738A4154AC8E57B207FCB3B89D46B431E3742BEDF9AD1287D754531FA71A
000000000000000000000000000000000000000000000000000000000000000000
000000000000000000000000000000000000000000000000000000000000000000
4B19D98373CE1D2A0F30582EDAD29E44C8D55367E028D749E67294CF42AD98E1CD
4600A747D75B64770E22F9D51939C24D1B7756850D6081DE26DAC7756B318A6095
0022BA5F57E9D60EC2122C747AED969792FFB67573B17392EA5F14487219FB15FC
69EFCA14E232BE64F269AD197FDDC66A80447D9D0842412CA213CE53C1ED8AB584
A1C08434C62CBFED9CCC16C741EC3F74E370C1913264B44F0C8899131F9ACE3145
E98BEB898ADC589D93F02FC58F90EBCE82B3DA2C94973CBA7296C6BF8F9C123F82
000000000000000000000000000000000000000000000000000000000000000000
000000000000000000000000000000000000000000000000000000000000000000
AA9729FB04066516B33A2BC99CEDFCF42F5762929B8DDA8412822C8E5591C43427
4B54B43B72EDB7F9BD588241DF6A0FEA2587041DF32DE42BF7EC6474903C2D02A2
000000000000000000000000000000000000000000000000000000000000000000
415F869BA34F87A9F6A81B4B5468D525E4EFA1BBDE4C6740D069376FFC48035481
0A241A434411BBB335957E894595BB4BBFF4B3DCE5BC7725C6E20527D35A4A148F
368334E9D8E766D5B57621B3D5B9B874F3914C5F3475ABA2B9185BB0C311E11099
46D5C3DA7AC59FE27482F3A4059C1A46E3A046C6579BCAE42247070EEA6D5E1C12
000000000000000000000000000000000000000000000000000000000000000000
A56B8F40E1CC67CAD8887B573DAC82F4468DCE0DA7BF56CBC6554A2B6E34859673
E55AF8355624348A946EECAE33F5192F2AC60E4006F07D4BF7FFCD227706B10DFD
DE7568EA0AE67440C95375E29797B4E4E132D29D4750573E62503BE1D11DF05A34
000000000000000000000000000000000000000000000000000000000000000000
000000000000000000000000000000000000000000000000000000000000000000
D3D728502F20E209D55B62CE63AAC05D90729F7BD920DCE67C3E4B7C9A2C7D6504
D20684F7E481B0E29A8A96C659662808158E1958D037B50D2889C9FFFF4D496900
0FD0101D97895D7E2FF4F7E39F3B57B3EA1F896D583773FCD2714B524C50E65CA6
9CA43DF5F4CC38003E41702D2CCBC55A94696EC93283FCE3A1674A674E3AFBE1A9
228BC404B73F27034011A4A1E2834B23A882C9C88D1CF9109C20185589D7B2D2FE
1099F683229B977AC527943BB8804C956A1B95B5860F8CED7F0F0D94F9115A3E12
54C3CC194313D9CBEF720F94B02F6605812F25C6292094982AF7F5597FF255B3EA
2C1C664A969CD8811B1065EA10E480A0A0FB314D6AFF1EA2EF9F9C0E305FE97ECB
5B9737369C3B055E49398F1975772F06CF485E3DE00C1761A3B3440CFA2A9DCD91
A879B470691D49D699D70063E602E6E143FE5E81531D4D9B1767291885D4E62028
DBDB2E74AC15717416BAD1BB87018B95EE5C365BE2A2575EE6A7C0238376EABF29
8D9BC83DAED392E48B331CA3F97F37F22A76277591DAB5C0993549FBEE9C0F7976
90A15AFE1C23F6B3066D84E1181211E4D883EB7CC26D3A80665BE9164C445ADF6D
160F4F4DE787C1C2594F55790EC2F47B99DD17B30D40D9AD450A7B2EBD308F849D
3972D461B08D6F9C244277FCBA5485E747415EDAAAC2AC904D0CF4017623D5C8E2
5B4164B572CB2F07295086957222D5879951D7853CA35C60B1CB9F995800561BDD
0000013F7FFFFF9940000014600000071FFFFFE9C7FFFFF82C0000010E00000272
997B60EB34175368F739303B3F0541F8BB504C83570B4BF9DEB89FC16BF72DC459
3DF51E72ED697256A22DD92CE8D37711456D9976F97828157C2DF0391AFD12F43B
2C5BD86C14CB66A7F3F423EDCD3D473C33C158A1A66FA4F730E2FD45036F9F6D89
3203057BF3D0C70E70DCD8D02C3018702E46A1DC8EF2F60F5BDD96CED2981F8B74
C623D97EFAA23E0C13AD1A1C41D2B2626FD8A8C0D3C52147687CFA6D6DEA99BFB8
2C7AE22A38588E90F424CEAF4167B81A6AE009558B1464B43D0712D7BFAC130EAC
144534EFE1432FF5107E4296E231C2485F28278D8EAD85A9BB1A5C7EE0F8FC2024
31CAD6BF88EB4CAC953DF98AC1AF787923E284832AF7E05ABA5FC23EBC5BAA47CD
C0B307FACF89BE88922122A0BEB65BFF4697975DC29AF259DCFFF67448F366CF61
B8702B297A54E739FE95FDF40A0584967E1284638921176C11F78D564C492481F7
12C8A8ED87B4CE16FE2FC6E172B0B4B4D1D3E5CA5E5168480CFA04D38332B754FC
82360E6FFE3C8DB97F35B80D8114C760F1AE2E86613FBD1814CEA5DF6E147DC1FB
96E357EDE70126C4827933B0A5906D92C3885F29659F9F2C806CBE58448099B02C
E5F63E7698F83F3B843299CDA0D314FFC5E8ACAB5CD98595DC7776E1F4FC16D4C7
000000000000000000000000000000000000000000000000000000000000000000
971135DEC1029A53158B161F9F628CB4B07667487052D931E28C502CB482CEF203
75FB763315B4AD54DE3554D45BBC114CDEAC8DC9494C171119FD496FD47483F2AE
25064388B6D56C8B5D4D5F68A2761479231353C4E2AF5CC9DA25DC5A231DE845D1
5944EE02B5EEEA99F0B4C556EDB7D279E69F1A48B0183B844F1827ACE9664A91A1
0DD40328FB8142DF0B53EA5066CB37A50B6A9E078BD2D95C81604754A1722E9804
000000000000000000000000000000000000000000000000000000000000000000
55A1CB87CD0CD5C3C8FC4BCE2D19BFA36D00E26FC4CCD85399156A984D05AD2AD3
DA742AA064685086B25CDF5635B9DDB60ED5D7F9EB970B5D05AE060C771F2571E1
C3DE95E2758FF7DEDAA566C257C340C8879F22DE43E9A9536B70C12E21883636DF
2EC78B932822B28269ABAE32E1C0C921BB74F13B0D8405EC46C8C6C31D83540672
5657C549300BA864685BF3AA29A8163125DFAB15390D814A6057997CD3BD772BC1
000000000000000000000000000000000000000000000000000000000000000000
08E02470494BD1D44D103867FF36676A9735D2F90488FDED7DD741E2D5E746B517
000001C27FFFFFB080000079600000302000001E800000043C000007AA00000190
F237050601C5F2B1909117B68734C629D4A621E15FDFC12123F592F475456CB6A0
DAAC0C490E83BCB636F807EFC1BA644B0AECFEDFA7E19BD2E4AD9D62D304F54F92
BBD693FA6A0A647D8DB96D812C1F1859CF4C0A6D59704C4713FC72BB71B1B0A982
B3E374000D48B1A3AA30905C88AEF387C44761AECA7EC05A131B3844FC530A3BAC
7F629C8357CF5B9DAD98825ABBE1EBA6A394070BD753B5D5180D86D9D5A1156EBB
47F5F855B4B366C2CE7B88BA8B0A808C45ED3FBB8A8EA858A3594A6374A9A7BEF0
040AAD70C17E45082150D24B29DA6A07ACDEED66E8F7304991823C62D4326B535C
BE2360274FCAB203C07D75B250C975DDAEB8B8F9F6F71F3FDFCD73CD8A7E95E146
3B9A650611890ED7891BDE826E8698E006EC7F56019860AC94D6B693C5CEAF9154
58E9722D88D8075CD6AD7C554510B4392C4EB24D3EBEEE238B8EA73F37021C69DA
000000000000000000000000000000000000000000000000000000000000000000
FE33EBD22C8F7A500C5E92DB4D2BC9ECD88F043162B3870E36DE653B582EE9F0DF
5B24523C066C1BBFCEEDA786B0FDA35A2A9F9E37A31857835B2DF94FEB9DB37ACA
77E6AB18989E422122320C77F4184EE15FC7038AA8478A4D3442216A55E8D8DBF7
27396E02E45E2E3DC59702EB0CC95E6DDF995EB8648FC8BC1CC7CD69FD95A2C3FE
000000000000000000000000000000000000000000000000000000000000000000
81B10D9BB12E03F85D2C6B878E73977355F557E1324CFEF2623008E9AF8E98D60D
FFFFFF91FFFFFF22BFFFFF9B7FFFFFD46FFFFFFA60000005FC000002DA00000277
000000000000000000000000000000000000000000000000000000000000000000
77F6C0A14E619F9BD3FFD38D6904BD1C5A177A843331249250A2A6B3E0541C35CA
A79723B601C5E656530C5E9B961B88FA8104A887B1EFF8F8C8CBA0FC90CAB7F547
C857DE6611C6ADDA30BF51DA562C2EA78B667C5A8628C2C129746F834900726727
E6C9112B8E71C0B376F89540F680D4E303B25A83045E5199DAF8A45CDF0DD24AE6
C03AE9C815B8CCE3F78923EE062AF9A87B4EC5235AC021588DE5D33972960DA934
CC2EE3EF43B62EF3F197FACF456AC520068C70475736F39401C4A988A324328CF1
AD901B019955AC78E11A35FF07C2E5752A4162E6B7AFE7B92D296CCE8CA5EC3D58
000000000000000000000000000000000000000000000000000000000000000000
C695AA7DFB1E1AD2088B63A89BE73FF10C374ED605317CD062F3E2D155FDC52FE3
0000016CFFFFFFE1BFFFFFB2600000244FFFFFE810000007780000059DFFFFFCE6
71B83269F2A2BBDF82658491F05D1BE98E98CF2A9C42FFCE546A806BA4BEAC7BB1
69E98C3F457E7DE505E3887B108648D1D1443C8BE2E414ED91E67015E057170E18
C1EFD36AB0A58C9A5677A31BAF2724CA115132F9C59842FA70460BE0EC02E58B53
DB3F26ABB3E57B79F37CA8A3ACF78686DBCF87EAFEA7FCF958B010EE5AA195D590
92D9C5BB36D25F6AE55F2A712B0DFE60ABF70309B177E81F3AC0FDE1DF65BB1400
99BD59C1925A38BBD8847EE8DC963D800FC2289C34370A63E4CE61FDE11A9142D5
A21AF24B64D2847779A78277E6CA4BDB7D54986BEC6B91309A3B9510367812BECA
000000000000000000000000000000000000000000000000000000000000000000
295D8BDDDF0441E962539368CFBA02B68BFD0A54EE4168E94CE825E53BDB70A335
000000000000000000000000000000000000000000000000000000000000000000
88B9BA500280EC627CDD89EBD35B49434A64673FA5DEEC5714B9B83E10F5C7B4C1
000000000000000000000000000000000000000000000000000000000000000000
214D1466B65B332B9BF49D28C1253B1C5FAAD87E93C04D0FDBC44C1A09DB74C567
71516F02A74DB8E19A17574523C5EDD8917ACA4FC60DA4B77289F7CCFC7B885E7D
481F85C5798AB9F33596B41FA77CB82AA16A9EA0844236CC9F84EFCBF353DB9A84
8C7347F17C17E960C795E376FD9685C16F20F90F2C8DFA55781FE639D100175C50
48AB4985CC890D884A3AE65F7C09119E6F54F768CCC8C19486FEB7EF8D0E7E6CF6
D47AFCC3F254C56982768D231AD741FF91B7624956773D9B3CE987A8F6A37CC328
068D16674277926AAEF359458351205DB087391051FE8C67521E68A7261BACA1B0
E6E96B296665922F11646C68FCCA559928D9510AE114D03D0655DA7FA6887CB0F0
19429EC5A8C782C73FAFF44DD891B0B7DE8AB616DAE16E6B199FCA362FD376A2BD
EB0F88D690240C7516DEFED3E01A8DC60062C7242AFC892ABDF98AEE422ACED398
C22C576C3A203B5259F49CB6D923E1262B7ABC3FA053230F6BE5C5992D6FF3D1AB
D8E30A6AD5E121654DFE069C416D040F88E156EEDF864F6A317C4AAEC080C903FD
96064173A222F2357CA81E5F7AF69CFC2898513B898FAA27DE873332E177FB910B
9106768A4714A00B3A64902C3B709EE8AA2C48C6629BF8D1CF06A45BFA5BD0706D
85CD4FA1D3A3B48ED40A0EAF8FE3AED72CA967F1F4EFC36468C5F223B9AA854090
212D1DCFDCED3141BF3EFAB4056FD32F5BCEB78BE168F436AB3AEECAC730344D21
1468AD3A432559642611F10DAC7238A6EB10D83834019318D416A1B39CD74B1735
3C8ED7335B31E9138A847D9623FBBE6B62FA777849177461D514A9E92F2DF56807
A1FC1C4EB275A7C46F79FA2060A8826DB42DFC383985DF43A665276F2ED0EF7C9B
FB54ADE4F813F9973A0830B4DBF9AF780C484109ED7D4D483AC210C48DA76543A2
B91EFE41C6602F524CF0BEC99B41AAF8556E409C8A59816410EB81313E62DAE985
A89FBB0C02B74239ED5D47B3DA648A822C23BB9D26D13F71EC8B65DCFEDC5E3C77
12C5237150DDFA1BF8A21F13B6175355AF57064FAFBDE08B1A88942701AC867EBF
000000000000000000000000000000000000000000000000000000000000000000
B559C486F2F005EBCA46ABDE382F57823E17B8458807CB82CC7562B8D9587B7950
6E90D118FD0A0CC650648699C0AF8F06801A9C3D749DD8214ED63E053DFF067FD0
E1E4C266DEF48532D70196ADAC905DE98645ECED3258E7375BF5712E92785CAB39
548FA6D9D4F7D18A7A5419B9AEF5AC4B08017CB1A371772D877DE4827FCF746A5F
000000000000000000000000000000000000000000000000000000000000000000
DE2DE6C96718BF4B5E19CE4E000A42E50AF09478CD17540AC43FFC66B6B82CF14C
2CDF2875FA6AC2110575C5E875AE0CF43009554695359C960E25BC3E758CC8E745
E4F6A3CE1AB6B2B6B42C4D88FDA6B1E0EFFBC5E9EB6879D6FC073B3C6ECB5B277E
22726409FE0A00C1A42454DBD3F2D7B276FE2ACD8F53DB268868EAD2ED1D8D1F7B
0D76143088EE292C3A4F06CC8DB0D89D09901CD2204072C53C6352A4C48F0C7DB2
0C174E69E46494FCD6B8C0D663A4D9EA9AE5012143159C3A5BE92AE5C49D50E8F5
000000B77FFFFF88000000752000002F8000001960000004C0000004A7FFFFFF25
000000E80000003E7FFFFFB48000000ECFFFFFE5000000016C000004E400000001
C411C07D74FC525CC0BED32BB1C549E9DCAE1F85410C20C32E6FBDB50C681319DC
4D9FF2206AD0FF43643F6106F5A74585719DD5CCF67025995EBD669C7D2168A650
3F5BEF19BFCCA10787973E5EEE26FAA596F7B4868E702DDD585C5E28BBFA4175CE
000000000000000000000000000000000000000000000000000000000000000000
E6E284A0A8A72BE7DB4F2EE10454C6696D56BC7E4EA11B3B8AB128DFFEC16FA2EB
EEED7FBE3923D1E581F082B97C0C9B3BD6F03BDA455A81130D99EAC1EA94237C35
1A1E39B5196CF7759E24B67AF919CE90B2B456EAF5638ED5E8DC621CE57A56FAC1
000000000000000000000000000000000000000000000000000000000000000000
3D31F89F3B071F87188355EA714F3F65D90498F4701D8B6300BA647CF7A2290195
0CD848C7705B2C2D400B3BB808AEC97C7D3FDF17C4BE44BB1CEB47BB3E26846585
AD080C2C700686A185F000FC6CB53227FDD7B8F248AC09E13029CCC72FB4CE99A7
293410497C3443BD00704C32F38A0AA0E447E94126FAF4DC5F225C4EC79B414A1C
8B20AEAC6552426EA0D858E6768A8EB594D4F18D5869FFA7EE82569D644BC8C136
DAF6DD06D4B95EA08407B195E6536FD86E1BFFA7FDDBBDF836E1B3786384964EF9
74D9EFA020036025CE72A29919E075BFA62BEF9EE66796A380229752374B5067C6
F0038FC9C1E1DC41E449EE06FE076EBD577B57BEF3F8BF7E6F59387B944FB05C0D
B6854D54D27679688CBF84AF3801021D16C6BEE134EE6A42973B4F0EF310508070
59E93A6E34413DF9301B0E3A771754604A43C2B1A1AE45285C218D2D1CC3973298
C1E326CE397921977C0F1BEE829077998695C8CB8C6C85889971A27ADD6B866295
4382D4E9EA6C13FED18F953E96E1A9F026A2A39068D0451D9D2491EC2C8436D7BA
EAD833A46111281D447FAD795C80A27191C87FC0A14BFAFFD4964FA2D169696B06
DF0B21A705D9DB7CDA669543908FB9BF446510C01BCD9B9DEF1CD8CF06BEF95F00
3A0C7A8AAEAB33F9DD55B43ADC3EEC213AA09BF49E0DA5A9D131528E086D0B1E29
F1608137CF7BD09056F7B1EB53925178CC39567F0E8B80653EE08787CE550BE755
DAD93072EE83D65DB614DEA1C11DFA2EBD0DC4461BEBA7F9F10E6B1BB114783DDD
ED3D9674327553CD3B06096A3D1234500CE0D274F191BCB59E311E4D2FD436F1E7
7C02DB774734DCA1A01E0094ABB33D7E1177E5A5E07E9C3BA688BDC23BDBEC5B14
9CE9B98906245C7D36E2537A9E05325B12C40F16CC7C4DEB658FDEC0B1EF419B76
6BA5FE0515F2AF46C14715A0242A45D78251AABB3505B9481389303D1501A25F1F
605E170C996D9BFB434A9C9F5FD79ED2E1012D222A0F1FA968B00E4AE51BD2AE65
48F2FE500DDDEFCEB667E27719F17A98C30F1D91C7ADBA293D78CF4F63D2C782B0
000000000000000000000000000000000000000000000000000000000000000000
49A5BC9D838F6D9BA7FB400D62EC4DA8F4EBFA0CAE9B9E1A34A98AD3868EAB6016
29EDBFA840673BF59F00E0AFEEFB62394A24FEC067DBA8ADEAFD54AFF05C848DF1
6C2E130DE78069AB3F5B65DF2DFDBA5C73B3405D64337912CE9A2A35AAB619BC38
000000000000000000000000000000000000000000000000000000000000000000
09CD7A5A435259B3AC2F7B22461A442CB4C76E72EF96F5BC06AD232FC56013CB34
3F3551034548B2F9E87FF91F082D55EBBF269EF06E50D1E7B524888341BAFD47E8
9302B614E50D9C9E726F1C211C9F6C0DCC8C9B48632A66A6210E631F1540DE74D3
0FEF6EBCBC0B39B30A2433EEB7493641B2CB19EB69EC97BF59D30367D54EE6E073
8A706857E1401E372FB335849A980A57452A063E039B827DA4DFC56A3FB2CE136C
DDB2C80969C41BF7C5A014EFF1E8D06991D9B44DD6054EAF517C6B9A9251EA6D0E
0F6E6C58DD6E491F93911BB0F6B082B5B795C53A98F1EF235036A0A6454AB75D27
86F9F3FF04FC3D5620BB8F0645B8D9BA445A6E2CB42AC7469E4EA14F2FB5175364
4C0DA160562F13EA8AC4DB97121B441F6876EE672D8664DB3DA7D6A65D4C2C17E0
000000000000000000000000000000000000000000000000000000000000000000
0CAE036FBDFFD2ED7DD821F8405DCC1183F036DDDA2CEA0572FA16954D72469225
28E7CE7604FCF60008D58AD09B7238290B0B29867E92D44D900721BD8865117BCE
000000000000000000000000000000000000000000000000000000000000000000
000000000000000000000000000000000000000000000000000000000000000000
857C1E7F16F4332FD370578602CC37DEB9A5E83AFBEFA639B04A7CCE6469EC3083
B4FDBA8285AE556642E637E4B9A8FD02592AA8653721FB54D684C9D4D23BA28D26
7DC9DE2D46C018F974D68741AFC56E3202013496712820FB822F603A0F539D8CD2
538D32243BA32F9D20A05663F8ADEF7DEE0BBF31C03E9C96CDCE5E9C380FC0EC9C
E14DE3A27AA031B8DEA2C77012FCF161FF6DF3FF2D852AB5E83E2284AF673EBB41
000000000000000000000000000000000000000000000000000000000000000000
000000000000000000000000000000000000000000000000000000000000000000
01B792DCF0D1570608B88AB0D7F8ED9D82411640DDDB1018B328CAC207C1148001
000000000000000000000000000000000000000000000000000000000000000000
7883FB5190EA0E9B38AA7F8F4EBDE75205544A9A374C846AA44D95C67B59C20B6F
858EFD62E2CC3A8E4BF61271F5404D9338817CB5B8A95E449CE69E6B61B0C7F9B0
000001DE8000003CFFFFFF8B9FFFFFEBAFFFFFE6CFFFFFF42C0000009C000000D3
BF33D86BB5385C298F9491956B2549683C643EDBFBC2C7C4C131CE10D71352ED0B
000000DCFFFFFFBAC00000070000003A0FFFFFF6CFFFFFFF580000053A00000014
9A60C7CE0AAEC84B7E3730DD7B6B4C4C689891767EA194DB659B6D0A9A74EDF0AC
A385CE7F67A11E28FB9C25FEC476FDB5B46771AEC70207AAFFD5C51B638E6A53B6
000000000000000000000000000000000000000000000000000000000000000000
A7EA9DEBCE42034C92F5365D2D15279C6E4B84A98A1F7D40DEAE07B2AB9DA07C68
BD0EF0B4034B22E2FE7A26E1296F0BB83F85FAD5E16B7718ECCE1A52B4B60B42FA
E3FD60ABB46085888E08E575D105FEE8C608C1CDF6BD84D028701DFA20E32C02F7
7649E07682C9F76624E83E39BD761571E2AC909C3844C3BFCF259F4A7350D250F9
9E5B8BBF3D1380127D014298B2952734FE6C3879F486F89E26BC1B4C0655E58E6F
1D7BDBC33FD0EED159C580DD3F860B4FCC765FAB3C6A3E16405474DB0E32D0B51C
3F52B2130AAC8D4B1695C463152BD2DB34DF017A5DDF88F436A367D80C765EAB62
AEBC8E361CBCCB75E0E076395781F96D0C91CCB3D8700847333D0CC9393C236C98
73E4BA0E3E0EB878449E6B48CFEAB9DCC4AEB26873D423DAC3F55EE5B05EE5FDB9
753606D07E5A58D62CABC91A85A3ADDE991C45BC62CB9DC38D584A1A0F13FFBF6C
000000CC00000035000000658000000EAFFFFFF880000009EBFFFFFCC9FFFFFFE2
4451CE9AF156F78D264B3F3E0BA48DF9B41CE2B98F90E52AA39D27B2FB8D47BCD7
BE7B474765AF9AF71CF109D5B687E04A52DA5F5E0C0DB1A7A19887B8D6DC1E4EFB
4685B392544E540F219390105D0FA9A469A92237CCFF712358B5188A438B20C068
632C6BF0E89216834C1FD676F610E341D06CBEEED344516E0762ABE53F94F75A58
3F06E633CE3F9294AA48FEA23774162F4FE3807E8CF52264856A507066A779F747
5AFFFE3AD8DA1D2F4141BDCD15EA3CE2702B1BD8FF9BF9FA3E41245D819E0A6A4B
000000000000000000000000000000000000000000000000000000000000000000
9938987859F808979E8A564ED16A28B372A99DB9944178E7A5542C50A4FB7E0ADB
38F7E39A9EB22A33C9B8EC5B742A6AEA9D93FB32C6CA7D3A87A8D2FEBF678F9620
C99E5667B1DB2C2CCEB0BC1B123E3832F6DD599EE5282A9B5A73C555043C5A95A6
000000000000000000000000000000000000000000000000000000000000000000
EF34F3A1C7D39E7D2188BED08D09710E84AEE1700AF5FAB80F65A47F5D7BBCCD81
B5EC34B2D1821152917FB49912918FF8075511EA046CFD01B515ECCD1B5380D9CA
6E3FFDFD0F49C7B23A31DE791AFC0EAC53788232DB78E6419D98184999F374882E
000000000000000000000000000000000000000000000000000000000000000000
FFFFFFBD000000907FFFFF83E000003ABFFFFFFEC000000888000005F5FFFFFFF6
1BF35F4625E5A3F4C0B5D133BEE165B82BA95996EEB4B277BFA462A9C50C068F03
DD3E4255615FC79743B61E9929CA56CD078BA5FD2B06F1A0BB6CC6F0F21B91790C
000000000000000000000000000000000000000000000000000000000000000000
000000000000000000000000000000000000000000000000000000000000000000
5523861027D422BCA941D30ACD1A14077DEA5D6371E560C2791356B0930E43DC90
198B3AA0723F62870D2683146ACED05D784969911E4F2108B273E48DD3A0EFCF79
AFDE019D2BC55E59E4BDD28F30C92C4EBFABDF7B682F370F8101A41972154922AA
65F0A0BCC502130C05D16730E08E4D2751902C78B2D28C56F8188F690DC40EA8EF
7E8905EC20B1B837B73D0B91DAA32F8D1DA4B2F2742DE3E2FA1C8BB917ECA48C1C
A2E786E058CF64D88EAF3008585DDB567D00633C40FEE4C968B44D4174F8F1E281
02C1D1631A377AEE232C763B712E400347AA47E859808D10243F9DD12EAC737F12
736BF4DB4786D6DF179A064DADC6432946B8B540C35C3ACE32F58DA0546C9888D4
5928451ACA249E24E533918BDCDF4BC827D037A7E6469840B2CED5CA38CDBC227E
E52F46A1A18F5172F36587AA3BED558A2EEF300789BE31EC3F2B384E629EC0576A
7CDEF24DA15442D138E58944A0776653AE649BD12A1E9D2634B4CF89147CCF9BD5
4CE4AEB54BD6509EA9DB7EEEDE60B71AF7FC1B2EE3639E65EFDBE34A06C5FF70FD
FFFFFEB700000041FFFFFFA7400000227FFFFFF20FFFFFF097FFFFFC97FFFFFD81
2BE4280A3070F83FC33A283AFB94D13BA0105FAF41D19A8F130A8298D5E42C8FF2
49352A132D6EE3CDD17D42F8C0B930ACA0DB3BB77E874AB21CB16630D0CDC01B88
79D94477A3BA2416F04E4391C6DF31FA0383DAB963B78792F9D8179ABA9DDF967F
CCCFA0A7C06CC9F7BDED375D1E249036E231F5D3EE985B6C1BDEC2290D3A8C5E1C
33189AFAB2AC3A4DF73F06D75E2C73965A7E5F00C661235960B7F65E695B7595FC
4AD8F85651B0A965D3CB718BCF18C1E3798E753C06D218C4F52D94FD2A152BD371
000000000000000000000000000000000000000000000000000000000000000000
C3557213D7FD8BEA8BB3AF4DEF57FF2C0D286ECBAD5943480C80E49AB293083BF2
CE0408144C09136E3F41E2A278B1EC96AE152368DB0402257C001629A0F4C96057
000000000000000000000000000000000000000000000000000000000000000000
0BE94A44B54B128BED0BB71137D12560C6495F9D3CBABD3F9DA6575D263DB6AB76
9A582E5AD2E3818BC1D07AE6811064FBF72EBAEE6EB936232C57C696E63B5CF8B1
6E1863180BDD632738352E8AB062D15E44668D1AB2781CCB261E0438B89AF012B6
949451AFA779EC83D3695C609CFB214203979E62B702DB366FADDD24746E3751C8
778F91D9D2EDF3CE962CD4B6EEEC2FE652951A8A798FE901332C81B49284172F2C
C9604DB24B8CADBC227505B278C4D5B4A1EF74C752954D2951640872E8B4D4F515
000000000000000000000000000000000000000000000000000000000000000000
04C523B9D36246339DE8A193DD83752DF3D023469A99DCFE2F1832EF374633EE86
34842CB6F9A21AE1248D6E60DE862C15B8363A8051C5C65B626DAF2092C2D2A5F4
000000000000000000000000000000000000000000000000000000000000000000
000000000000000000000000000000000000000000000000000000000000000000
324C13C61007A3B560958840885731AB088A5D14D5643A287E742AC68E2F5A5EE1
A8A5967685822D3727FCF8E59E7B128930D3E25C890E320C334F0E159F590082F8
1528296C2E194C78B878AB0E5D749C03018D9C2A5571F552BED752D4F47C88EDC0
000000228000008D3FFFFFBE6000002C9000001C2FFFFFF26BFFFFFA2A00000006
F468C282AF7CAE42C152096620001FBF282264A0E216C4DB7E3ABBDE77C9FF9F78
37E90040983C4C4A7FA2DFF96B582CCDF01893DA981590F54F85E29BE90094F1F0
63D4674E252885CA6E10FD57BFF54AB7A7350D627544F5A1E9CA506133F79702F9
93F4097AD67753AF41ED804E6A188C292603C7CCE8D00580DD35E54A3F5789A197
000000000000000000000000000000000000000000000000000000000000000000
C4CAB7BDC67586DEB2254CEF001E57F2095CB64996DCF98073E30DE73117DE55F3
EB112E2D5C8F70100900F2B6D0391AA628C3BCFAF78FDB5AE31E9923A12B4DE1BD
846C278477E322ACDD6BDA05666886CCA9227570D6B33E548C85876BFEB31188BB
4AB9D11E2011C2A31A06507C06F9888302AC89B971341939FE58B084B570490876
2C542D1796BAC7E0D737CB5AF740A2AF1770BC7B6DB73A2A1E6049DF2E15FA7156
FCFCF94F9641ABEAB7B21B96E41898ED2E5C9AB8AE8AEF5C262C176EFB2D6006A2
14A31345E625069F3A67012912C00356934E999B48DC6AECC905E2AFAF484519FC
000000000000000000000000000000000000000000000000000000000000000000
5A7F9364A78EBD819D1C8F19D5DD99D9E06270191338C29CA5B1B35704A575C1A8
BA37B6BE7FDE3C81AA3EF5B2F11B0C7F95E495C8D67572B28832BCE39C9390A0E9
BE39BC11C0E1ADB576F4E522798273E214FA3B469CCD8120E7AD62B3027CD0CB4C
C8C638357F532D4B33C0C44E9A3878A39D84597E0BC889246D2AB7FD72322E2487
000000000000000000000000000000000000000000000000000000000000000000
98F8265AA65A0673CC3CAE1DDBDCDDBA47C76B410D3FCFC0176EBA1E02149E2623
A5071B149B1D5860343AB5FC42228D726E0975A3BBFB83BA41C3C97453AE8D46CC
C143FB1473DF6C074570126F53229DAF38844097626860CEFC214012555BB5A848
000000000000000000000000000000000000000000000000000000000000000000
000000BF000000133FFFFFECFFFFFFD22FFFFFFEE0000008E80000045000000345
4EAFC5B5A0C19B6E5EDCCAFEB5C14B6F64EAE5E375A1DCAB59D3F53E4A5160170A
3239DCDA44FB61C486D49D124284110CDEDAD511327A29A90E971F7B0168149C0E
69D16B09BF8672022DC403AD4FFF8C6A14C0621D0E18DFB2F637EFD946273EBD93
000000000000000000000000000000000000000000000000000000000000000000
E5FD895E27C69F9C87190DE0A1B769FC106394A342957A357C16CA4E9E3AF1681E
0497632C60C92ECD20965F4733CAF7C5E19BAC63CBF3B5D44FA3CE42AD4B789F27
1A9C0685E17BD4780ED7B643E3A1C15641227A33DB12AF7AA6F6EE4F14D4B989CC
4E3B312C94751DFF4559ED9CEDE64B8FEC1DED694C300A441021B9828A666855E9
B1E9702C78034A18DB197E0E689ABDB0989373CEE97393AA43588B6A5A34BF3324
41985CAC718CBF648FC4ABAC8618256B112EE71DA4DAEE30FBFFB6DBC70AF18E2A
EA38A10E09040915AE9CB4EECD00272F9F1D6FC7E60437AEAA996E5F5C34AE2F6C
CA283C13821B436AF98AB2E5C50A79B69439ADE7A70513FB66465F3B2981737128
20E371AA246F79ED5083125BFE94D73629DBD77EA4277049418C91092AA4A862CB
000000000000000000000000000000000000000000000000000000000000000000
C2C6EB1D0DE4302CC8C7CEC3220827276BF5D21B74B1449816C71D2271254EA5C5
A4E05234F840640DBCFDB0487A8CA3CD0983CE40A4227037C36563A6B80114B091
C29FDBED84E5A242A2042A45296292557B380C228836B628C63D34BDDC68DBB800
2E9A880DFA7CF918D37E0D5FD145EBEF6B9517153B96FCCE2A94A90587E4EBE43A
9360480560D41DCD847184149C250042AAA49C1BC86DFCB1D1E71F6067C4CADAE5
54D755CFE4BEC566BCFDF49BDE90E13F034728076D8BAA531502D91E5CB959EDFB
000000000000000000000000000000000000000000000000000000000000000000
000001C8000000827FFFFFC87FFFFFD890000010B7FFFFF43FFFFFFDA4000001FF
000000000000000000000000000000000000000000000000000000000000000000
DCA30BDD65572F73E5F80854C8ABF49F63E7EBE10FC63B5F0FC2ED6538C046E462
000000000000000000000000000000000000000000000000000000000000000000
75A15981E23E1EC213118B1FB50870FCBF6EF1053D8CE25A4DD8665659084F5E77
A21B9F20C8291C2DA4FA0E372ADDF7BA418DECEB92D5B19F44CD2EAFA5A20BFA2A
6A5B469FB8D187A0EE84694F3595FD5C1ED04FCD1A272827570344D0544219D2B6
CFA2C9836E091F7BCA9461537169286FE2F7FAEC8571A29FB3FC27ED7F681104FB
AA92DD751D433DDF726803580A65D1EC33DD111E4D05F2BA448100FB1244B0C753
000000000000000000000000000000000000000000000000000000000000000000
67D1409EA37E1323339408C3F25C928CB5261696740692146875E9DBA699933F22
76617DCDA6AFAF08B8AFA46B6392FED5F2CF8CD0D559F1BC8A276B877AF0D91733
6CC78BBCD071CDB295E078A2BEC0E3B50648FDB867DF4484CF97AA3DEA5D0D84E9
A312F611E46C24D8E3F1A0750361E942371511D5CE480D1C28C75843DB52528702
92942E21B44ABBB53AAA93BE05C7FE11ED341F3E01A800AB0A30E3349620E6593E
BC2334108ADD73B3C401C4B81943FA1328409016C1543701B5B86A002E25E64F02
AC2AA9AC235291A4E5D65D3DF9DF37EE10A05E808E40E720D69D8581EDBAA90A1F
6D901C9A2A2FC4DDA56328266DCF4B8B3E80A70638E067AE950A5CABEF7545D06B
24C6833C5FB71A69F4BD0133487CC68B524A5FAD65BA9830B7EA6A5267C3BAB3EC
2C209BFD9C0F916B6B9B31CEB59A23EFD3288ECC3876334EFD8EA7FE84929F803A
18AD0563AA109455C1A84B1AC7F667FFF5C7F6192FB0A871D7CC862511DB82AA50
7616E1812F951A95825606D164FAB36C902E9C240C8D27563398A14239313276F1
AA2290B002270C5C31F0286D35DA35911AE30A772C71F78097B26B2F7E4CF7A694
3AD5A1FBFC73AEAC2A7808AF8F1FA187BE537E0CA47D8C829D67E53DC3B69E923C
53550970F8F329E8F511D8F300754696E0945FC0819851A5E0094F89A696063BEE
5EF5D25058D00319D6098773CAB4E44B08F9A67088AF3D079754097A0E91FFD28A
FA0D4EDADE2B3DBF82DD577B6BBD51C958E6F9E7BC53889A25FF1B1B032FB4EADA
DA42414DC8399F41516A0CBF879A2D8300C4479F232CABDDEF93B1D26C2566209A
2C7EA7BE290FA23708160294ED7424057641F4CEDF6D885C86D0CAF7CE594558A6
8807E66DB18F68329069EE30790AFA9A41F4D92FE998BD3A12022139C66447C0CA
79CD4F46D7FF3A99C0ECBE8C3E9575A2B9F5DC8975FF9EE9BD084AED99204679AB
AE1B84863D4FF2FAC579B55930D3852FD3E5E7DD5ED014CBD352007F87145DE865
2938E15594BE7F0990AD7C595A420D7077D0745D03DEA0185F6F24713632AA771D
ADC6BC1D437851BD5D664CF5CDAA453142A0E7A26C59C831B7770B052D97CE2CCF
FA868A0AA835F0B52232F08EA224BC26CB5D163B17DD0428B466D1415EBD3A3E40
01897924B2E3B759D339F0780DBD745D439D6066D310354E45604710AA4F0C57C7
000000000000000000000000000000000000000000000000000000000000000000
000000000000000000000000000000000000000000000000000000000000000000
1070D9A0AB4F914FAA9DF7DA2EFEA081DA52624BACBB5192CD4154A23FF97E5953
7B3EBBCEA00A3DCF7A3999D34EEFC65F2D22BCFB64F22B32AF0EA11173431F4AB6
DDA9FCEDD2CEF7D4A4A33D9C1ADCD05661E8D2A12FB7C0FB51BC80856B99DC2514
07CF1CED05CB3A2E0022C12D9CBED41131878E5B4FE215D0A2EB30A693DD1B7432
615157670A7CD8A4F89696A50E9421837ED2A5CC2BDA9505B6B9F2DA066D09C5B5
FF7BCB0873BFD97CD1B23468D94B30DBA68F4105918299D99EB8BF8814A8379BD6
000000000000000000000000000000000000000000000000000000000000000000
89BC739D8EC49F2154439DC695DECBE9067AB9A6DD42F165B86CC567C33E05EE6F
5065E050706722A84997A948304D0C3A7EF1C48AE0304850DA65768279F7B9CABB
814546F167E4CDDD7FB22F72118EBAB311DA36A742BBC040589126F602D2A62759
21D8866F7961DBC3ACE107D13718D9813C736089109166F2E139310887D501A2F2
000001C5800000897FFFFFDE5FFFFFD7D0000017C80000046FFFFFFFF3FFFFFFF9
302ABB205BD3C7601145AE9753C4BD92D105ADF3F45503FD6D8D7EC21400B3E8BF
82B0128FB28B28BAD1A7729513E701355234EA62B2B93D3A47CFA75E29E0262C33
DACFC3D908C09416E70E0EDF86C14D4B0415F0523EE1432215E588C4BC57BE2138
000000000000000000000000000000000000000000000000000000000000000000
D9953A1C2FC6766E61605265DF8669058602077B2760F859331EACA67C74A0ABEB
563E9B81EEDC9C421E6A46F8BFAF9612DB894EE61185B7EDDEF2BDA1E6B8461FF6
000000000000000000000000000000000000000000000000000000000000000000
66D0954E45D0A3B6556DFE5571F35A2366F488A007E038201AF83D81A7A9227B93
BEE78B6C9A1BC614FF67877CF86F8F4C570C3FFE9D86F7554830FF632FDB9CD5D8
1FA93FE41000412C617941D88A9C4107D7588F3DFC9177748AE0C76B31FF117164
DC553A8DA5C11257A7C2D8297B66D21D52FF083F2AF257CC6F30B0E48981B5ECDF
C22FDA72ABB155F965229FC4A84DCC532DFDC0976C5775C996AFA29D95F8A578AC
3D568DFA69CB73660C73DAF89745B1033C053262907330B331AEDA29FBD6DD6343
F350F4903913D086DC6037388972D49F3B60B4F64892F634CA681026990C579911
4A6379708B2E60A184B002FF68DE7E03306841805C57E0B0C09311A62B4CBEBA57
DE2D1651249ECF67DFDC56E31999DA32A2EA862CA2EBEF311C48A7BB423FCB2001
90DA572D88F384BF9DC58D814F4DA8395EDDCB1B54CFDEDDC94F8DCBEBD2ED63F8
45672354B853C40A46AC5448832E137A9DD2D792ADD32EB588C50A2FFF91D57E8C
0E85ADF1E9659A0DB4C22DB33DE6A7B46D5FBF88060D71995CDA48AD4D7C188513
E953DD86A6AF97C7C55EB525544C07F40F82E461FA2FB0602D42BEFC6A23840CDB
8D34D691571A32C1BC5B7ED6A9EEE8CA5340D6B596CB0568053CCF8354ACB090A1
6888D097160E9C6EC50CA02D176A804FBBC65330A588FDB7C59526F691EB97002C
5B80A41DAC87054B514EF770B78EC791983E24DFCDC0162CD2540FF646BB137BCE
975E9B8636B815FC7D1BF808D2517237558A7C35E64CFC4D06E7B184AF5F8AECC2
007AF10867FC5D6460E69427A5C3A4D7927A68CA73DD8475F8F325043C4E8D5882
1BE15FA952AF561CEDF2EEBF4BD48C489973C6FEF3282C8AD418E4318980CF553E
95758D2BAF2E4648458FBD5274AABA6B235A7408178228F700520D007FE6DD7260
709766C021B66161744B7DF058A58F8D0B8C76F7CA2D7A31C22E63728FEC007692
EC8826529DEA18101F21E849BB78394C3C355AB5FF784303D573E23AA063903EC4
000000000000000000000000000000000000000000000000000000000000000000
11DA75FC434219751F3CC3BCFBF67A66E15E337297CAAA7D353A2BD641E61063B3
2C8CD8D283FBFDAE7545EB7A636C963267F0A493655497DBA123AC0571AA3F3700
AD341553E7A0DE7ABDF55A341F65D3BD2FA31382666B2BF9333E7EB1E6B2CFAA76
F81CFF4643082C3807DE594F0EC62AF46D3B1A798B2BAA26B69D898BE3E1F884D5
DFE99F6E6FCF1769F446545B2F4C548FEAFC0FA56371B7CA39BA99E7991C78B13B
2909229DD9BE7F16E7B37E49EF94FA52B72B4F4708CDA09F795D4DC89A8C50B76B
000000000000000000000000000000000000000000000000000000000000000000
AD93A39D046848B508E07B4CB611D00D471C4BD1EE90674F0960D0D581222B110C
FFFFFECE800000D8FFFFFFB7A000002940000018980000046C000004FDFFFFFDC2
FD70704EFC25DDC844EB5786802822DADE456BC3DA5D5A84FA86D450C02415CD60
A7C33DC2054A808987CC8D167E41C75CD3FDF5AD7AEC113B1F465057293FDFE275
DF70B2B01F67E13607BA783E2DBDC99702ACE6C11BB8F02C2D349E47315E9EED76
61BACE1A681623227AD0C580F54BA367371791A052AF42B2F54F7288BF50369110
29223DE0F9FF58F5E7474EAD1F76530DF9E78BC7F3263E1CE05F328D4CFCD5169B
C2CEFB12953E2D0F3C76A2603382FFDB5F2ADB446B7D98809E65061C2B300FAED1
C3214D6CD7B928CA58A6F4F865BB2D1FA329822675A313C616B1F6016A7C90DDC3
000000000000000000000000000000000000000000000000000000000000000000
7AD481B0BC97C955D527BD2C4BE822B485C291C6F6D26079A9697DB72783A15024
CECE6B9ADFBD6BCCA1CE10B3D568D8E7E74C2134A3F5616E7714C42C586C7AF73C
44A6E02817F8FE14398E85A6A22D6AEFD244B8187CEE0B4A469EA28CED16E003F3
578090317DCFD983E808F688055A1FEE9ACEB4334C4EF60E3C60CA438D7211BDAD
1006C9FCC027608316B06C413FDB347D216CFCA5A3F439AEF1ECBE610EF05805C8
D14FEE9C306F69C68629C442DD255077913215D44C30D1DCFE017ECEB7E072F751
DD9E1EA2432A9A80C3277EF1A76CD89B4F63400A6FB3B8FE59E7C72BBA55FA541A
3849EC27FA80CFD25EA97006D1ABB1A16D126952084FA186087B8FC59E45D34FAD
FFFFFF6900000021BFFFFF97FFFFFFE4D000000BEFFFFFFA900000024E0000016A
8EABA5D66B6524A8E50FD7019E31B2066DC394ABEB2863ACD82B1001D5EA32070C
000000000000000000000000000000000000000000000000000000000000000000
CB159D0E3CC52ED7C77C3C47CAFF561AB6CF52D77F99CA5DB08C3C50227BB4ACC1
000000000000000000000000000000000000000000000000000000000000000000
7D8F86280A2DDDDDB248AE70B38C3FF3A7801FA3AAE77FEF89DC90D6D9310E8374
D28F40225F8549F8570C1FF88A95D8750A5FF4E028900FA2C50B484BA0F7B5D89B
AEE171F399A729D81A59F7528202827D611547304A628E05FFC1232730AE29A595
B53462AE4A44B50B1DCF6203B08928C4279BC5DCBE5183804488CE76252DBC67E0
4BA178D7332085BF0E52E549AAF8A2C8034112C0D7467A92B453D4C7D8663FB7CC
8A247E6519E84D93F905793B3A7164EF42E280DC9367FFDA35E028C678C731E2FB
FFD39AA8FD13F2142FA37078E5571AFF96572BA1DBC0C8125DB889E86C699C39AC
BA9539E04FAA36A286EE70603FFB6D064EC05F62B1BA4345401AF8D70360D691C0
FD686B0A16F23140BA94B8AEE0532C8C1479344DCBC997C755830FCB87DB75C692
A6D5E9C1D881B70F96EDD005F31D39A86AE102F9E2F6BD6E08D0841C657224ADD2
E750FD5780D804BE1F5E8A2C786747E91FC23101BD7CD7D94DFE9EA2752D700A3D
339CF4C5530AC1A45FC8F919A9BE21CB98D3DF7F2E3F48A0030C62B47845B3FE92
9D3EFB72C18BC0C3EC3E939A86E70EA42DD5B11DC98BC4B58CB564E37688AFF253
984CB8361F0927D6875FBCB3678E8974DB2A691AD9E9BAC58EE6D961604132ECC6
066CF0E86B9E6A761051487245DC8A58752CD87DDB09BEF34FAE97EE4AC3B71852
00000006FFFFFF8B40000034000000081FFFFFE527FFFFF773FFFFFB0600000308
2BFFA270D4E58FC416F39078532FB84420429BE687028928EE05CCA46758680764
18EA95FD8C53C5CC44500F78463513E692CA584AC4E9BF2FCC3FA1B2C5E5F0E543
A9825BA7D92D6EFAE1F815EDDBD5A88D114CA087055F09BCF3B90F3C5783E50837
F705B7B13144372DE6435B1CED0E1EFB63BAAF76DE0BE1B18C7595E6B7A92A3462
8666FAF2A730A9E2357158FD0071C521F71171F5540E590D0C285CDB32A9B212D7
000001D50000005DC00000333FFFFFCA0000000F6FFFFFF0640000053A000000F2
44EAA39C163E227B113A87CF51D7D40134910995F4D206E39E3AD4EC7D92FE199A
000000000000000000000000000000000000000000000000000000000000000000
8AF72FEE6F61D2656768BF5C37E8985EA964089C510088000D5C921564431FAEC3
3145FC158318E3B4F861A44F0A068E245194045C1CFDD5FCCC0F04B6EBB1346E2F
B3552077B636CD41DA6A3EF22AADF202C50BC7105E175ECCC8D51A847C112E1E6B
D3BA4B7F2E6F49EB6C762DD09CD1A08826A6BDA389DAEB4FEE0D837F3D53CC9F29
1F2E803E7A97233894C1175F6D6B7A9AD1A8B6333EBB61015A676D038EB6C91ACE
22E57E337568C5DE77535C3DF873B2E2AFC883DB7DD0DAF04BE8FB739E122B01EE
63D5C2C224E8BCE8D09852EAF8BB70127AD24E49FB564C9922A1F07A7FAB04D1AC
81507DB0A4D03D74CEEAC81CF39E9AD211D955F2DA3F221AD98CECB4F1D3B3E2B2
8E6C68FB69D707C018133F24D8B282034D18112958546FF5F9CA996CF15F8B591E
BB790F6C2874DCE585EDD053875D152AB885C848EA9E3CDEF1681ECD785D394D34
8F552EB8559A4D023B0C7E88F4414A54D0326E62574054B74BDD743FA91F41C7B4
C7ABFCB5BE23E8CCCF183A45620AC9109B3365EB92447DE68FD20D44DF03F1E0BE
836F909589E99B9240145F863E2CFB72780C584755E5A627BC9AA34FC06B45272D
0FDC31CB1C7A57A661BB0363F59F75CCD2E2145B893C5A57ED8D42633358D818D1
50CAD2434374761742C05F7858D960650F7A6BA7DCD5DC08B18B6704761D395936
000000000000000000000000000000000000000000000000000000000000000000
0C2F66826F5C5BC55D5D2C1F3F51E23FE9BB283A9FBC6FA2F0047A0DB3F6DF5D81
4450A56D0EA2BDEA146E855B074A2088CDA986937E372458F947FC5CC3A45FFE87
75B0B17FC5BDAE5FE1FE80F710D6FD6174730C00620FD9F4F827D12C2A55FA54F2
E49A52A016C9E173C247DFFD57FF6AA1EB0F47EE2A2DC58D1F2721FA0FE32C7777
8DE68BF6184302CC26A8D4566544701694CBF54580DD64D0C6A0F74B6B4AD932B6
5F3A63D59234C4083A2EF91BF8E4963C238D17DB57731DB02B90ABB68999E0D465
000000000000000000000000000000000000000000000000000000000000000000
01C88A2EB173E1BA65F082016DA631441272FCE0FBDA6122EB6589BF5AD124F95F
DA0D2BF54C39ED85A1487581E5DDD3D05D1E7AAB007ECF2D8EDAEEC77B6843E2E2
6492AD923333D948E87D6A192C6E6E60FED0D6E3E0C60EF7210FB799540AF31CAB
83096A680F385B1432645483069FF68497EC1799363E27860E293A8D85E040B734
8B2C09225FD6604EB98F203CD86CD2A62947AC886DA76B78B189863D0CCE0BE6C0
C8708F140703CE0FFAAC1CF1A763F381A042E4AF602B8A8ECBD4643FA1F4CB24CE
FD81742C829DE6C6AD003674179951B481EC47F4699F67B230D1544FECDBD37AE0
EBA936EA25152D245824A7ECE28DB7EDACDD3545B4F4219E1180ADAE375D4D3CF3
050504F9BC0FB2B9561333FFF5849B25FA96CD0EDE6B14754721315950D1637B76
D2E1E4B1E00A7A44BED50DBB62F7969B90FA190A4E63C538D8DDD2252E63E1B307
FFFFFECAFFFFFFF2C0000072E00000320FFFFFE9E800000F17FFFFFFE9FFFFFE2B
93C80BF22EDB1A21CC69E63AD747043BEAFBD450DD4E1631A66DF63A35CD0040B3
675914712146F92AF376B58FBD6E545388E6D30042129AF709858883C96FF04D2C
11150D2C5A0D48A2D51802884E92B81F5CBDC4EF066E78652F48A9C67002779189
84532F691071EEBD6905A624DE666BF1EDB56AF42F88F935F092B5E02387A914D6
EC9FBBC64EEDE26DCE4F2485CFCAE52927D2EE148AF44702820C4B58F3649E3D6E
1B53FB8B9E1E1B15C9C3EDFBFA06EF01E639013CCEEC0337369C9F7559CF470652
794854CD6BDE272E0AE3F41031F777D898344A81F7BBC51E2371CF798BE5F29347
E9C5517F5C74856B04CD2BCD27AD17B2F3687C3825555E36A2A28FEFE64137F9AB
F4E5F8C842B7AADFC142CFA5D941C495A921723AA69BFB5E6B0EF186291CCED3AD
6E658AA86E046A24316903FBB8AA552707004E04E285877B0901001D868456F649
1A477E60DA86EA933615B3E80685F1037AA4D6ECBBEF37A31732E46D61B8FE72A0
33BCEE424C5A1D2A55C01F0E320369BCFD1DCBBF68E8355381D69212C69C7440EC
BE7F0F2DEF2F3C3C899BA4D562DC175DB71292DF815C62DA9C404EF49919CD57EB
2568274619AED64C0FE5DCC0F50BB6DCDFBF5AB991F99C2A9C742DAE915600773E
80DE79C1B45FAE238E6F1C4E1899B731C87E7F379051B9CCCCBB37433B64C64B61
645F3E7792C3B51A3FCC0D87515626C9CE990793ACD6C24475BCE5ABB4787C60F0
70222978A84F177E42A044B5C3FBC417EF2E28D464B59C5BCF74C5A421DE2A5932
99507E523708C2BE0F0627663FF1CEEFDC2D6C757E402BA50B6F73FDDF7627FB4A
000000000000000000000000000000000000000000000000000000000000000000
A3309D245A1B74729246EE4F353AFC120FFB80ACA30AEA3BE7BAF09CBDD0F6A962
72594705C7D9914D68BD318C6006627341204C1D1E583CB4EEAC90255A7A2296F1
DDDBD5DC61EF305F81E647CE29F109ED32E5C3B753FE927D3FC27AD120795280B0
081A9F7C476C838AE6D762DC8B5F4865F6033944B8DD5A46C81D49F19D28627A2A
A30A444B987015CDC4E964FEC6C309F80CBD59C7203409AE30C32A378E63238DEE
88B9293D5F1A61C2EC7B6351B23E9A2CC15640E4C61008309AD4E28523CE9D2704
83C176C7A08D08823B1FA45A9D4720C60B6D15EB4B18C691FC708BE526360CF107
BBC2BD3B7DC614CDEF953E68A3F1D07657A2E62B3465B83C9A54BD0311753475F3
D80E017AC5332662DDADE88F4F931A0F0B46DB54EFD21A5EB1518D9D3B6F30DE38
16C170167524C00B3BDD41602AD7B3D878ECE259DF7EA4D29964BDC8EB9D278385
0D5AD457267B6E4679ECD5CC0BC4101F09F48B262E6C91BD3F3237B98242695F7E
D0F4A30EB38B8A992652B11533712F095D438FF66D8B5302E8BCDA21703A008876
BFAE98EBD1BD08C143E95EC3ECA41F2E19EF7408EF620ED26C94C23EBAAB453D51
7AE8FB8ECCC9A22272D56CDBDF56B9D1248C8589A0EF566DB99EE5DA85CE63BF29
56F35EEC75D42A038CC55B8498B522716E78AF15BA4281028DAA6961F87DB3D02F
FC6CE801D9D525543D71BB5345C9C01B12C152E779B486153F05F36B32B716535F
000001C300000035FFFFFF8D60000004E000000DF00000027FFFFFFB25FFFFFF2E
FFFFFF810000004BBFFFFFF15FFFFFD7FFFFFFF908000000A00000062DFFFFFE4A
6F3219A7DC746453D955E03941F5E8E34666FC434D8F11A1E1B5BD897AE03AF182
E2500539FE9B6FD3111755A927E171E3320CB9433BB83F3304189CAB26AD1E499D
4E05A83BC70511E78BB90DF27C2EA8A4730DB4992D60869CD67A4F3B797DC6AC62
0C6F8B4F4B44D667E5D52D51874D3822095E61840D87B5265B99139329A21E7DFF
16F22104C1FFE84ADA0842FA32882AA488E667C959838B746C1E35BA59A3183A78
71642B10A39F6547D7D0458FE50D269D65D40E3632EF819507B30BD598DD0C3C7C
7FA3E5ABB69686985B18109175C82E410C2461F63184947FA47E3CDD2FB4AE6E67
000000000000000000000000000000000000000000000000000000000000000000
00000157FFFFFF948000003B3FFFFFE8100000116800000A60000001960000035F
9D6E281DFC9346008A793190CA51DAD21B6BD9C8746AF616BDD6E735667D311A1A
5360AA61BA8C690E00ED3944E6A0F09ECE895199AA65DF5B3CDB2FFAC94A0FA401
D720C1CC35222269955E3FCA9D788E35461012FD056283D718735BBC956C349293
EF38461B5E9BC9A5F396FFB11742821A1555128968E08D06AC06B633D4386BC14A
8AE7FA351824864DF35A4BE6A7900E31D42C9482E599B37168077DAD6BE40FB041
F054F6447D31EC5C21E22C2F8FD5713051AF36B6C6B4EA96D736FE9FD133CA0856
63EE1007D6FF1D078D37D7D9A921D67078DB64599F50DA7CAF4ED466B117A36826
8FC905731A79F8309552D4D2D4926C947558F9C02B60F00B92A2AD4123B8CBDBA5
0973CFC776E2E57BC360BB5DB23E0EDA3FC0464A3B46848941D8DE2924A67A80AC
26B77455CB8C72B1DD489127D1FE7EB587D88DDB6CB2C9809C5FAE33D6CB1C3412
3572D6545DFC4497CFF0746A30B5A1597EBF0739C791EADB018070C14A0FBA3EF7
B9B66FC8CC4F0AA08794BCACA5AEAC24B60A6AD3842C34F3CB8934D0D2AECE5D20
6DF6EB944784281807EB9421FDA3966B9B95C87465B82A5BA18AEF31FDFECAB981
0BACD86145FAC5FF545325CB7F3C642B9B026D1AABB18C1539A2DA16BFE94F29CE
7C2E39103E8299D8842A7416902CEC6A5C6574B10EAE417B16FB41EA3EACEE1FB7
5E8B4A2A5517E74BA8C079025E5708D22D277AE39E49669C34E378832C6630BBD0
FFFFFEE5FFFFFF133FFFFFDD5FFFFFD37000000250000000BBFFFFFC80000001A8
47120FF6D3614FA1469C1688454B0667629DDCA03CFE97008163022E01BDF52AD6
A783FFF2456D349708025A7F5B59ABAB5D3B5C276D4146359FACDA17AE95498E87
43198E9DA5FD778490825AC8EFE11AC1DCC5E6C7B6777ACB2F7168DDCC7149C19A
C6905F5E10CFE83F56BEF6F71633E43F07DFE9F4A54A45D698A433652C771F7BD3
6956D81E1B26B29C11C207011C55717083A031512A32C2C04CAEAA7EC08DD5E1EF
000000000000000000000000000000000000000000000000000000000000000000
000000000000000000000000000000000000000000000000000000000000000000
000000F0FFFFFF8E800000719FFFFFE65FFFFFE31FFFFFF4B4000004A400000036
13C9679F4012C2E888F223385EFD88EEFCB4E2DC06C4C15DC84B65B2299AEE39C0
080A18F7FCF2B7A69A0AE15D68EFE847B054D91358103D8FB15D2F5AA7557AB543
7611877E15BC350EB6254B0BB64FD1E36A00724AACBB6BE6225407701E4461AE23
666EE5836317A1E2594DE35DB150BEC5C7081733BBB8FA6CC9E6A7583A43C31C08
3C0115EBCD32A45F8DFB1AB713B6F0BC9BB8E29FAA1166755AFC1EE316CB3CE8D5
000000000000000000000000000000000000000000000000000000000000000000
581F65DE23CD5B6302B322CE31D04FA30DBAEDEDBBED954963FFE5B7F8D2E705D8
000000000000000000000000000000000000000000000000000000000000000000
75D021C6A0C7D13FC0213AD8D9F41820EF318B5967B07D678CBA5C690009E4ACA2
96567D98E228EE73D28827CB876DC76CE312A3DE52E75B4D8ED89D7ACD5382B401
FCE1C92727CAB6A957B2D02654CA6100BFDB0E241FBF6B080C9DF2FFE61944BE6C
5DAB5845F96F4B5590F9B62938AF92633F15BCDC6DDF903E0465F478EA48731770
E2BDC08856AFE9DB615E0BCE02439AC0F8DFA92F630E067A506B9D819AC891833F
000000000000000000000000000000000000000000000000000000000000000000
6810645E9F58FB3F8D2AE97CF2300361964197741FCE4431E5A4826A0AF72A1911
4A75881E8AA88D2E29C4D42025B39072F09FE8F38493F15679771D874E3B881CE5
6731410401C5B6B7AC922830E238CAE75A95681B64603DE0293ED95917E3332FA5
553D493821235EC7BB5E913204A985BA10C9DE49132692F8EADE3A7A9152444E40
760437E4A7D840B7C0AAFF3350AF7DB200EAA1B351E121D738293AF4E96D17CB90
F899D711699245D7ED6831B42BCEE53B2409C34EE7FC0027CD8B08CBBDDDC4C08A
3B4458D2138D8950F5C487D96D898131CA57618BAB786150A9EF770F211ED57BEC
000000000000000000000000000000000000000000000000000000000000000000
000000000000000000000000000000000000000000000000000000000000000000
E4045919B2FDEC3678B96E563261D027425C43EE060EA844D8E8D99678D8B340B7
FFFFFFE9FFFFFF95FFFFFFA49FFFFFE3FFFFFFE35FFFFFF89C000004B1FFFFFD55
E3696851A90058DA56D8F5F9C030711C009FB83C6A2CC03A8AA536419359F77DAB
0F37C21AC9141DD7C16C0D4A7896FA7C7B17CDA52A38B32FE9D030444143C5293A
DF0FBD90E37AD8BF39BA684E6B27773F7CC5F25607EC65AE5C4279B2C8A29552BA
DA0CC0C94552D95431A716AA84D05250A7E68673833A5B223548A645F4811604D4
D177E9F3665C3CFF97E1ADDF6C8FA8C2369D6ECDBF8244CD5F12101EBD886F6947
FFF7D4C03EBD54441E91B4B357EFD2FBC0FC84A66A102AC9BD6D4EB16361BE937B
BF034DDF77E46B5DAE73F9D91CF53D6D9D11344CF34092096145C9375EF252F896
516FB35AA17896AEA79855655030059CD6726427800EEC614155D666F0180C0ADE
B18A04BDC4A754FEBDE01F74D2A9EF52129B5B8F1812047DB3BC3DB28D846F75D4
000000000000000000000000000000000000000000000000000000000000000000
000000000000000000000000000000000000000000000000000000000000000000
050C4E80852038207341899F94DE9945A8AC1641733E45CD4497617536A74B8C75
000000000000000000000000000000000000000000000000000000000000000000
B0ED760C4280F358D0C74F24D96C0313746C5FE9F16E3759E5D7E9CF5D07481319
2D1D770D93FA2CFBC30F39CE9F7493A4D24B5D71330BB65CD7D9D4CFFDD87EAB4B
E61F22A8F0A5072F649ED53EB3EE38BB75FE21860F454818A1D4E1022647F8415D
4F0BD750E0F6DB9BFAD8AAE223AEB096DDA9582348C6DD82EE35E95138EE88BAB2
000000000000000000000000000000000000000000000000000000000000000000
C163C9813B6652BDB2A7468E09A82C852032DADA32DD12039F62152A04DBF0D3EE
1720F264A069B1518B72176915476202384840D6575EAA3B513DA4E305062B330A
D72D1043AA10EB3041EC780A3960C10BA52EB83998BF182111EF5DE55D7B55B1D4
8BE6F24235CFCC2557D9572BF4B794A8C6CC214483FEAE8FEAD343174E3B404DFA
AFF67A8A00C7D3ABAB483E9E5C50B355BAB9EED40A5ED5282B683E709FAD9C3452
585466B29FB354C25EAC7811649261028A39F15DE2E56B02C0A42911DC1EE36FE2
2173DD49FAA01C894B5945871C94DBDB6A8E7C4232B26600BAEB85F15D1C66A605
1ACF028A95402EEE900F308913081F6B4C77398688D95266FEF358628FDDB3659D
E0B9B6559A9737696D67F78444247EAE75A2DB6BFFFD2F3D37546B37CC66D4A6FE
E687BD90F5A8F0ED0055A253A383351AF69B779FDD187C8A3F6E80666D7FA7FDC4
E8FEEE2941027ADE24EEA58D8B7502A07A3BB6DC43C1635AACDD2251CF8CB45525
954BE0D032391F0142B271B5143D243C54450762D663501F86E3F7D5573395FB03
3AD0D311CA71A6327D308D4FEA8C2C8B4789FD8CDD21D8E07D4A1778BDBB4230C7
88A521D47662BC6728DCF1F66A1FCADAE1A1AC90A8DED4773845D87980AE31321C
000000000000000000000000000000000000000000000000000000000000000000
8C28EE06EDB00E2B3BCBD77B87C84ACA62E36619F57459327CE666E89F94669470
59FBA9F923D1280FFA320DF7C10C7C3D6B8B0AFD3DA255953F3281A0DADCD16CDB
1A5979720E7732D6F07AF7EA71FB29C7EFB591EEF602BD3B930FD637479DEF3F79
E8C83AE1B2CD680EBA17CAD124B46144FDD39BA84D44129636329CB372F51C0BDC
52167C6A3B78A0991C543B5FA64749AF95135D5BD0C671BFC11CCAC39AD3F02BE3
3A3F6E6DD4063456F63DF9505B637AE09F908BAC03497901DAE6F746D3289FBA4B
320CAD6E709712B48CD9B6822E1856D12516E0CCB31BF990C22663436C5452A44B
6E118587B5B5390CC513379D215BA1F56A96BF298BA100EAB4D233883D9E29A108
5F01F1561BC142CB0ACB29FD7A295DCF9ABE910AFC65F609FF503D5E66E8AF0C79
11D63E38136405FD44CC21917740CB965C5724267E1B33B2F67B745BD3B2A24D36
00000032800000BFBFFFFFB9DFFFFFF74000000477FFFFFE28000003F800000382
000000DE7FFFFF357FFFFFDF3FFFFFDE6FFFFFE61FFFFFFE84000002AFFFFFFDA7
7A0585503E66422C72CC25CD36252D8DCDC1CABA73A3688199DB4AC8CF4AB1ADC9
5D3C6F8A7BCAFD68283CF4E99ED45D5634A8466D3DE633ACA07E5116014FA25645
7FA8F02C18663FA7D882F9C253CC040320A3BFED8DBD45C19142911E22B298F75D
4CBE5F85E89F34D72B7698CBFB000C0EB779CA81044F8EF1EE44A2CEFAFBE6C85F
6C05DD7CD61C484E6EDC77A1C1D70786925D711666367331DD2197A2C9E88553FC
EB41AE9FABBD203AE7BD9DB4D92002D0CF3985879E713F4BA2047F325A299FEC07
000000000000000000000000000000000000000000000000000000000000000000
CC2CF7B6C16FD4EF89476DA61406F48B2274C10D2C4A88885853767317EDCD5FB3
F0A8C05B45B4E1B5AC5D8B22BC5F72EDA7691F67766E9695C2D295F240DCBF37DB
DFAC8D740813C80C2BD8A7DFA7D1F1145642B8B1ED8B3C672C4327289EBEE2791E
000000000000000000000000000000000000000000000000000000000000000000
000000F7800000CDC00000479FFFFFEF0FFFFFFFCFFFFFF56BFFFFFD0DFFFFFE88
B7C08DA33781C8362DB19A49383A85B2D8206014ABBD7E438C4AAC3349A5984CCC
93E41D974C15F33630ECE92BDB63FCC1F9E79A41EC3115D3FE9A2FC254491A66D3
C6FD351E668A9257273F41A19987499B05A713D8E87EBFCF4BA6D0A629418C0DC0
88FAA8307D88C2F1850BACB79B053D94EA06C47F4C7BD8C4A8F25AA22473E6A5E4
05C76B4BF15A0DF35ECDB80B7D148D9A341F8ABA273ED06F67B6B2C3F59A09378A
D5715A302EBF24F6D24A5CCC7DF6C2D4A1BC994846272E998FDC4251102F0947B4
D86734F272B72A74C3D7165DD0CB96D02C2E7BC43A9A04813FCB35D246A93C9296
000000000000000000000000000000000000000000000000000000000000000000
000000000000000000000000000000000000000000000000000000000000000000
000000000000000000000000000000000000000000000000000000000000000000
31F38B64248BCB29EE5E54732EF4A673DAA982485E63A561B833563ED0E816CA1F
288B0A14F655BC96BE868E6EC9006772B63B3B622FBFA83324366D5799B866F974
E6CA4A6D25863E3C08D8C1D2D6ACA39CF1D70440237E5025F504A63CAEDCCF8AE6
BD5C6892DAB60DDB5AFEFBD93B61BCB4F662FF28C7A4AB08B7ACB53935F04F279C
7D93C4798718937354D82C0DC854BE2D395A7661FD133BB1AD94AC1A390368A1D7
9E02EDBAA675F369744A6229A840D7B640E7A044D700E2493B7E1F847AC929FF13
19C009FBEB63DB6D05F5D25C8522237D505C01D8554A6F5149F725AE5F58D20CFE
1A62E663464FB20A3081B1C793361BA56953C382E8ABA09CDDD22D24925C5E53C7
B510D0FB5790A40E977AF9BB34BB3766433AEAB9D88FBDF160284C65D096102F90
4878F3B94D29484B2172AEE4AA182C7FABE2966089158F8C93F781272ACD4FA7D2
0803427E3848C461F185E4B63F557221A49704C412C2F7ACCB43EC84ED68FD7610
39983218A7841BF273E37F667456B1A4FD7EC89B9C06E12D449417EBE52F3E9EDA
7178783A4E0ABA5E2A585C8F557C0B6BCB25FD05406A19B855BE9527B741614689
C50B9F33480ED0BD44A36791784ED34DF946BE36160AAA7CC148B961121A504D31
E8A041B25F11165E0D250F842187E454E1001D9594DB3F7F2757E2B49E8859E5E9
27F128EACAA6E6A2F29548266C5776086C6D80525E371FA68E24960FE0CAECB907
B079051BF62C0F6BDBEB21702541DB7DD37C6ECBE9553679707ACB4BC055126FC3
8FD2437249CB6741947E85731B31D83FF3422F1A69D7F4ADD36020E3A34CBDD7F4
275CCFC1BFFD10BC5AFCA6AEE13A7127E69D6514AC6ACCEB604DF397D2AB01B524
68E8294093F3174A82533F0664813F2C05F32B150FD296287F93B88013345CA3F5
852B60CF509BE5B2129970589013AA013B8E6F740333451512A62F6DD552BC5757
E7FD94A226F85390A4C8E9D3DE0ABD6E4983CACB537A77ED99F76442871B433AE6
B6888FC544249A510D640340884902A1653EC451D1B98DB878DC3470E4FCD6E74C
816B975DF2BF85C03D4B0AF0D4A44EB7DB3019F7817C2EA9384B4C6305540FBDE2
A901AD878439585AAD338D428E95F2B8247C5166FFAA0D327C5719068B6401B72F
B573D5F9110B4F61B9708A47C73634E5963E1CE8FCF9E9660071E42B6FA43B77B8
1DC65EA061EF9292616038CBF3768BF97D6F04089765560E1CB545B314C0FDF3D7
000000000000000000000000000000000000000000000000000000000000000000
FFFFFE887FFFFF263FFFFFBD7FFFFFEE70000005D800000EB000000495FFFFFE17
000000000000000000000000000000000000000000000000000000000000000000
EC5F3BF0CCC03C49089800AE0302F3244C39B019C948A932FC0B8FC4D3AD851A10
000000000000000000000000000000000000000000000000000000000000000000
2F0F0967F4F60B8A64E312F1DCD740C2804A462A00119F1722105075F34A675A5F
F9D8885523753694CFEEA3BBE0F5318F0631E5959B23ABB825238B0874143AE802
678B8DB6104CE385243CAD32703A98AA42667C440FE9BD4718415E73D6DAC3AF46
8DAA13FF927FB360E1A41A88F35484B1EC938516BE70E8F3BC64A9B5B3C9AE310F
E41DBDE2233E98D1D46FE1F3B9D10B3DD99A6CFC01C74639A34526E15A25378DD1
60B6C7AF075481D5F4887F43B7100FF8CF84544E958CA4F60949B3E81E8CED0E09
916858D7D2B94F108F48D205EF9C61458B31A9281237480006B39418ACE1BCC277
0A5235CCBAE8E702DCE16D852B2B1C3428C375DD75AE592CFDC8B6399A0FEA8458
8D4478114040D0C53FBE7A87BEF9F148E3ED73ADCB0E7F32BFC0405B6BF9CF349E
CC9FE52D72D8CF991A47D084E9D6A9368643972BADEE276397B143ADBF9207FD3C
453F7E3016BB3BBDEBDBC8FA8764227516BADD3A0A15308268D43BF351FF357CD0
A2287D8BCA97334E00CE3DDF0B9E2D8E712C0CE4116E8F91BF5AAFE6E9E104E315
F0AD63E3A36B065BAB58814BB99F5B59ADCD7F776E3261C1EC84309DE4D9AACDF1
E68AFB6ABA0B353993786C5B3B9777F836761C75F4456EA491DAED2C0422094B92
0000013AFFFFFF8DFFFFFF982000003510000014D7FFFFFCDFFFFFFDCA0000026B
2CFE90333601794624F718047789A379E895EDB9B3E41066F54954B88367CC5C0D
74F3B18BBD9AD8E80C8F6CF5E7DA65F388325382305DD68188E7D1E360624BB29C
8F63065E8C960FFF24523DED470B7013D6C91365735DF0A9EBC301F45676131AAC
E00D0D5A34EBE638DA0A9BA72AF713CACC2F425BCFC13E9BF9AFD2B4C61B01D422
000000000000000000000000000000000000000000000000000000000000000000
CEA8529966BC221F64378EBC524E1F28373A8B1F34C0522B4B3741F8F9E676D6B9
34F496532E8219581770B31B77B27DA3EF2339E6BD46E4235F10E28680F02E2F36
945749594C2C61D781010A1EE1E590F969E540DBB8EDE44C087F39B1C066A582E6
52BCE6B5A7E3781CD842B2A3F8C25AE81A98ED964A89E8EEC4A690B1EBE17014E0
F86488CEB0E6246FBA515DE857B0134F40700A2FBDF33E75E71F088EB593C8AF53
8448C308250E04B8925F6C2C9D6BE43E812DB4F5EEA5819B402540BB4D9E0ED646
FFFFFF38000000343FFFFFB03FFFFFD55000000B4800000310000002EC00000124
8120665F285BC353AF347010604B4B7A771F630DBA73C8D6C82F1CD6C83B0D949F
72D0C205004970C672C3412869EF90FA36E89C585E9560F9D0D40510CEB3E7F204
172EA9DCD7D34C811935B50C7092F4F03E07F38C45AD5CE67A879553FA77477110
BAAF2CD6369FDA394CA17B8AB909FF97CF626CE5BB7054C3562D2E972E17EF6EF5
FC0A1FA76D0BBCBC223F603EEF25ACDB433063D9BA2614F8E445CE8570CEDD699F
42791F7056FDB279B0A6DA4E367B95C1900663B7C49B4F7C46A8E2DFA73E5A0C1C
000000000000000000000000000000000000000000000000000000000000000000
BCA1AB47BBB3C7334FE4D420987A831AA31D84D04496E8944C85B610B2CF5345E6
8A7736E2655ACC1D9D8509D2E6158B477D8DA4C4D862F8F86D1C48A28A4E50AD65
081386518AE3461809A421D4B58BB90BFBEEF2F93C30DBBDBB2F25C74C4DE3253D
CC70BB120FCC84A94B508878BFECBE6F970DF9540F4794FFF7EE625B40827392AB
000000000000000000000000000000000000000000000000000000000000000000
4E2F095B482150EC1D3BD5825A503DE982E172E0941AEA2E4504C3D904BB33171B
8BB5F3C132B1B001E2F5009301EC1F996545D2A4D86F5463814F93C7D98661C91C
D5028F7463EDCB3DCED9AFB141BFFF85D5C9D4F5B2B3A6F6408E0B5027EE761C3A
91587ADEEA50AB52260AE5DBF30B54B42392C774A599CC7BEB16F9F34EC8CCCD89
E811C22BC015BBBAB18088EF3BB92EF1B640675555309909495FC0BFE31E6687C3
5A6286271372F2BE3755A027B35A7ABE851F4F6732BBB1685ED373A8005C85798A
1E3D0BA3CE3EBFCF6BBF91A4560C1981C2B7AB672D4548AA7F0D166D44B05D7C4A
00000026800000ECBFFFFFB1C000001FF0000004C7FFFFF577FFFFF9C4000003D0
9358DA52C2416235E6ADB55FC7F32580F2080CB71A2F4F7573E50B30D92DC26FB8
108D23F3770788B690E568CDDB24DFC7646BD146AF57E7247C146DE4A99FBE7D02
5E4D4390986E133D7D059FEEFBFCB4D650108716D4CC24F5A0EB778988D356D8FF
000000000000000000000000000000000000000000000000000000000000000000
4545493E819EF6B0F1C92C607E26F398301DF0EE83BEB32A474A0CC2251AF5EF91
C97F2E8C14CD943A7D577DE0FE09265C60CB001EFBDFADFE95EE9F9A76D202A597
C320400C7F8EE32EB2205A9027D0CF5D8418981F6418991C8738A48337FD118BF4
B5C9E60D722BADF4C371C210031E3C1587565B2CB0F37FD571D28A8105691AAADE
C491F1E2D9DFCBC3009E79667B7FE5680085B8B8E59AB40A25B3FE48777EFCC251
517766DC4EE2CC44D24BAB574CB743E4D0BDFC783629E8D690B73016AF1B2687DF
6E32AD3D5669F7540A7974DAA256489458D6A843DD884D1A0DEBA1C886C381F855
DD45706FC776113E73CB1AABEB7DC776B12FCF3D45A7696EEA9EE17782CE17027F
FE0658AF6C34BFC824EB85A0C49000ABFBA095477B6AC9A1DE4ADA330FB0A4032F
D1ECEDB7EE559398B850BEC8F1D7F138552FD284861CC632A8AB6DF82C632CAC25
C1BF513E1798D2A29AFF5F6D1CAC343D510D763D00D395719346FD9E3487ACDA72
E04136FC8BD910B0435D32653885D47EB6D32F5EAC244606395B973E26745E90E2
A6CE6C09BBE04CAD6F482B2438BA0E95A983E813962D5E9D69F42E7AFF26AA971F
000000000000000000000000000000000000000000000000000000000000000000
D24A985AC153DDE9AAF2B78127A4B3EB2E47A082E7E5C6E33F7E4671337B16FC07
7E9974D62939D4BA0585AE49A92CDF3C1894BE1EBE63A85E26DB9328EE92CF8B0D
000000000000000000000000000000000000000000000000000000000000000000
000001918000004ABFFFFFD91FFFFFD7A000000C2000000460000001E400000044
D39F37A9A4B30BABFFA6B857FB1522F6244A5C7954296268026596CC6739F39E48
18095AE544BFC01BC71B783251A1DA52E32FD3C2E002558627FDB5C254FCD2901F
65EB961973FB5080D60A0F84FB27D22B6C99B6632857CA89C82A668A10A394063B
5A2B08BA1418E956DA8B00ADB533FFCEDD37DDC53E73BEDAE27601397D51EDBF4D
CF3C817359FF358AFAAA245FC0185C1DCB861911D88F7C29EE8C63D40E6D4AC61C
ED694186B992D965EF25CC233B7EF74CA2626DD798738EE678E928FC0ACCD90FFB
857D531ECC0667BB02613D9E13D15727234A7764FAF5085B06470D549F61F7130E
D053C51797F5D2E2FC498A13B86D9D2E0AE2A06C43C82DF680658869CF44C3A34F
111FD54043A54A025630E4C60E3C30D22F8A27EC900EF5735B3A0AB358194A949C
F64B75430F1C7148E760D7D7528E8C41AC19AF99AB222ED29B42B6B7830F5B5DF7
CA88FD28A8B77505755241C2583B106EE597B44EE9DD38C4E9180E1D411328040F
113D6FBC01A83DAF31707350F200F62E94F77B5021CBE485441393586111D08FA7
1343BCB4E9392454F9B0A084EBA9930734EB3025C40534336177F56028B1A9A851
F187659FCEBC515096AADF84AE81B992887DDF4580F8B95C9FE139173B62877FF5
21E312BA9FF81C7B8C48EFE5C5FE8832FA9ACE43D6EF2AE8A1012789EB547A14BF
000000000000000000000000000000000000000000000000000000000000000000
000000000000000000000000000000000000000000000000000000000000000000
29CFD3E4541931D11523BD1F0E1791DD5781E554A710D428758DE42E7B4A1B6FA6
000000000000000000000000000000000000000000000000000000000000000000
793BA8AE019A823F5EB5FF7C2B227A2A432AB88365BACAD684EC29B29372953A23
8F44AF9DA2FAD38BFAA77FB9C4035B341687225DC844D63EE1A0BD081957A1ECDC
7E9AA58460C1ED49780E491CD10E4E12EADB1E685A7A6151B52943F9F36C65594B
AA8BDF8A83B69AD0AA9E847F7C1BA6215A445F2EEF66B2BB103EFB2BFAE7685BBC
0000006A8000001F3FFFFFBB60000039E000000EF0000004600000078200000043
75C0BA1B89AF90A10DC8D497330BCC70E361ECBF75F709FB6A0718032728F189FD
C3423563305E9582F251E7301B1B9D73A6BD13CE514AD7FC0139A3E52783A4B685
000000000000000000000000000000000000000000000000000000000000000000
2DEA90982CED038CC6911835BCEC36E53FBB662339A787AAF3C26D22F89275D3EC
34716213E96DE834A2FEC16B1A098BB595BC1FE979594E0EC8545E29E276D9C8F7
5E3D562116FCB4AFB24636ED844CB27EAEB92A751D863FA7203CCD4E7526A1E40A
000000FE7FFFFFFF40000068200000120FFFFFEEF8000006C000000263FFFFFD72
000000000000000000000000000000000000000000000000000000000000000000
972FAE35599CE2AF5A2DC240B7BC4FF133D6FA69BCDA5E75BEFF5060EC26442BD6
096A02F5097CEA13D048DAF28423045285180D1DC2D6DFE502F6FBE52B0E940C35
56A085F460864AB8D76A0BAAC3D15300BC045CEA9755090C5A024E59A5E6E7F26E
000000790000005480000051FFFFFFEF800000121000000CAC0000038400000198
80333F2DE1908A4CF06973DF17A7D7EF7A81D5395563C4BC3F65F854F874EB19A1
3476D81ACA5693164F44CB0062464228A86BFDD93BD05A4D4CBFFC5CA5ABF2BAF1
9696A5BED7FAB54D05F1CCD38BD5363842E1CD909BF5F7271BA966BEDCE2E1E500
A4334EB524F35E7143332339567A8353FC62DF65651C4D7B707EF51B6CCEE98400
B7986DC3B60E60BB0DA9A285324F93033C76B5FD5EC4F5B605BBBFA9314C41F82A
04A80D28E2F4F759B27E2047D5708586AA472B0A3D3DCA37CA0345D49CD261A6CC
3114864D20C4DDFD6BADBA7ADCBE8CFA557251EC2981964B29D03896AE3951408A
000000000000000000000000000000000000000000000000000000000000000000
19269C31AD994D0D8DC00E027BE2397E6843034D0DF9064507C924B54216951904
D32B988800EF0C8D5CDED2C676ACD19CC2E4DAEA5B33A83B85F15ECDF0535C5DA8
8FFEC6673D1A25944DEA6EF53276FEBE94BE912ADCA1A828BBC1C2A73749D240E5
EDDA679E39A246346A7893DED5BF0B411EB1A4E67F4B6B9E4BD50FAA683413CAB5
88001F72BA244B99E61E333C522A69127F982B2F4894306248A665E7F5205A52D9
9A09358B7384715E34EBFA57AB79E1F95ADD851D9A08ACDE0B3B31D30A9694E022
FF3CE0F1D823D715285BABCB4EF29148463BD20F2ED4E6B6758DD3B8E476FFF78E
54980259440516D0B23D4C96DA47425FC60660B1FEA50CDEC19C1D9EF76EEEB738
FFFFFFF2FFFFFF3D0000004280000034A000000ACFFFFFFA9BFFFFFC49FFFFFC99
0EEA64186AB4B54882DE07FFD36D3AAA72DA58B901997B73592B8D3C06C78C3750
06F90B6A2ADB9BB3BC31A42E11D20FCC55344840ADD37C57665FDBB8B6135B8B4C
1009F809BDAACDE7AC660F279CDF040E551217728C47DE08D612F4D1266970DBC7
FFFFFE36FFFFFF198000000BBFFFFFF79FFFFFFDD80000052FFFFFF9B9FFFFFF7D
0000008BFFFFFFA40000006EE000003E500000002800000278000004CC0000023D
2B7DF43046886901BD23D68D0AF227DEE1B49A34276BE95DF0023449C168E57D17
000000000000000000000000000000000000000000000000000000000000000000
F4E74201993B20E9FFE25F4023FAD70DE863AD9C15D97513B1FF19E2C988639278
000000000000000000000000000000000000000000000000000000000000000000
67FEDEDF1D728BB686B1428E91177D6237E5DFF18E6B5FC1ECC69445534AA0110F
3F183D02F71795C55B8A76AF099C0F3CA640EA38CAB87A21DD2060329C880F76A3
34ECDF099CB1B8845F6846CA577164B1F50DC5F6748F6793BF50396AD87774E81F
E5F51851B2F8CCABADA6F54D99DE452CBE0B0FB2D79B9CA6A126C681D4803AB82A
9C8AB9BD0D0ECFDA0090BDB95B60D6E2A90256AF990FFE96B8EF34338895665057
C787C707159E9F6EA7C6549AFF181F1E760D7CA6023ACD76D8EA2994F7E57AD04E
FFFFFF01800000F57FFFFFCEBFFFFFF37FFFFFF6B7FFFFF95C000000B0000000CF
2BAAA768CB27609F9EB0EC8DA625E5010F324E94075BDF375DBF4D65B69D24890D
284C5920BCB83F50E2402FFF2FBB8CBEA2A63DE5F3C6B2A446CFA08B52AABBE9CA
05F89917FE9BC1CDD1F7B41E6F32682D40AC3283AEFF6D13A6EB45B36DD4E53E88
D43E65A0F3A6C3B0312A1F335DF6B3BE10917CB9905897761810F769359C07572C
089408F3F7D3B89B09CC027F34F30FD2FA464B59059B41F3EC54C74E40C525F9A6
F5DDC047E3FA06F4F1747F2CC05EEA547667D6243932ED3FEEF6CC1B0298B237A2
0332769FCB394105D5A7367AB3E16041EC115A1A35509A811B07D00412FFE6C855
EC9CEDB870AC15B265610F6D41D32843C60EC47399965480769083CF4A66538218
FA191A9184B8C3E2FC70594F4E1151ADEA0015B912991CC7EBEC495244864E1BA9
88001F7FBED1BF2C3FE4C46B1C4C7E406EFAB9BC794C7F7F32580D272596D5DF54
384A1010D66BFFAFB5E4EEAF7FD9C9E19DA4314CFEB54907CFFCB4049C50F7BBE7
C0A402A3E794F18954EADBC51F416395C2234790A31ACAE746E9870775CF66E15A
20EB5A179940A88752F332DB431E8E0842D8B03CEB9E5A732FC20B89A701E985B2
1CEADA57BAF121CFB6123C7FA51463E10C1987BD82F4263C54B79D546A41558192
A69304A3A56E419BD0E95F326C7990436FD99C7BA2116C335214DE4802999EAA47
CC68225A6C2509C4F013F19D9244D8E28ECA515188A2A6D8C0A79E56F02D4029A7
CE0B70C4D303AFC6A190BB2C3784C06AF1E0F1F56D258205B0617FC07A95F466B7
000000000000000000000000000000000000000000000000000000000000000000
5DD4059CA683AA88116E3D4C3B22D50A87BD5734D89C50309117D5F61FBA3F17A8
000000000000000000000000000000000000000000000000000000000000000000
6737C2457061CE9F6DAFA7DBCD96F973FF07A5885547DD5AC1F4EEA518E4B4B1E2
44D472AFAF7388C74DCCC8697340B0B81A46429EED05C73DE3580B816CCAC7786D
AAE0A6C1B8463950434F3557A54E352D9ECFEF787A3FCBC6BC8F7F4383D4E99D23
0ABF3680C7D654582ED4BDF0B74FB57A72AD38E55B62EDC78F7109C0293D945B70
C7E150BFE7A85BC919A9044C2869A6D9BD2EAC6815F97572B5B2EE115C01F4A296
04CE02387394EAF24E4D3BBB639FBF4EA1FA428CD42628431F03707DC7449FD967
41D3D33ACF9D82164793CB4F673604E5CEE6932157BAAD94995E21B4DCE5DFE53A
F675A9451D51131081FF745B359D9DC6F01848924901F0E41D07D58F51E6F49C56
2A0BAA007F934FB703186233F5812E3A68C388366714A54E53DC52F1E74C849A2F
14EC18C2C3176B748CC008FB5776ECF1A3F64231CD25A7A1619B7D6CF5288AEE02
4925FDDCC006B169D82B14D736138FD1C2F011E575B29B8986D8355884B4615DA8
56536115E40BEE8F028C3DE71AA264AEEE7664B3E36E99A1687B050C3A50B3D9FA
EA93030D9B32A7C6727C68D9622DB3741BD046729374C23AC69C7357F4854816EA
536AA7819D0852B913DB79B8551ABDF4FCA7EE63F37E3C6D1A9865EBB30E5D2ED4
000000000000000000000000000000000000000000000000000000000000000000
E354BC5A043D41050EC1442972D37C355A003A3F28D097B2EBE1CC2EE1777729EC
0DF7A11D5ADF941238A6E9A9CCB4D5559B35CFD20D02399654FB940E5429998555
FFFFFF048000002FC00000280000002820000012B000000150000006FA000000DE
F09DB6F862C8971DE3CA982B89CDFEDC928D4C186120DBD36D96C7C923754315F9
FF05FC78A8A1D901DDC068DD8E1FC523241C473E49E2D919CD922F491A178FC830
0EC64C48EC596F14DC490D4F276BF4DA4046CC41D04FC563CBAC24B6AC1658C447
C85A09929423944F88B30DEDA6251A4409AC7BDB87E9658CE2336A96E6E5EA0F12
F20AE339DB4CBDB33BA0AD01A0821BBE480E2179BD4404F5CEC6D7370B603A93F4
30AE2FCCF79DA0E1973F5F44992F1CBF62D7C5314B60D3A90CAD7D88E797CBD0AB
C1DDF96938796F1860EB4269274A82D3BEEDE487075264E49503D8687E0948A80F
63A6026A0D2E044F80D300377DB42513FB34289439AC49758D2D76BAF680DFC2D1
EB73571F9373CD799FDF1525143A0D3A1F813E183B313F1A6B151E2A59D7FEF16D
E4C1996B0B0185E9C04E6152348EB821E1B711365BBF4880CEA122AD067696D06C
0000012F800000E78000004B2000003BEFFFFFF9CFFFFFFBD80000006A000000CD
6E4A25C5C4ED4D2AAD397385B41CDEC102EF2534C1818A249E4D39DD00F1A27F71
9823591AE6844DDC457BDD7417495921335EA18B10868B11D1880D7797171B9990
FFFFFF32800000CA4000003F5FFFFFE2C000001DD7FFFFF063FFFFF931FFFFFD8A
A0D7D3DE9CDDBCD3E680FD0FD1641E6DA0B9EBC03C81B352818D2A3EB167B28540
10A5130A5D6DB85749D09D76E4E3EC8579BEF2472798F4052AB5E6D099135E0B4F
3812637AA000F66B9F8069F929119317492490081FA08A54AB6B870517C9557B38
F7C4BC5B7434CA6E97A05A6EBAF73999588BAA9C983D28A6E9C6AEB6DB02760687
928E7BB962012B0CC112611065EA7A91BD4B2EA4F127969108B5B7274B5686BD3A
B8EC6D8F703DEA4D0879577B81DE70D4CEF79DE3211016A1A5E01E2F75133F3379
C6713DD0CA0010085ABF9FEA0B73BF41FAB0B836618A1F72F1561ABE2929FAA4A4
F5AC37CD7B4B4F356F572B96B1BECEB520B1BED4D97C8DC85B20438598A1AC10D5
AAE0B52ABD507CBC36495890857106BEFCFDFA11446547370CABF3F73DD7055DB5
E1E8C83180C3D4AE2847157B6DFCA10012E1BF6982539DA868262B714514FF57FD
D0B8D6E2432F297961F0EB837DF128F550BD7727AD45613C91C9FDB5913CFAB309
4BA61261708C6FAFDEF934A1595CAA27BA65D410CC0CDB77A6BC308772A58F3FC4
4299F2E8A2FFDC93891C90600BD24DA505C0705841A1806CA32F965E7E82CE2A7F
FB384DAE02BCD2AD7DAFA7CDE2B39807B801851F240EC25D8011B8F70EF4E2DF3B
C966F20695D10C858A39A8E87D04791FE0261CDA15270A67DBCBB9FF6630AE590A
7A63306E1C2B3952C928D50FE1A1C708B85210FCB373D7ABEC4CD7FC2D3C90AEA8
A68215C4E14639917F2261824F1D3F7E60FF2D73A0FAEA36AA3EE723477010835A
BE02725C0C01C54736DBF453938388A0B3EC55AC95F6FB157AE1B902966E54738A
751E6B78DB6A95E0EE01F1E5C6C3ADB53083222C895307DA0ADDC6897F3ADA6AE9
74A3C1C28A37A566605DED36CD309563960C3C119E452CBF5B4DBB685E71170FC9
617F5E0F2A0FBDB4D4E8F15BA24C43F63CECA2F48E2C6AC18C711C02C11BC8B3A0
54B422D5CE8D8A3EF5E31C96D37B74C87281B63D923E573A126ED980E7594E24A2
6C10FFAF8A2873CDEBCF624231A390D350A1A2C7052CF501E963BD5573074193BE
4339089233EC932238AB656C896F49DAF003D9F2D540AAC0D3140E460A92B0B157
0000012E800000643FFFFFA42000000040000009B800000E53FFFFFE53FFFFFCA0
000000000000000000000000000000000000000000000000000000000000000000
D188C7003B386C1226B85CFB49E6E88E8A3AAB217B20177AE868317EE6FA9A1887
000000000000000000000000000000000000000000000000000000000000000000
A196213BDA23AD6008065B0508D9289F8D07A8D0E275F560530EB69675FF83A416
000000000000000000000000000000000000000000000000000000000000000000
ADF369AD823D2E5C04B32BF633C966033AE1E3CB268968AD1CFAB318B350FA3B5A
DCD9BEE1DA1B67360078F895B7DC8C62B8650F15B44C91BF6A8638E6EE74F61FA3
285DE5B53109B4B2414E9074855FFA1DC23981FF1F5744B414DE0162D2CB0AE744
ACDF6505CD5782B26ACAE8D2BE9F5B599EF7F432B098E29AC46193EE56DB257EBD
809F2D70EE8982DF896B38CBA4BD6976376D1586ED52950B90064D3E1178BEE7DF
208D718F8586DB68788E9B1992C308AE777D784A20D4D15221408871AB060655EC
5C94BED6850A2E29363296D279C0A9E2F5519D71869FC55367970C75791A7A52E2
0E6DC2F549A2E32DCD728B8329FCE93F0ECABC736F56EA23EC94576BD13E9B14DC
E57755642C663CA08D316C8C50B3F6A05674F82AF6051759DDA5DC060D1F440D2F
FBAB7FD650B41021B104D49F1180D072AC7CA3717D9CAB7299F7A901FFB25D299B
AF7B8AFC597C0B88F1DA3C8101C82202BCDBE5D215907254FDE6D1D43F0FCF59E2
2FF1784E6C28ED1CA422DD17FA29C5481F8AC9304F9A1AE4E5CE8B3EDBF42DA461
17341778F27663D1FAECE4D3FA675BEDB987268A0DED534FEF3D0E6FCB16B09AF1
60F0D9FB312B6F1C350A12C963EED40EC06A11320498E25E24228D95365FB386FC
D73D737DFBEACF28F9703C3B99C468C8D9A5E204AD1D170094CFF8DAEAA1F4F617
D9241A69B271346AF8788F40FFA33ADC51CB17D8D59CFCA318ABFCAA8964BDBD8B
1A938DF322F753EE0C634695754A424C2A300DA09927DADBAAFF86C22196CDC555
E646F89618B159B08A4D647124B727381AB09EE954A46EFB3BD63E48A32079166A
38A26409AEE333D353DF39C98C93832138E9BA29C5988094C08AEF1F43392B6F9D
AEE89CDEF6F15E10AB190F2E301E22179EF2D912C3BF8FCC9FD34A7DC0CDB77C7C
0088DC2B16F736DCFAF7E152CCD686033724877CB8BDE21E337AC700F6311A28ED
FA189F918CD6A79A0CAB9955805194E67D7EA369BD6CA41AE3CC37FDBEE6B2BC69
000000000000000000000000000000000000000000000000000000000000000000
F7F9FE19C2CEED6143DAE08336D9D4D4E3D2C26E1F2981A59F61C2E9C0AEB9429C
FF7207D6A7CFEACCE6A629E7F68038E8FA83F9EFA526A8C8696D8B5B372354DE2C
45C25689B5F1BBE535304AE732BD57EA1D55C8C6837E5475C4ED4E342F2554BDB0
34FE9C15DCD18F8DCDE78103B26921D2536BFD6E3A359310DB92CA4E576E3CA747
528B0E0990F2418A9835D545DA0D46E94E897BC50F0864052E4C288506C4699301
3C5C429049EEF54B56101EECB620F7AA907970ADE94824ADEDD33BE6432DF73AF6
91F39B121CEC63BB7D3A305A4B36B52FB3EC50E9D1B7A804A038B35A833B618F34
CC0A497A9A361AB3D1E618C10DC159FCF0F76B5B7B5082E743D9555BC4F04C4500
DCF07F8EF9B434615D63A5E6CE3B5821D960DFA8038312FF4A2C7494977D587F5A
48BB25DBDB9537DA3ED9797E32F18D2E6A6E031596F315A47CF331E977BA928723
B4078ED7353DFE217391D57898CB7A5AC52E52C1D7207D8414024A58D6A8AF2476
9FC9F13F31B9B8D680DD2A1B598FDA863EEBF32F9E478039E63E6D7AA2280FBAA4
EF0EE4B38AC3B4FAF07C6E48F905F7EE121612B5172708C905237CA66BB23B9983
7B62E09F43402C9D089ED227A20E3361C75C8442AA0E0400D121A4DBFFD0BF7AA7
7AF1620E81564ECDF7B7CF7A92EED17DFCCA7CC902E3BDF19041B290442A19CCDD
63D91169C460B3EC8DC78324F560C32AC10AA61888796803D30ACAF88F2ABB1A97
E33826E4D382F8EDE931D11253184328835AE767EA47A6CF3BAB202E13C9B92EE0
E5CF6F7CB2A7F95A75B1A05A60D0400BCDCCF72AF9AAA85017CB058F216E023344
F8282A698BCE25ACB6728BD47FCA40E1C1B4EE088192B4C8483184BC8B77504793
CB3D41D57653617D2B859904D85E42C1C64008201310CFAF39CC57C32B59FBEC9F
7CBE8AECD8B6DF581F1C7303F8DE28789B0D5B0CFD341AC43F764BCAFB84895FEC
27B052736DE213C265F20AA076B10435BB9D6450FF333B75E98928C90A188ABDDF
FFFFFEE1FFFFFF1A4000002AE00000342FFFFFE4F7FFFFFB33FFFFF967FFFFFF68
20B2DAEB80B334B95B9BB865D062E02723694538604F8B53B82444E14FE6723602
97137A771578E14FEF9C63D47A0313512A2EEE0B174CF9EBB20563D0D084EC1887
EC65F57BA64534AE80C87619CDA693AB6C156D18364A5093EEC89F3F305EC54C8C
E96758D7BA771FFD2272B0D4CC2B1B5BDD777277426AB45D55AF2F68EC531D727F
8B7A4997E8895F79AEC24D4EF97451455E37365C5FDFD351AADD8F7D253E6E4EE2
44C1EDDEF752F365D381235BEF47F68FB11877536E8C33BF552E9CD0EC51CD63D5
E99E014991BC7512BD65F13D8DBDCBCA649F83B64C3FDF45263877D39E97BBA0E5
D8368FFBAB1A15D2A3F47E3E6DD99FCCBDD0D69973028444EFF633D7443BED20E4
D9DA93BD58FF223895C0F2DA4BB9901257B7D0349EC1C51894EDCF587DA2F6CED2
6F2B5EDD9B292A647FF2D25EAF60DBF834AAD692551F40AEBB96E66CF7594393BB
71B441603FDD071D5815E3E88B5EC8C156A677CB59A163E4ED7843F261D6BD03B9
78A646157FD68F6E3AFC6D8610D84374CE0ACA6DE4AA849808C062D94916D84570
1E6E19E41514B5B51D2B16445BB20A792AAF8ABD9CF4D4F30E6DB18E488C62B44F
8633EC44058154332806AE3EF9B06E56AFB7CE1FCA3AA51BFC612FB5525F99121C
6D10A9D41AF4A792303A5BC1FC43F6B947FCE4A27023243BCAC9969BCD3EE2ED46
39586F11DD067649462B7348370DA7FBD4150A90FD682FC3F19FBBB6B72202E34E
000000000000000000000000000000000000000000000000000000000000000000
DE2FDE0A53464A955FF6A82D91F59871B994369BBC5249B1A4092D8BC89D987F0E
58C8FFC2C6D9D26F7BD72F7077867863A09EFF27249D8D6A250569EA041CEA2A63
8D1A387DBE914655456A1B5F60B23DC12CE8B8460B4C71A0DF2F49E200895371E3
F50E99FF98832065B609F31061CFA86451CB7A3089058084CB947389E80BD4B278
0F1368C43A7EE001D416FFADC436D8FD5BB5E431F9BC08615C49EC45B55C377C7D
6F1376F512443B99CA4321CF28AA666F7A511B55A19B27BDBE7EC6D9327BB92180
FF4DA521AB22060178B6BE081EC2CB48303690CF028E7AC0CA80A409EFB5DAD625
1A931F8EF49EC714D9F52C0699123E154A0288A20E805C31CABA156E97B392F81B
EFC9555AC4720CEED6EE1936126AB6A3CEBEBB7AE41234F211073805982C704D5B
0BE6D9E8025E009EDE4BD6C063849873E671076B37E963117F90754F2E49768C55
000000000000000000000000000000000000000000000000000000000000000000
B2CA19F31D8A918EEC90CFA624F28FDB504570E878118031968F490AF472564681
8342F445543BC062A5C835191DF0464707BFD0CC6DE9D022F80EE31476C6D48A41
5477F36538D090DF706A52648553E4DE2CFFFFA140E2E798305029F0F23461DAD4
3249A71B4C75B048436E3B4B6CC491657E12FABBDEE3B7D8CFF829993DE1B74E73
132B03A3B52D4DF47AC6A561D6E91BFF8CC5F81563B821CF2C924014E444C20851
6DA95C8A120A4E615A92B663EA65C3EC68E85ECE37178966B943AA10D6C346DBAB
E2435F83B0718C5C6744BCA0F8C41E89A6E5C67AE74CE12A509AE44A9A861367F3
000000000000000000000000000000000000000000000000000000000000000000
6A5145A30BFB8F2804EB5E8FA50E6C10389B41EAF37BB34407E6DBFAD50BDA2F56
FFFFFEA9000000048000003B200000330000000AA8000007F7FFFFFCC3FFFFFF65
A0207BDA403ED034029A1BB832222B1DDC2B229631E5EEC9580328ADC3B26CC83C
04958276991B712B47B742DDA6D2BB3217EE8F32FE514FB549412A1E5CE52F73B1
2C5997CD2455A752A854D32AC0DF94042B388EA7E29FDBFF8E06CB726401490418
040D617EC252C2EE70E9A47D3A003C38AA917574AA0218359A8233471E02F79929
FEC46646F7531F1E2CE81E20D808650D60E74D20AE9C3094166A76FD80EFC2BA7B
000000000000000000000000000000000000000000000000000000000000000000
66815643F69737844539E599FF4AD1358159AD2EF4A117EF87EC89C07E8E34B0AD
E055D1A162E6DF30438125D3AEACCB5A7EBE0EC55FFD930C12111DB9090860DE1D
2FE53BA8F469EB260B5D220B14E62F757B004842563B4779E0AFDBE3A6E88D26D7
942BECA6B47E051994271F160E2849DAA2981203616A4667DD703727952C85D48D
9E3E8C6383718C7939C50211AA1D92A85E108B50E4A6B789E01867209CD17BE185
E47166B82621D478CE01FF88034FDB8BA93A3C7F7BE7B3D17405E046E7A73A6EB0
B6FCEDCA08AA54301161AB5D3ED176DE84259F9BCD89BEA45D1C51BC147264CF14
3371ABE29F0F86FD347E4EABF7FF38536E0F8A3D12817671CF38BC7115A488192C
0F171B1038668A4BEDEE0CCDADF3965B7DC805613166F66F454EE18FAB2F1E5953
BC0C73C8E678EC813B33221920876E09B2D91B6E03E0EA6A654F3AFE9562DE912D
3B6D43AB19031463F8BE14DB7A1888E8F42489C002A0928B454D05648B5416EFD6
1404EDF2853451756C84D6ECE7AD225C67FDCEA8A0B854EE8EB958B9D97781309C
5137019EA76FDAE89909E4295A492CEEA78290547CD80B5E9099D5C12A808906C1
10612402F2AB6A396B5D9316DC7551D8DD821C079DA07EC79D5E96B955D4E1558E
3473AB0B3703D41565E6720C0B8B8E390B8E972E90073BE1EA580EB6DBB8815BF7
6889AEB16C892C93AFB3571E2CBA3207CF8B076EF5BF4FB4E2FED92FECB1365D57
CE49BE6020F1B582451BD0303D07D7DA65BA38996AE34186CBE3BEB9DD6E3166A5
000000000000000000000000000000000000000000000000000000000000000000
EF3B9E62984B7D62512A11E2466F106EDEC63D6B8570862DCD232E104C5CDA3C9C
000000000000000000000000000000000000000000000000000000000000000000
70B53B9FAEA2B2F52BC78962DF5E091A463C40E1328AA3BFEE22BAED8119181A7C
0CEC55B3924DB183379082F02811845EEC1A79AE24E7716186299DEDBF283CF11D
E4D1F0E5D6D1CDA01DF49D29692ECA33BE81262B54C1FF07110C9B46B1E0CF1A81
000000000000000000000000000000000000000000000000000000000000000000
F2721AB680775DB91129C22312C7DC43615005F6725337802C24D13E432D1F7091
A2B417FC15AD8E19EAD99FFDAFB221176B0E79342EA6E0CD9CD50606A88A9D708C
F4BED04556BEA10E8E082244F3F20A13CDEA45EB44E9E6481C29CCA60908225CA6
000000000000000000000000000000000000000000000000000000000000000000
36E700110E82CF9D73BEB8C650B9C9AD02FAE7F0A0307C588EC661D0DAD3D2D5E0
211A62D2CA544E4DB37B7DC63A7DECC03F723BCD597040210D91200874E3ECBE0C
6B58C7799A052F7747A4B3D85A355E3CD4160CBD0D80BAD8ABA0285112B01823FF
265D195F3311D9D53E45422E18433629A737F2845F7E3346A4B3EA0EB2D30315B0
B19535457F28AE80E8BB8657478E0096105CF4EC0AD6DB3C48FDE650F1D51D454E
436C594B5C36CD078BAD715F0327B56B2838D479569E4318D6471D545FF13B8726
760D078CFFC96B7EF3B1B1EA781DD5C55FA7D78EBF8F5660C11137A826371F99BC
02B1A51928A6074E85DCABDE77E41DE8D33109FBF6234A1890DF4714AB1B4AAE2B
F41E98347C0F2B720444AA81DBB68129E292B76391430F7661884DA7A909E433ED
EE15B172BD4807CE49C497A1408D782D56E62DDE9E5A061B4F9663E37028BF5F40
932C8DD1136B4E92AB855ED14360CA2D331752B9646D0635033163C1651EFD3909
20DF40D9969E4D537FA351065AC601DDF407A0C1A1522C1BA8EF9C37025C62F00F
A1735209F08F457B1D30F60AC7A8007DB2050A8A67EC1DA967D57D982E23079D0C
C74AA471A9681223259B4801A06B5532EB58EA52A0D4DF5B83FE06EB18D5125B9F
000001908000008F7FFFFFECA00000196FFFFFEC9FFFFFF5F400000091FFFFFC77
AC0339FEFA7E28754C2E5A32F3751B9E7F14720C046A15E018FDF2B926BA69413D
000000000000000000000000000000000000000000000000000000000000000000
64F7D7F911CB36F03328C1E8ACA6DDC6C6CD54630FB80ADAC0D73808F9802A7C7E
DF297BFA5B09945C447F54BA7800FBA7F129457C9F1488030BBF082D6DC36F52FA
99662B433C2E46BD8716B8CB5F988CD8FF100F9DD73F7E6E1E7B5BA4931CFF7FB9
ABA2378044E5B0DE8D5EBE8144FB5575E546D005485408FBD445F9E1B7492487DE
11CDD8F3BC8431B2D2A8CB4B93C01E263C3CA84EB76CF1DE92C19346D54218D4E5
811C467EEA935A97BE93C332F562C9A7A7EE7F900A5C34B7DA2B5F7BFC1CB6C666
434C29D1453DC6F13AB72FA2857821619FBC1FFF1F411D3FB79740C4E308F55C68
653D69F28883128C861012AB6C2B4FBFB31233AA649DCBD8082E97EF2EA5010F3D
216AFC52E92167C93B04B43815832BC65C0F720F5CF164BE63D4052C9376987CCC
A595A6C44CC8332B8619BD6011AE297203AA573902BB62DBDA250412650F290792
FC5648E0E6FE6BC5E693512B003C5E4E199F69A20D3B69F47A20F62400FB631673
5134E14E457AD705920677EBC5D3DBEF191F2BA6EB1A8886ED2691F12B36C4C93B
F8F775AD700755D55A51E0C78A1BC70D117C14588A3E175BF5D7E4D22EE83AD147
E70F598E4037AEA89EBCCBBACB64A44F8B0C09354DA0AA73AD8E369581C4B2E663
42B984462BBEEB9A2BC4E5FD2E631B70D37D9F24F45AB6BF7EABE1CA6F45E2B4BA
9358270B7A3A007523238F63E9E2501F07BDE3178FB5BA9A0EF6B2FFCD061C34D8
F8E3A591D2E8DD7788FCC3061D77ED3F55C41B7D27EAEA00F4517A978C663031B6
67541087154BCD93E97AC3D34229055D5F57082281DAAF2225EF4FDAF29B5857DA
E1D1D3C0574F3E09A32FC5B1711349680F51427AC82BF89405D9C67EBF83B7FBB6
A3B97C551480215D09664B75E978E315CC5E0EBD2698C8B65251CA0A5035377E0B
AB8A9815ECC6C33B631113BFF7D5844492E1CE81080946B2489A4BCEC8CAE379D3
81C8AEEE725A9849E2FE80EBA38A5B71DC85479357F8E2B264213DD1005BD64827
FDB88EAF71B087966326B346B12F8BD94F19461CA3B01A6D52C97DBF0ACB1B3D51
FEB17D2F81F4F005B47DFA6EA19F59397F5A81FF05AF8F3079F5E4D7127F4EB035
B6F4CEB156BFB83D062C47FA6B21F017CAF0F1454FF853A6A8CEB4A894087EE9F4
97CEC80DFDCBC702BEEA3991A372021F4F57C0B21DDF574026F8CA35BA8B91082C
30923C70E9998C48C8E4691491E9484735D7C3D9E62B813B6CF1AF5AD7DECF66F7
46D53B57E729C5EB74323BD5F2F96515D0E6B35A4045B644431093898A4B736D52
0AAE2D8F8A24712D07E7E429643613622599417562524090F6CC3D67F4736BAE89
AE74BA9B2939B4A59FCC5F877B7EA99C639421E315C9D826EAA092C52231C1F78D
FD002AAD462590B01C628B6AC62EBC5836C8D4C7CCEA392CE3B6E9DCE10854C99C
57607690905C9FAF088C49052570623FD3699D1CCC4151482F31377BA57AA686BE
1F41B324FD58475DF35F52AB3B9E463AD98FEA15CF9FAD625654ADD65D7B7AD474
9E955EE2651284DA2A8AF7FAF55E3AA9B8EDBBDD8410497280348D26364E692BEB
59834F2C924A6DA69547DB9F62773E3DACA0C41EC78C9514DF3D5D6AC99997130B
E7A2EB9FF5F163F99C840FAA4D4DBA0FFD7209D3D5D0B8B208EED5613DB55485FA
375FFA68A9F450C5EF2EED6F76D64845F99B327ECECE6EAAA98117C1BDC376094B
000000C07FFFFF5FC00000716000002190000019F000000CD80000040A00000341
0DAA479479641649A6C8CA29C7F63CCB9BC23305692E00FC0D5362B7B0BDB60473
EC01BE87AEB8EC373120D46250656FF0D836A210FF5BC14BDF3033008231B35A7D
3D5476FF2BDE4F8DBB3D29F4BA9EF25BAFAA7831B538923EB49E08E324EC284EFB
FFD1AE29CC6747E4D264CFF4EA307A90B2DF9840B29C9E7DB949B87DA4ABF61323
0958588642AEB8D19C70F4F0EB2CCF93AD608855AD42965FD4AB483FC88C204A30
BB19DCA75FF5FF6D86F892F8B5783C82280A081CEBD3F89B273CBC68EA31417843
1226CCB4A3AC782048C8776372D3B3BE4FC408854F2C33CF4D76FD9EB6A0282095
7CF0C46FCD2F476AD9F0817A7B808D23A0B7569B3DB7C41C9292D9C666094A3ED5
989ECA7CF024D304E9054E937CC3681DA36C4903E5FCDE737A387F309524B117DD
D5C5C130451A00AC8269EB880BCF734D76CA1F29C30BD68EDF8C423ABEBB22E383
D75742253CBEA8B31009E5ED439D1CC064C42FB07DB225B3D0B86A0B9279D7E924
359ADC0B82EA8F6408931153C9614C9F370395E107A5D42DF2E284C0D63FEB2463
FCA7D9B7346167D50E2F0E7777C569C6E04CAD3E1D3AF3C3582BF6C4C27A8376E2
000000000000000000000000000000000000000000000000000000000000000000
507467A653475A6C9C05D936FD4B54CE3E5E12DC6BAA946DCAF2343ACEDD2330DC
E1CDC85EC87C8E750790596CE757E0A0747F111EBBDEE00FADAF3FA63F32335B6F
E006A5D671B4BF9C56FCCBBA6B48EEE909B8F4996E3FFB37EC618C55818D2DCF6B
6D123768FFFD405AB08B18BFE91923148D8F555A91F8DD886639250408A6D8CFAC
F320627FAFA34989DE4B7F0421E851B67BA548AFFD3C71EACC294E845E649BB2C2
5061197E60708EDF6E2C91011F8E8F85960493620C7FC95393D0E1E13903420096
226C3BCD0AC481B29BA782F946DD232861AF4929A4A09F21AE98B0485FB22FD4A1
000000000000000000000000000000000000000000000000000000000000000000
000000000000000000000000000000000000000000000000000000000000000000
D59F90A4BE759B981D445AD092A8296629D2316C5D439097DD6C27965C3717AB06
20902AEE19DF3F6BF91F357F03CA4D2CDEF8D26118B2CB2CE51E06979F9C5447F6
72C2F2A2549F0C0EC3649CB5A9D4D5D37017D57C40B895CF444332815C9B714348
A937B80DA6F26D548A63C619730C5FA08DD7EBD66013AA7205D31649F63D9237DF
EE50C7D14AD5A454982479190B1453439F0EAC01FCCE0D0B414123A71EE49C487E
8E3679DDD505ADE9D6FC6436B0088A204A363F65D29C4338A799207354210965CB
000000000000000000000000000000000000000000000000000000000000000000
4091ADE7D0147E877215BD4700B829EBA99CF697D97270308BAF51B09653DC87E7
4CFE291178A14992A962C65860650D311218BB4C1DD5099258312B0EA490577921
C632E45B542B91BD329B3990370289F71F055F6ACD20AF2240F44A47F01EB2CE18
195C9551EF8EC37ECBC485C186526E6E4AA5D6D66CB1DA8CAEB57583626485B252
000000000000000000000000000000000000000000000000000000000000000000
FFFFFE9E000000DB3FFFFFC1FFFFFFCA800000022FFFFFF587FFFFFC52000001B6
E9220C1EE9D17D719645E38EA2E6019AA3AD723B1A760FDAA998B92CABC8319BC4
2ADC522D1915683D4AB155EA9246C783E8BCB10A89CDA291CF909AB7CF3CE5ECB7
4906D5505DE6D41DE64F887B69C58CEDB82601F1BE707A3ECFFFAD8F6BE4016B0A
5A7850E576E6CC6192D0B386B1466C615EEFB6CB5DB83612C95E12377FF0062432
A9780B7695BA90521CE412A717EF13E0DE047FAE6EBFB851DE697B3CCDD8583A7A
0AC9B76E2A0500A6F622D09E3D95977DC47F97FAF62C7930086833EDF539AC494A
E398B88E780D461F9B9ECD1B47A19AD00FC148EC65858BEA1D722E92F8BC2DA55A
DE14F06C0365BC64BE93696D0D2EEF1013F4E169B89E2ADA4E8E4A0A2B99C05BFE
8BAB45B8E3B52BAE9496C0F3358BEC42859275ACA760704093144C629D2495988E
3277A66730B3B9F531C554FAD2136B2F4B9F8AE616E4815C7841E283574A13B08E
CB10B83A8D310A8210F76E139114FFAEFF95CBBB9F458752D9BDF25C64C7589F4F
2EE743BABF748371A7AF3616D255098FA866E074BE79EDDFB465FCE5D0AA92110E
000000000000000000000000000000000000000000000000000000000000000000
1711CA3267DC1AA0EA8E3B30B4EEDC3555504CA7D28C8B237115BD9D0FB90FE262
91A6EC0AE8CF1EAC57D59BCAEF638505095FDF5E54FE67015A1C2063DCCA22467A
F720D6FBEBF60F8667CF4D03A56A6D76CA6464996659E3D16848E55E8F0512A1D2
650D9E299460D64C364A22F1BA17EA3BBA23853E21FB8CFD7F810FC093740FD1C0
D38436FC0E33F366BCDDBD67D1793F71E7F609E2AC11B23876E71D9445A6700902
3CA7357627AC63E29CC037A45AD8A9AD26B45B9E09C1F1C8EADF8D3B3EFBC117DA
1B58FA2C628D2C44C524E52E7536B32F2F3F0076D58419A67F7A14825E23BA2712
B040EF696F20A2C478E5EA259CB3F20C7AEF7C76F33A5397F51322F59DB729ED05
000000000000000000000000000000000000000000000000000000000000000000
6DBA60D4F5FFAFB76C0B96B951B9EA7D538387315D63C66FC51A3FB0C3D16B64B3
74EAA3CA8FADC45186D45E7CED2B7033845B399D0BCE9B189F8E184EA278370DBC
780870FC46EA7F585F4133DA52C96676DA3FE57870CB4F26BEAC0F76BA990D5F1B
B04F6144E9D8B854803992BAC0335E4CE07EF0E86E19C9DD8CDA456C87B5C8D1EA
FFFFFFA38000008AC0000008A00000303FFFFFE6D7FFFFFB97FFFFFDF0000000C0
796D2671E1F1A38E909DC132BBEFF689FF7782BBDFB87A5550DD1618B1718AC5CB
51A502FCA944CBC34CBD0E66EB984FC36E660123BB97F51B27C2168CA2A2571DD9
D624107EA22C6B84B6D69CE5DA186769D82F4BF10BF7FC01A0378C7513E321FBF4
B3F93EC922A66BCCBA77E4815B9F2BDEC95116C7A849D42A099C2EF41FC206E39E
CB75DD6E4326A92027ABE2F0596D633FB7C0BFE1626A36D7E203184EAE2214C1AB
07EC64853EDFF71459F860E90B1FC723E7C0E64B09819B1FFE573CCFF1EA83865B
7F55465A10307E1F07F8D62456FCB3A5A60837F089BA8DC475DC50948668BE8B78
7DE9014C78EF90CA0EE983FDB0C5F9300726CC622BBBD9A0D827A8D5F0379764F5
A5DDA910EF8B358B8234B96C72526032175710F164ADABB91161E02A7601CBFAC9
000000000000000000000000000000000000000000000000000000000000000000
FFB73C5E40F3BB17FEC9BAF66DE836CFD8E1DBD303D3E2B13FC1DEAD3C35977DEB
A5741967740A7B5284A6AB0441F4FF9C2FC420E0E8C0F6CF4D87F79DE5F9D608D8
4B926B242DD208F352761C1F8EEC0DEC7E44989E09DC2181C3CC382601D9DEA34E
BBD5F327F53BA66E79FAA53805E63C9AB8F0FCB5C6EAD17590CE9607897BE819F1
798A75B89C0D32E9D545CD7ABDFB5C0F9B31B6A6A8E31FA2A23B989F8FE5266951
000000000000000000000000000000000000000000000000000000000000000000
4E250619B02C0C46968EBABDB1BDB39CB34A46A613F40E6177CD0F30BD506E95AF
0CA47A2E600451884E28964CA1A8E6DE5882F02BEF6E20B033D2EA878F7846CB3C
F5E611877CF6403F9BE8E5C1E0C7D517ACCC6CD99CE2BCA5A3B10DFA507DD15461
4765AD0E346A071FAB0F590513CE1AC8E940E38B9EF897BD051883451D9FF1CE00
473B2B304EDBEE2E233A66A97966FE24C3687CD964DD532C3D8ED65AD83CBEDD80
8C1CA82AD39E700C122BD841D0331298E21C62F13C27858E46C064F4E3D7CB285C
ED4998CD589A3D4AF047795BCEB69DF0E79A1CF81626789A43C012EA04B4F20560
CAB6620B7CEF7E954E77C7B5DDE8C40083761A6B90B2D4AF1336265A6D76009145
4632DE877D2305A69B9A687C76069B9ACFA8282A88A52947A6204CFEC5D9A52C5D
AD1D8B3F2408AC507F6D6816D48986364FFCDD386CAD7F55CB6807D93642C3C6DE
CD53AB236F9AE5303798DFC5B71BDCFE519EE73E9BF2D8044CA481E55062E72511
FEA46479974C0895CF823C56F94BAC60C33AC34CB73BCD225A4E9ADCB45B1E47E9
000000000000000000000000000000000000000000000000000000000000000000
EC11968255FBC205DEFA9CE8721521BCE6946F43B514B94F12961A0E5A50A2E076
50E5DCC9E16661398B6BE99C173950ADD1F02F71483B5C4462CBE4F406F1BD887A
08788DD01E273119ECA6EBD01CAFE56319D28AB4EE74942169AF4CB4870FBF3E12
D09FBD85CB99C495AA10ECED2DE484F780E9E12166AEE0933405BC2F021993DFD2
000000000000000000000000000000000000000000000000000000000000000000
46FEF696117942696C0C5341129D8256C519BC82A4AAE4EAE5AA8EBE4D16CE687D
C76E0F9021EAD88D94DB9F955E972157B1CF0152D568BAC89DE63B41564173031B
12D9D0DEC33FBD936B1364B6F468C7C91B387A829D0184D2A3B61B4F5773BA43B7
3F000823E87C26F527F9802F75DF7D0F255A7A04FF7EBEBE57ED03450988BA239F
7715D9921DF6F7FFC735B95D0CF8B97AB4C5C00C58D920348437585FE5D9F18C05
CDCE39BBD4BF69C6074AED99CD765E83844D21FD0833FDC5558D55DCC9C90AAA1A
F12A33FADE65EA2DF44849A216F36F7A0A7E20AC6A47083A82331C6DC2D89C1054
167B3347D02C5D51EB2FE69739E3D660C96605B59B57187C2DE41476DD02D7D636
86EEC6EEBDD737F3DAF3F0AF0D8E90ED7724C1E9EB5B3E57318E429941F553973E
9D3F14E527A6A58B8A8E4A26D5A836C0642949885812FC9075C42F890AB761A778
722046CCC09FD7ACDCC8FC3C725078F2F39C9D67AE9D7189264D8CC78137A6D124
11C2CBD3320CB96F3CC07CF32965CCA1DB4EFE7126FB5150AD8131EA0301224926
1057D65A4A1AC4F573F4EBD7B8FDBA88CDC7E6BC08BC301DB71F9C34EA688ECCB6
A98CB8BC518630FFEAF9A7739F386390BAB1E5C573863797ECF775CA24EA8D9536
167F7130C7CDF51D1A656334700317B884740373913A5B68E1F6E1EA45BDBAC9CD
C3BBFEDE79C4C17625EF88FE2B8705F42C6FCD83D02A3BF1A3CE9303CDA9F8E9B8
EE54CD288B017A2005745C02431B6E13EFD4F5B546F24555CF3AC29D48C8785E86
EC019016C2B334EE9B9473E9679EAEA5ADEADA51336F9AFD0F4B05A9945BDC32E6
B2B3E9A9A3BDC4DE89DA7D76A90B662B0ED24FFF045D19A13B6B35DC08CB87E3AA
F96CB18DDECDF530C5F12B8D9434D538C29F9084CBCA3A2298D079AA67E25D3841
B0D3557C1D9D0B0B2FE63D8EEC3FCCE1E34E8AE6F3FB50E6CAB509010501B3624E
A35C2009314DADEA43A16BA679CB3799E7564602A4239434B3E8DCD964C62FA6CC
D3DE0CA11F061BD7EE803AF928E5BD22FCD7B26EE67B1D97DC900F1346167FB89A
000000000000000000000000000000000000000000000000000000000000000000
29ADC561F0C9EF9711F97CA3810FF57442B6B66C6E31CFAB9FACFE23A8A49ACDE2
FD91B1BA83FC29382E3E203638E9D4DF49FE05E8ED300A1290512ADEA6D1870887
037DCE61BF263E6583C24016E899AC81CCEE4828DC7820F2EBD417CA44A0EF9644
C62BDB58BDD5EC804DEAEA235AFBA6CD1F4DAFD4253ACE2A1B7D67821EB51FB4B1
0BC26F2239D6E92F60E1EC436A815243D155FE041A1B7F3A2AFF0A3673206751B5
5DF6B9342713B850F9C84A93D6D065076F413B5CF1CC07407499AF6F5F41C64C66
000000000000000000000000000000000000000000000000000000000000000000
96935C8328A5D3611693AA5CB67DA1992EB38B8944A9942518FAB0BDC3CCB1484E
DD5B1FB5C01B88C35792D2AEBB854F8BD0F50BCE26AFC46F5559671EB3ABC7C1B5
88BE5739307B03C49BC065236E6B23BE4E96EDEF458805D90796B0983F568FA102
0ABD41263294372979F3308DA0EA1B0A943E00C44D1D64714D8DEEC18E8147464E
DB690CECDCEF53DF8044D87339F93E4F69F13B1DC6E7968D4FF08248474C7E3911
E3BD75E13DC22CAD12164F616D58EB6EA54BE80D2123CB758B430C21ADA63967FB
A4604A58CF1ADFA533F2407DA331B6E528C13E5E4A395FDA5C555D9A97CA3AE769
EDC327D7813520A6D15FE8B984B9F0FB5D15A3AD4C72600DF2BE51EEA8DE1D71CD
42F03CC824FDCA7A3C353ABBD70C73A7A24ADDEFDF053BA1BCECCAA6F1FB8A61AD
71DCE89A1BC0A66CC6859FA7D238DB524B6621A10C4FCEC0997C4A0B7A1528378B
4D03B65BD1560FD759F676FD9BF1B940766FCED016B82563F1B013F8CCDA062522
8989C0E0E352A4D91F55EC195DD6238AC3C31D447AE6AC5990EAB28A6D36A0FDC1
000000000000000000000000000000000000000000000000000000000000000000
B0BC91ED42CEF815099B9AC500FF8D2F6E5EEE45B2754F862C2E7AF68AF89911CD
951B0B16C74C5F522C1FAEF3BB4635A60F26A4416F3B51F925C61812AAEA9C77EF
409E65F024C630EEAF8D0F2C75C745AD1F612DE44F45B3BE39E3A96082D76CE244
3BA543E9BC72E194788F62D1D14685D4E82F68934850F6BCBC2DDA767E1A238C74
000000000000000000000000000000000000000000000000000000000000000000
2986B975EB4E966928E81A50143925C996DFA0E4D2C4B69136ABCDFEA6CA3B38A8
7CC9008F1689A07FB48255E4739931F585E19E8C95E53151816E8EC93AD83FDA70
D41965F8326BF5CBC7117318737E8B8A61B15BC79A6E5BF8F6CA5FF5EB8DC27031
289C3C5206F10873DAABC6689B1B202DEB065049298A7E7F42CC58EEEB0DC2875A
EB2F972BE74B2B58A11B1182E3CE65BC5324E888FCAC743763C95D17E531632998
FCA0EE14A4FFFDA939A60382760D5C781B9EFAAABD75B6A4BA1CC9DB7E570B153F
000000000000000000000000000000000000000000000000000000000000000000
000000000000000000000000000000000000000000000000000000000000000000
C0CFA26CECBCBA85C488B56A17E47A3325DC2865BE769145DC5623A973E5724391
FCE5C0CD380048D6274D2AADBB572FD53DEFE40A55AEA1A8D5F718AE423E88DBE5
A30B5B09F231EB005C5E63C15829BF0CB7BC55EC5B39F943A3A7A73235DCC17B46
85CD3BC7B4C79220741A3EE314F5BE96F3C371F4F9ABB11F2F66F5C82A4EAE805F
F42BCC051780164EEEB76292D1E54FF9AB1FB960EB0F447C0E68A71C519AD44E09
289A7E052B7BD0D79BA89D6BB283EB97C2CC67F1A709DE2D0863F169AE2B6312D3
93BF5B34272848160023BA9A0C03D1E658673D31E49C05697F24CDACB49F6D1A2F
237D21D6C7B4F60B85395CDB07279EF22F9A65B3C0D28FEC385F6A6D491B215179
00F70F93E7C2FE317DA2974FBCD2DA7AF0640D91A2AA21784C2EFFA6111B2DB9C1
A3732838A4F89ECC0C7095ADE2E56631BA7FD3360A5282E15B518B1EFE59E1E747
833E05013BC7C06C81EE414B23F8BB29894CDFEE72A3E6B09074AA5C3737610777
D06EA9A80A0365DF529B788C7EB36CB4B6B3AE9AFEEE0F0A90E64555E8A42DCEC8
19412C22A9ACBC69F6E0B354DD0B2DF539BE47694F27C256AEB0C6090CB3DB03DF
E44AD97780CC5C1E87A78C10333C86577E02A211D1F76EA4125326650037E5ECF1
000000000000000000000000000000000000000000000000000000000000000000
8086CE0E18B489E931CD987FAC6F3F01AB862E056C3FAD58B7255E21755B377145
9B2E8839850F5610E56464F94768644DC44F194F0B6DBFFF5ECE17538D0A947311
483265FE685E9FBD56A6168E8453195E519EEA14DAA9466FE7AC09483A6A222F9B
000000000000000000000000000000000000000000000000000000000000000000
F3BFC1426B40373F556F8631FD6EEA205CA6D53AF1159A15B1DB0B021D71E7C722
873E7CD1BA048D45CC33E28E19A3E74D8439E6DC86522B404D54F1D196BD170C76
000000000000000000000000000000000000000000000000000000000000000000
1FBCD971BEEDC4545105A3C7CEE2A9C0D682568283C949286AC3DCFBF408CA5D2A
A251B3970FD210F40EED76ED0870395C872097A37333A0376DA06A629793DB27DE
000000000000000000000000000000000000000000000000000000000000000000
E30E1A6502B327EBFA01433C0FA3E95EC40B09B227D3234CFF8BE30F88067D79DC
DA834C37DA4A17479E8F4BE8E31547EFE20B724BEABB65D77B601517CD033364EC
072898DF6B27168CA87D36256FD513BFA1EDB1791007119D0EE1BE9E2A2388E2D3
EEDD05A069EAA806463173229285AA200E7166B92684893BA4CC965FE5089FAE67
35AF19B00FB600AE2AC66DE108D6DBFE89E37B31C0E0DA65A876D9773B1BDE2711
06C0B389B174CB55D46BDC85E70D097E1D606EB9E026D6401DF169EE2B3FF70A73
7C5BB3491F3ABF60E69750DAB6991A813296D61367368B0CC8E9C17019FF24B7B2
2D237D3F54F9023E4D94580D7C43209B01E45275A62860E91A4E40E7F4CB85C5FE
951B49627A08026F8F6867CC92911D169CFF6AF32F67CD9CD3531B1A8CCBE6A291
000000E880000003BFFFFFA8000000056FFFFFEC9FFFFFFB2BFFFFFB63FFFFFD00
2EF8A90AAA7B90A79D5DB52CEF5933919C44D5445EF62BB0C922C8EFC48A97E34B
21181F3BA2B11845CB531AB5C49AF79A060C533155F14CDB7D083023B69D16D795
C6B5D1D48885F64F108E8D4FF91355E387E588F79C05E9FA3C07BB92737CA516AA
B745DD07693E6B54EF25EB7D831AF85A54311A94491BCBEB90220625C03DF2C681
E6F3EF3841B5F6E0D8EBC271D25F08A289183589C398601287299E0CFE7C2A4CAE
D84FA8A99C2AB7426F1D5780206A0E7045395822F73553672676C534F6127765F3
000001F400000065FFFFFFBD6000001CDFFFFFECEFFFFFF3E80000047E00000382
0D89C82B4334CACF0FF5160E764E300A619A3A850E4B9FEFF7EAD1E92DE0802BD4
392140D510D73CE36D39CA95B620B346987D2D504AEAC90482C7E1ABE870D09C35
000000000000000000000000000000000000000000000000000000000000000000
EACB4E40149CBCC68CC1109E81CE07315156CAD433B6FCB0697831DF26811699EB
2232587AA6FD3BC581E6F3CA2E480EB3A9BA80FA60F1459970F45EA91CED940D71
7383CB5D5F14A87806854B040A9509CF650BFF671781DF5F6F8D84954F5000572D
0E308E7C9484E1ED2A00095BF573A99F07501F404842A2F7090F026BFD57A13C6F
A3854B5225353BB625CA726F8B5485718576E3EA8AD9170878CD202CF5B5358D62
C892D0DB465AB9EF60B9D8554E29B78F081C08B9F19FE62D188A4A0A65D30EDB50
CD49D3B26514A840F2B647864CBA29E7D4D91580EE90787E066D081DF9C09DFF55
2C924530001037A0666EB7A27B171953D064D90A6B4CFE508A3B4AA2310EDA170F
35DDED7560D7EBD2B8D99F149154940AB44D558C10D1BDC84423D2AA31A92FF33E
2376FB621137C3F4D48C2403105223058CFE037DE7C97D37277C95734591588036
C739E0533F4A89DFA2CFBE44AFDD6CC6F5ECF073AB45B2D1BCB098308C0C864FE3
844BA9F6A72A767E0C6E26ECA7561E2B50A420D4DCD8CAEAABCAA59B6DF0ED1B4A
9926290F4B69C0E3FC3023BEC5FD071FEBEBA5DBB846F90C2291FB6FBC2E363616
30F0AB1C38E1B5AB9ADA23BBD18617C5976D6B4360C10E9291AD52393EEB4981EC
76B74C71813EC8782B2F2C9355FEB741A3D913880B6BA5FE343879A36CD6EDC75E
3F550BD243185D7E7166E73F6CC04952E498EB7AF218EF02216684C6431470749F
6B3D3A8A297AE6A9C773F46898B77DF4387438F45D771767A8C1DA563BD443009A
5A563CB2C60B14BAFB06D72594EA55151763F92CB1B22019CE402DD73DB5C93167
000000000000000000000000000000000000000000000000000000000000000000
4BD54DF1C2FEA2366E270BA3A89A60AFDD378FFB11A545CD54FBF00075A0433694
0AEB2083BF452535A65B37A51DFBC5906700DF2863BD856A9BEE7FCA1597A72820
5388B901323C339A4A75DE0BA1047F6B4B4E126FEA1032EBB7AA60B861A82BF632
53FA95607740C2A2A195C7E73388E8197F327A5740D38D8BDC0A748C7AC6FB49C6
DF04A4236CC6CE0FD7BA6A198C1CF833EFEF8C2DE7F7E6AEBF198ADD2232536139
B0787E22E8C8C613E49B726384C43D67F759D38EA9C3B477ED0FA7BF3275B6417A
22968247526C8F9CA3EB036045C2A186937103709C86196C54BDD2CED2AE724DCF
988051124A8742E77B4553750053B50248F22EC03D11E7A15D44CF823A72CA7C37
C6D5B9B8CFF2B9EC808D2666FB402AC4C81BEA09EE993AB68F0B425FAB26009F29
971F9AC43031374E0AB1B111A95E025F0A05AE5FE9B1747AB6F4D062CD2B4DFF83
0D04A43B9988E9AE00F2B084B2D569B7BB630AF4B0A4A2CE91CA4283686843A089
19CA5FC7E0FE3FA0F13E253C843BB60BC1E00C969C0FDFFE7D8DD902E20660FCC1
FA776990273FABA5AC7E1BA997AC18C07865FB75F59E3C1BAB67A91E87985D4530
B62B21D0AB09431B22FA0071A7F858A17BBD2BB306DD149187BFA8A57EB3FE879A
483D13124BE079836E0843E9550185FE2729D365C4E3188C7B2B152292411663E0
FFFFFF7C7FFFFFDB7FFFFFCFA00000166000000A5000000C64000002F4000003E4
2F0FDD18B101A5F80AEFE57BE0B7E324A53C125FA4264D3A0706678DB5F7B77A5D
7F44C9D2E567C8BA568506C492894994E677BBA95F881153B4838A630773BF9ABA
6CE2D74A8C1A333F18EEE559995E5AD018E55A0E4106D96BA0EE4C2EF1C1E03720
ADFD72A66E6D6870A2B277089E7D1F96CAA294A6A16B035F7E2889E0B17EDEA7D5
517E62FF4197565AA24C61A57493C5855BEDFBFB03CB82AB54E132116583528004
B5EC5B836FBE2915AB5C00B205C69F32DCE6D9ABDCA1B5596F586685F2704ECC28
91EE5B435D9AA629EA0149D848690F404B3D9439C453086BF1A43927334A7E54C7
078313D605AF40F9529B7C511588170B343AD519AD22E50A59F3B12B291D2229A5
000000000000000000000000000000000000000000000000000000000000000000
FFFFFECC7FFFFF61800000620000002E500000190800000A1C000003C1FFFFFD57
01ABB6EEF148311A43FB4CDA605A1D360627D6C8A47E1C6DB1B64CCEB7EBA380FD
8518BDA0676FFF97FF08AB127B43119FD0580E4BB4419EB1F40BAE2635018F992E
CB5652D7EFA9A24DC90471E1B0C14E8DF61538780A8F86E2DDE15CBDA089D97AAE
0F7807B5D3DF32351D4FB61CE2E2ED688686D62595F1E9D04AABA7AF5047B1DD60
4DF814FE177B42C781494D178F547B81397B366560E4B51FCC35C84FCB5F521722
9876D4F55D932C5243A710E2802CB775B00A2AC4DF78902A29613D75AA37C40EEB
AA72DF4B590B4CA945400C66788C220234F1B782B056538F31DECDFDB81DB5DE61
A15ADB8DE4C7AB2CCD6F1DFE7052C64FBA1370A02D89AA9CA20F98B3957AB1EBE3
4823410E85B2414667CCAAEC4A6F3FE95A6B94780687B003519DA950282D551C0E
EDCA7D24A8C7861A1B163D51D0DFA7C98724C1B91F93DFE577123D8C7E7DEC4A09
13EAB721FCDB16A8AB3DEDE2FA382B8E1E18FEFE66F478C0EF7E56389753BE1566
D707CBACDDEED22B4A980D7FC5239005458ADEC8B333EFF23150041748ECA20702
B020A7AF2D1D570DB5B28DF9CB15FDD0F2C62634DF122612B420D7C550E3CCB918
D53742A869522118FD9B18E0C82D4022E2252E8C1B146697634DE2C5B9341567ED
AD0C5520FFC6BF4F6E0BFFE13697BAD527E5EF7B259185DC977480D59571B2E674
000000000000000000000000000000000000000000000000000000000000000000
FAD72E0C62789655637963CE2E25BF900B0C11F8601E42B2DD607D08E8411306E8
9F00EBA7BD7BCDCC61460CEFC0AE5F1E726A80A5278A79B7620E9403626B561929
85A4B7314330CE724555A4F6EF3BAC87A78B091BC053D84C5B9B5424867D480CC0
F287EAD6420870FF422536872C5F5283115358B3A7D74B117B61E5F9F19795E7B3
EF5B8884F29971E13220C46BE9080403B40D5D64A9EEECF9DD4CD21D0E47A88791
16597949CE6170B050A4265428F897FFABB8014C093D3096844350F3DB3ED37F49
000000000000000000000000000000000000000000000000000000000000000000
5B0DBD9BD86473AB7FEFD5DAF2988CA4766F47E5B86DC97D9DDF21925923469493
4C24FAADF5BAF0E7BBCD25A195F7C2F36FAD6E22C4FEE46F472195CB991096A497
8581368BD648518547E09CB6B597940A1D9B822E11573DE5A64F104AA5B949D346
BA7712D7D3C1B2A20398ECBAB2AB5D9025F30330437CF87B9B0121E4802EF0DAA6
8ECDF1A69156D1B46C42967905F7387D236DC8FCA2D45E74F308A57A75EFC6DAA3
CA0F9D134A754AE07140ABFCA78787F957ED431D39CDE55709171F0983E8F65B25
926C1DD653B161E41B17589B9109594B0BFBAF525492D31A1676CEA6690C93F3FE
4579A29534AAAE42C6A99D31F4881BA9660508D2C64780FB72DAB123B02ACA7048
B930B846E1F7E83C1789F50D7E109E9AA0A7EF0B39DF22CF8AC05F4DAFCDF17B23
3ADF13214ADDDA26035B9C971C12B9C0DE8E130D784675A8DC8AEF0A71025754A7
0E7B57666982052BB745D74BFF1295F755B55E556215A7DB44BF9D20CFD2219031
9BA19EAC7F9092637810FF979970618049EA632A82C139F6AA7EEEA249E3DE6AD3
60CEA893E1F88D4AAA219832354237993A026DBB9E75284502BBC5927F251DD0D7
44A2285DB857D0E80B9FEDBC5CBE90D125129B46F0645A2D54234E12012267A734
661476194782E9BCC1ABA293E974A658A4DD4108FE9FB82D66B0A978974DBFA5F1
D40C734E82765AB1D73BD1E7A1A22387CA45FD23BE92EB919037A2675AB6EEE7A9
794375E0432E2BA658644704584B2DFB6A6C9F133C5AE9A2718375D7FF7DCB7E21
93D85950E687C12E231859922ABC03F105000F4B4E78262F4EBD81B45A613376D6
CCCE87A1F6F78055133600200C7652D43E2BB0CF43AFA865A9F01D0A19EB35B1C8
000001790000003D8000003C8000000AD000000E1FFFFFFEF3FFFFFC2E0000010F
26CE276CEF385539AD9D12CA13FE73557780C7E46F25313438A4F700707407D7E7
162D53F9A71B8F480F187F46CF5979DA83C4942968AFFCDDA52AAAD74AD4679D67
000000000000000000000000000000000000000000000000000000000000000000
C0A9A83DB5C001A2A01AC895F1C6102179B77285A87C4806ECAD3CD9A1E9A230F3
68F61AE9FD451D9413D6B2B1970173095F5324E5B866EAF379A479B029242D9A11
CF39608DCF0627ED1AEDE6C110A81696D2D73DD8D819840A88F99CF87213D2997A
A1C05A052085C03990011A5B9282C29CA5CA8656C14289967BCD6A943F1DF526DA
E41ABEC9DDD464E64C777DDD760922F4F45B67A8D8EF31068CDDDFBE1E6874C35D
572764DAB9B5C2F2793E7E05BEEEB99296CA980FA1D45F5E1E275C2216AFE03BA2
347F9671CAA20B605BE933B18D741C7A5A5B46B03288024D864B6195F7C55C3719
000000000000000000000000000000000000000000000000000000000000000000
EC147E95D7725F99E23FF4B4CA2243D40C688313029C654D0A1A060E421D8973B4
BE3B9ADC89E547A8B00F6092CFC3F548B0870462D4E06278E99F05CE7A358C7951
89AC38B42A7B47D758CF588F144306F7F8667E46CB9D401B0DA88F00F0E7754024
46717D550184FB9DBFF2C9DB1BC4BC50235D91070ED92656E1A84735274E71DD62
000001D0800000447FFFFFA160000003CFFFFFF997FFFFF3BBFFFFFDB7FFFFFD32
861821B589B6A07E9AAA95FCED59DF749AF3D284D0586FA4D3FC88B4B54AAE5AE7
92B0FAD34C29FF46AF2390AA2A275E595C8E0072066FC05F36DA6FF609782AA6A2
5CAFB90B4D5CF28F912A1C10D2E7986390E4FF32F9B405F5B1DC75562E64C51259
D5D3F3D8544807CABBB5C0FDDADF43A753835BDC0C7AC0F0ECBB29AE27B88FA73B
2394ACF7853098C171EFEC9E50376236E3B003C6307A475867E60D746A4BCCC13B
E2F5CD31C667C2972A076D74138EF0E3EDF62D136FB1D89787B78AAF3E070A2E9B
000000000000000000000000000000000000000000000000000000000000000000
6F55EFE6749B4C9FB03C51D10AAA99170493083E9EFC91EF7CD1A70BC580393DEC
9BDACD272168C04F62DFD326009220F6A00E5E6E0FA9FD4E358C91257C56D3D658
000000000000000000000000000000000000000000000000000000000000000000
8727C893580AC841B4C67E5D847F4AC66FC177BF2222EE665EB930A598FB1E6A47
DEED250C4EB920E3D73982666C7F44FC41904D3EC23BE57AD85820C6C21A04F5E2
A2B59AE41C05AAE37E6548A3D0AAF55B2064FC76FD980AEB95AC091740A1923DF1
643A1810AE6C875CB086860753EF667879F467E0A8FD1301B28B52FBF555734E45
BF3B02B163C79201DB89C95F9D7A868AD3CB984D961289D4428465FC599A3C43FA
20DE4B9E4591D21D4592DD1B9D73709AE4213B0DFD2E7757388D7D852AC8003C08
178A5426B918B49D92CC72A63B57781BD597FCB6176009A73B2B2C81182997E6F3
0A45EFA529826B86307F7B4ADDDB4FD3A59A1C30508AF2EE288FF7BA30B554C3CA
FC9FF8CDFD881F73F836CD2EFF90142186746A725215733F578B06C7BA5EA17CB0
4E9FDBC30CC8FD9CD551369783AEE3ED7E7EC9CB53DEEBF97C4FE7533D7E146F02
B7AD49272F99A9AA69A1CF27DCD41AC3D08D0DD2C397524020BD5433EEEEB2987C
000000000000000000000000000000000000000000000000000000000000000000
C882AD5922C2C5B510BDD38B95B5A5C307E528C1392B87F77C244006D30975D33F
000000000000000000000000000000000000000000000000000000000000000000
5A2B053BBED830B5C616636A3E43BC62D4963C77BC65F36CF3151B2D60B271AD1F
607414A03C528A4D7695A1C97A559B8F4EEFDDB5BBA3091BBF5FD3F05957764C7D
728971009D0078321134E5BA1FB56D3DEEBF0CA2A7A007F403F3B30C1BE7A551F7
287BD3BA3D7F055EB0C833DA45F6B7F845BA4F37F57AA1E546BE3697EAB9B4A3EB
8946AF6A38C29748E7E913A4C392437B693DDABCB519CD0C8D0701032FF5A76145
05673A0230C2F68261D12228A72E09C7F94DDB5FF8299DB2BCF33CB3AD9C669651
CAEC43F4286184E7C23D07049D3E2C5BE5242812D3ABAD9666D39CA6B8AEA88BBF
CB75F410E4872A1BE9B37F87C6E872C54870B4127D603F0C1706AAEE490A989DEE
66CB306552927857B0AC81DE58B2E6F21439E3670287292FFD45A4C195980CE046
53C43C6059D12D3ED91F72E56801C188B53F2D582770114E52C6FFF13D31D95ECE
92FCAF6328705FE78246555DECD31814DE6FF547CE21BA443E0C3141195C6677CE
AB47B282461453B0CB2037936FD39DEA30B399FE9762B209BB6B58E553D8EF2CCC
000000000000000000000000000000000000000000000000000000000000000000
2A108865921D1C00064E1753A82CD6212D99B5A7A5B37657CEA8C2065892063918
000000000000000000000000000000000000000000000000000000000000000000
000000000000000000000000000000000000000000000000000000000000000000
000000000000000000000000000000000000000000000000000000000000000000
4286001FEAFEF17CDEB5281420B3CB3F1F4256D633CCB84ECD7EF9AA90FE832B0F
FCFD9323E2AB0C4292506B69DE6FF8B45A62BA30CC318F811CC5CC805E06CEA569
DC6B28BF74CB864954D51A3C46747D4A319300E49DBB3F7D36A9701FA06B1310B5
2CC5214AA4904F02EF6E063254680FECD48E8611C70009B7473A3B4D63154E1754
000000000000000000000000000000000000000000000000000000000000000000
A035FBA489E7A3947E21D8DE02FE68898D4B8426E0FB4A3ABF6C9598C8DB85EADC
50BAEDFFDD073111B3EFFCFFB22A5773928338CD007609B2BB027EBE6D8D84BE21
330011A609BC36399C5E0268162EBAA84C6B1671327247B137BE29199CD3ED8E6E
8A9A1AEE1D5AE83C36FA175CDB334AD3A984DF9530B0BE9E20051ACA0A04975C00
B64DF80767602B3ED65552B2672CEEEDFBB147A518E9F65C741E59D8CA830A8809
9E6CDE8A00B133CE976FA3A43384FAAE16C8F134605C353FB8B961AA3E2EE65B1B
C509391C238C9C78D8CEDC45B0DE1B7EB8A9721C8D7514B345033570614EA100F9
08153D0446C011AB669EC716ACBC3479F29B2A8EF1F08D093F70DB20678E1A7144
0CCBCBF134AB6C12FEC5344384597C572A7EEFA0562B13FA1A8DB904CE98B64A09
0076EF8759D53BA8EFA1A6E269A453450B503CE8F609D45DDE27ECCA33ECBC7A56
80902D338537C432B1CA2C95D907C80B9BA79E27B810130D2558087848172F84B3
5D310D6E0E797B7444819E1933BDB8C583D9C87E0B6EB9D7F958E0FAE275D8C85A
B17BB6FD9255D8EE3BACF37360866550443A979207D9061488778BD6FED775A86B
EF62CF9F31A8FCA2E387B244629DE78C376A51DE3D798A2997F926B2B88EAD44D9
D8519CEEB63AE497AEB07ABEA3FC9E0169017B2063453AE1520D5F5192104AE731
442963E580DDA5C08F4175B59D75CD8D3F8F651B65CBB338AE13702BB578EC87E0
1EA55E4474342329C921B6FBB98C9752AB536FDF9967239105EC3276716D73B77D
EB3FE768542235E851B5A85B6CFE86B05B686DFE18DF0F91B94AB4AA23388F56A0
CC8E2FA0993E4FEBAE05982CB4D5CF6227ADAC460ACC1E250DC232BF5079344462
C9B68A21F01472B22F5A769AE25996DD78E7098612972669F7149EF211FCFED0A9
80295746475785FAA980EEEF8A27E8406E518D86C705B4EEE13C50E97D5E90C919
0EBC58F61BBEF572C505323FC290DA1D4CEFEA670CF27AA26F01D196C2F91EEB19
00000189800000748000001800000007C000001797FFFFF31FFFFFFFA5FFFFFE88
B2C1DA19ADB86071CFEFABCB42476BBD0A5B7B818F23432760CE2BF07E0A951988
EEC5B80CEEF92BC2F707245DE6C2B03515542BF87444CE090FE374B452F87ACFCD
74665E15B2E853C2C22CD677CBC36EFFD4257FFE4BF8938E834594C000A6ED2449
7549031A871D10879E9F1DD933964B2492BE95336FBA228195E0113191BEDEEC3B
78D64FB0676950318AFDDBC7E747876013586B4C66EBA8164F17A6CF6BE573D2B2
104F7A12207578CB6CAD0D8028DCB4C31B361EE4DFCDDEE37C7F7606B4498FA8CE
5849FC6D8CFA255B10AC0AC54DB962C839A603D4AE0F699FADC46BEC2394BFF76A
F8155EF08C27B6E6A0A548F45E8DB30EE9E7212A89B6EACEFD59204D67E8A5EE27
588FC07E1764A797359526424D57E0ECC3F63219CAC3D5490BD8440B77E0E600C8
CA52C75414E3C0AC03758728F4E3EC42A771664132339A72D8026F36897105B13C
A284125637C6EF80A9F461D3DBF6569D990CD8E17B63DD47ADEF3A21EFC4900CA0
7739A01BB6F20757B399069892DA0DD64838F184C7C99E4D4001A196789C6ACB77
B3C69316B40B59B4CDAED59B640A0178EDE82C643ED40BB3A413881E61908D6BED
000000000000000000000000000000000000000000000000000000000000000000
54FA07DD539A11C1957AD3EE1A20EA47B0D4ABC57290E772BCA9C6AA4084B0A90D
000000237FFFFFBC3FFFFF974000002A2000001A6FFFFFFE50000003CBFFFFFF60
3C0FDBAAD3316AE7C2747CF1370D8306350B4D0D887BD07C01998EDD746EB8D382
CC453AEE32F60761CD5A1CCB6F4A8F752A3F5CC9AAE9522186501DDDB210EAD94F
C71EAE4C8EE25B4046D914C5B6CD5ABE519EC7F50E1F78898E6D615FBE5400A638
2F617B0411F15C42774726B7FF441107D4A5A370778B17F648DA383CF0F9643332
CD1F6C71DF2BD762AAA2056A4F286218BC15ED1ACEF827CB6D7D6B97A7791AE38B
000000000000000000000000000000000000000000000000000000000000000000
C44021842B841B879C72FB0CC0C4996CA7769306355BEDB9FDA30ED0A32E130579
9A6129797D379B5147F6F937132E0E26E6AD859FDCBF2657491193BC48AB741DE3
7BF633F377E2BC494AF5553A1ECCA8927AD8DA00C8E2153543F0E1BD2E4D4AF0A6
FED20105DB3A1B2F213581691D9716851A13E831F8F5BFC5C60A7ED3F30932FFAD
42AFA00F10F8D8F5EBDF64769B0240B4D730AADB567D6197A9F8B7CD630D32094C
FFFFFECCFFFFFFC200000067C0000017900000125FFFFFF3C800000321FFFFFE48
BF695912484BB653975D1573F6755EC70AD383158913723A25FBDE05EB3C4F2BD0
B2DDC574C1496B00E7AF2A2E993A535382927FDDCE6E216A7D90931EE9E1486DC4
C9DA15BD177CD487CEE49155CD3C67DB1DCFF628B64572EB81541F31CD9EE01988
85E736B7ED6558576A969046C0D717511DBC304F026BC7B027B42988C3C640A249
FFFFFFB8000000A44000000720000028BFFFFFF12FFFFFF0C7FFFFF8AC0000007A
C602931C27BB27DF685B2589180FD845E5426A0BE2AAA558A0B58BB70CA73CA1BD
B2029732266E17616B307135973604B2C631F7C9A5252E90E95DB5B00FE8F1D46F
82515F3D31F2C1EE5644EA44920CA052484C596D753B6401331F4073198E390245
949F7A2F188AF5C96211F3ECEF3D8E377D76A85C74E24BD6B7D4E4EE7C1E1D3603
D2CED008DB8997AAE279EB5742977551F66B414348A9BB2B71C7DFE362AF352CD4
4209E7927C5F3C7302D20D359BD4E1C33C6C04432F4C0F397D220D9A8DB6F5C526
89EA833D181757830C3FC513CD72E4B25BA6F993A5A9240CF9D299521D4A5313FB
000000000000000000000000000000000000000000000000000000000000000000
7880999FE564570B4110D976E1BC2611923E406C2CFC220B4EAD890828C879F41C
2B4DB89FBA2238298493F5B40ABCF207610C6A6AC1C084D0AC74A0B15DB69C092E
25DE40B795CDDF0EE4E6FA5F616C9CF9BA85DB4F2D67C2CEDE47631431D5AF88E4
6CE0DBC1FD7010DD502322CA83724F2C9F3E33D3D6FFD97C4026C61D48E8D9F942
FFFFFFCFFFFFFF14C000004BFFFFFFCEEFFFFFE4E7FFFFF9C3FFFFFF37FFFFFCFA
F4F9841ADAD4C02503A0B04A9B2A5E8C9E24ABBE55479336AD0CB09D9FAB0CD4FF
FC0CD1721D1C84170F13324E53D660CC770BE0174844E9707D14DF44375FD01A2C
DC651F9A7F0E938B1525A32229B10C9DF81CECCF54886A846D113B5AE1065078B9
0A68BE3C3913F7216B2C73B78C9777FFA49362EC35369B01DFAF5C8B3F0A7DD162
3349191BCA9798C1665992981BC8352770DCFB275CBFC7DDBEB14C3916C30DA889
000000000000000000000000000000000000000000000000000000000000000000
C0F3E52AE229393ABFEB917AC7A389064D4F8D64008B03105E6D3A27050CD93E56
47FB780F5EAE7EE738894BA1FD9506E58B53AA83021112BDF5F1E9E3C55F6CD683
000000000000000000000000000000000000000000000000000000000000000000
FFFFFE400000009C4000004DC00000194000000207FFFFFD1FFFFFFE65FFFFFC1E
C52BE6AFC6FA23D67BC0BBE337EAA63EE341BD7872A212644DFA81B5A53D2B5339
BCE3E6110B6712A087BF4B522F9A0E18F5DE1C2D523B1E0F97AF5453CD85B679C7
5C3DD217BB39A9FF9D833BAB648118805195C0B26031407BAF1ACE2786A863CA4D
E5168AFEFF34045C6873CC7B9B0434ABD0ADF216494518A2473CDA09E36E19247F
ABEDD7CFE3F631E2D1A012301B0D74EFFB964CB1032C918641D1AA5EBEEFB1B25C
69D02E8E8C342B9709B6671E09506257D2B18894A9F4BF9853838A503AE3EA6972
43162D33524400C42DA11D91CBDF7716B5AB17ADF19E6220916EAB3E995E6AA7E9
2B419AD507A9EAA9FCA01E82EDAE6FBD2A42D1E210FD1F2584C5C2A7A346084FF3
716F3BC2CBF606864E847C707F10CC20A785F9BEDCC49726D2AECCF14E3E9CFD0D
4369BD5B083C26CDF717DC96279D8B45DFA6DEDBCE333FBD704E7974D6170628D8
7E1DCF51EC31DB7C44F4A7620270DEF9B5DD4556D15EA315B3364E1E1499EC53AD
000000000000000000000000000000000000000000000000000000000000000000
E0751F7C197572D0B82FBC7092DEAE453BF79D3AE600083838D64E0C9B450DE661
5F9FB37879A32D1BF69489E3643361E4CA7E6D7B2033A954B50FE37814AF7F432B
A7ED2A97E1502A03904C2F8CD5D02E7DD1C10B8FF8560AEA456F01465015C9A0A6
A14591D8094C3DB491DB6D189A99220A3C0703E23169994795611CE138D87D750C
D34C8E6CEF4CF104AF06B55F8F8D7806C192C05A3FA367C1BF9CFBDEF8BCFE3AE7
83711840AE0B9B1C3DF0003171B79B6B6711012D9265C1F2FC7F912734F0EBB0E8
A3FAC9A9709247223C3261D01B8BE62F8554A6A209A56F302AEE03FA80651B6C3B
FFFFFE1E7FFFFF5D4000002FDFFFFFC9AFFFFFF0C80000046C00000091FFFFFC31
D60D11268F331B0FC5DB55DA7BDE543950C69A3A278F063E4937712F3F7C726631
D4125550F5FBCAF18D3B87290F47DA14C94B973E7072568ECD6C0CA7D472182BB5
000000000000000000000000000000000000000000000000000000000000000000
9AC0A561CA02C9CF521E4809E9FE7EC668AA8A246636BD8EFA9EB585BE4EED0519
5EF75C3E8A472DEB867DB72D4D3E444C0F29D52770D332F332C4B34AD186B3B80A
20ED7E3B74D82CA2FF603382C5E0C357E542FF57764F34A43AD775F2192B7696B0
70589AC61B72B7701FA5A3E3BEA04CF4FA3C1ADCC022FD08FC310DE5815705D084
EFB46E97F0BF96F1C774813146FC1069B56FC8348BF1808964A53953D056451E57
1206287CED6BEA63AE2BD05D8AE54F9603D32814FAED3C4D6D5158EE6F8272BCD6
39CC81AB63C72ECD76CE542A3C4C6BED4DEE8846F1BD01E30440AB8048A5D4C123
2040C75B896EEAC606971E0D5407760442A24752D4C3B6D8EAC2D78A7817A4C728
A95F3408C835001D56CE910E48A116836536DC6C7583AF501277D44114DB4DC282
D157CD9FFA8A451D61129952BE7C710A8749E9CE860BFA72F9F893506FE7F85483
BEAB328AE112CD4701EA84CB2289E9C51E207DFC84302D1A0891FEB60456BB84B8
AE00D7D615305A60E62C720AC0F8293545CD50F751CFF0BFEAEFA2EE244D75D4E2
2177CAD57DF5DB00B21A5CFB1A0D2486214555B236D0F8EB520F87F76B2F9D7B67
517D14885BD7ECFD8973D1E8A92C5B991B0D6E4A697BEA90DD4A0C23100F2D7373
9BC3085F799D05AD3120B8578F86ECC65D8C7C3CA382FB8840659E094454AB0AEA
2976C05C46FC2953F951CC076B0296F8C8C84E0762F5C266B7DAF84B07457FC32C
0B235447F4F71A690C9799FDDE64154CD82110AF52ED9B97E16565CD6CACDA87D4
CE71FE0F178F531BDB6F7D55F6D6A053643A8ACD3B65D4BAF839A76B61A176E85D
FFFFFFDA000000113FFFFFE7400000269FFFFFE9E7FFFFF14C000002B3FFFFFFA5
FFFFFEFE00000011FFFFFFFB7FFFFFDF0FFFFFFDFFFFFFF2BFFFFFFB9BFFFFFFDE
2C30568FFD4DEF63239FCCD02BC4D9A8B2DF9C4A184698A8D0E1E51041AE7EF6EC
84BF9C6B1A37F0188534EC4B9E11287E928C0EF722CFC0CEFEFDCF65B3EC3F3CB6
20DE67350ACA427BC86A5321CC5C8D1A5B38AEA2DDB206272F53B6D841DBD7914C
C0481CA480E6A6207D074E48E6BCD0E897BA3F31CDD65B4395275B5586F3B821C5
9FD015E5B8D0D984CE5EA317D10CA3A7B6CD339ADF129067A679AEFEC3EC3307D5
000000000000000000000000000000000000000000000000000000000000000000
3890BAA59E802EADB5700ADEDB89913C235924E76A26CC931784BC7EE18707AD43
45D3F3C7C32603BA63550341FA07FF617A6A19B2D016F468E653DD539286D33936
6F928077DA3B897AD3D3E4F0B7BAFBE3F2547E2DBD536819DBB442492D63ABE98A
4A273B47C4B668CEE35796F85A3E894F7E151D5AFC6745EFFEFECD6C1867F87E45
8B876413C7152C890F55D05AB2B95B4114127AF65FDF5111F4DD688C9E11962FEE
8316B797191151A8735E813A628A5716C4D285C783E2D8F1DC6F4868E881BA4662
F1B63A9C509CDC6F78BD012A82AD180122B623D08DF26333A74B730787FC375361
DB35A38470CC022264F2752EF67F2D778EE9F4A8B005B69A7DCD01CB9E34232FE4
000001907FFFFFE9400000009FFFFFE64FFFFFF32000000223FFFFFCAFFFFFFEF3
CDD88C98BD6A0866F4FB3A18CE0222FBAA3F313BF4C1D821BF8CFBD50E54D095E8
000000AE000000A840000034C000000760000019D7FFFFF3C8000003BA00000226
7CD1518BA1E49D3217948908C9DEE509E04343FBA20AE34D0917464340C61391A0
000000000000000000000000000000000000000000000000000000000000000000
A5183B11C36659CFB2C8D5E7DF0417C36A5829337D8617C7D53EA54FD022F4D9DC
B73812B69D6FB142899CB47A1EC1D9CC5CE5449EB360187E0D2997955A94873FB1
D92919081FC46D1F27C68EB605B7117CADCB98287DFC383766D41749ECA39C243F
71B354D88411459072FF4F67E52D78D96A65B66E7E4F26FA2ABE8403E07775FBE5
63353044E0D79792DEB75247E5C3A099D19CE3261D7F2E90A993596A199020D2EA
7129AC8C02F66A612C29F7D924425AF665C3DD381917BD347F3932E27DD16EAC83
B5A308FF57DDC43429F08F00B7DC249E22DA607C814E8416D84A054DB7C051693B
A8F56A37EE3BED154851AF970251D624556DAB33AE3A442BEA77D14FB316DE2FD9
7900BFB2C3F48F09C51B9CAECDC4120A11EF864CD6FA4E8E534ADBBCE758578B2A
FFFFFE75800000E480000037400000008FFFFFEBA7FFFFF190000004EBFFFFFF8D
4344C1CBD646841C500B951A99704E5B91868320A57E979C12CD2A3284113B2CBC
000000000000000000000000000000000000000000000000000000000000000000
72F87B05E938024D24D88FC91CE1DD8FB273839210B5DFCF58FD52B37A0AD43383
8D0E22B05BEE13580F8E2802E94EE5E43C625ECADD09E5E92DAB4AE339673FD9E3
B06596497420E1643F7397674AEFBFE7AB97CB7215835061ACDC4A316B1BE09FFE
FB59A9A43167AC137154922E78C7AB1C875BE95859230560933067080A859696C3
0012A0D8D43169178F4CBCA403D9E375A5FFB06EE34139C270A990DBAF7514054C
28091434F6A0854D6448F7786FC2A10B19368D6FEDDBB68506DB9C4E76E38740B5
8466BADED55E633C937C0BF6095A2E339C7B2177C467445403063CB29CE00E430F
33919779EE56C277A152CB1BCD5C050DE74F031ACEA137A3FC6D3DC2B229F9EFA1
2FDB774D44FFED42CEE2BBF15DD45DD8A5813DFFB60F9FE3B105DE060649E81FB5
D7F891D402E6A36F7B9A2642062EF2B39AAC2A90ADB908A64D0E13F9A15152E086
B460EF45C010E431E62316F56E6314E252D5CCF134AEBE8FA5035957B225ECD112
4301AE4AD8E58358E73983E2D4E1884E07AE869B8E9707FB69B8F51F5DFE085A17
000000D2800000617FFFFFA4A00000246FFFFFEECFFFFFF9D00000031DFFFFFF29
23CCE540793C745DAFC81008E68AAFE5FF02589A781F7D6C6E152431F60143345C
278628F6C748E873D1A2A5DC93C570A588E5F167F10CCF903BBB25FACFE1EEFEA4
A9F33BC5B3D23B81222109F8276DF246B603CF12E167C86E54D1F74FF56A7E1660
35A6340FB9C58E75864B01B8C688B9E964C5D54C5CD7DB387F5432EE8209DEE11F
900B982861FFA1A79B2CF74945137A82AB8BEE52DD96C6E9EEF1105DAD0A9B959C
15E9AFFFAA6C7B5CFCAEF2F6C3B617671042A7DE7F2124B47EA60EDADCE543063B
13B14D9B6E206B36B369CE4CB358A6E4451E2200A261734515A480DCC6B4C7A2A1
2035ED99507F28F2534203F4E596AC142616C4A9480D57763F462B9DC8506828AF
79E93C81A1A83494EB0D4ACB37951B02D5A5D27C61FC46476AD43FA6712C62C5F2
386B6263418CB554DAE8F30C2373F4A609B17D6F2DFA89103A9E70FCEF703137AB
94752D48AF2E381BE903CD43631D4AAAAB517AD27C4412B53C94DE2847783D2C0F
056D3F512843CCE671C7B1411255ABC35BC727D0A5D6B37CB7D00E0EAFBF993E0F
E13DBF81A467E0F84312B2CCC945BDD254AF4DC3BCFE144486346EB758CE2AED28
8253E76BB918018EDB408B504F88AB06D5F06706E175056FDFBAF9432EEC6CF09C
0000015B7FFFFFC4FFFFFFC9E00000109FFFFFE377FFFFFD78000003F00000001C
8652491659DDC1C3A52776158B24684D2D4933CA338D756BBA3F347F6911E848B4
AEFA18709B6B065160682D23316C9F4904F1BE61F972AD8A482A4C92E9C0FC5496
EE8742BF5B4C2432A7120FAB0C613A199B52D46FB28E8696C4FB5EB36CC2255E94
0C0C9D21E7A830D6836E17FE8600702C58067CCE0744F73673693C5D8BD57E99CD
38F56158936ACD0C2E757FD1CD069F162E2A8BD3692626C4E1430DC76BBEB35E10
0E2754ECF5D0ACD9C54D58111D96E2F0F479A5A8D82B4BAA849AE4D537CDDE939E
03DE237FDF3264D460F1D1F826DC1D071DC7583EBA64EC69D4A444EF67A27838E7
6D2E280D2CD791B6F5FF5E79B7108E1EE058D57C38626AF0D07A3EEC3BCBBAF4FC
5B141A7F091187B07C5755B334D81E5555C1FA6CE19A8909FE5677B743BF6C4FA1
7755D77BAB0CFCEC0BE64659DCBD9107898457585FDD6922E31F9B0A00B031D282
603F3E6C25CDDF02ADE16563E4DC3A3BACC290B327BE1BCEA81C75123233062A7B
88428A6CB1027343F41DA8459E858ABC5E82C37FC3424F8A98F6816B96532E8AF9
980D9524ADE59A81E45B15C9E1C8D7EB3DA5C8DDEC89EEA24F310B4F5A7D99F01E
000000000000000000000000000000000000000000000000000000000000000000
000000A0000000613FFFFFF8A00000261000001A4FFFFFF0BBFFFFFFCBFFFFFE43
000000000000000000000000000000000000000000000000000000000000000000
EEB93C6FF7F285A172F055548F2DC337A3FC50B5231439B96B06B868D258B0DD66
E089034496D54FBE78F967EA09E68A9AB9AC57707ACA41D813DE6F786E2ABEE9B6
4A6C77ABB290BBF1FA172F507FE33408BFA8CB657FBB095C7AA52F90495FBEAE6E
FCCD98231D28CC4BC57F47F50FA0925CB71D1824451145F2AB6EA1D614EE38035B
450BC1D64CA06875FAED4FDA00C4FAD01FDDB8BDAE880CD6F06AD5D43E2B2DF51F
000000000000000000000000000000000000000000000000000000000000000000
D62C2D01C9DEF4A177BF6E4E963300B63F2F3A73BA0778C4748F0CEE76EFAC7E51
045972C886221C7DCA2E57ED350B8A31EFCB90807CBDD34AF8B7C97D98479174DA
3B2E1DEFD2755CA6B7BBFABCE835932E76AB75D85F1262B568302034EA681A4FC4
72BDA6B81ED414FBD322B10EBDB91ABE88F095AB8465F8441BE49AFC0AD6F079BD
0AD067F599C3219A80379A70ECDE86AE6950624B8CA8CA0F61EAF15CC19DB550B4
EB0BC89DC478137EB0B287DBDE00DC0A050C081AB1EE61E1C1AB89F54B026778C1
1EB2938B5CE4C47A1EE772A14CE761CB079C974D911B679ADCE694C1842628C151
E7D9ED145A1643D959DD0FB088C08F9301C377212C500DE3DAA33EE75D7382A063
20CA698B8A2EBC3C6EDCA65E24E49709C975F5F853AFA01AF39C28DB7AFAE3FC54
E2AD09C49F315B5858A736A1966E2C5C958979AB4472B278A623C61A7B9FBDD6A7
3C80945283BFD96AC2347EAC901A877CD5A32A7A6BC94E5F3F30DA6E7EFA92A323
EE24D01D5301BE29D60ACB6DDE9FB44691386F929B783B3BF55514989C0A985B00
B803E06B24080EF65E06413FDFD28E7760ECD3954363FBFDF4416DDD7CE9CE1C84
7C11CBF48571314793DFBBE42C12C23B1045537AE9CC8F50DF37BC00F2DFC14E98
DD45BB45B893D73B23263BFA7CEC4DE2702B73E068FE415584A8B19D16DA36D82F
1F038CCFFA8C1D19C92F23AF6344D7C190E3F6D1C4C4D6502E3C3607B438DF7890
1C14F5620CBC886AD2542DE358629CEC20A160FAEC9721656534C69504355A3BE7
FFFFFFC6000000D1BFFFFFA2600000046FFFFFE2580000035BFFFFFB93FFFFFE6F
552358EB0648A7A2CD7555835D0796D959BDBB3FB0E63DF99C8C0C4EA7507FB29D
00BB4AC410F4645731219C3FDCE8BF4541DA45AC4140899A543E84A2AC8964F534
E6031A3421200BFA57A91B59D3DA8DDB34EC92808FC6E9AE7CBFBC0A4728ED3BD8
523F5620B2717AE3C34678BA11CD7D2ED9747E9EC0FA120C4864AB23533452AEAF
661887CB0A3B8A5078F4CEE86B94EB29DB6D0C97F89321A4BB79A6021CE891EFC6
0073651346D5C5AE20D3B48AC3F89B6CEF01CCAE311C370B575134E10169896D8D
A535CCD40122ACE04DD6B5492BE8CF84151F4C6D5F729927CCB039AB802009A52B
C588FCA96E7A66D662B27095ED84A08674925A7C11973CF1049978A8F34E71CD92
A5EF88873E0A3015D7035197F69E3325D7493CEEFCB15B44D9614B7FAD92D7912C
7759A0C3467D0CC756769F57D420BA53E66929A047C755248D85F26355A2DD52DB
F6834A7BD9F1E89622ED5E17A523726864BC50849ABC3263B6E06D49604503A48D
9D961B9F8DFC7941AF95BE0CD4E76003CC850425C1E8D9CFCFA8F00DB5BDE53285
303BB2AF72066D8F41863146A13023343460AC31769D6646FB42EB008FB37CB231
7816319C901379E1D891B865ED308508F8BF82D6CB75AFDF2FFD431CC49B19AC7A
000000000000000000000000000000000000000000000000000000000000000000
000000000000000000000000000000000000000000000000000000000000000000
B3351CEBB2827860823BF4349AF3AFEB0D886620D28C22E21DB317614292815716
B4A688CFC12011DA1509BC1B3C1C2FFF6349DBC825F7AE6CC33176C91FD434EBBD
516CC5C5AB42541B7818AB337C993767AD674273C6B57BEB00B13C83976FE2E252
00000050000000423FFFFFCDFFFFFFFD5FFFFFF56FFFFFF37C00000663FFFFFC46
000000000000000000000000000000000000000000000000000000000000000000
FFFFFFDD00000066BFFFFF92400000179FFFFFFF8FFFFFFD2FFFFFFA5DFFFFFE17
E08B386AA3978CF982672404519A4F84A9E9B3BF83AD6575C40BD0F534C716880F
72D63D4AC21D44054451749C51C96ECA66B580FF72D9C21ECCD1979F4C76272415
220B0800A009D37AB1B139376172E3114B90C241F71A038B4B719A9CF48723082F
DC0A9295767C0B50C445F27758C8B559E6D1288CECCBFCE010C7E5D4FD363A3936
F8789B93FD2730B03C564705AC1493197D18FD22AFE6430DE061138B613A489242
8CF1126F61B2850C508F8D053B74BFEB98EF1F63D669B2FB9FA01CFADB8E8CF71A
79A701C099E50D0E2A31CD99E320EAFA5651F23B2EA4ECCE0542E07B9EB0BD2D0B
14215EEF69CE0850767EC3A18CA7C90A09A51F897226C18EFB94A364E5C8D1E668
0C0363D5D28D755B542046C8E4B7D15F2BB011D9C6E9402ACD4E3E0CB99B1B9004
59C0B3566A40DF1BAD1D87E0F07EA6663FFE21D212AB8E74072EE9C950E4D8EC59
000000000000000000000000000000000000000000000000000000000000000000
0000009D0000004E4000002880000008CFFFFFEBCFFFFFFA74000006440000026A
6FA5CC6DB9600F1E07DF66B187D14B28200F6C3BFF5D6BEF662CE953D7DE4215D2
000000000000000000000000000000000000000000000000000000000000000000
FFFFFF427FFFFF0FC000002D600000001FFFFFFF47FFFFF99FFFFFFC45FFFFFD98
91DD83BD1FDB040CC7AD659758AA17FD9B4756F4F397EBC9A51198A82AA8B1607C
8E39A8413954758315B995D47249CFE090125EA960144B473BAFD4322D86C0FBE0
C375AEFC64EB350AF5F72022E710E81EA4082BFCEB7B5AED82C7EDCA43374322BF
C08A1452AF126715209C26A8B3F15DE42A7A117A9026449839C8DFDB9A8B0A67E9
F4FF0FABDFB313672F63B41F242045E1BBC481DDB9AC9D950B66E37C4EC001A194
C1946CAAED00628FD7EE66273F3FA0CE77947C5C57AE51F229341BE8370E6CB6D6
E12D1813FCE83805E67A0FDA62E2C319DE6E3932FE04F35CE23FBB4AA77945CEC0
87032A2C228C531D6482361F3DB40B22359C98E3FE01BC08E92D1E1D4C6C5F9520
000000017FFFFF59C0000042C0000038C0000003880000032C0000001BFFFFFCC0
F7591DCD89D2859433FC09B87D24B925D070D35F51CA8103FE38F02F6FFEB4E642
689774283822D0251AF0A5327ACBAAB1A52D33C04C647FB204BD19D040B5DD4C9D
CBBE73CEF73E00EB3D5C15FBC9AF94D4DC82A4403DB12D71A66CEE3C1C272256CA
A547A03D7D8C9B89F5BB075F2F164FB02A393A5D154182A448624698E2C740D952
6681161069A86CAD3145B5EC091A30E5F85300AD6C8C6EDBFA17C2B40ACCD2599A
000000000000000000000000000000000000000000000000000000000000000000
2DBD369D2F71DAC62F98CAD61ECF43AC9DC816ECE369B9D56DA0E351234FCCEADF
5543A62E14616C03FC041A6D5E361845CD82DF634A0AEFCF852AC0E3F04EDCD2AB
F9A5E0A0BC361619F216FD4B04340BC23F28BB1CBB69EA1938C093ADAC6D9941E6
95CA28009163C8A40E6A184282E526D910FA639E4D33251B12BD5DA5BA4E7A8928
81B2CF0D1975A3566A4B691F44186C90249A7A20C0003DD7540814E635183AC815
C0C32FF838AF3ACF1C116C082EA186D6B5863030F6E606DA28DC9CC422EF901D94
41681673A764C5DA38D46CE532527405E5A0754BE5AF7ADB97929C56D4A524F548
FFFFFE690000004CC0000062200000118FFFFFE40FFFFFF790000006D8000002A2
620AC2C2B47BF058A4BA2A3EE5CBCC73EDEAA083890021927148076E40A97EBE29
7CFC940C9F6A32AF6E813FA884CF576F01660EB7471EB9BE6C464311C9B461B2D0
F58E383E8385420D6ED4137457A7B9A7858210EB395AB34E8B70A17242715D151C
C7D21A43627C11178D4AE96E92E49E326655C36D472980BB658544BDB4EA610E14
8A5E791ED21A942A4177BF3F77683CEE7E190DF0D7E6E89365F0E61FA6E3DF927D
A193FB3AEF920094DB0810A1CE0A779E8C0D2FCC410D3152128C4F4C0E0398B0C9
B91E61AFF300D745498562E8689EBDFC3CEB6B5A71D9D91DE7B37CAF0B8B35F0EC
A22EF27359AD13CC93677A5F6CDD7239F21320BC162FA80A4399635C8984D077B1
95E478E79171BB57935939DCDD8245DF2606D13B15EC638DFC4E70375F75F69B18
000000000000000000000000000000000000000000000000000000000000000000
84D95B0179642B7FC4CADC37BD63956EA6335DA2F6EDC391F78112AF6EEFAC008F
0DDCAAF828514C908BD01856860EF5C508CB75DE325A9BCB4CD6DDA14159C6E820
1E5F67977325B634473B1D4A67E505CB4919F0F2536123937F35C68581D115C6DD
A78EF5F19F41B99DC2AD06315D30A4C91A47DAD4AA01A7347C877AF5BB334CF521
51B3EACB78750E217A454676C15A3A0A24495A6C395C4EFE37BE676019F4E26B36
914DB10C51527CF714F165D03FE1B6BC27E8024C7BF6588E1C0DF24B57656BB76C
66313B6E4F9C286E6BE6DB18A0388AF5D5957CC182B22826946A03BD2B07A8870D
81812821F7DB86CA68D42C523BC45A16A04EF8A9C5FC3B9A9158B63C25B7EAA386
2C0CD09CF82CA5A92143082C274E12AD76993E8EA5DE37CA033E34EC4117EEF570
A2C7ACC3A0DF6C8E765D1E7A70FF7636A9AAA803AC67A5BAD971AFF49A269CDA67
E39F358CC6ADF4C5B31AF3A4B72A40B70CD7DD110590D2AADD8817263B3A8FB53F
2495555D216FBA4BB123BC79B44BD56A21DCDECD65031A2E554717187C63E7D177
91998385044955697A11F1B5258C760C032F0B76BCB0E537E3035296D221C31D31
3043061622B0227FDC7A5A465100DDCF9A3F223CDA1855BFE0C1EDC52B3009157D
1E75F24FF1F2C1AEC637404965E092B67A4985845C18CD79C7C6D607DA416BF6FC
14651FDF7EF65C8079880BD1C58096173CAB8F926C52814FE58A49770FED018620
09788C23E2B1902842E05887BC5C9FB967A6E08D28F0878177B6300F0A51DF27C7
0FA2D32CE2A56A6F7E25F345C5CFFE6A5E92FCFBAEA1931042A890EDF3AFA35AFB
000000000000000000000000000000000000000000000000000000000000000000
000000000000000000000000000000000000000000000000000000000000000000
000000B37FFFFFFF4000005CC000000BAFFFFFF0F000000BB3FFFFFF33FFFFFD4B
24E644F5C568F0541117F6540D111EF2311E1FDBF1D578913253053B800BEFD63C
034A0F155B3B64FE2434A8C1D124BCFD9BE780251AB237EF746A0C30BAD3D89797
8669FC154D2577345A34989984401125AE104BFBEC29DCB674DCC27646D4097702
4E494137C353A72C231E9E4CD4165AFB1C3CA54FA6274BD817A6BDD096203C3B9C
959223D8C89715E30D221655E110E4EE996C2526DB8FA3EADB219BF49E43C0B611
000000000000000000000000000000000000000000000000000000000000000000
B7D901F08B8B708BE46E4B7F0DA6F911B69F6BC47EC9BE28C667C92172CF9988CA
65EFB5F36D74E4952DE4469B13212A6FAD4CD9AD6CC3D3895D6B68E4AB82C06B6B
BEB71C393AFFD683AF7B6F1023BE0E7A4A17567CBD3BA705C2BB879277720DD816
EFF3C9A9F9C6085D3EBF5D61C1373FF2840B90030D039EFBC8A2D4C07A0958FD5E
FEBC278A717C94CD26284D7CB47B1ABEDCF2ECEF081B462D689740476B763026DD
BA6750F43C127F7DAD53129D01F6D5FFF6DC1F39AEA1D374F3D4A499F88EE9AA4E
9EEBA7AC4827003E38853BB7FEB9219859C912C005FBF2E7FC46FA0BB85E2D1450
72299E408990BE360636B4C13ED487C594E1059BB65A57A409A9FD33E0A7A732A7
45E8B80A24323C4FDB959F3B778CF817F69D58C9D051CA4D1D0F7C52E6D66B833C
C9D214472DD2A3FAB89BBCEDF4C51FC99BF01B6DDADB0F9917E4A3E53CF0AABCB6
81D427A35614A54729620AAB0564A515898684E08E5FDB981E0A5C890C779EB14D
000000000000000000000000000000000000000000000000000000000000000000
32DD800FE3B971D25FAC5C9575C4EF5C3D3FB94E4C4190BB32620F31CB6A1CB309
8C060287C2EEFFE5C96E2B7B88BF741599F01B145F3F398496ABA4FED650322A57
09FF3FB77278AB867FFF613F04CDA84DE59E5F877D466CF166E49BE46EB0875A95
98ECE7A025649FC9C61B08674F790D6F71FE14C65BC5B7C2FD01110578097501C8
768AA4205515B939CCCF4AF1BB0DDE6C0490F55708CFABDF36F9FACAF9B7CC99EA
AE8E22D4E341BA0D4EE11E2584EE1A075E08661F7AE6A55C986ECA7E4B38396E7D
C9E5B9A5B44B17273C679FC3BD0A8B226B87E1F3C7C2C1DD798E99681EB378F2A5
AD07F9ABAAC48B6540284DF383FF43343A24B302EAB9C0B9DBDD44F7C7F22F9F7F
163E93EFC5EA71C3539DE7E5A688515546FAF6E2E28C2E97EBD9F02F807B2D539E
32555D7C1ABF42E2A927730DEC652B898AC1B94C8DAF995F220966A4090B7090CA
00997F3B9B960B290037EB6F4ABF530A672232C59F1663AAAC735373BC60DAD4DD
553310C8CF8074F0EEFF4530C8C7AB18E9DFF9BE05B46211C2CE67DC2DA8594539
32470ED422AF3B7E31FB9B8884C730BB9B29246AE5B147DADE880DD0B3E21D8E42
91D43BDC650BA0339D5A494D5FE9E79683357C7E162E2EC934F366874763DC31AF
000000000000000000000000000000000000000000000000000000000000000000
DB4723668985317760522DC0CF238B8C55F7D4E4087EE0A8D080FBE5AD1DE4EEBB
41C6B30FCD4B5B9B187903F73D0A135B82C8B120AE330D32445F77D4A37B8AD4E1
000000000000000000000000000000000000000000000000000000000000000000
EE01FB4FE256D7427B1F1DF321951ED2CDD1BD12F56810A0F252E43B28DCAC6018
000000000000000000000000000000000000000000000000000000000000000000
1BEA31FF3A76B7E09B52A1C503AA0AF47508008E68F912C0B38307C4D44127F19B
D7C89B495A6141B7B8ACDC7114E786292F73EFB11F89B3CC847332EACF6E221204
E24E2EE86DA928529999FAE3F2744E1432C2368CA05198812B79F6D27E7D5B551B
A298743C12B72B5C139055890A05F33624D0006FB149BE4EB914128F7561AEA6D7
000000868000003400000062200000172FFFFFE22000000F1BFFFFFA9BFFFFFF2A
9166A9E8FB30839B73E9D8109830536391845C850F41BE26AA859A49ED28721279
EDC3E17E7EF072B125063DDFEA7CF423818782B3E34FF1FA6C3C5AFDBAAB1377E0
8B81CFA610E43BE1F5E12F8F8A6061566ABA1A9BA69CFDB4013718FCFC33FB7461
55EACB7A56F9BF64D1CCF42C2E7941BF9CCFD5258A81BF1F7E96DABF0E7CBEBD25
FF7A0ED6871E3D29D7C889926C3DEAF3F04D59EE583192BA07C776F640A19C4BFA
158BED8C433C012E55326C468762504187FB58A7C91C20D550A8AFD375D34121D0
C23047E0C8AC1259175CE794367B370595DB3B799C01AFCD1E2E51F7E2EB75D316
2F610957B1D6773F3F4FBF7282ECE647935BD2C98A74711D8C602005809C8FBBB1
DFDFF578EC2B4D98FBCB82460D7BA6C6C58C535BD1ACA50158307E4EF8377C682A
67D4BAF4B9A482F79093A4FC108DD008840830811D4CEF59BF8A37D664A819B473
422463F63D06475B09786F4D776F107329AF8FA244342D0C1EC024E58B0F96DF36
FEE426FC2EBFA90E6C1AFCF36789DE4C6D661E77191D4F2B225516685D164F8D32
000000000000000000000000000000000000000000000000000000000000000000
3E677E884422A7285B31352D51BC0367320CFABD217A529D39E90DE5ABDF907A3D
DAE2FC87CBBC2D5D08EEC9F440D024512BCACED284383126F2670FB49B5F199542
44D4E438C418B90717327383D6420AEFCD7786A6FDE5835984FFF13EC3769DA6DE
3768AAC1F243BCCD5BC7C1FC59DEEECC9968FE71070CB81D1CA17039B855BE531F
24EC265FCC8C9F75550572113DEB64FC5C6BFB097070C3A920DC859794D052F4D0
000000000000000000000000000000000000000000000000000000000000000000
5045CC261A5F31AC0417133FF40C1DB095ABE18E3107DA0EA8F28B8A78CA4DD9C2
5A909167B9936B14503B6E6918D671817D2DEFBC668641BDDB828F29A2D7042F4F
579FFA9B0123A911FE4AC610E7BB8DF4DD313A768EB9C4B6F4406E5A97CD2DC690
1EA0A736D04501857CD2ABF1B72C1CC79B1DDCC067E96D35D5395798BFB8FF4B8D
EB754C53691791032B068E40AC6809C7133979FF65089EF5256E2462134951DF7A
8208C86468136AE288349583E3C860ED058B0C2B4B473E7590955369B7E07CA7B3
134C8CA2E10E5BE3CFFF3D6A6E0DAEEE5C4FEDE7B44C844FCE5663410858086510
A5C48A6F57F20971208F0EB410C55C3AC01CB95E8A69CE37662B993D6256745002
705C7B77733483623F1D7A1F9C25905CBB95DCBF41EBE253BA0150B875BF91757C
8896CF01CABBC919B381F4E06629E9A500917056C3E013186924E61A6284B98081
4827BB27DBF2DB68C83ECE11A7CE9109E5014F4FE12BE809D50747CD6F837FAC01
A47E28A5BFECFE8FDA11800EBFDF370A5A879E810C04A918CE4C2FCD5361452CF9
15BBB3728706BFE52EB437554F3F4DD40DDCFDC690D67B376A730228CDB4923BE5
0000016B000000384000002BDFFFFFF7B0000013E7FFFFF2E800000613FFFFFE01
616D16C3183DCA6583ECA36C4A9819FD269A48D2D0564CA09945F7577305C3EDDD
847D7AD4CEA0E72AA217573F83E69B17A133B6404F6EF43F46C582291EA73AC677
0D3973D20C466018D098332FD6BEC617C1630F50B3C1E29CD6438B591343E08B96
2B4E231F4A810FF5E09AA3BE6B9EF6E732BE438BCC1841B8E7A1E42101ACF13CDD
BB4FE3D6600A8BBAF1798EB3E6AFD2351FD4E3F71B201F9F8A102C9357B053BF57
71D1B88BE8F3E5AA24FDF9ACFD7D355A92B68555FCE8536E2C27FD67582B0A73B8
43EA3EC3FD1ABA73FD8EE80C58D2646E3F9A8FFAAE2B8D8DB82DFA684623BAB287
5880AF13E07904C174E8F646BD5D659AA4C6411B273C7A5922C246D6AFDF2DCD71
EB73FCB088C683619FD6F5EBD2499E71444A01E43DBD1B768FD6E2671DDDBA20B0
FFFFFEDFFFFFFFA4000000441FFFFFCA90000005B0000009000000073BFFFFFC62
000000000000000000000000000000000000000000000000000000000000000000
545E21D1240DEE41835854CA92D3A4BC76C66005656B70B8997A3E3FFA59F7DC1E
99BD99DD16FAD4F4F978846D7E7C5AB67C4B8B048804077E0ADE14A3395F1C9076
42598E935EBC949A824D4D169D43A561CE8F515999CE9B58F11A71A9DB2E13A4E9
5E8606662D6B1DAD093D248C9195E6AE1570762F7640E51D75ED66313A4214B0E6
000000000000000000000000000000000000000000000000000000000000000000
0B95E91EF94BB8038C0959C730664FEA826B5A876CE3B5A21EB91E85709E901A8C
31DF10CA9CB4BF8FF1FA5B0373EC034DE47D034411F72473A3690577B5D4F3505F
BE6FD7A38011496B7007776798E67BC7DDC85861B88B5F318AD47C83C5BE752E28
9B52E2BD74DB45FB4261186B16C17ECB5D82BCBD8B1F1EAC88F222DC11763735FC
907A7DA7B45D74AF1483806546482B08BCF827B58FBB3148271A9A8B00CD8D7EB5
4673C0D832BBA3A22C75C1787E6ADC959FD333BA70DF872AC79C1CE15E55755470
DE88848475AE24BD033D71D4EB83908DAA60311FA5CDC40F9B19267EFE399119FC
22ED7392728FD1DAF2BEBAF1EC858FB3FFEE955543AEF318A2EE90CE58BB8732D0
07B2472B178364F22E25993C0A78EA6B812100096AE08E0C13CC03BBD122A43B67
C2A8947A1132DAD2E6522757C4314651F61EB91A00B66C68922BD0460DD8C6EE95
000000000000000000000000000000000000000000000000000000000000000000
000000000000000000000000000000000000000000000000000000000000000000
B0D16EDA9D449C85FE8640BDEDD31C969B54FC762D31536FB2C874D1BF3916FD63
FFFFFE350000003FC000006CC00000280000000ED8000003C800000503FFFFFFB3
F8EAD864FA3038AE515E4DF7BD6B82E35D0F10EF2A19B4D921212E87C2A91C043F
3A620393FD727171C06DD373A115501A6E88194832F2BC64FBFC938FED97DDABF7
2FDDF260F571CD4F49D6829AF1558FC1A13C3993B8F979D0D7415295B01A745435
000000000000000000000000000000000000000000000000000000000000000000
C9316DD9B1AFA3BCEBDD03D02F9E7FFBCCFB19E81B278A19EF29EE0D28C43D512D
61169666895DE3DA846B572E8BB292541F66AED88DDF169F6E9EAAF9718D56457F
3735A6B15BF74E29B3EB5852894435641A167AF5750B558B473EEB3F6E827A49AB
91F2BE9CC4D7AC6C1120C66BB817B5CF63C8BE87F7180B4957A1CA6B2160D9AD0E
BF7B338BCDAC1832724D24570C4CC7B1019DC5BACA9C1556CABFC060014761C3A1
000000000000000000000000000000000000000000000000000000000000000000
000000000000000000000000000000000000000000000000000000000000000000
3198B67092BC87F1211D0850C5EFAC756FD40BFF20114935345FE8F95BBF33F222
BAF0CB4A15546083B4445F62AD5350B5BC8373756070EA8AE9EF17838202FDE5BC
21DE1D64BB3A8BF35F3F0C1393871144056F3B7993162C49574466999A7CDD94B9
4223E256DABA83599C0E2DF5B21805A50F072F96BA1C7F99DEA0EA5EFFFFAD7522
EA61DC5CCBEBB3C86F5B60AE9004A780A45253EDEABBB05C1FB5094696264381C5
246AF6DA59A2F325DDE07F7D59487F4A2F169EC6F0007E899D5D7A2A48953D0CF6
12C795BC951C2E574BE802FE392DDA7692C920DF7F5E09F8890EF3C5D0C41CDD31
F7EAC02DC34C87E90AAA53F9F208F935F957586DAE3FE1F46CD17FC77B55865AA1
000000000000000000000000000000000000000000000000000000000000000000
605CBB2D8977E82A3EB7306B7E069290C7B4644A8F8A27B6AC4ABD6FF539679976
0B860FA7E0E196989FD0C5AAAA61450196BEEB2A69A5B6AE3FDAB9D40995B3FF1B
B7E810C75A12DFB4E6300A76E1508418D6FA061B27E976192057AD52A66BF731EC
000000000000000000000000000000000000000000000000000000000000000000
0779AB3179B4FE5E6975B33C5419B15BAB62AC05276B8DF303B7019AFE6287CC52
000000000000000000000000000000000000000000000000000000000000000000
000000000000000000000000000000000000000000000000000000000000000000
69FB7602740F5D30BB95C0BCA370DF99AC6C1A14156BB73452A5823A1F9F6F61E4
B220E44576220BD5D9C6CDA423B6BACC3462F0BEEEA5DBAC941351BC8A9762AC89
000000000000000000000000000000000000000000000000000000000000000000
C905BD7CF25BFC1AC10677608705CC4673272F5D308BEAFCDB77E5A624C29BD83C
3B61308A3103496824DBA7F451543480986EC39FA9E8627944D9BD58048E729DA5
A5AFC13FC7D99F1D8C2C391E7F423E4F6D9BEC78F7708584B816285B14D3317C0A
C661BD3D30D624420A685E4B2EA6125C6C25CA6C505FAD30F11372DA5EF0228E3D
B4EF09F3BBD5B2961BF90A4CAD40B2AE805495881F40B5EBEEB3C64AB1015666F5
C9190BFF277E88F2D4FAA46F5B680636C181B03EC656E167E3A4A2F2191FD9965E
0888FBE7BADC991CF56C8DC927A844937117F3C23DAF49A361BEF29C92CA5CC091
0E61C756251E55D28E093B4FE46BD299F1264A2D0279D68DB10D6F4A17ECE39FB8
B4C836824C15F9F566D106F5CA513A5B5FE14281D3C33C3580CBDC45395E2A3515
4CE6D03A5D1B002CF5DCB6DBC153F52D109B0A3280D37632170ADA5B04EF0F5920
8397165CF2E3E4CD965DF7FFB0A4EC2F1BB679057942FAFBF70BF9247464869D29
FFFFFFD17FFFFF37C00000571FFFFFC4B00000096FFFFFF713FFFFFAF000000060
000000000000000000000000000000000000000000000000000000000000000000
AB22108C541663C97B578098AAB59CA59C1A97CBEF396D760D1CFB686BFA9CDB6E
D6CAABF3070DBE45306A85680E06E59C603F7D0B3807A3CAE660ECF3A4D5DFF26E
A7229C559BC789CFF478178E9B346080F68B3074DD54C4D06C260B3F3C80012A90
2B5AB1652C05360FB21B2508C7FB9DDC0DB6B897E5E418D5B377C7C2E2E9708B0E
CB3D7B6DBA107ECA11CE807BA6B2018760112C99DE91EAEB9CFA6413FA7091FC4E
2BED42019912E0229EFF03106736BEA5A770725FD6EEE8FA7753D9E36C7E53D571
D4B7AF8F382A62EE08EC58EB48D6B0FD1391511B5E50928D42F8EA83390D81F487
064856E7CA8C5242A381155375FFBBFC587429B0C1195B64F7623ABBDA94EE373F
7B5EF71814278E7B97FE130B6A50848700273C5A30116BBB1E532A8529B3DE0F0C
316042CC7337D129839177795CA7408D4785B2746CCF8B5FF9AE251AD6AC369100
63AA93F8D808DDB50A53C6B5E90CCDDA87BB7876EE894851262D3869FE4CB082C5
2672BFF3DC0A2342CDDE4412C0F11E67DEF1563C85CF5734094D4AF8109CCF53D3
322D342FBD1CAA207AEA3AC4BF722662EED08A21FDFB9A1B023635775D57AA5383
40D61353609390991CA87C9908193D702AA0CB49B5608DEA2D059574F8168525F0
6220715CE0A1FCFCF1F24C9867F4AF1700A010938C634E97E782E6204679EDDD12
21D7AC5DF74AD84E8F7D302F87B69CCA64AE0D9E354C68B681986C577C8C427796
2C82EC5738CA2B56F97DEF2A0DBF85DBF73EDC88CA27102DB235D7ABACD193D756
C3F1B51D1E6750A00ADE71801BBAC2C2C5A4D68F65A8BADAAA4B96E6D776717EF1
000000000000000000000000000000000000000000000000000000000000000000
D3F0DA398A8F3016EB7FE36E33E4FF273F591F57B1EE149566088A45AE2CA72053
299E022EF90414284BEEA21998F9B49A7901130B31F05BD36A13CC34D6505AD32B
BFC18CBF1247334A8B64060562B2E349B3FE7331F0DC2ABAA8D43ECE076E119AA9
75980C19AC90523E6ECA84610DF4697710136CBCA709B46DFBA8E3217FDF0886F3
E067AB97B747E5E4E9238B1947D62D397EC8B60633EA6CF594E6EDFC7F3471ABFE
0CC60B3904BAEFE40B9E4C32E74F0961C7423F03184B397B4AFF96D775DC0DB02B
586866E6EF233E4BA262A2C21F613F94962002355D2C3E5F65811E71D5CAFED614
DED5BEEC62FC946D1BA6E84C0DF77D51A7EA7720DC8ADDB9E7DF009737860F002A
5EFE5E9FC2062197F4E8418D32231DA888B0857717B88E010D51E7F2464A2BF1D6
000000000000000000000000000000000000000000000000000000000000000000
4C2EA2015DC63A39D8F095E069EA3E5B029FA4E49FEB747460014D1BAFD4303141
886859E919FAC654A2BBC6B932D7882F751A18C070C61A16B8D7FCDC27F195320A
000000000000000000000000000000000000000000000000000000000000000000
FFFFFE18000000C0800000359FFFFFE8EFFFFFFD47FFFFF768000006B000000159
000000000000000000000000000000000000000000000000000000000000000000
EFD7CC4C8B692B245BD501CDEE642DE3DA26092F22D570DE463ECFC3C08FBCCEEC
000000000000000000000000000000000000000000000000000000000000000000
AC71A6FF194CC636C80737F1871E6D40785E1B7EC663C33169F4895646DC24A54B
6103A9B2F1D2686BEEBFFA5BA31734CD0BAFB8C4B011C70C69D91F197DA6453164
B06939BD2B18EEDB17C890B084B13BC17746CBEAB8DADB52DE9592D137C69C2D2A
6F4EA622ED8941C779145EA74A438BBF4FC7142CA4D86A4916B8C4E5A48ABE371D
000000000000000000000000000000000000000000000000000000000000000000
15CE617E67146AC33D45D553C6BBC85E5E984B1FDE36D3DEB320FA45808C1BB356
9001380CB43F7E617CACADE671919328087BF044907382D722D45DFC4177A50280
229371E16334A6478ECD1BA4F69043E40A910E2E5C1A57564193FAD0F50E448F29
40E5B3BBC6E552C2B0410E47DA4921663CA174E1C84D4ED2BCED61EB4E9C5E95F4
D6A23F08E7D26AB53B56347C68F89E0038F6E8CE6DA2DDB0C193D6C54E3FDEF5E5
042049D184F88587887E03DD3A751F77F34B8679A77FA7E45950E53EB4679BE182
FE4CE514B62ED4636C8291B4E95368D073A8E674E8CF24C3B01836609C25951FEE
052E27F584FE5493E54A5F717D48C75942B226989175B87B0FE4B54C8491D7E968
3760422AAFE28532495D399190CD68E58092C83FE2C850780F112436108B5253FA
24473DC520410380F91D6BB9D40DDAC0295D36ADB6AB04D6D0BBE7279D6293DC78
0AA5C8423C0F4987376D8EF7E82D8EA62BD9B5F95234A977D58F318C622F14C62F
00AF03ACC835F5CC1733859990E302DB04D8CFC61A1BCA37BFEED4AA4CF07DDC8C
C60C25EC37DBC167F81711F439D57FED1B67DC607A417C44C3BEC03C755632BF2B
21E4612244DBD4E78AA4877AAE12A87F257CF1F516C2C10E45EBC9E54CF1AB2220
70138A1B1335B89C6E6F3471C69DBC0B6111C7E15CCF99FD193D5C0493ADC41CCB
DE0B8FB0D639D42430122C30DEA9B4CEC4DFC89A5BF8FD0B59A670AC38E2505320
75A98F80220A836BEC7051C12CBFED6ACBF4A920B587F004CA622F07097A853E5A
9BA8F9C7A5A204CCFCE4AB813CDF0C234AC8AD3969461ECFB8A3681473A8B5BFD7
43FCA4EA91F0FAE17C8B796B0BB78EE676E6CB47BF405C55155E131BF8B9723622
2B2D3632435CC2446FBCB17A10480CFB76954566BE6841304250B159992AF48717
14A670AF0747C8D191AE15E1454115A6A4FA991618A08C37E5FC15CF51A0C67630
202F088B338F957199B5AFDC0B91E5D2468C27B9F3D26CDDCB76D2DEAC00249EA7
AE65FE62F3B5238759B97B7F8E2D3DEB3EAA19A6A2077B4877D5490DA6E06D86BF
FFFFFE2EFFFFFFEB4000007340000004C0000017F7FFFFFF6BFFFFFF94000003A5
44EFC5E2EC1A965332FADCEF4DF1FE2EFD2F14880D9FCEAA4E377DD942DA54FDF0
239B6D5EF6E50C6056D73E04CF0FCB2A6A8922F3198A5669882AE2D1D869D7711A
234742B68EC3F7B71DFC90E903EBC6937E9716C6B4801A469E6097028342779508
3B6F91D8CEC2B35BA0D0243047F8DA6C97A482FE3552E53C20C80815A99D8455BF
B81CBA85D6D62C2E504EE0A7ADA3DEECF22276C1EB80A092DFC2B7056B9FC32B32
BF37ECB1971E16E8C83426377A67C320B6D570A8FAB47AD62768E3F4FCDDBFB91F
A476CFF27AA0E1FA0AF9CE4BA331A3DB562C17AD9A78575A26F67101309D28475C
92BA5A0F6A82ADF98DE10ECDE95CECDA1DD4D57854B38AD22C7009173E72DD8622
000000000000000000000000000000000000000000000000000000000000000000
35D1FD21F86991ADF51C3966DED7E9FA1ED4DC8BA6E5D4475F13ECACA283E47782
73D60F695DB155882DF53100CA3F939FB583CD623175C745FE1CCDAFC9FE35FA64
7C1CC460A8A84EDE73B22D85ED40253A1A7226EA5A52955E605C134D5B9C604400
DD078DAC89506976FF12A9F7B51021C98E0107ED9ED4B9E775BC0327F8DD750A1F
3C4DE0897BC95A1724A7EC1529943D782291EF2077C924FB91BDD66B66722E3AFA
000000000000000000000000000000000000000000000000000000000000000000
06B8971F0C1801F526161B2813436770E82E7002A3895776830FC99CA30AF415A0
13201D871E02B80B7A594E26F30EC823FBBDB6255793BB1D2E6ED82B6162EBF402
E617F4EE84BA7E5B15DB507F3C5C494F7422D40B56A1012F0506138BE837C9028D
8DCAE07D0DAA1793FFA5F44EAE0544E26D2ED0920000ED4A2BAA32D849343E57E8
000000000000000000000000000000000000000000000000000000000000000000
F2177ABF498E377180F90A6EB4AF0C8804BCAD3537C35D4EF1EAA008548216EE0A
EC7C8A2B4CEF48C7E5CA32FC1C41FE65E4CD6F351477B960F7646E38B443B78D78
B64967CCF612D53D42D04AA32CD3058281B57E42CDB0EDF554CF119ED89CA02244
1CEAA9D1B43D87F58D74A19E5EB6252E5FA01C7BF9EF56486B1768ED4B86AE57D2
D020391916202054C9B7218A066FA14DD61F9AE7A94FBEE8B6E2F887326CDA2039
54B6628904546E17A3520CDE5981F7790D0F1316B9CBA11B3AAB417374BE4AA7CB
FFFFFFBC000000938000002DA00000219000001660000005ABFFFFFF2800000357
000000000000000000000000000000000000000000000000000000000000000000
8BBACC8A32B529C33D8A1CA39410A8015E12F8E59249E519E79DB1A5C7387561EC
0FFCD3C7154D2D0D04F9704F4157DF8B758535C7B3A3706EDEC6F23667A3821C48
BEEE34A1464E708CFF3189047551BFF59105284AD5AD68155DD6B9531673D04FDE
3CE81AC5F28F6238E1CDA1B4F60815CAC24683C7C78E313FDDF316DA23576058DA
000000000000000000000000000000000000000000000000000000000000000000
5E9FF5BFD8D2BF402D0A4C3F541E6CB1B3E20A0B0990A87F9A640503ECB2317EAC
03E60945AED083FF9B9222D17FCD3791FD0387EFD088929685738B8948E8706ADB
DB31E22DE24D4628920660A22A25A6B7D501B001FA813DC213D53ABF24DCF6C880
C0FB3BB424296609536DEF00084D25D3FA586E731AD4259F85A45FD73E87657089
0019F347163CD7664D95476ECF1D2AA0E9D6B7577CF3475B7EDB39B01C16B1C59F
DC090FC1DC37870568A928AD6FBE314016A6A291204B6A16425229F4C9AFF3232A
FFFFFEB17FFFFF28FFFFFFF73FFFFFD5E0000016F000000BA3FFFFFB23FFFFFF61
BD6E496C8C353C792B910A13FDD204278A9937AE75FDA006015F529D367E9D6578
ABF4F5E0F3E32414E60B8D70B510B1DBA811EA24AB7011379E9A869003CFA2245C
000000000000000000000000000000000000000000000000000000000000000000
632DD9399D1DDDD94ACC3190CB263F88C7B9614D2FB01DEC40158735059081D5B3
01746C8347F0184DCAA07A5A2F19E9FAB187C7CF56174E8F699D07F7AF8F6B03DA
000000000000000000000000000000000000000000000000000000000000000000
283CED2ADA9B91AFA78D110A058F20873867FB1AC48E9E447F19E5329AFE2BF856
5530153B891CCD636518E214CBDC68FDE4AB582F505B72B3BDC7225215C9BB60DA
AF03AC011366DCDED263A41B5CCCB917DB9DF2705CEEAC2650F6AB699207D51124
000000000000000000000000000000000000000000000000000000000000000000
5FE01A4B58B79E94D4849F95B9DC3747D0DC081813F05A8AE5F7B9F955FF1C2E81
000000018000006EBFFFFF94C00000057FFFFFF4D8000004E000000223FFFFFFFD
BA861E619D8CCA39124F1B0E8C3E9A3C31FBC5E4F107BC949F02DFF0382C2BEAC9
8346A34E2DA50796434D63AC8CB2AC6D8E481235E1800144FA68661DEDB28263FE
C4EBA22356119C2CB265E1E87A3A1ADAA3748DF1C8BBC522FAD83BEF4DB0D8A22B
DA990580CB8EADE0DED69AA36DD1CD23BD1F8907C0D7BDA76CC88C5B0EED998CCD
8D2B9A0A375A93744A445B718B826CC56D0ECC6133B30C26A8C8E55FAA3E7B38EC
6C6D52F4122FE840B0F55BBFB85A2E0BBE9488FC905F7B7BB7C7874979A0E0A8EB
C8BE129835FC8A3D7A4E5B791AAD3C55F852CE3B0B45EC91869BBB839F39A83969
82367F0FFE9D4079523D3766702AB316B527C9A5294FD0A86AFA1073168567969E
D09797FA713271F849F1000B926F70B669A867A45CE18EB38D197880E233DB3E37
47470B04069E963D47470A506EABD97A7DECFC1B7B6BC3516903E5A223EB26747B
0D73B02AC17BC88229499210AB9C994844C07862AB0BB7EDE64232EBA4EA87CF9C
000000000000000000000000000000000000000000000000000000000000000000
D9034A3E86D290F07B1D65DA802D23649EF7E1B483937C45B610E5DD4C01CEF1C9
72DEE0E3531296C501C921A62638E53911A0519EBC052E70A963F81F5AFBCB0714
C6E188ABB09D427385006F08F351895D2071CE1FA4144B0E482489D181611B302C
000000000000000000000000000000000000000000000000000000000000000000
37421A9E8BB7FC4EC4C445E9866D508242B14D10D23C192CF81A9D458C9C10EE42
000000000000000000000000000000000000000000000000000000000000000000
000000000000000000000000000000000000000000000000000000000000000000
7036E97167B9C4543203FC6C1AE8E19465B26377ADB34445801C00515DD646FAFD
A6D8B6C31CB41ECDA64178C8D1E15265086C033FCAC79E148EC1FB36F7B17A660B
346E9BAA30DD0ADF2E028554D97E5DB788C204A0993713A79AE69FA9F96AB1DB8C
DB26B8B92AD274F2D14B34E1E3A8C8A3A209141D3CBBAB5E8BA62723B886BBC03D
000001807FFFFFC70000004B1FFFFFCD0FFFFFF930000009EC0000042800000362
000000000000000000000000000000000000000000000000000000000000000000
04F22CEEF213AE3488ECA32069FAB1FA9A712AC2D17DB4BD942E3D825AE401B07B
F3D4368E2B8221F03B4B04A9EF83E70B04351D198323B88CC0F86436E66B152D29
CB2164C51DDCC05B87BFD7C0D93125CF2FE89C1C22013379D633F413CB6C1494E1
88CFA0EA319B641791B090FFC92C1FD63168D0E9AB00B1A2C6A9F2ED102F3A5307
E64E76684481A16686C77655D6ACD434DFEC9867DDB01C35000ED6483F996D2919
365566F9CE68F8D640DF3E88D5476D49C20102E9C4C1073ACA7F5DC7E7FB218AB5
820E6F3F1680168B8E27F119C8D15521DA694401B0494AA28F31D8429EA5670613
8706BDBF99FF376983AA8AEDD5FAEB650F83DE4033AD46296BAE4F1D7A7CBD5BAC
EA0263BBE7C9B1BA49703DF7351DFCEDED8D29119E925C568878921C4393D72663
E79206B55EE4599E423C32CF23E9398504EB0E371D0B2CBC390CA5344188E23F29
D977E3AC80757FFCDB63DAB18066E8756283F046A829BD664F475B4A8CC6E7607C
C953D5386AF7BE3511D6B05FFECD9B2EE928A42DD7833BF555CB4AACCBEC9C6D13
07054C7F4C87C3A5159419FB398F51E8951D874867D0BC82D377242EBF047D12A1
DB5DA03EC94C9CA97F53FA286D20159214FE50DF4E97A2718C6C58A1CCEACA6058
C9C8C48BCCF1FAC77729818AAB3E925940E4AB501AF918596AED5012323B4106A9
B0B588F6BA844272F6D5527CA6E906B737C3118163CB888050C32621A1A15A8338
000000000000000000000000000000000000000000000000000000000000000000
615502332034B6BEC60974377B0C81F41A039CF6F37B14E6FD27B989743A2F5507
1F3AF8F92FC867F589BFD640881ECF67ECB6D1A0C7907A2B4FF2361D5835123352
FFFFFFDA0000000C8000003E5FFFFFE93000000697FFFFFF93FFFFF877FFFFFFEA
000000000000000000000000000000000000000000000000000000000000000000
303DFF20D63C1D29066A869448611B5DE4673CFAD59DF7825BAAFAB9F422330B9C
BBDB443FBE2E6F39AA19E2D0DB59C6184A56F8F5B343FCB46534F5A31B75E4C9EF
000000000000000000000000000000000000000000000000000000000000000000
2039975074EF8F0CEC6C886974FDBE0A24E8C5698234DC6DCD2E987442EE49A271
6F998474AFDE2F16ABD1E6EA57A20E49695F06E0409CC3438C2B63A70D4126A213
D9CE2894253E30B16172841CDC2937D2D22247E467FBFC3D3B0414DFC258DE8B00
ED98F0703CBFC398AF5438F83A6F4BBF82025EEB5D91CFD3F9E4A074C0A02EC3D8
D40F90FE478E61CE052AB3473297DCDC983B2FF02775AD430F427A0C592D9DECE7
854B3E878D94D5C4FFD5DBE907D5FCEF9999B4569452DC4E55B7A4EDC969853ACD
6B14FEF8FED254946D40E7A4FA4312F209CB6753B29C5BF05A4DB93343CCE92565
DEEC968DBF61F00E1E221FEE79451E7074754F453A0B539FBC1B5B7A48FCE694DE
5541C23159493C740B74D3AE8872E5FFAE73454945F58CDD941A7E516DD7B04F79
C48290748A6F95F52540CEE262B196E18392C8561431A2E96A5195382E7EA8FEF4
9DDF5A286E87EFCA01D8AD4EE04F07FE4BE0709C746EBA7A435D840DBB1FC50FD4
2551445AEB5A99852A5387D48DCD5D6F90FAD3000C49B8A8EA017D6982513B00A3
AF4A4B2372C1A775005DB699E049740B65F9ECD5A947A6F650214C200F75151467
000000000000000000000000000000000000000000000000000000000000000000
AD8ED4BB2F1B3A4F17EB498349547C37325D54DB981B72E69DC375F232C349663B
73CE41E40018878EF605987D17A9C2902118D66985FBCB73FB0FD75945A81CA53F
92F8BCC5CDF07F0DBE9F77F68B8DEFA12F370727676AB32BD6643DB937C7BE5645
A5DAA2CCB6EAFB484E2F0D9BADD83BF361FAD8D905C7E00812D7106B830C37C5F9
FF9AD6781C542A6CB8AC0FCC80D48B3D20A130131F50F0FD90B54D1B93A2A0E227
DD6FE50CECDBE7DADA49EE2329E50024911E5FD6FF1713922933E982A90ECBF93F
91DD80096964946D14820D1561DBF14CB6DB8C4C00C939C6FD311D3D21A738B009
C6EBB694759880AE28FBABFADE169CD63EB36C8D11FAB5C30CE33EAF522F4920CF
34A7AB3EDC9C9A58A072D183CA33E1EFE4594CE665898DE959D297A1C75237FA3D
000000000000000000000000000000000000000000000000000000000000000000
000000EFFFFFFFEE400000442000003D8000001D68000009F00000018BFFFFFC2E
63BCBEA40ED352D362933ADD99163F1A43B630898FC797201EDB4754C6B28E0021
6D843117E55A75A7F83ED9B72F922D6FE137F7E3BC86DC51D646F02512FDFD275A
ABE4C9E51A49759C26BFDBF099F3ED4AF8C2D3E10D8FE14D78AB7E121489D87492
2CC0A0E3CBAA9C38B2A4EC2EB460C77619C2D7D94EF40C37A2318AD6671DC07ED9
E5272F9808EE60F6CAAAEC9B0C998DE11AA1F33552759E3D82601CF764F92206D8
5F8C0BF9550523C1E0253238EB98430FB4856255C9A49F596D0E6AE9A1F13E27F2
CA694DDCB1C169507207292573BF2A38AC54254CAA6A01B4674BF750987D973817
000000000000000000000000000000000000000000000000000000000000000000
E6A72B598D489BD56219D9713034D6F223742811524F6F7E19BFAC020DBBA58F7E
F3AB068BBF4C2F72504100B5A0CD8894764B9CD6FF58C9692784BCF3F638647827
4119F780BBF6AB988B5B703FF7F8E26CF15C421FD63E731E141FF5155C65AC92A6
93D38F9DFB0840F253651D275143A169620F069CCBAD528993C3D2B03C4D40F527
000000000000000000000000000000000000000000000000000000000000000000
34B14E41B03C3C2ED322F67EC9364B646FA663D968D679B77D0967803981598491
000000000000000000000000000000000000000000000000000000000000000000
000000000000000000000000000000000000000000000000000000000000000000
EBCE896EE42880299631A3C3796AA9E860EF87455AC9D76DAA1522C4AEEFD70055
E020760CC7DE28B3E8E11A4954EFD0D20BD4E0A58B0A7DADBD3571384B624EA7C2
E3B25378C6288DA9640BD351C30D42F5699E2B1B73D4260F984F5B1565644C962E
A751A3807705175899DCED9D4BE9F53752809B6B4405F2DF9CE4D3053F4EBB088B
000000000000000000000000000000000000000000000000000000000000000000
C1EAFAAF64E6A0625FD3671E070136610EC41DC38D8BFD1F02554AB453077A2315
8DE80AFF288C0B4EB70ECEBF781540CCFB9EBFFF2D0A9E878E492CD2CFDE4F49AE
E6D4473185D9BA9DBB5B225B101C17AB073EE8F3E4CA2361910F1FD6FD0B047CF2
10CC84C2641FA9B77A7B7313782F918577E6012D66258937D932F4A151BD2CB4FB
089A6768A85A94F8679BC480AB9A591BA8925F8EA38C1FCB37C415F3092956B126
E7EE8FD9C1C3B98BF52F4B7700FA33E4CFB76DC837C5E3CDFF26BFDF955A722507
818526D02F2DAF928DCA4BF8C21A936FA2C8F50B81FDE9D1D41A339CA9989EEF0D
000000000000000000000000000000000000000000000000000000000000000000
8303D3EC3628631D0957C81B6E344C9980E7D5931FA38E3C5D25B7384FB506DB33
1C61853F39259EB0331B9940BEAE4550B3E415E4BFC06513865F8E25B272EFB610
130F1E3B82B2B989456ADA30194F4725FB7119A8C5773A6D4A29D81A81FEE64CB4
1E6DCD1F7F13BCE5916DE22D3363118F537C981FFF5BB9C51DB9CDA557C3BA9839
024DE87248165ACA9D81A84060B991563B934F600FB18919E856BE1C08ED88FC51
4E0982BDE63712E03AD9836D2B6C0F1FEADD99380F05C5402338EF683E2F5D65B0
2BD728A0393EDD1A4A64A3FCDB76D0CD6002C568B393467304F7F9BBAB134D8815
63A706CD852AD06E7E7AB89CA09CFE30B2DD4901753750725CEFE16B8BBFDCC859
FFFFFEFA7FFFFFC88000001E9FFFFFD4A0000005D7FFFFFB780000075400000316
F921BFA3E28238446AE1CB568B7EFBE465A45BCEEB969449A81B63091F3D6391C0
4F13683AF9862B36638E4114AC9829012A529CEC9E546FD76430E04EA1AA6CB149
0EFA6E5672477B0FAE32F80A7D386D8C1010DBC803E24F137477C08E7B5B77FB4C
910AC32A5A1CC21180BB566E5161FFF4D151BEA854E086D364DB3735ADF4A55DA4
000000000000000000000000000000000000000000000000000000000000000000
26858B63073B372CAC00C60B1B225633C4620D4D3EDC7B614903E0E1CCA496F394
FFFFFF99FFFFFF0B8000002040000037C000000E9000000C980000022E0000017B
BDBECA0C911553716BDC88FF7EB78A6167BAB099256CA4B91AFA9D5373A53937D6
000000000000000000000000000000000000000000000000000000000000000000
DD756CD406A126DF1DD3A0AE632738FAFBCCFFF69C7BB28E22FD7E3B9E0B6F41FE
B3A2F0F106051A66883728594F4BD93FBFD1F25BDC2B045DBFE0658A8C31E3718A
1CDC4B665E387CBA97D62EF49CD56739E60F85A54ECF4F97BA6C8C8A4D9B0C5CE1
8B50982CE848BA6E1DE8278A8D8F3612F7D5F4E04BDBEE831E450D13F090507E68
8A39CAB1FC8CF22AED3097B2252E62921B300F72D6FE756DD638CC2AC3607EAF1D
BC3C5849EDD174AB3C9A2796B91EAB1128EA45ED21692BFD2D382A6091EC402C9D
9C6DD6480101DEB677136767709E684DBD473AD85D8D751BB3BB994CC4292D12A8
2EC6B25815788625431AFAB541544E7D857598DB508E321B2C54E23F9B0A038B00
D69C2E76BFFAAAB01DF1B57B8E10FBB8875EFAD08E61120E38DE3DC2F4DB6B4714
3BF572C0285DEFCAFF9E33572A92CCFB771C7AF7F94C3C6A8100F82E9E252AB779
000000000000000000000000000000000000000000000000000000000000000000
AE98FCB7C89AE5E50C49CF0E040E2F46A66577724BFC59DD55E4DB4387D8EBDAD2
8ADB541A163E90DF30BAEE6C2F548726257EFCD69DCEC563624476D70248329EEC
E8B91595B2FE577A1E4C623B93E4A55E3C72477B184FAB6C9B79B60F72B4747311
54E329B76540FCAE0CC914F394DBB332F51D4574774B32A1B8FA561F12635751E2
5202D8EC3FC8210DD0CC73C0A272F42024E105069292E7F25E7F5A87828F50330E
FFFFFF1A80000091FFFFFFF41FFFFFF55FFFFFF637FFFFFD84000004360000028C
A6013CF170994D50EEAC5660817CD6960CF10EF1646CE15E063437AA4E29CB73F7
000000000000000000000000000000000000000000000000000000000000000000
BA2104FA116B5341B6F1E44DAC06B9BFCAC8F25EB5AA28142C81FA52AD49707B09
64AD7598EEEE16671FC5C066F5C8613BD2CEE3B462D6773AF130DC26EB6309C723
21D0315AA087F1A89166D6D4A2F4D065A8828E48FF63414081875971A6609C8846
6CDF01E678642BEC8304B78CC3E86ACE6D20C8266620B192280318BBE6E7C44962
A1CF26744A59EED1582E94548BB0CE6917F1649290033DE0D67412CFAB45D51F64
38E758410B43C937DF9394A65A6A0DF52BACC432089851EC52AEAA97817A3750BE
0000011480000099FFFFFFF3C000001C3FFFFFEBE800000E700000068000000227
9258C1EC0D45712F0B7D4146AA6F9BFF74E935636A9E3A76DB2309850DC8A7397B
6825D3331C763A324080F2AE7CDAEDEDE023F17049D7A93F2F9CA84393A0D7DBED
4CFC40DA21BD18E854907747F41A64E1198E3A5D6F5E6073548493CC25A0BCE40C
57E25FF3DB3F829498DC43F6B8FD142D0D4368809DD11AF06813F2D8134E4E50F7
98AD37F475784D05A90B4F5C5CBFB0404EF1F608503B8D96C5D3E262327E217432
264891A677B909DCE422163748E56A177E9708D2B5576BC0344916ECBC9DA52866
5FE58B15E539F4CA87C11C8547D6FF5D2366B75DCBE9E1058E07DC5816AA05ABE2
156144D688B974B6D25530AA5154CB921CD2DFEE1224FAB4707F292308B5F6853F
46326A5ABFF1418D9A6844CEA5F1DBDFE99D6C6880C07097BD14FF02507EC3AD02
9CA9B9A52AE6A2AE397AA284E2B440CB912F127B75CF8C317B2673188F7AD2BDD2
64B27E01EA4A3A20C054FDFD2EA8BDE147339F5FCE9BE11C18AB69AECC5A707D2F
96812810CE45D84F7A203370BF920E065A1CFD607F5E1ED23B74410928F3C908A0
000000000000000000000000000000000000000000000000000000000000000000
4D9E8B1DB31ED642A0A0058EB37810E32217C67208D8CE28F79EDBDD8CC2E7681F
C5205EAC6F7CDE9971FD68CE249BF14FAFCEA1156F6F154D1D9C88EED1C5DCF93C
9EDD70A36CD7AA2A7DF06981196ADC24DA7AC7BC359EF7A8CB2B055EC7617D07FC
000000000000000000000000000000000000000000000000000000000000000000
E0B1218A7193DD00633E786871452EBC2850720660E7770EE04B98E6E3CBE26EC7
3F1EF80E1F53D394A10670C47B23430EEA1EE91E2039FF247AD3722401ABD95635
000000000000000000000000000000000000000000000000000000000000000000
000000000000000000000000000000000000000000000000000000000000000000
6B0FAC0911862F8AFFE94A658D06642F53F0639E5701FE23175E1D308FA8A58C06
D6F38EDDFFFF4446597B890110E169377A41556C015421147A7036C50975B49240
000000000000000000000000000000000000000000000000000000000000000000
1B487C389A1418ECE4F751E7E44044835ACCBFC95890C4B0D8DA58A6A776EF4E20
25F7FEDA4DA6074C6AFA1802525451D05F5D09EB7558CAA0DDF07CA1DF822E5B93
87281F538F71BF369240493A140B35F90127A01F9C7635FA8CE1437F8BA182983B
4A547EA6B291B02E4BA7CD39FE2E85EE2BA254A3F763643FFA691F422F9B36D059
1E36BE6AD3946D440A730D3E15F9258C3BF5E4590F6093DE2203A1C85CBC874292
7267782CBF1C38B226325D6E1D2163A073FB5FD1DC83C7914FE278A4B36770BBDD
AA110692FF3FB440B046A294B03FEE9AE50DB5A6A687E5A2378B6C5388C487EAEE
FFFFFFD4800000DE7FFFFFA97FFFFFC8D000000CE800000A6BFFFFFF520000036F
D1931DE509A7CE97DC5E19D23147899F375B478372604E42F94BA47B0DC59D57C3
C263C76358B14D7A59C7FAF5CB33778105045544742B47A73B0296D9B6EE5B59CC
972F3C937641DF70643B6CDF06DC1BBF6AA8DFD365ED27FDC8A920A9B432BE749D
66ED3ACBD0D55C8EBF1055106155029BC1987DA44323DA04599842E4932B7C0928
A13E8C92B5E689F7DF4DDDDCAFC1A58E444C05595FFD3C2A410AD686CA940F95CB
1FE9F7AAC8D8DE7E32ED99A9008CCF0005ACDE1AEF81148F30A65EE70A1D3A77E4
F77D39E03EFE89D418DA89F827A70AEABB5BB08C58590679443FCF13E05F16B639
000000000000000000000000000000000000000000000000000000000000000000
0224D866DE0C695001F4E8A7EAD5A83D5AAA56F991F5051264808AB17A98FCB04D
C9A9DCB245321186D738E4F8F2FAEBB72E2CD59B72D345F89CC9889DC9F0FB832A
4D125A4620BFEA5504A9D76C31F2C244D945E4FA4570830FC081762BB00BEA6A82
65E9A8BFF4113F2528A914507DE125A0DDB3148BDE62ED9C5827B85FE16A3F8448
000000000000000000000000000000000000000000000000000000000000000000
000000000000000000000000000000000000000000000000000000000000000000
F0EAA25250236B60EBF65E78455D1B7F60328A555A9910726803C76E04E46FDC3F
F80D877C0EAF4B88D6C01406119B251184CF7B08803E1ED113028181C3F81E20A3
FEE346945826C1AD2FA6431EE42BB1037F089C3AD46ABDB524F38412B69273A353
344BD2F3F64D1885DDE22B9633377D631F9648AB9026B0B6D1D68E57A609C59177
CCA8759141CC6560331C5F82DDA7F28141B105916B93DB78EECC8D2908D9893CE6
52ECF9221CD0EA34B919631DE30804B26BA073164AF8515C58BA51C440DDE75C65
138A8A93A06B88CFDD0FB53A92FDEC97DB9CC8864A8042710427CCBACCE288EDBF
12D9C95E4F6DB0329BAF85F3A594ACCCE44A11FBF9E7B396A5D19EA78A759F4C38
000000000000000000000000000000000000000000000000000000000000000000
6277CEB02B6D95D40690629D2599ACB28374DEF16CD5B787DE601DE7F12DD61A27
FFFFFF74800000D90000003BDFFFFFFC7000000BA0000009540000029DFFFFFE50
8D73482FF1D504CF307961C131222CA719F2551AC89A496F371F57D97D87AE59DE
4C8FA1D34DC3607EA4FF3A3F38913C2FEFB5E31F5D797CDDEEA11FA2FC35ACF1B7
06DE9569593630D258C68BFF4AACFA8FAE786A80B377FCCAAF9A492654B0F22255
1877936163BD9B6AF864DDE15EB5404C35793C79898D96D200FA3FAE27554B6F60
464BF728FAE3ABD9F93A6E62AD391FFB705C74CECCD22A3698E787E61910236D94
DCB70C77C7F5544B28F18205EC424C529E7C6C48C3D07156F3C61E0B8F38D3A000
F5630C3ED5236FEA370D182A4BCB5C600A84155A905B63FDA75789915E6C0A8093
BFB6AA46D8F725D829A69EF2C134FE11C1AD45681290E3064A5608B311C3EA6FAA
7CC92B1CDC28DC78A900340B1363F18BD936DAC88A67123055E29A9E900A3F90D5
B851958B4C26E52B013F6FC4EAB132550644AFC8E665D51B7D131D8681EF43CEDC
2D83191B6CFF7C43D156DC69CA40003F8094FBF257F1083666E8B2A2F666C73A6E
A3AE3BC632C40FDD5B2B0E3B448B66CACD7FC0EE1CEE589D174019294E1371BD06
9E5F5BBEB6D52900084E5F8732DD0A2E8FF8F033A6864D8AC26B25F4AB7B6DAF02
000000000000000000000000000000000000000000000000000000000000000000
A73E0F623C7B8C6FAA821B9A16F627AB4ECF0F3E803F52473E7C40E7AE134446D4
44D56F1386078337239D58DC9C95A494BFCC254028CF56E1B9B6E4A10BC070ADAD
FFE7D086C80B7888FAB67CD5248E49FFC705E65B8D0E4F4BD4DD6B6F6CB55F6B61
15DBDE5D394937916456C82272F5DFE0C7277C94C5D82F5C51E54E2F6B42435A4A
26D4EB9BA482D466E0288C07164639A9881B4F02E87C3C88268E3EF042D1B07B05
9EE77FE48CA045AD42BAE0B2B527B49B8B2D61AA212FB2EA82CE8A4CBF49A8FB28
EFB6EE68FEE86AD73CB8ED64890A67A643F9EC5C7C2367F589B910026D14D77C2E
71AD0FEA0AA9608533FC052745900CD278AB5DEC47E71E360CC5D7B2CBC9E034AD
000000000000000000000000000000000000000000000000000000000000000000
28493071E82E8B916789DBBF6A64920E9D9EF637AF871208C78D76D34A2C14F989
388F0451B2D726EC15D94851AB68D5B931509E8EEF8932D368A494C904D4E5F04F
000000000000000000000000000000000000000000000000000000000000000000
8F8C6FAC8D3D215B28160302D50473EAEE336FAEE5749F76DB5D5793E6F4CF477B
0EF8CE703A2CD7C2BB770EC38E4980FF3DEBBBE9E5CF58756FF1F9699689713621
F4FFF25FDD29E4F4362415FBC05AE6CB6347631FA08DF116C10DB9E855C300460F
59C437697CE8E226B66F743B7CBBC1BE35552D007AF9A7397B77DE2D0EA5D35D8F
000000000000000000000000000000000000000000000000000000000000000000
BB190BC3CBBD2841750553C5509EBBFF72404FA1B4CB94895EE730DB78117BFE37
4A14DBC521FAF9196FC8BEEA54A58F6646474AB704F0B88272448C2DAFD2C61D87
F9B0B970D7949C35200AE174CC099F7BF0ECE095D7AFD2773892D08155CFC034B7
DECE33C3DCD94116312221FF5C123ABD09792E442D3306E7694CB9C9858F4B92A6
F37D204DA54305E3000EBB2A3B9F650547B12CD0B88DC1C90C0D54F98DAD627290
9BCB68B26DE535BD2325803D80D0EA6277A1B5096BED27DEE699A431E53443493D
B36977A9E593438DFE6BB3ED1FF72AE2EA58AF1DADF41882590BB7DC159D6DB385
517AD9551FAE8F5F31B1771F9B8602A5479FB36B9D64C708CF713DC5DF020960FD
4BAE42B95ACBCBB9ACFF9801FFB91AF906C5AACCA24089A770046ABBA812784FFC
000000000000000000000000000000000000000000000000000000000000000000
F5C77FD3AE9E16A5375C96AE33F83FCAC9E2D379C97C7EA6A039F54DEF5B655169
6033F9F5930F8C316A8A219F99B75929CBB5CB3FA4E7C94174D534CA259A2F8885
1ECD9A59F179F6BA6F6687F8D5A9155493794E42159EF492180C4A51E07CEF6995
4C2BD697CF871228C08F39444CCC4A87DDB641BB394EFCD6E88B4DF7803D6D2B51
12DF3C784342936A2CBE25839AB091A7F7E7EB214B6AF27852C628EF327EC968A1
1AFA35CD2306E4853D893996D7993B8A36B6B79F5F94F1EF7236B96A4723D2BC10
000000000000000000000000000000000000000000000000000000000000000000
3FA46CB864E3A1925D7104997D7FDD42508A945B96420F2B90A5FFC4FBA5CACD53
2E11D52D8B9DB4A9E5EF014ECAC20BA4F0F196EC3DAE8FA2F9AAAB9F11BCADB6AC
573AEEF7A34CD274C6CDB0C04443458E4E51DACEAD12964FD5E7D9751A8F949656
A25F61F8E8761C0157EC8974D1D405889CD8A393B9AFED5AFAA369804D1A7AF950
10074F19D1FD81156C68AD4D0AC73B980D90F4631C9C77B305C4EBEE33072638CB
C545AD785F7AEEA934CFA8B8533925F9647C1F418E66B9C10EAA194E1DCD1E9643
086B3FC1BCD5540945E8CE2320B2E79F29F0B46F3DB654A054BFC8A6AFCD962768
3F389D17FF10F185410336744F14ACDA681E23A38B0DA5F3B2A2E635637FC2B170
226232ECADE3D8BA2B762D69DDBA10E8AB31394FC9DB062AC0F1E55146C2ADAFD2
E500FB87FD1D6A6BF09B2F151CDD8A07D8D652E0517590D9A41B7D25D30E908FD6
FFFFFE2A7FFFFF6C7FFFFFBC5FFFFFF76FFFFFE3EFFFFFF6880000050DFFFFFDBF
FDE1396D5A9659E6B115681C74A7E0BFCDB2E44671F4BB212D2C849B16471565CE
2D2E42EA81CB5A661F55924FE44F87867CDCBA79ED28A00382FA3717048DF6BAE8
5587B21DAECB46F08870B2DDCDD5870C3A3536F01A7A6E80CD3E36298ECFFD35BC
3F4E57017B5F22A7C47D47F21315D82BE6D60F2A39356B2CC03485781570A09626
06F93830BFA854A8B160219469D579DAA2F4F273BEA598E84D94FFBA8F591FF7F3
4536088EEC8C98B026AF5CE5404369E639BA8E3A988B24AA0CC89B8D48306FB1A5
68523BEE9740373A041F262C576B53A5D8A1EE21F3FD30AA9D1579EAA439AA1E9C
000001BFFFFFFF76C000002ADFFFFFD3F000001AE7FFFFFEB8000006DDFFFFFCCD
A5B2FE4E45BDDC1DA5F96FC1BEDC184281AD1B14B484C91FD316704696C9A42564
000000000000000000000000000000000000000000000000000000000000000000
2AF6E6A1DEBF13F6516A03EBF338FCD731114C610DBC31945CD350FF326E844A10
D4954E1EC63C7735A06CFB17FDC8861D5ECA587CAFDB1ED4913167B108BBB59381
000000000000000000000000000000000000000000000000000000000000000000
1073C598B9EE0338E422883EBCA8E06942F236131ECB50FB443F8E3B10872406F1
40F6D29A2865E9165817F6610AA798B32BA6E93EF1FF92C22AFEE06DCB562E12BC
1F64D39806DE8796EB6DCFB33C69ED9270633025FF333541D0478FD3D16BBEFBB4
A1EDB2AAF19AE106BA6C039AC7C0CF33BB7577E1342A65DBBECF41BCEC0B9C9E3E
6F2B4E03F312775ACEA2A347F6CB58D6713EAE2642E4AB484F5A2DBE840D8A23D9
1C02638F06AAE2A9C87C8B03304712B5A0CDCF0B3777BC1C66D46F31526D48BD50
27FEB5CCC1C3DE39A8970DE08F65504BE7D1EB03B7BEF03743DB32DB59887DB365
DDD8A80828CAC788A03A7B937F1F43FC03ABCA3D38A9A06CD3912221D35E43A452
0BF3074A75FF6E2CEAB89176F5D80193F9582BBE3791D4FA8C320393BF8E56AAF2
A144B416EC635A4063805FC6116FB7F13C2FC774415623A77C15450ED7B99DC52B
000001998000002DC000001BE000001B60000015A7FFFFFC6BFFFFF9AA00000235
253502CE65A77BE15F418499D24EC1BF1A66A4F22837ED4B9FE7A81A604FAB18F3
FABA49C0D30FA976D074070B6D55A71B68BB10BD5912AB30B2DC512F4277F792B1
AE97F117EDF31536C8497EDAB432D3B8DBAAFFF3FA04FB2D285BD70F6EA6A1DA24
8A0222A6F01CA505225850A2D1DAA99E0A49873EDD44BF6271DF6CE9255C9D64F3
0B95FD27BCEF27A6D440B32E13C4BB14604FA79D1F2AD0043A7AEC591FEDB0E7F1
6EA5983C7BCCAFBAA2E007FD50E360723B52E7A81B55ABCE204A6D4BE6A8FE1063
58D7F3BA3E168F8AE5426043D842E1BA0AB8F3F7E51FD52C2E4AA9D9B70BF8104D
FFFFFE420000006EC00000501FFFFFEFD0000008A8000003900000031E000000EA
DB156836C75A8FE170BF40F46A107190C2020CE509C6D83F57310106BDFEBEEF3E
7C66A06398027DCD827E67EAF5F7F3437DE3E4711A1EB802C63EA47F6FC59619EC
000000000000000000000000000000000000000000000000000000000000000000
050E2B11F46B5EA9965AA53157481A933CAE3C91EF29C2B6A3E8BFEA2E15C9A398
66273EC1F28A9AFA4409639B74609C307D018D901C86E34114F44B0DE52026AD8F
6404B71C9F27A5B80ECA44CCF0C2072D4FAF8F928358BB6D8762617861A8AC9BB7
782C82502115024AA74AFC093D51946AA6E0D1A3BEBC66F67728FD69E657BD2C25
6CF16D7E6B2793CC4F4B5ACFE4AFE239529456E42D3EB131E9E5C1AA5E3A9E54AD
8A72049A17D4DF10EED72F8CF1B6C71A65722196D30A9A08B453FCF939801A682E
F8C3C15146B1A4B0AE45613018018ADA8AE220C4E2A805178BA131266937041A0A
9B006663397EC711EE41F3D0A4BEE2BE6AAAFD42F8BC388E0A3B20EF79643005BF
000000000000000000000000000000000000000000000000000000000000000000
94761EF11531A35296AF25C2A89577F3329A2C86B355242DB9A07689C7F3F93988
B9745B8287DB343E3FB3D528BD4138E9C12A6597801A342A5FAADEDA3AAF7A0505
28BAC4DCD5A031D81919CC301DB81BA0684C2F77C80A45775E7F4BD500CC088008
31029E485C91D49ED529B23F34C7C218EB4325AB80771C582A18B915382F534C94
CD95B1425C7B6BCE81F0C6FBC2950FDB0ACD670806A7E4C0D10AB22936F3F09352
A915E7E2ED6485809599690EA72A0AF1DB074CFD2EDFAFA78FF176B114AC82D3FD
41460E616C027163BF74A2842111B9D041A8563C5BE6E36D49DA4BF558854F54CF
6B64E2C36C300A99285EEC77A334E403C22043316E140E1ED074226B84AA353943
B907D535EB1A101AE5530999110391CE46BA9E5F70743F7FC2AD5B488C1F51A7F6
7E30AE624F21B128F1392DD785D214DBE0114E37E0EC063BC776FFCD3BF84D6F5B
57D184774E0107B5D7C53D9DB7B60A9A9ECE3C746107027A9E58D144A3CF6F2D41
6C21B136A62DB6E50FFD294F2AC9B3C86F5322B58E9CF0056EC46421FC1863FD26
29C0BFC648E59414F9A9536EED175BF4D4A3959F459CE9A0DC528CB50FC2C40B1E
2BCE9C72789530EE9CC2DAA2ED89154204E47D46460B06A8EE1EBACD29F5EC008E
9C86D457E9AD6B011F6F3F4DAF77E81641708B9A19D5A8B48242E5868C53F6FF58
224098D176293CDDCB7B8177046DD6E8662C0D452C3CE2DEA295742693C6B03991
FD3064A668B6F6524A7B66423700CCC713264F4F1DDE84A4A1D5EC009A456F3934
A2437B9748B63DD082FFD967BBD0868813CAD7936C945B59D0DF2A9A4AB2D41F85
546D8855FC6672D0ADD5E1245977F8904B0D1E2A7780DB302D431CFCACAE36B2C1
A68F960DF15E96E2B7106F6829CC7E7DB7AB4B05AAAC24BDD7CEA98207B47EF8F9
FFFFFFC57FFFFF28FFFFFFAC6000000140000015700000098800000013FFFFFC21
FFFFFFBC7FFFFF31BFFFFFE84000000B3000001977FFFFFC8C000003D3FFFFFE40
F7D71F117DD34BE67016F023B1D8D98C7386DAA143EE90A304DBA714A38AD939FA
73DC553B45701E533A1666DA7A5FAE3D01D892CFD4C17AA508E17895AF7CD0F0DC
176A8D90323D6D287D4AA6DCB5875036CCD8FE58F7E430236F2D67260153608BCD
94B373A4E5C37B867A5E5A3632D5F3663DD719BA76DBA639636C6DFBCC1DE33890
7A66AC00D17F6AC34776E882DF0CAB698DDD2951B12A320145D7F34394093FF129
AD653A493A875C85673666763D3592304B1247472C85E0301D84514B60618A07E2
C0347978FB3768F12B6A1A3434A29A8713853CB10EDF5F5EEAB2064BE79CB04A07
CC75617A8BBAD5DE82DE7A3AE8DAEAB9712D5BAF2C4F2A73BB197B0C33D674EA7D
72E8802F053C33684E8AD0F9B10F154D72AAA84B0CCC4B3C4D22F3FDC3708D1EA5
AF6E6AA310F0A7D9FF849D19190DAEB83C1BFA5F79E052DA274B844269D2B3D6EE
3D5491BE2EB2F43CF2CAF55EE480D8CD3D560C4F8946CE4E8F1CD8A794745D33E7
7828957D2040800129410CCCB91AAA791A344F458262895B96B472B3EF9F6D54DD
10B989972BC546E31432C10CF1AE9859D4917A0A327F568658338310A05CE9118A
000000000000000000000000000000000000000000000000000000000000000000
93F5CE1A6960C78225B238C66AC6E6089F50DAE7492076EC7D58A91904B94E9914
8BF9DC1C83F615F6D25C663D906424E2EF01D8C0268CED5A98EAD7908B54340B71
000000000000000000000000000000000000000000000000000000000000000000
FA9A467FD243381746967F0F5E1692E95123490CDCBF4030D7E6BF2617222B36D6
3764B19948B89EB0AA7FA106E70ED945E6DB357F611273C8215493FD2771127F5E
139D8E6843F8CFD37401D235AE657EF8B416314ECB9EBD4C2F026A2B556D7A146D
151465339D4F51F911E8BDAD88BAC908345F2BCA6E5A01BC1184B6117042C4A96D
000000000000000000000000000000000000000000000000000000000000000000
309F22DB0DBCC43AC574010F5543B819612F0711F93A9A57C81D8D313384EBCB28
7B5B1DB1E3B0EE69B8C6E2EC35CF643EDC7579BAFED1C3E93AF75692CBE1A31330
9587BE6B7C783DE1C7F923CFAE7EF82AF2613B1472A31868DE32AF43FD2BD72511
1BA4DA93E5730E337676E680E8A8ED954590A650B16A802283500A2A55F4928D6D
913B1A2C0ACCC641FCF9B0131711A133FA41EE4098EFD96528D283C3DBC1A34449
FDAABC14CE68920C2CF3D1FB3689F54264CDA6089283ED559BB7B318EEFC3BE5F5
D2A3AA38BE5FD3D2771F8D54A3C1902F9C1E4454763A8E9237D3C9888F24B4095F
65C2F8C2B4E0544E1C0192550F9614B62BDBE14300DA2954069515236E77F8958B
923663DE99630ABC7B78023F347BE1C4F0D884534C84F3192CFBC86C0864EF69C9
8324D3F8E247389F74F30A9CD82E89815F87B8962D8487120E865103902DB8A0F9
B6912530F81414AFBA4F27ADCE6E571D037FEBC6191CC2DC67444C93C3272F6D2B
EB466E89CD2DC16771119AC3C89E3C314BC7F5161DD4AB8AB2EFEDE51BDEFEA2DB
4565036A1CF1129279393A9F1C9411FAF8A18EAAE89D88CB7FDDCF97B603B868B6
036EF5872E16D7F57859C0F71EA4CA060470A13F399F101E14FCF40D130B5721F3
7A1E425606E978D48C90A19AE1F8FC197E5A453E8EF3676593001316A4D43FF3C7
EE706FA258D4B640DC6761D31196FBD7390CADC51384641D10620DCFD0C00A1DAF
EE67282D823B666A646F1C30004353D63F5FD0AA514DB135358DE4A5B8DE88CAAE
1B0BBCD9205475C6347F5F351D649D9A10CD3EB93234A4FD137E11A41CCD185B97
E38D45E53FC83473D60949DC292ECAF5F9F6F3FD925C24BE71A35ED5AEB6BD2AC4
0000012A0000004D0000000D20000006FFFFFFF54000000A83FFFFFFD3FFFFFF3A
E052E1BC22AD62F3BCFE8473093FDEDFDF50A0FECFC8FB72DF1DB5220F8D79AEB1
F4A03A8D1D93BC49AC452AE8C02E3714FBE0366D4BAA1698A935678FF77BCBFF77
43F33A7F28BCAB77023C77C6450553D42A9D109CAD39768B443439B4E70DB314C1
65B394B88DAD8B5C9FEFBF50172ED1201F5F69A7309E6B999378FE8B635A592363
5871633CA2D1A72AD995F92E04825E692C349C79B209BC243812DA8708694C5A0B
DE71C634A8FB6B1366B2F80B3DDE4CE5D4E5250AEFE39346FB733D06A9E65911F0
F4816DEAE7CB9994E186C6F00FD0450D3C5E2E331867DB522E49ED97450DB08185
CBBD453DFE80DF85328F0349D5576735A8720A288B000EDEFF636CAC135292281A
E8520780796AD7438B9E1C9E2F6E1D077DCC873B96350D9035CE66CDF5594A5574
BF57F6A92D2DFE389054BD27B0378D63C278E6A6C5D576ED2FB0B6E2C40B5A350F
82696BBABD07A6C078424BFD61D1C3F7827EEB9A0556949CE8E7A8772188B802F8
71DC17785176673A5872F48B9DCAD380A59617C07B237B208DCE76A29610D5F500
D56FDF6CD4602AB1A830304DEB7D2D758647D9CF6FEEFAED3DD8F89219E2FE53B3
B20D5A3A3E0A360AA8D163CF477471461D7BB1BE8250502E45682D37EF07E21F09
783B75785CB001B75B5193A343C4CFACB0FFF520273CCE973F73286EB8B22C4AC4
4F6B5FF161272DE5E3275B2295CA3F3C0A714DB265578E587BECA6C9AB53A4ED2D
236D2C32D59E16CF83FFD813D71DFEEBB3E8A68F1430C2C697C0D6330A17227E2B
97E4D4E0A19982A3B1E641DB7B2EC2F475ED756E9F3648265955E26A3ADB46502A
3D8DB7CF63EE1DFF1E09F2DDFCAC7D4C94EEC1CE4BC9D07638DA4287C45601F077
86F2295F3419DACE52F3442451C5E64F7C5315B696C95AB47BBE4BC6DBC0FBE29B
D9B99E50A783C2099356D30341BFD42FB8A537917F28D3A3DA7D628CDFB3D3B794
F97B55EF7DBC97A750960474CB8B9B351B0E75728287D272A3630B68F8CAF6D20F
6512ECEA2A890D4B9981C538DC69764C06B92F05420EFB5EB3D12A507E662441DF
000000000000000000000000000000000000000000000000000000000000000000
F60B89AC5F93E5AAD0B8901A845799DBC4DAEC4C76B7A29B9B338BC151A5284527
000000000000000000000000000000000000000000000000000000000000000000
63527C9951DA19CB8E442731ED72339DFF9A60B6D7CB1FB2B4EFD092EF8DDA80B9
50D0E891E6022333BD942F9F25B0543A7641203C7B3F7682285D2E7E5D662698EB
000000000000000000000000000000000000000000000000000000000000000000
FAA00C467146D1C4D8B0F9B08D6A537A33225089626DD80A8FA916694EBA5677F5
B756C6DC29631F9A6545C1DCC08AE3AD56DD0ECFACED43FA0DFA76CCABAEAB1185
E4357443152DBB261234BE7C77EDE27B30952825C9FE39CCBA93EF1D8CD3490B23
F67ECD33DB7CB42AF89C51D8D0EBC90C7A5A2723CFDE4D44736B723143206C0E13
738128E5AA302046F5FF6B2304C89EA05FCED423EECA8BA680612BB557760F56DB
BCE1FEDFB1F0E756700A15F1C12F565784D0AB14988F07ACCF1C33729D7B1881AE
E48ABBB0F36DEAF4F32283CF4A32914CD744CF612640C7B260BEC97BDE06673965
8DE36C6E8F00F6A5C3BD4444E74FAA369A9D2C8A0829E18F9013ED9C7ED6304E50
1BCF07568589A9EE43BE5B42F9149B6D3B4B2300D513248D668CC8C2C5157CDBC3
B3864ED3092E147EC1D6F0E5AEF10FD676D6EAE6E2DCD216C1205CA1682B87EE37
25D99481D0CC2CF9579594FF31926FCE5C9E27D2483AF0D230C80674954F9A1C66
5D7A3F654D7060E115AC28201C06C4572A50D863A57DFBB7D8855A35FD5A1FEAFE
000000000000000000000000000000000000000000000000000000000000000000
000000000000000000000000000000000000000000000000000000000000000000
D90688D5A6C4EC2A1B00249F519D9176255DBE428285D24304D75E339B2ADA1F24
9753B72F953874DB93E46A1B7E9BA07D31E5D0D9D4BEB56D65C839014DC6334856
E1883F3CE168621AF07728B89C5AFF6F28F877E7F2D1D4ED6011F11FF017AFD474
C913D9FD48848FC4B80CF17A1DF34874A2A5A1CEEB634E92A7D6E7EA0D25D5DCC7
A7329703356E302CCB37C346732BE4FC741CD3CE94D16FE4722D3336FCB2236F1A
F5E6E933A34E52098AD374005FEF3CC0A37264848B40C8EB7751DDA6BF22C125D4
353A0B35E0AFF77B67C64C5481F0B58016EB81698789AA1304B4C68E55372E9164
CD7769466E9B488CFB53EA4CAB90842994BDBBE65CE2EFE08BCF43B8C8CED3F177
000000000000000000000000000000000000000000000000000000000000000000
F04FD441BBB2047E0019B87600235C9882939276B2BD38A5E00AE1B6F6266EACF2
E8FC4765E39FC6DF9C3EE72633F845BCA6B6E01A250A28E8427247354209C6D456
DCB7F9D21F6CEB81401E8D31A017D9ABF397BF3925D6D9C94B6BE4BBC1B8837161
0D5D0D93DDE155C217932E271902688FB6D6308583C12810882EF8035299B1C24F
A21823EF335E5F1FD0A28ADAA1C1A60710F6A0D42CC5E73059B5691A0E30080E80
15EFE55BAE59DCAA04546E2F7B8F7B1889079254D523C794AF381D8D239E7A0F2F
FC756C2298CE864770F8FFB79D635410C703CA840BEFA222C0095376E1FEF4B435
6BBD36B24856C1BC5D76FE7CEB60E75644E53B8CD7C407217DF7A6D0E557053BB9
458882E615497F994F18F0E7A05BC9790CAE83F2CFCE922898C705F4A9F0FC0546
5A5356D15A601E2F332DA49F81F9E67871D991210E5715C3B4D14B199CE804CDA4
FC13379A6C7895EFBE5E9C7988FB8EA96AC844489A2C158109989296B174B10361
9798DB92A8F8A1191D9D3D8BA06559D4B9AC27F00A55BF0C0166401D915697A389
000000000000000000000000000000000000000000000000000000000000000000
D729E620ABDCF162D51B2A7B90F6DFCD8FDFDF9BDAAEFEB8DF630546E3DE145503
471AC6FA8E2F050CD67F8D2E45F8DD42A3FF036D668176D1D3E705A4D616F59AB7
E6560E368C48259AC7AD20DF61F53939DE96C3DABB50C1411A740FD1AB981F3F7A
B88302B6BEA0EED4D346DF5ECE5DADF1321661D9A671831472430848302440725D
FFFFFE1F00000009800000400000001A6000000F57FFFFF0AFFFFFFE31FFFFFF67
480D1DA43E152D58CF5F4192EB1492550C3BEBD07B916C2F7570EFE2AFB1F3B75A
000000000000000000000000000000000000000000000000000000000000000000
3F6E6B3806EF2E64A84B480966A1192F6517BC5F02C94928550CE76920870EE654
000000000000000000000000000000000000000000000000000000000000000000
B1A14668966D6615E2359A257378D8F913C7F052FF046ED2912B14D68A1A363442
05B7AB3409CD3E5CC135A1394F46CA55EE800948F2076025B534C1A5244904C5B6
B51CF8B92ADFF0483A6E4558AFE30705AF836F8C4C8A8B441BCDB477F5FE0DE131
1576BB8A8E1B4554A1FE381214C7B4BEEC38B831DD988F29299E97395372A84383
FFFFFE25800000DBFFFFFFA45FFFFFCA10000009DFFFFFF7880000016FFFFFFCA0
F28F6E08FDF3EF96AC687B10F4C163D4EBA656602FD64D5D455B26A3F3BE7E9FCD
95E409CD49DDAE0BB199B001641ED0E9F3BBF4BC16D4B58FD839712359C81DEDFF
A6E1740BAE76EEDFCE900044229F6A826AF466AC288B24EFA370B42D81F9FEAB53
D7C2DAA596DE8998DA51D6A69173776BA3815A57535CEC32CA339938F1BC88E96D
000000000000000000000000000000000000000000000000000000000000000000
000000000000000000000000000000000000000000000000000000000000000000
97C1C27F09B7CF9111AC08826E05F1CB182A951260AF882298C32BED40F0AFFF6A
000000000000000000000000000000000000000000000000000000000000000000
2748D9B99D671BEEECCE9403358BDAC5870C5486854AD16E4552E0831F01B80536
C05EE507D5F2F2F1E552BCB1A537CA4813DCBEF12ADAF08D887E446D6F5916018A
32ECD9EE6C0E1CB303BCC36A1ADC64B06F2836BF67DA8B1BFD3E9017E5F82D7197
F6B76B421E99D975C025D8D82216778C063C60EBD169BF11CDDD632F94F442AFF4
000000000000000000000000000000000000000000000000000000000000000000
B30017D450732A46CD94ECB0BFFC154674451A39355F3B08D0AC44DF1ABB876729
2EEA821A7993754286F6F66218E114453B52DF8A65C44625A4DD1DCD49D0C3B738
6EE9D2C7420B8FC2B1ED8548157A44DBAE14950F2D800FA42E494DBC63CF678F80
C974D6945F941E25E1D0B7E7B3A8C977BBD6AA3373D9759F250D88142308BBABB4
B57466D5677A115E759000BBFE96D61A728735E2C92800FE5F1231C873D6410CF3
A42B4C08C43E304481B0DF2050DADB9CF833FDFC596741A7E7435E5DCF1A81B115
6CDAA8B6D3BE48C99310A78F0696E5ECCD608A200042DA18436CE6526E47C23BCC
80EE5CE0B43AD075CF4642529C31EB68EBC26ED45CC4A44B2FF489B7D0A14D11F4
D74617EA431E59123AA1CC14552BB509FE5BE94741017A9A15710BB31908E9DE18
43FDB239B773099EA1D08B96EDACE76E2D84F1857C1C06867AC53AC89030CFC255
74720245C83525574F3137A85BDD6C442D32BF2B4BA5547ABBB34831AEEFA92E50
AD216CD8533D12BC6C480B087E99CB1A8DEDF807738CD08272EB4554587B56F410
EF740A6010B5DDF51EA23553AB1D001EE686E78C849D403A054DDA798C3FB848A9
FA7F52930EAB6C297B8AF8D4C52174279FD28267C0D0CF08BD9FE46A1DEDCCD78B
AB5C340DE0B4DB932B164E5E93568076FFFF386E57D4F8D353BAF72321482FE208
A7DBC5680A333056A3A5FE0F79F768463DCD26CB1A1BB738CA217E7DD1DD300E25
9D7E28891F01A4C87C9E1EF63D02F2CE05BFB3AC42E90A36A8D08C832D2E0FAB66
97549AE4356C3DC09AE9CE0C3988BD6E432C1191E756DF8C2B614D83F6D8F02B1D
60CEE2D9D071E57EE230093855506419517D14DF206277DB6F73A2395A49A6C748
D249196226C2F1C8AF8ADF8120A1254A5C87C55605E6961F32D3DFEE295E14C9BB
0F4D07AE770F267B021E347A3AA62D3BA079F2FD097F7CB0FCAA8CDEC3FA27C605
D5B9EF055A1A0E2AB8C86F142077254B5025D571E91E6D0B384163D8DB89768126
83F60F3B5A48D490C5C6C874FFADA45611DE335DF1168832C351C26C0EAB9301C2
2CD9FB804E544693D57112B5A928634379416E47D1232254EA205AB63B63725CBD
14E8B674E3C3237FC050219837FE1D7BDE00352D6BB3856C60C189E09F57C60DDB
DEEF109534B258AE70C906F720EE16E36B709FFE79712BA67F44877D6076B99782
83573F0699673E586A9C6F7CA76D6744DD503717E5C6F339CBEE65DE1615221B55
000000000000000000000000000000000000000000000000000000000000000000
4096161124D868E051D6B9CB47E4E4D66824A27D1934180FA1299A2159BB2CF779
9BD4049A991C9BD025C4729E9C673195093C8BCEEB52202FA343A4F8E0BA2603FA
999A3311999F42D5E778E70CA6316743738B4F0355A4905B25C10E7DE2A9C36665
198944B7B0705809D6DF551ED160C6E2A99CA330213668430D1495E4BB8A3F4065
4832D380236BB124FD71B6AF08CC14241339D105C5563725CBD9701064419B6D59
0156D850D40731C8B5216E349DEFD8F8D83EDFD8DFBD8D5661C6B5D8205FB75ED3
8D9BC9FEEDD6DAF8F092E32BB50691F4414366EC6372D6547AD6D56831BFD26379
4738276DAB0B4277D8519CE6D29F99552E8125FF58DAE4132EF3BCD0DD8B25388E
04C99CFA4F3C78DFCE6FAB66CABD808D73544104AD18F1244DBE895196A3338ADB
88B11ECA0B1BF07BD193BF0CD81A03DBD01B47E7EF7105BD7AED3D9E9F7A67F1A4
183A32030C1D80DAAF9A5793BF411C7B713CEE37D9DCD3609DC9127E9CDA1090D9
D2F3A338707BA3D04D9B0355ED59DFAAD385630CF29E2BF28582897F105C20807E
4580EBFCC6CA536B7AF57EE3F81C1B7B9591D823DC556DBB739F0596DF2C17A9E0
F0F1A1B89918B1075794CE3DD065F5364983159EF4ED85AAE08907635FDAF4F002
E482A5D5483073726DC8CCFFA1DCC45897A5D15969161FC97662A3A5802343D9A0
FCE373C6E65CF6D3639914801B48295AF0B66D9E56A4EDB80C40C322B0D32D598A
000000000000000000000000000000000000000000000000000000000000000000
B479D0A90C2A825D0FFBF26A3AF1265D24F13D23EF26B487A4BE305147CEDE25CD
86FA6043F3531F41E71E97F6C407931C6DB3CED2239B3BDBBCC877848285E2F133
8A0D78B3655F256938121439F44C82D7A96ADDDF435A36C68525C6B4BE5FAFA444
740B2F07C55665B08151EE5A22B2305AFD360C6B17E46E1E644DAD74D1FEBEC654
CD06B3501E77CD6412E5427CC1797D6A5F52D08E36AF38D74BB873584B9D744E3D
C7D1F74E9EAE28F172C583F997F22EED04995ED07DE064B14591D156F53EACF661
DE58D014D8C797AC9241CC9106FD8173A976C4E5C52D54CD25B23A8E4AF97E21AC
72D9E0790B87F4DEAA9BF18C26D35E3EDB0444AFB3BBB6C652132F0F5EB9CC6C3B
4BE5B59EF4AD5049B6A59BF00FAE2AAB5B1905668CBF85F5E7BAF0A60454AF8888
000000000000000000000000000000000000000000000000000000000000000000
000000000000000000000000000000000000000000000000000000000000000000
108DB99E0983941A3BD4223B6AD806DBDED85656166938FC9AEE14478DA5C53ECD
2995A8F5CDF49449B368F777C7884D4D1F0B4EC5AA4057F7751497AD9BBCF98E85
0D3D77D85A2018D800AD0D3EF8EE52FE84C03298F74F8E85798091BFE32D96674D
B15144704649B52AFFA02EDA3C26BF2FD93EC146E188B7612CA23D0F391B6D18C4
DFB8A31BADBB38EB3DF135CDEB565BF77DC437FF2B43D456C853577CE9CCAA5DB0
CC288438180145A0517F0C4B79A9CAC6E3B8D0BA5A3B9BE98F968CDD2D0FC8F855
384E00A2597C001F80F40AD27076AD7F7E91DB00B485EDE87ACF2820C5DCFF82A9
96924C244C34320232EA5AE5887AB55C20379B4F69884C172BE624D076F5124CE4
93FEB529490F45EB72FB19B8A477D2F40C36317AC36393D0F607EEC089D1708FA9
1C4F9C90FA1E261E7588E858D57FE5AE09170B0CD5E238E99C4CE68B7307097417
852AAEBA5A955D822633EB656A06DC5F224FCB3837372691CB8E4378E79C5BDBC2
C78F51649AE2CD42C21A2527C27600DB41685CAD69FF80A47FA75C27AE75DDE70E
000000000000000000000000000000000000000000000000000000000000000000
2243E42AEA47B40836AA02B67F2AB3DBC736D2E60BF3CE746F22AE54FFC03F708E
EC9FBAFC8C64B4F12AFD7572146F645C58066BA6D1F1C1D4986F81C3EFA6457AB0
F894B8CAA0A433F2A3F3F826080260A21349AC4124F3BF98EE7D7CA52AE7B05375
59A7C400563BE8F7F1CEE30A73FAC0F7638FF3221626F51196688A9D3C287455F9
000000000000000000000000000000000000000000000000000000000000000000
6DDEAECAED84AF45E10BF486E5926A66CEFFBBCB05F08906C34F71ACCB200FEFC2
1E0D2BFCE8A5E7818F22C29DA3F36442D4CEBC91D9130C2D882A8591890398D9E5
F4CB0E75FBEB682EABADD6D1805E3EBA939AF80948179A1B2C0362621F581B365A
31984A942DBE2D3D9A6A1740C5706F76CB0A7102F4741D82419FD45462C3BDAED7
16D38B3CE25429190A3BC1789FD8D6D790308E3B0E66ED5600E448D0701E753542
921E0A58467DE8F765AFCF88AAD110406814D98AB70097BA2F57DD21C9A55D8C81
000000000000000000000000000000000000000000000000000000000000000000
B37FFAD4B73C6D20CC6E39272EBF1E00E1CD96E5393C3CB9D39C571AD5BE21E634
E7CEA5965528A0F6784FBE80FAC649EBEA10478050EB3A75BF7FA9F089BBDB3B2A
E02C8B1E2C995DC59F4E1E4B8170CC0059A4093724A007439F4CC7E5F403B14F02
C76438D2D87638D197A8DA6FAE5EA6FB48B1E4B89E2F524CC673D2F451C413F7E1
849F156CC4A91730A4A5ED02FD0AA9AA64707B83075CE2B7E942E9E49AE95E7A01
AB2DE5AC2D55BEBAA9B7FD2F6E8688940B66838E2B7262A891C40CB45ADDB69598
1875CC38601C2C2ED64543E879ABAAD58491ABDB6CBE70915CF3D0497033362F1B
CA7F29426E4CE2164233052F99B3FAF60008840ACF2D42BBC109EA2E1BD95392E3
A251DBB37731BBB2EC622E4D61A2C95EA20FE30185EAFEEC9AC273D89A85F4162A
4F188C151D10CF05083075DFB16FC8948EA79893891D654088E9DD886F9C528FF4
3016EE383781094C9A505DE4D2C72EF91CBFB82777F871052A8AFE8EAAF7357992
A61B6921E4454B68957E012D18B1817CC5389D8EEFCAA8F91A5E0CC54AD1AD90E3
595826318BB86DBD6CD687AE86C978BA9313A2C00244F77550909A18DCB607ACEC
059FCA1DA0C65C357331565C11279636F1F959BC95AC1FB6C93D89C055C1BA3549
E9F9097B608AFEDDFE0284652A34EC8A0AC6C5ECEEC86BDC38071EC139591298EC
A566E5B44F407AAFC0062C047DE19990BB11988BABF313548FE3F8072AEA87DA12
8E091B521FFADF288807E45A54B1B8AEC59DD92476B0031818A7B54269EE4948A4
000000000000000000000000000000000000000000000000000000000000000000
66F1E5C5466D77E7FC0E3D838C4C435C8BF179A4FD3F4B77B6AFC7D55CB7E2423C
000000000000000000000000000000000000000000000000000000000000000000
FFFFFF92800000983FFFFFEB1FFFFFDA1FFFFFF800000009C3FFFFFF39FFFFFDE6
62218C322C0DF580D5D52B7D905C7D34101F767AF30E87D957D66AEBC9B5D8E4A4
B6B1B6F4E4B150FF6D0BF7B40A3A2248256D0F3820B95338ADED25B4A7C6DADD0F
00A9A36A01CC076DC7AE91250914BBE0A3F6BD644ED0037F76FD98F49A2A50C31D
EAEF61BCD79DD56BC8161E231F3B87C98996C39AD5F7626228B528E85971D50BD5
2D50B712A5A615FBD4E92517262E42EE1CA60FAC91D3A44D3652423C6D9A2E3F64
1A39F85096618D8F9225F7DB1B35CF4BBEE956544544959C6A73FC8E451BA20EF0
73EC3A099DFB55285EF73E8EB0238EFD6665611C8CE5034AFFBB31FAFE28A6A70B
FFFFFF3DFFFFFF78BFFFFFD0E000000910000013C0000006B3FFFFFA9FFFFFFF0B
5469058956C747437AD54B4FCFB06263260A4A3177481949C1154E734233786934
1D67ACBEE6E5851B4070729C058C95FF0133573C1872144AC7B3D0F3F53218D48B
ADED2B021C3636CD7C1A8F3073E4B5922A1889642307385726E8CCBD7EEEEE0AF2
80D46FE44D152ECF68087595E6F90D41D971FB2E1F90C13D3022E670FB8682E5BB
D8B5E519B04A6FEA607E175BBF5529DD248B15C01F78A8149AB202F542BF3E3906
0E07F95B6C0D2ADDC610A139BBC69F0206A3B87A2D0806979C2F25B1619C036B76
000001D9000000847FFFFFF160000036D000000A17FFFFF168000004DA00000343
FFFFFF007FFFFF41FFFFFF83A00000393FFFFFEE5FFFFFFB3FFFFFFC23FFFFFF07
BA8FCE7F2D65FDD18C79AF471343C05FDD09131454C5F25F2D4908BBF0DA7A5661
FFFFFEFB8000009E3FFFFF93C000000D2000001A5FFFFFFDF000000505FFFFFEC7
0000003A7FFFFF61FFFFFFA43FFFFFF7900000072800000117FFFFFE65FFFFFE08
E3FFEC497254872A10850A8BA0D2B67CD7E6D6263DDB98061359C7B7D2887D5AA7
3381B87060C6245579A79796DEC597EA74C263601098A1AC179C64783347794C87
68664DD753695928A017076BE8F62CA13011001A0C35A74FD8D6851AD0BB8C3F49
539D28B6B8A0A0136D855CCB5B91DF93F5FCD7D578BDE066B4D3B7F54122B8B721
E42B0FF467C1C186A679459B69967C5BA4B8C6708D9015FC3FB56E600BEEAE00B4
58498E5AC0719CB6D1846B5567D8A80DB8AA793892B7E996DB9F7B5AA19D982CC8
000000000000000000000000000000000000000000000000000000000000000000
DBD4A0F49BBDBD25537B31983C9DE4F43671396D91661D35AA2DAC07B45DF38B5C
1767EA6A956FF693AEDD8D8BC948F88CE74DDE00A36E4990FBB73C249CF914A1D4
34E9ED419080747E176E1888999F2F3237DE03D84136993EA4514AD1A4B211F3E6
347B99E006C7A55D9C8D0CF818672DC618866FA2A75836F93C48D708B05CEBDB05
BD4870123882002C828C6425DCE61E124B5A2219FC81C853901454163BBD76E5F7
F82254E4D40C83E91A0CAF06B20B07798EFB7F6C82BEBEA16F74CFC07E60DF5E8E
BE420F7BC1696144C43BA70EAC3063272DE983E7378171799D2607E3761BA7D88F
C151A3D19EEF600D1B791AF0F04F812FD29B368462A72D167A43DFD20B601FD0C7
26E53BC5F774F84525044CE6D59D0D6D581570C181A42D127C0587EC8D98F7748D
C209BA685F31D1ECE85BAFEA33C9C33E02600FE9A37647274EE3AB1C1967CFC051
1DAB3D68BA2F42CFA131E4CE1D1BC06D0955C69D7AE6823D5EB40047D658B75DBF
08419E3CF3682E2D3279B241266CD57C56FE9D406C91F3AEE8C1EF0AD875862FC7
0763254FA928AFA55E7972E4FD952D2FEA990EBA98A7BC82B2A34CABB253E6A3B0
000000000000000000000000000000000000000000000000000000000000000000
291BEE1A23081BABE1E54D19F244F5372F6C39BAED3AD5E02C5DEACF110AD8B319
CE1AD63DFD34501F45F6C80B5CA65929A2EAFB0CEA17865364DC207874FD66DE4A
86D308CE74CFA8587D8A9B791E54290A248E58693A835FEDE691F946511EC17CD6
000000000000000000000000000000000000000000000000000000000000000000
B5D843C828EAD989FF2C9F587BE3FB1DDC62A5355E95DCEB79A37A435688BF5003
000000000000000000000000000000000000000000000000000000000000000000
8DC9A42418C1B6609701DA75D4EBD88AEB784F6F8B89C3BD27223299646436B690
CDDB0AD7A22F4F55673E66437DB6234762E29E9FCC08FCA76BA3468C1DEA8709F9
38587D49F7914F8BF48BBA5598FB666847CDDD5ED192C10589C293A0B478414363
B44EC2A40180C15635CBC60E6DB0CFA91D56F92184C4FAD23F4881BEF826A9C2CC
8CBC3BB530E2FB2B3C7BCCD503ABFE9948870408F5F4DE2BB1D7AF16AC7AA09610
BD6726C7AB1F200E10492137C99767DFE9EB91E41B5581010AAC26B32944213842
634D2072FB177432F87EFE957AE63B7B32915A6BF0B602D7CEADF8E908D70136FA
A4211AFE04863DEE7188793917307F20625D13695F1E6051F39283D91B912A4BAC
FFFFFEE9800000CB7FFFFFE02000001E40000014C7FFFFFE0C0000047FFFFFFE87
8CAE3CED99D58A36F982E62E644DB2506281A418B33F8529C69287BD3DC4FEB62B
5904F99E4E7241F62C6C12CFED988E6C8C05A8FC4B3EC5AB83E6C3F7A97FD11160
000000000000000000000000000000000000000000000000000000000000000000
000000000000000000000000000000000000000000000000000000000000000000
25F66F03B520D6A90F3689E533CDC6807EBD251650F211224568251BED5232A775
56432E7A20B6B388323542A4FEA9B0CF3CEBD70D8E874EE152E0B26D616BDAE842
FE45D956FC339CE0943E29A3E3C25B8D163EB86547F54257A0D9A9F36BFA144582
B85490AAFF34360B79BAA2EFBA40BFC8FD5BF78490F599DC1E9C381B47138C9CAD
DE6401A057A299AA8F629553752D9F5BEC7E5234D75EC1BE4F191F07C721FE327E
308102433154161AA404015B097F6DFA8D11B5DD73A7749B8FD25AE9F49525C9C5
95BE830CEAD9B697A86C958986B7A99E887DFCBEF2FA69758079A27022685EC3FF
A8EAAEED15C71A1A5E2A2C1AD6D2A800C9B7BDEE5680872B737C1954E4C8AE72AD
315BF605D346A69934B5970639522DCEEBE66A809B3F68656DFEB7AA4F3291357E
D73B628E08BD3D75855CBCCABE8C730F72BFA4699CF2AB36C295F98CEEE8470D4D
3D9A1C748D7AB6DA291285FB4EEAC4A708E5E19E60B469482414AC8B61D472ADC9
72F70BDA3493340D4BE1116564EA0764E7D3FFC9587CA59014A0C77A992976801F
FFFFFEDE00000040000000239FFFFFEF90000009B00000066C0000057FFFFFFD13
542A8834B69594E1FE26A112579EBDE029FF6D8755DB35B87CAFA24CD955ED89F6
66297774173941F38CCD3121E8406517FF54D5174DF172E30B54052E0CC5F4C6C0
FD517E520CCAE8E7CB17338C2891DAF20086C63D79B94B7B6950D6554F1D89B6B2
53C0A870C26197CC716AE079E575338B00AD7F38878CD089AE75205C593CEC436C
33C43F3EC6DA0DEB2D8D20691F0C83DF13B9F3E0D70B7327AD5C5480591C724014
60FA262C38936C8F82B77BFDCAD9945CFDB770F62F4A7E8793FC3D11F1889D3B00
5C0CD64BB09FA29A063C0ED58BF020D42A66B21C2202C6CACD0CAF5838724934E6
15D3FFE0A36885EBE4CE4CECE98A0439F25185526E7505422D91148F58694921D8
DADB590A8952F35DE6F6E132F4BB88C7AD5596D63712F9489751AA1E5B334EF71F
30DDB42AA3FB4799F0C46E529956DDEB260429DB90F7E540C59C2D8DD36CE8F089
DEB60530C43575F3B90F66A692DB82F9F1A226C70F1BCF8EF2039CCA24CF526514
000000000000000000000000000000000000000000000000000000000000000000
FFFFFFE6FFFFFF8E3FFFFF90E000003A5000000718000006EC00000753FFFFFDFC
000000000000000000000000000000000000000000000000000000000000000000
D1E1F0AC575F9300A248BE62689A9277E7365713DB95C487760031F589ED905661
000000000000000000000000000000000000000000000000000000000000000000
3B75AB56E4B1FE92CF91DA265D8EF4C464C5D8688078B56F434D355D73CB629A84
3E73E5F5A09063A3F1DDA8896D2D26F100972310C6542CAE90C4C0D0433687A022
5AB250C12255DFCF7444B873B8526D8F5A5799E85644F0379557355CF3291A542F
000000000000000000000000000000000000000000000000000000000000000000
20D0B11931D7A60F5B56EC77D215898DB3DBDD369C51EBCFA1A09ECA2A71B1D306
55F7316F3D356165543200F3B1DA9D58A87745C24503010D20C0E1594740F87670
EFB2920F6A9553431A7EE3FC27CB0AE54EAF04A4BD8424CF35BE89219D03F091AE
867AE2B9CE9C3D075AA77632B608B7C743091522758959663AB4C9108D3715F85F
000000000000000000000000000000000000000000000000000000000000000000
607033BA0D97233B566AD21F5608A4B964C2577F85F2EA2F18E07DED4F89539EDC
FFDB36FC34B877BEB05C3653B7E52135BBE74A956B04B2E72E986ABC6FB6498B94
4E19AE49EBBE789BEF8E6B0AA7DCE6D7D46B04B8E45346CA5F41F773257E1C84CE
D8AC10B2C1F893C27B7F95C8CF5918A11D1682C5A2A2F64C466CE1AC2811235A8E
34616213C3492102D1EF6332275899E6BE3BBE9D75FDED53842B7078B7F40302BF
1B66161A133D02AD02712639E566D6A1DE71D9256D706931A85834D96715A708C0
9431CB72C70C9DF43A7573FBF5A71F2D0B1A7EC5D4F8B1760711FD495E43ED9B3A
9128642C716E61AFE562868D115DD4F7394186B6141476500FDACDEA8F50EB3233
7899BBD8A6B8773DA74A68A4CFD9E3A21E974477012F79947263B1F677994C0943
7DF0FAA65BC48CF353B7F90E3BC86E97FB3A922D33988BB71DC85F431751060539
000000000000000000000000000000000000000000000000000000000000000000
58F683737C30ACD380105EB503EC0C233E62AC49B1F9311111724197F30D40CD81
7A431BAC89B40F87511B636F2F43130531B9EEF7F2E5468C3CA59F6D91C5D35D38
745BA1E48B07120491BB58ACAA19E6F231732E2B77E37B4D96E95A56D7AEE06A21
2AB26D2153DD345F6B111CA027076A7339AA0CD98DB1857F3758E0B1E2E0CCC739
36678D3796C8177989EF08625F7AC574C01E20296A86B3AF9950A59346B642AE20
4C408DA1875283A0679F02323E740760FC03616FBE5C7456E4F2E2C1E4B585F1F9
CB81C09214ED8BF2327722742EE73DDF5F406F08F700E209A6194E8EE436B2F3A5
E023E63F4CC649F58306C3BE481F0EEEC02AD425DE6FED52F0DD757ED8C4F405C7
FD8CA564FD18EF678B1CEDADD202DDE34606AEF961FBFF47EFDE49A27633E177A5
2CD338A37973AC808FEAE79D4E1CE726A15D69A88B5D44F9215D7155941ABFC565
35F632A9A55C039347DCF9C535F1391FB680EE4557EC8EDE9E8CD16DB6E44EECB7
5A1DAECEFBECF949AC8437D9AA2DA1E0B7CA02111A1286A09DB9245BE08C9B7190
B24AB6C6BD4332DFDBB09F443A5F3D74EDF1FF20C7521EF9D9E64E560C01CF0A47
44D71DA4E98EE4FAD6446472A74C76263C48CF66A4F000C8FC261642CD09A63F75
000000000000000000000000000000000000000000000000000000000000000000
5A4891F2FD61FD1BF5DE6B5C49E5EFA6F213FF8E9E920B39247BAF753A831E012A
07BA37664994B5984D0AFF733C380E22EFAEEBB6493E286468DC5212B8220EBAC2
07768E946D9F599CE64D541A51C36ABF8493CF32E882BEBFE97BC1518B4AF2FFDA
FFFFFE290000006C0000002E4000003DAFFFFFE42FFFFFF1B800000560000001EF
2C714557012043FC469C7850661979F79D638FA6628AEE93A8663A1110DE22494B
4966E9C5AB5126928C31046074AAD73A189360940F1F3D8E388046EDA9F23CBD90
287B8E4169C4C70C32709CC3A89A22D99CE0A03A2716590D1A836DCEE0CF6A3989
A73AEEBA80265B9A6DF1589702DE2C814DAD7A0FBA75DFD8E90C8A79A9A70C9CDE
2340AB4240C1B7E62CB41CDC8D891AEB980FD30D26DB580647AF00BCF39C28B6A2
C6E5E2F640E77A97725415810C6B4D04498772C841809C83F78807704DCBE01BC6
32AE1502754C9E8BDF85F7EE562B508ACA4CED149F8ADE7E68615B6C8D4A76749B
D322A497CEF7FE9C832A6A13595B17590CD88832AEB108CAA0F8EDAE69EFA22039
00000079800000A37FFFFFB9DFFFFFC730000003980000064C000001FC00000086
BB54ED18CD50F1CCEDBDE41E4C77F3139740A8C0844B6E964C21B4DEDC2A34A964
FFFFFFB0FFFFFFA7C000000D1FFFFFCC4FFFFFFF200000044BFFFFFC49FFFFFE5D
2FB30B60CBA9146B4319FEE9CE3AB6A78E59213A8D5805D78461D496DBDA0B1A21
8842F2FE0BEDDF52998883418B64A35E1CE3DDD55EFB67CA56692A553998C8B610
000000000000000000000000000000000000000000000000000000000000000000
7546509BA8E4A513AE767634694652ED49D9DEB2C2875C2020FED43A01E2D72B73
BF0E2BE3FCA57E4F46E1375910FD2D739242A51259359B38EF5BD61501EBDF6196
7A15D62F4B894E61B05FE123782828503A558A2E4462277B0A4B6CE224EAEF9A68
3B7E0CB1B69601B3099CF4A7A25057E35AD8C7324267E3E6D02DFBC260190E8437
3668A4C57C926A681AAB06EA880FF67F8116C4E543C476F3022EAAA7BB11170870
8410427BAA186164911123B1C217E65D858DF79E0ACA7B411278F7BD95F1BC27B9
1429A996E1612859500274503741BA2994C6F6EC93A7879746E280ABBEB5E44757
D720EDC0744ED5EEB772BDA38A7EC71DA21B7D2E94C9F006F14056CFB711E57A84
00000134800000DA0000002DE0000023DFFFFFFDA8000007B7FFFFFBA00000022F
D28C039E016B8603B38B530CA61845A9CFB433954D1451599DB22360CB4AFA4899
2BE8DE45F115535B552C1DA7811D97FE5E403557D2AC1C44A943015B5E8E44137F
23E4663D3E8244979CAC3DB9DC34A498FC61C96D96F528F495BA71489513FDE3F9
EAEB3DFB5DFA16F75EFC7E0C2B927B933539D7F007E950593BA6BD21048ED479E7
B6B738EBCDBBBB679F0B23966BEB9BB3DCE73E6770C0C0E0CEDA535BB79BD95987
FFFFFF2CFFFFFF5DFFFFFFC81FFFFFFA9FFFFFF098000002180000032FFFFFFCEE
0EF08BE61BBCD2473CCB2A3E2E6D062659C2C46266623DF74C35F950BC740AF9CF
DDA62483711ED5E271B9591CD28D3F7F4A4FA44C39078910017523572D36C446BE
E34B377243897CF77168B3FC66D871721F8EBF23ED2DC672478E1868007D22B004
79D958642C28FCF535E7777F58CE3B78824E854C1BCCFBBD6783051BC88DD8B0AC
6A58D298A8CC3634241F3239C36AA64F16EB1721A41200D69DA3E7BFAE69531ADD
83D60784CDE4C1323DE976168D7ED84EDE0E6AED0A879746604C0F9BC28025E8C8
D6D9FC1C95B5D0BFB201C01AE926DC64F67BCCDF7D3F9F06650E3606906F06525C
000000000000000000000000000000000000000000000000000000000000000000
000000000000000000000000000000000000000000000000000000000000000000
C0651B66AE2D83F1D9A349C8680851BD99659A67E5B1FBD4E2260457EAA800E675
4F174B97EAF38FCD55079E31957E24CE13FAD5C13D1006D4ADAA3C15555F390F3C
B7C6BE0D9948A1874668BB2D01FFE5A24B204C8D52484B2E045222835A3F917B59
EA05DDE3694E75C5A7D368375C07DDD21604DF2C803255F9CE35C2168A40C3246F
1AD5F128A15C51885C29029899E07D36C68EB05E5B1B7FEB0EF5D82540401DBD09
6907A274702EAF82BB9861F4BA5AC650FBE6825AB2F50AB4A671A27912C7E1D642
7A1FC271F52592142F7332EFA571DB4BC4EE1BCF6EE2A42327A7EB6C642A1EF0C2
CB0A5C637CDA83D024FA3DED897623BC14288DFD0FF196CA57EC19F8794CEA9AA5
2EF2B5F1E67EA9BDEDEAC542DC486C714B084D36423E73A32AE4B8253B79135437
60996DAEB4B0C11817BB6EC8DC5CA255943CFCC309C3984EFDEAF92A5231012699
000000000000000000000000000000000000000000000000000000000000000000
B0EFE77ABC360ABB637E106AF01C264364B64459F8BF37649872AEF5D081665900
3971DEF796DE29E9319D5044EF1B067642C2FA4770EEC8797A7E54614617A3960D
8D45FEC21AAF913F66F559DA0BCF717851C771D274F33882F6BFB258A86AC51D52
A0DE04B7089A69F69F7C01DAA5E464F9164DD10C0DBDCF01DEA2CEAB0C1A0C6112
B6E764126A3E45DE98B61E68AAFB77F37D56319F9637051530283B0B8DB4D2A474
71F1094C04917444A5400D854846630583FC8A4E8EF126C95E293990AABD189258
805FAB7DB10DC47CEC0D34A04256394AB594696B3717656C0430EFB0B4D461BE02
3E6671ABED843838064E0882DDE9F0F3250A807C86F5B5D6530CA662E07C586A11
31BC00D381C2F7C7F392409308223ACC6FEF59B018C6539B8F8B801F7C61CC3646
961E635CB99E0FF7BB12D429E9AAB09A62A137F7BD1ADE16AD48072D46DBCEEE0C
260FB717632CA2072321BFE402F0EF770E23A2CA070A3B4843D1335062351F6042
E58D5252232659E3D48E8A0B64E071C3D81DECB5998E0C34C4E7D3FB1DC15F22A4
B07E7320D48850D167A717E7FC7E21899A6BC9727C9574E786EEA76A2D17411BBF
FA95496490143749FA05D29FD85BEBAD771B49FB4874C845A3569042FD4F237AA4
B3D90C6F572A60E7A66803111D7CEEECA68FBC2130A778F251A15F461014DFD9C0
000000000000000000000000000000000000000000000000000000000000000000
3A52FEDE9FEC3888703AC6011C4E9802372748A1D0B4957EFCB5B9B9549B85B0E6
000000000000000000000000000000000000000000000000000000000000000000
1EDFE40295DD7F6F122CF6D3DB95A0B67BB9D397084CAA3B8B62265024A7D8838B
A9A45949236A986127F3982C30CCA0C91A637DB9E117F5E3957B571A6B6E69B13D
FBB1CD455151F68CFC8544547FCCF1E6A43FD271A3C98659C282FAF14EB53A5E37
2244FBB8998F1D5E716F11EDE577CF00755A775C06EA7E523D0B66AD942DD32AA4
CE2CB107E578A2CCFCF3F9F9D33B5B0177000907280ABC890D33A5F95513023029
751BC750C3D8CAE04B751DE2474B10953FBEAA263EA48352051293FD39EA55E3F6
0000005180000084BFFFFFE41FFFFFCEC000001117FFFFF30FFFFFFDE60000014F
9AA25D84BF751AE4412C7CD5E8B73547A79CEFB51C42A6FB7055F73B524AB3DC95
8A95CA551703B8C2C393AD0957AF3103D8C5B9D898838C076F97A8DA362C8F8019
47CCA51022FE9BED3FAB43664D6DAA087833545FBB9F7E109E7BE85CB7E4505424
3FE3AF3F9DA86054CA28A5D13309F11C6AC4C175CB1CD91C7822E244575531D9AC
5FE50DE1B7F03C063C3E23FC78523B56D6B5A805D2A09B86193F0E72697ED1354F
CB4525D42B62C2FDBF00A83D661F00EF2450056D9EF4F4459119FACD6E7B788638
F6D9BAA1A588C0D1B0ACA9591C65CEAE617F8A48C4835B4584E01F24086FB2D5DE
F66B15B03FFDECF164B1A588A9AE42939E15342D3CBADC143545527E3B0C7E1110
000000000000000000000000000000000000000000000000000000000000000000
C7E6337EEBC6E7D546C007F0B6E505CC59FDE55FBF53A882701955E591E796E7DA
EBF65CC7F945FE5C40A6104107C9F7044C6D247D30E27FB1D62ED94D18DA6BE85F
9152EC4DD4B3881527B9CE96029CEDF33EA55179DFF2FF5ED4972EF69C0A4806F3
3312E68FEC7801532ADF0D657F394887E53246F26705D1C7B7D2ACCB7FEEF076CB
C4AA004E1E318C6DBC5CD1BACE7DA7EA9247E322996E5119F874E1A16AA405AFAD
000001D3FFFFFFDC0000005C1FFFFFC6600000161FFFFFFDA3FFFFFBDFFFFFFED0
1FB35011F40E30FD8CA3CD86311BF5BE51B1C898543209D74B69AB39B15971475E
000000000000000000000000000000000000000000000000000000000000000000
A5AE7F8B5991D29B75354508F8A2F3700DBE3B90F1777CC4F67414CE7C4862C53A
BF16D6F38F2F6A82ED65F564AC0B3084700AFD7DCAAD40830804779874EB1D7CC9
00AA1A7D2ACB1FF492F12920E19ECE37BD107E46C6525E2FF996E5D6C452879E76
A1BCB9975CD3B0DF1A81B4D0F7FF3E9B641FAD0394F9FCA5E3E2020F8F6C1B8959
99ABCE602C0AD346287A7443D4A38ADAA04AF2FE68BA13F8662C963A57E2F4D371
2E13712E6ECB9D7EF6178A7C53446541A38E11231B2C5E154EA2DFC612C2389914
000000000000000000000000000000000000000000000000000000000000000000
BB5A7EF855E95479D45AD56FE3A4086F821E6FFE8B7052085886BC3554A2D18962
941D23CCC5DF838AB8675D3F7AC03EFE49691BAB921F728DF26576D5FA13080ADD
E14C76FB43C31C0446203F265A8AB69C753F0D5CEB066FA2DFE0D730365608F54A
000000000000000000000000000000000000000000000000000000000000000000
5BB80F0ADBBA84EB571F6251755D4F6144B26F83A8158E40C32C765F4C4411531C
19187686F6AC3961BD69CB9E6BC3A9D1CBB600C5A3F6D127890AE111176A798750
46418536D8B81AC7A44FBD6479B0FAED40D99C670025AC4FB9DBD4EA863478CBC5
FFFFFE81800000743FFFFFDA20000014BFFFFFEDE7FFFFFEC4000001EBFFFFFF83
AB879B1582E0F03BBAA16FC79F34516FC3D2201AD4B5567E834660294C79D6972B
279E63B1C3690ECF74FD533D141616790FDBC3B371D52D3FF6F70E4F042AC8E33D
E2BEE6E21E10BA8F885B212B0EE5C5F3B81544CBA00CAE8E60D3E72E92F71C5281
30762A29C49459563159BCF4B124A59DC6D11320C81BEF8BA2AE0E9A35918A73DE
563E72EEA085BC6A4B7418A211E98275FB33BCB005F18E87C36A36F97DA0544CBA
4A4B5C36D73AAC92FB4131CE6639CE9759CF4F1FED143373906F9A88C990E7ACF1
7FDE1C13C109A923EFD0734700259D71D55A31D8DE8E0442360F32B0A3B71279ED
35BEAF44A3BA1887FE575AC0005F6FA461421025EB53883384AEB58166EFD542F6
C1A13A906C74831C6AA0A89895025D28933D2C88755D7BBDCD772D4098610EDF20
9AD2F495BE75E64DB7A34BE67B90BDAE24F80E902A38FF97483D19A9D18FBE427A
EE3C54828E83D034120D6E5E4CF243E8C4315968CB58122F1531393731D5E57C83
6877A8F46E7E096A410633B183AB2E476178A168118A351D676D3C4240BB100D2F
FF11D61B37E172F2F15690AC8F7A7665C6F2EBA9B940718CC1C8D3DEBFFA10AC02
CCEDA803E16F899D534ED753E5DBB186A26433CE43C14FF6723B2D09B6CB9BD2EF
A26DB089B20F499B6F3E5052AF565F9DADB03A98C806F5849CD48C76C7FC0E7E7B
E57B19F7788077D9EED098B967EE6225DFBA55965EBE5034C0BF6072A4C6C2A3E1
6D35AE2929FD6351AFC12FE2066306DC5BFC4AACF49372DA06374C1291EEAA088A
64FA21ECBB3E295386EA0520A49E6DE55483ADDCC65019CBCDC96DC320D9A074B9
72305F5D785094AF3B0D9833ABE95F00DD14809D86AED664CBC8FDE50DE760F2E5
9F9CED578F90A02B925E6930981B1550FAFD02DA7BBC72FC28F9C9BC63ABD473B0
E8D425230C923987E5902C45B5369DBCB7AF1EA794D093F8814B6B02FFA1DBC813
3A58BD2E5BE85D125BA73DAFEC0CD70D1B109D942DEF70BC0347ABE3EAC4256136
2ABB2F0C50D96D609571DDDA1E7EE5483AB11AC96A60B76701629D8E76D4E80564
DA279E1D2FA5E4C208D084988C6DA1181CEBDD54DE823356677B30151469F2618C
D8148835F8147EBDD284E640B6E0EC2659AE07B29ECC31F61033AC57968C7D0FE1
000000000000000000000000000000000000000000000000000000000000000000
0000007E800000847FFFFFB2A0000017B0000017980000058FFFFFFA3C00000176
9AD423E7C41163610B2B8962EDE810B85092C92C18797A66E141A6DDCFC40E690E
58853985D2E952E573783E2C4C88B56AD0BABEE8D400BB5D92D408C5DE6DDF41A3
000000000000000000000000000000000000000000000000000000000000000000
1B31E70F1AD97D42F152FCA20BED3C0E775BDA27505B4284DE2F12107FD770F068
000000000000000000000000000000000000000000000000000000000000000000
89C853D57D7A274DE004FAE8901F55491E257234B7318BD7C6B278D6B1D2EDE139
40E690EE4CF64C6A21EC2F7B4F39BA68739FB4200FF6B1F86086B798B6F020D51C
000000000000000000000000000000000000000000000000000000000000000000
B8423DFDE1905EB8BFFE376B8F308FFF92CD756E231113F81BF1DF593F4EB73E2C
32E669E15938D593C2EA01D32F3B8E1B20A59FD5AC2A761C00F05FF252212D3741
FFCF70FCAC39D44E0BB196149BED67F14D92CC404A56A0FECD3BAFFAD6AE843890
9A58AE26A239EB01B16DC510833BB59BE24CF1C2410D3149D614DA7E8DC8691825
000000000000000000000000000000000000000000000000000000000000000000
D4C3E919B7A7A97BD148470AABEB306D9BD3670DFD985A89A35097CBDBE6A659BC
1074DFD5697FBB6500AE053B5F1D0D5FB58981B794345CE57453D56B49D879CCD1
000000000000000000000000000000000000000000000000000000000000000000
FFFFFF520000006D0000006E00000033F00000160800000E23FFFFFB1600000004
2BB6F7089FD9BBD9585FD8A5B03113BFEED25EAEA211E43BFB46B21C4F651C006B
000000000000000000000000000000000000000000000000000000000000000000
9219EB0ACE90406DBDDD9DF6827B72C96A0F9F7F2FA723A5629C737B91DFC92649
211EE00B203B89ACAAA95975618B6C92E0357F2455C9609EAE6A5A63D08B52A730
F7A6410B9F1BEDDC272886E095AD430F50F4E5F4CD5065AB677D96E5DCA713A6F6
000000000000000000000000000000000000000000000000000000000000000000
582DCE93A38CAC8BCC7A07788FD966ADB74AE345341569B87594287EC304DD3701
000000000000000000000000000000000000000000000000000000000000000000
BD5EC62D0231852FBB7BB840C2D9C54E45F884ACAC9A22760E38FA1A1A8C21549A
0CE4264679E049EAD7BFBA844CACFE488EA76B6B9F2E9B6DBD38A7F319895EC7D0
2C918B2F8BADFE13409760B390A099B9BA3C1AAE8B60B22FF6E7ACCAAAB472D3B4
536551083BE7F9254D5584FD324A5625CB40046F13578D08E45535B43A2DAE6039
8916A7D7FC6310C95C4DA26733083CA4B21FB912BF65D2E5598F3E38DF22647AB0
D2884ABE0D3D48B34AE213AF5DFEB6E3F0F7DF9E7BAF0799D82F38C680453BD966
000000000000000000000000000000000000000000000000000000000000000000
AF5C71A54043D7C9317351CD8A134CF10837BFCC419F6B61B1505DE0B407EE5F50
BE7BA60DC2C720905E81008705DB1165FE6410B2AEE731AD1730B6668CA16C7A5B
6B1E190AB8C3F46590EAFF14781EA0AC42742D7E4E654B28784A27677B7282BFBB
232C4A47B5D525687F80C8EE0A20F47BE2BA353858DCB49BFB9A3592019BEC92B9
E246993E9EC7100F6E8B31E55AF3D689D7DDD470279FB5D0D483474B1272DC626C
1F120A2952A02F92EEAD4A6AF7D476D09689BD4D98F69D22BF6E9C929DC6C219D5
893BC928DCA7D95935ABE9974759EAEF480C41D80CA63366D0EB216AD380B58ECF
000000E88000007DC000002D8000000C1FFFFFF7E8000005BFFFFFF912000002BE
000000000000000000000000000000000000000000000000000000000000000000
9B9580859657F00F342B10799BA530B9E031A0EDF4A22073DC9DF62D93D61D24B3
000000000000000000000000000000000000000000000000000000000000000000
81E6954E69D1E2F2F5580736F00A16650F6E7E0CA7DAF4469B51B62BA8FFE2FF29
B052DB8BE3538C251CA7D8910B73AF34564F63AA609F54924230DAE33BBE1AF7B8
EAEB7D491AF7DAB0A305484F0861783A7C2485EB426FFF2F3FFFAA551D8CF6F635
45D8E83E902C1C98B1F305A62F393E94AEC6E5EB1D2F78795D3A5F553A3EA036C6
C1234E0541DE0BEBF2CC006A16EA92C5B863E3F35B22ECA766BF8FD07DE3D1F72C
025B606B3A731635C053C9787F3289D2FBD56E030902B2E6AAF414D40D590F6BBD
010CD8428D46137793BB099C16C23D01A6137F6AB2D9543FC6284262E8961DD4CB
0A3C97E20BBEF175BE1F576583778201B8425223F434139B25435B076012341716
9BFCBD80EB4BA3B6F49A71C7339AF84FE7C4E33B3FE6C3C1CFC8116FD9C4452E76
565ACC8444B09246ABC1399FF98BDD12428C8BFA8568178D1CB369C1CD543974CB
CDDFEEC27A954EAE4680A76ED55ED2F4556F92D0F9A3D1244F0447FAA5235F788B
5A83D262430E9B1598C27E0CD933BD7EB74941D092794E1CB2428F95594D8E554D
9A849F27257C48C8F8B6F0BEE3C2374631E6D2293B105B7F509B8C5D0951E9812C
21CFF7B08F52BE736A2AA7AB8B17385974BDD20DF6571F70F546B601533F0D2FC7
11295629DA7CDDE26F5CCCF02170C76AA9A9A3CD9344CC4A8445680E981C52CFF9
6CEC2E73F289A865228EEC2FDC139B005246DC7C8631ADB1A87D9E1A43E4D786F1
8C6F258E5D8C15D5676EC7102090B728ADB9C6153D94635845AE2FF1C51AE7DA9D
04F3BB5EC6A754935965407DFED920E4B880EA14DD0EE389C6BBDF199129633FD1
000000000000000000000000000000000000000000000000000000000000000000
0B454AA3D7AFDD5DC09E60A940F9DAB0DCA6A1E5087B1ADC9894DB00EA38E0BF03
156C18F64284E02238C7A3D18A0C03599F426C93AD29AB889D26B0A4EB6B72CFBF
25F13B297A3A0C6ADB0885BE5720DC645DAF6C2EBDD170AEEE1A545ABBCAD784AB
1D3A5D896FB79B764CB39967257E957D07B00B9DAE1751330A9FACC70E4C53079E
703FF1849A4D3DFEDAB8F8336D4526A3747EF7D5E3AE95A91293B6799012399B6E
000000000000000000000000000000000000000000000000000000000000000000
B672376FBD6042490ADC6F56C955A81724CE4BAE47EA84820CACE84574CC54515F
852E4CB5DCB95833BD497BDEA5366B4AD8F6774A76F900A3D19612B69AED2BAA8F
617AAD0E8630F2F4B489046AB5B832FE61030A531F2DE651DBFC957EAE8E855DBB
52797B9D495FEAB8B1131D1E44EF7A6C076BD28B4B36AA43402F1DC0B1DE014BE7
FFFFFE48800000E8000000023FFFFFE21FFFFFECE00000060C00000522000003BE
53AD7C8A04ABDC03ED8A03DBC40959EEEFC2CB7F0849734E4DEBB32457163F0B61
474B60EE72850D5BF7B27A9878559E3DA3E614418940C7CB03F1225ECD4727AF03
87BEFE9F8DCCB416F5F5CEDE71313E8CF18EE984D9C17C93B9778E1961E87667B5
61607EF7748C6EBD00FAEE74029E126323BFA8862EC0848ACF6304C8216339332C
54981928D1DB54650612B5418C0219096A14A843AF1816407D9E75DD336F45BB58
000000000000000000000000000000000000000000000000000000000000000000
BDC955E02D314DB52FFDE79E0066B00140B3D977D57639C355FF25E8D6517D51CD
BE639002F87F3FB21CB81E18E352A30B8779B9FD819E9089127C6A70BA19EB3ECB
000000000000000000000000000000000000000000000000000000000000000000
554E663F3A13BAB0D8EC0D6513ABCD1D32BC249875F7E6DAB9F7D08322952A68D9
F2BA8E6A8E050FA8E35FE176CEE294D806126FB0066DC15696A336CA8F2271FEAD
000000000000000000000000000000000000000000000000000000000000000000
3FC8E9F61719C8C4DBF416C52AA1DA723CB58D2987F0D4AB01902FAEE4CE59A1DD
01CC8D993EA61C62B170C5C7E798104E41BE89C99C140F557C749DE725AF38E054
DEC1E2A99DEAB79480165147E98374A526BD1851CEAFD64F743E25764DFAF71365
C5151275877627A1385F16E5EFBED5741DB1CB291FE6E9F166260656B280EE43F4
C53988A9162E7107C4006B93F6A22FA2154642CFD039D0476E8416AB40DA64CE06
000000000000000000000000000000000000000000000000000000000000000000
993726BA833E26E0DAE388FD8A6D67787D286905B9F4DEB613F7BD3B4B751B2A01
F108652CAA69604A41ED5BDC4C6A5A3822B3C883812587B816C5F6975A2A7CC2B1
477CBF9DA1E0C15850BA4AE394E789C19327EEF954226DD23FC4A7C5072DDD6D0B
672EF42A5B9624B00568FA13E70E177A4795EE09FE8EDE838699F908BCA9224E6C
218EDE45A62EF5FE912D216153DBD12E5B3BFC3B9E23B28ACA9C154DA0DE05A5EE
68E1656A829064B5B0B1305F40B82C724CB442BA001935B975337C9C134086EECC
0885054AFE4D170C0AD6615D97DBB261100DA4465238806896169F344E366A818E
5BEABA6E6B21ABC037653B9939F907CA6A9DC67F44B91149AC864ECA32FE7D1856
B74E4581BA3B92CA57A9854B5C843B101E539BD15664EE0355DE5D5664007409C7
682604A5283E2596AEE4EE74E64CFD756668146E2AAAC393F267D734A108DF4C1A
8D7E73336A0FBFEA6E4BE927B851F193621CE795E3A336C6932262B015D077B58F
40A5632C5EE31D739DD2BB93CE5A7F2A5D0E93F3A1C9E360CEBC771B7E20D2F0AC
BD59134ADAA613AF61648AB7632D69BC01F1FA73DE98E52F05482562BEC885ECE1
5CABFDBFD6DD0D62454AF33C7AA4D4AC8584F0F2E9E66EBD5012E0B1A5039C1BAC
6E5D696A081D66405A3ABF4F16FBAD6C06C65BBE295B8336DF4D8847229650D755
70C24E60A3F8F909909C7B22CD71055ADB3A442A42B241A89C715A41A26AD058CB
A2D662B282AA94EC0A68C4C656B02829DBD37BEA512FBA6B2459CED96623EFD740
31D437F9FE9BA97D1C4D75346FC0C98F63500EAFEA49930857DD68EC75A08AC3A0
9DA7573D93773B199EAD8E23BC89D6DAED5F8E17CFC5C915A77C6D362E69D18823
DBB802BEE670A6BFF887DF07C60C9BF3B336FD7D4903E5FC589B5F6B20EBC73DC0
000000000000000000000000000000000000000000000000000000000000000000
4008A79DD5D58B9E6A163FCED1BAA2384A3CE2F41B346D57542F9E91FEF7F3EAEC
000000000000000000000000000000000000000000000000000000000000000000
8D42579F88391D0CC48FD1BC224DACAA9F637516C7126D8D0B33A6F6FB3263B303
6934B3B29C3AD68E264960C725347170644F3A3AD3C6391A7A6EDB6970A5AA7EA0
F8F45E7494347738DD38F3AD8A25540C52CA6B8276F0E0AF9413E49DC78342D704
BC29A883DF74F4F315BCEEFA816C6FA51248EB8D95A3AAD4BE7AEA3CBD64570812
06AF69B472A9980F7D898C8F2302DE2C76FB917488E804E3956660563A8A7E4744
62D37D6283C3B844E9A15D7A36FD82CC179340F751D5B0EC8F99285005966F616E
03CDDD22172A253637CFA94E8F18B7DF4673E9F994B5F60F484E89C3F1E2637F7E
FFFFFEF2FFFFFFA380000000800000062FFFFFFE97FFFFFF7800000111FFFFFE1A
B221AF84867A4DEB96AAD5FC5DD43158908011FC95143810586961165F2AD11DAE
BD180DACBEBEFE07CE2F925F2E510389E0981759F2C37C6C7CC7B9D7026EC17752
803CD2397002B5304CFF2DE64EA904B6EDAC22E5B7F2FB540B1B2F7E859A4C10BE
A2A68F01E636CAA47799EEDF69129D78DD438ACAAEB1EBB7ADAEAB7824E2836D3C
FFFFFF8D000000B5FFFFFFC75FFFFFC55000000B60000009440000035600000017
2A47516BDB9D4629C7C5385D0923F93DED172F5C9B8F946B71D21E21C9AB6DF1A6
7F216ACFECEECF4407D49B7F0748F9A683BD8FD237E39CBEF444172E1AD939148F
AA790FCEBC5CA05ECF8529F1EBDC64A2EBE5E78469C960E7D913908D89FE26F597
E8AB2E5DDD8241407839D7B6081B81339949C2C7E48D1B0154C4C9CE13A3C7C381
D3E3127BBAD75025B8E1ADB48B40575D61B97478E596B92DEF7000A7B3D86F9FAE
21BB02B91CCA31C5908CCF86A596DFFE7FB8F8BE3EFDBD263055EA7246E760BE27
B1F04D3BBFF1EFC1E03A12F67E10939B9F8FC3CDA126371572C1B5FCD648B0EFA4
6DA249E1B9168A20C25E0402817668AE4C2632C1DF5E40ABF5BA387D0F49A62A01
000000000000000000000000000000000000000000000000000000000000000000
41472C6353ECF5E8A846DA1CF0559268D593C312B03B8AD091EEFC862BFC4231E9
65CCC5B0955B55C3C438EFECDCDC05442198FB2CEC0E2F81C515F17105003FE01E
36225F4CE30FB358C79A469FA63D2F89ECF03961B58A486DD8079A6F1280F59AC2
8B099C73281238825C0B914DF6FB0585BFBDBFDF54E93B01B633793601D7875D92
13F1C3DB7C4492EB4A1E268929DD19DEAD5E8E4223B5566AE34D8549016217ACE6
46084695A8C07E3F2FAEBD408EA45865B2D2EC2345FED67C25800CBB42EB09022C
0BF35961C86A2B06F079BEEA6B0BB9F9B57B149489900656F8A060864E9700187E
000000000000000000000000000000000000000000000000000000000000000000
8F0A066E31DAF2C2BEBA1BD6C3040EAEC175862DD749F90CFE1A891B9DF29D2C70
A4D1430BA374A591B6119EC891D3786F06F2CDB0C691CA48FFEDF32EA9B9950E0F
7D3F1B0E191D2B5EA21D58A84C12423FCD12DD227AAEEAE0CBD444EA43207A4D8E
A61E497BC0DF32451AB6F1D03B05809370772AC9FBE0F449A9A2F5C030FCD37D05
AB986BF751BE45F9D19414E54C80D1A23C8BC8345DEBAC709C0100CD8EC04C5F2F
9E70CDAACAD0A2E34F39352B1EBA7F30E03BB31B669B37CD7B940E37CEF0DAD00A
6AE75A74825376A6C7923A84717D3AD4CFB76B18C7BEC6A492CACB99068F35A84C
236C0E1258A60811A56F0CDFBB761AF8FEAFA6B537EE002053D0F6EA913EA0A7C1
EDAEA685F63EF5A9624197437E5A508114DCDA533F2D3D230F6FE6FCB11D1DBA3D
0A89E1877639993CC98503D46BCC207F77F83E5657DA4628CE1731BDF66FA05B74
6EFB84DB48394FB5C63A5F804F5420065AEB9DF42F7A97C5A167A245BFB3F2AAF6
112219C62E244470CC45E534DD2334EB2429C52BB59E1D2093D3308F6AE23D5AC0
801309C0C265CD004163FD1BB934FA2BB04F565E653EEFBB9370C6B8E304189742
48A19C4E5C7DC602E945CE9DF5667CA53B8323721001670440846091931C3ADFAB
9AD8D64CEE743C30F7D8E32569E678A10372501234A7C7463A3299232E256C60CD
5F0F81B0641E8FCD81590B380133C4F80481CD3851F9190C22EE8A5E568329487F
000000000000000000000000000000000000000000000000000000000000000000
00E20E5FFBCD94FCC8A057D10F68C5B8B1472184756AEB656D16CB7345E9D2CFE5
522212C61764E2D68ED64EE3177C5B16BECCDCE79AD1EC823C2406D776EE3C3809
FC9802424331A8898F978DE83365E69659FDB20FAEB77C2D23A298450E1AD6F1BD
8BBF3A5B2A91BD91112386087785D37B7921B887EF9AB2E20D112FA6D4E01E0825
069D00C70614EE4B845F8453C499945E6C2054ADE4E39D4B2FB804548D67BE2046
000000000000000000000000000000000000000000000000000000000000000000
0ED5DD6E2177C554AE5D7F5A786F38145826CE939309400DCC9F1924D7E17170F8
C38428F57CB6A7A72FB1846EEF830B359D0DB4CD2940930818441E5F533BD1EAD5
EB88058F349A351509E497A8D7706AA58CE36BCF968797FC631E509D35C1BBADB9
AD78AA307DD7453A5F41A3D363AAC8E5579A61DC38F23FBBA4DD0BC3E4795C429A
14B248B2A53D78191F4C141E397AEF8672A9C267C9FB787B157901161DC16BCB56
BF7688A87CA30551E5A3EDB321D9FD127E5BB8F60842273F0A60692200A171CBE2
A22665DB25CF6F5CE2984AA1459CB735D274BD965FD2C8F1026121B278D6BCE93E
393D1E46450E14140FD3887D356433E7F4B6FAF995DC1D669C0AD68C9D13591EB0
2A86E2A64514B5324FFA3E1842B7EC95994146A08237A1992A136F1E123A754F55
14F123B76F4CB7CD15B44C7A2CACEF49CA690766A0A5DF7FE157F3B899A3D6EE78
3568C8C64E46BC766918C2BA812691BA929CC457E0A8B46CC4FB8F3CFD3F9A6456
5B34B8BE15DC77456A32E48CD48457FCBE05C1986D7B38636B221ABB59AC697288
5130DFB125814F613A6478EF65765EF6030DA630DA7DB3C17AFF9F7B4E1EFC1446
CEF590D9F73ECFCBD53036B999EA3B987BF8DDCC4B23FA5BD3AD524D7BADCB4AED
C0FC855A8CBCCD712CE27ED9534A96B8D26611402AC9EAD7E732D4A2861D40678F
CA15AB27264DF9B853A077ACF43681FAFB5544EC3B3A1A1D1F82EF2376442125DA
8D60A95BC4B979EBE59F9B6496F34F725000CECF0E18DF97A4FD665E5959F27B5C
3F9C8E9E2E39E0386C75ECE54B7926105E451259D72D3A41B6917B72E4CE691883
7B9DC8FC65B49D0D91B645381810DAED603AACE342CF061D56DC2C2EE111A01C3B
D8F68898D88357DAB838C30043A950BD67420FDE6478BCFDA16ED9B6C09493CBCA
2FF6FCF3F43793EDD4476DE1D7E513E7EF5D9F0911182C946D98D0AE6F646E9E91
888EB7043D4347A88131814F4F144FDBF52847C4D33039AD1EF5C77A58AB30D354
ED3193A6A5280A0D92AF363A4EA8455D28DF7CA847C3164E050E824D2D6D46F6D1
4105FD1F955FAD923AE76B03DBA96987BCDDC486E3FD91A28655C5FD1A3A1FFE32
9507106FBD29F520D7F3092F0D3F716F0CF0AEE05D301342B4019E228EC639B247
BC27CA4D45681551C3A5AF49B1EFC84E5CD2C13D53E5F48452537B08F14EB51C5F
4FFC76BEB7B028C0AF2908EA63D912BD75F6AD69024C6C32F9D2218792CEBF87AB
9A7194655CDC5784BB7030B28E323B8D5D22CC8D1E67F4E2CB4B06D12CB3441AC5
000000EA0000005EC0000055E00000261000001720000003C3FFFFFA4A00000242
D2A80DCDC1B6309E034400BB831EA7B2CB937B0BC32A0197858CEA67C541D4F750
3A55CF3FF0EC10D704321C2854258694EBBD43044856B129E231BD17DF4B529588
B1C1F453456A746547DE49231FB66733693CFBBCC006523676EDBB6B4789EBD3D6
FFFFFF64FFFFFFDBC000006FA000002F9FFFFFFD6FFFFFF6AFFFFFFB91FFFFFF4C
027EDE11BA1E4B41B4EF89D679ED141820817260CFE7E86A4D9A7CB03065420460
A0D38A71DEF64A0B45201924A0E5C6575BDC3EFEF5FA8A314242693054A76E73EF
867213345F429681F0A6A041501E343349DC6588FD81D965164C6698FD7197AE41
91C6294578E35A19F24301A8DB2939F8304F666F88491BB9F6FBC8C1CFB4231B9F
000000000000000000000000000000000000000000000000000000000000000000
FA810BB02AA27121095D89930F0DAA0408F125E3F89F594ABB4772BED4892BD1FD
A082311AFD73501B32865D2764168014C7299FB6843C6F13C8CAA04553B9FA8D41
DE474D030D9F231B10AEA5815A47C99E72C7DBB9703FFFBE884F17230C33F66BF7
F16A04F885CAAED419AED56585993FC6C4F47A8F177F64C945300EEE0355D0F1DA
387A1BE26429D8EC49BC64B75DEECFCE04E22BB22E7401D16F41E27BF5EE59AD25
94A8BF6DD866D73C3EFA6A92317E14007F4E3125DAC6D3C15EFE5359358A1C3CC6
A1AAD99AFB8B980FBC75874040838163E3477F08451472A5ADACCA6ECBFC6343A2
FBFE990DCCB8BAAD630C4BFE1BB68D162329D1F8647844DB2C99CF97557735D054
11D819B173A293B8089CE77BBBD1503EAD51A75DF7061511ABDB1F7B1220D37246
635173923DDC9596D90B8AC436658D5640C34FD77EC178B1A766D4D3DBAB97570F
5C1D904EE9FB60F739C547073CCC73A80AE78EDD5ED122A28FC366470A4E5F517D
E52DCD824029D8351028FCFBB911265A5CC993A91473C2DE11636F3B721941E298
4834F52C25CAFDF0B8235520264E605A99BD21604BA6BAF91F88E32BF42AEC97B9
82FF5AB0258FAA31600ED139E45935D14B2EE6A696313732528C7FF1A78DE09E17
000000000000000000000000000000000000000000000000000000000000000000
4AC49C2AA0F744EAFB630CA5D9BA5E412D6B2A349EDBBBCE902EE4EF4FA0F896B3
AE4EF3662ED80C27B14CCF8106EFF86B3E83D19F08A57AE0D67C28880DD6397E43
B5D5F387593D2D8972DA5D0A5609F7AB6CEE6CC3746507C310396AB6AFD16DE89D
8BBD47835D0BC2A1CEABAB401783D7610650B7EF000A1117F6CDEB83FC18ABE267
2876E8E1BF5AA5483C72B8EF19B35481A23CEB957E4D45653E9485CE4193536CD9
51289D37EBD7C2B177C9BB437B9BC5E697AE92646D7DBC8E7042644CF4B4BD764F
81B6963EAB203E1F06B8174677077BB673321B6AC93B250F1DC87DE829E10CF359
B4313AE401843F9ED8F6FC45C5BBFA2ED37153F6CA571DF3AB76EA6C10C248B358
000000000000000000000000000000000000000000000000000000000000000000
F255F3D4F051D99C32ACB087FAE63608C45DD7F96A760B4A636482599A0CFEE2FA
702CAECA913C001C792EA8B3C4662D467978345010D10B608AC8BCFA5AE67CE008
866D6168C65253CDED67490910951200DAFCE3F8F80A8AE7F29E4BB5FE54D00A29
7A1E822B7447E8F58BFB921A089F4CABD8E572310D8E236E5D71F58324DF2617A6
6A6C87559C5576DB993BEE8ED855657067295762AF5071112CB7DB5FDB85C770F0
BBB0EDE95ABC470D8086B9834FA6CE99DFD3B90CAE6D52AEFEA721975EC3DAEBE6
000000000000000000000000000000000000000000000000000000000000000000
2F741075D9C65C79F809ED32F2529A343D579C316B9BFEE8AC8D911287B03054CD
36246D11282B7AFB294F40746ACD1D2542D9CDF0D772149BF13E9ACAB8931D0F8E
2AA4D4A6BA30DBA5DF31C464C5B3188866A8AC86080D697143F760903A63436383
39EE83063D2185D1B730E8F1F31DE509626411C8D7EE47D90B9CDFFA5095D32626
7DA145C461A18A4325F0AE119375C69498788C4728141245028F719BEFA8BD2DD0
1A139A563DECA52A7E3EDD6AC53794962B265E894A44EF9785A52D7AC62B65EE73
312EEDAE3908F3660705800B520E1A584B3C5FBC14DBC1C7D905D2CD30FCF12F20
A95D1DDB61A8FCB82B7A9C89AFD77AB1423CCD4A32615CEBA6B149B5D66FA5B31E
3CA6EA748D121FC5D9503E90AEDFFA59E0322C6E282DF4ED34C3E555B500DE7D51
24A4AEF3A7CD183B577ACCE24C411B63BE84410DF376F7FBF33E7258CA60881F63
54F1F0E9F6C86A3BB75E538A033B9DB213730D61D58D6703D522FE1485261CAFFC
E924BA338CCB5F637E2AEA87F00399EEA39D498E1BBEB136D5EDD7C0B4CAAEA684
6E1B18408945AE34A6717528B6381D176D4C2B5AE5103DA62A75C430D50528EFAA
A74BAEAE5392B73160B54A04C25B64A19B121986BF1AEEDAC11ABC5F40B7B84611
1A39D4C46CEC9A7D5A19016B4E64026B1BD666F86A72F86783232137859C34DA49
4C23EF6F4BFA644D5BDBCBBA82A14948BFE6985DDD5AD7973A3FF000D296711261
8B12A3EC0A1BA506B55B59319BC243C3BA7DB85A89125F94ED77714D3DBEF80B71
229AEE9E7063C654FB6840991A9D846A50E2C02E1CEFC5B75793D9D2765CB5326E
000000000000000000000000000000000000000000000000000000000000000000
C997FB31BC53FE246A2DDD2371C62739DA9F5AA356454FCE84A64096BAC5176AB6
C50733745857E5BD395A989DEE79A6BF6C1E41FBC83EEFAC8329227A3AD74BA2C5
A602CADC97FD3BF95180308F055789C1B7ED0887859171D2ABB4A9B47BE767A8F3
6D30938BDBFF07A98C4995BB41B4B4A1669A437C1757374A7A1A088E333A6C6996
32D770898E08139C461FADFBBA43EF5BED932C5A40FF266EF26AB582FCDF33B114
868EB9C05661727B31418B284259BE82803720AF0AA97EF5ECF4303440C70E2D50
B4C9B5F8F6391E4A2262F8072296F51332CC9183CCB1847CFA59CF4261FBED2F0E
0000010C00000049BFFFFFEE00000000F00000084FFFFFF5BBFFFFF903FFFFFF6A
000000000000000000000000000000000000000000000000000000000000000000
6345101890852D206DCF57594FAB5C5159883BA8C23CB915A8FC9EB366F832A902
000000000000000000000000000000000000000000000000000000000000000000
FFFFFF37FFFFFFA4BFFFFFE01FFFFFEC900000021FFFFFFC23FFFFFDA9FFFFFF7C
A291E027C6810977B9F996BC6C658993389862690FCEFB3902EB720DAF5CD514C4
637DDBC4C30BBD3D3FC559312D1E9879BA3764C85AF9D594D8F24113B0EAD8BA3F
BB9C29BCA1995E223632E928EDCCE40D1DA66D94108ED2FAAB1DA9EB578C42EA0B
F357F7C4B68538B08B220F73F736C06DA0122C27536A6DFD47478F9C2B2FC25A20
44FDD3D7E28FC07989CD7B2121011B3A64DBA2CB353EC8A43F9EBBA66D31D3CA67
D8986FF4813557593EAF615EF585CE609087DE3FA48F5BE105C242A5A0B1C6E69F
D6ADA14679525971964D55F9ECD79159C9821838E27DF9B1493C1C120BC1615F7C
20BF55E221FB5DDDAB49DD566BB1B1DB106D0CB695ABA0CA77440B5CF8F2DB5AA9
B58208DBE7AF6F5AA25AE44E897CD5420BB3A8D803D4B5426F413A6AEF482D0A9A
2FD9D9A5AF2F481073295B55280A04BCAC5EA1798A501C1464FB447A0C55AA8D74
19C414E8901D94D31553D6B671ADBE2BFA92A3C6B19316B6CCBD2D1D0AAD075877
000000000000000000000000000000000000000000000000000000000000000000
A295B154378741992DB96718C099721D2769E1918BAA78B4F04F6B522463917CBE
673BDCA41784554DB739BDED6619BD48AC1EBCD2E3FC06B9556C1015DD4747F134
7CE9F14A022E3644CC88493BEE946450C969698DE24BBFE7FBCD3E0A4BCD2EBBBA
CE77940C429E2AB3D61C82EA4A43C241BAEE1EA7F4014403F51B61BAB00059A440
2D5D56060297AA1EC07BCC3C5B51A479C4C0DF5F6D3A4F044F7FA5C273262FF853
9946D4881D32A3D78DFA8A2369CD40E6BE3CA33E3D118FE006D021F573A5CE62C1
C0352B4B07A3A59F0679C9488D72CF2B88A607E6691952328D99940F441696A611
363E04EFE884A13D4BEF75D6AD86EA5D18DE48468CB23EDAD67D5C92DE3C0C9C12
6B4BEDC69CEBB365E02A52A718A714E75424A70221C861366876006B777B61144B
BF5A79F6BA3B58DB30E15AAF62C3E02D35EEA4196DE4FC56A865F0E223F2EC5478
2CD7E55076E17A7550FFD11B3D2CD57894DDF65EBDB30FBC4B46F4F35A39C161E8
46CFFFEE0B9BC494A20DE4DB0EC579A1F598968163B9226C37B8AC67D6F8546987
D062CDE4C7E9B1149DE2D5FAD513A320C7624EDEE323CF89AAA99B9353D8D0CB23
CFFE1C0C49ABCDB26A79EC7FAE2D28E47AE8F4F0D5A2FFC9C7E7E97BE3A0C22AFE
3299D313EDEE4EB35FFA9E2A45D5A54A38417195ABD6C8B5579D47CAFFF1CF6E0B
000000000000000000000000000000000000000000000000000000000000000000
D5272A7D5DFD8933CC1F2F19D1C7C572B3A94A70CBDF88C66F8AEBC37649E0CA10
000000000000000000000000000000000000000000000000000000000000000000
6962EB0EF5F0243B194A6BFB9A15F5299AB2FAC5B52E0EC94A8708BF0AB2FBB58C
93D60F6E7CB9096D9F3FBDFCA162C5026ABA1FAF8BB8532CC4FAFDD0E753DA0944
FFFFFF8780000009C000004FE0000012B000001A5000000137FFFFFB78000000A7
27A3C3E54769CA8559B1ACF03F0A7DE244886B9F8B4EBC498519E518C5DA9B12FB
12F8AAC70AB65FA97AA9A8A357EA5F8CC7AB67F32B1953FD8C8F2156ECC4214045
E30CC752B4F12B4A8E4F966C097FDE3F14CEDEDAB6470D00AF92C8B0BFC8341048
000000000000000000000000000000000000000000000000000000000000000000
E78BBA0D60F86210080C82104610C5558ADA83C51D3EF790422B78F12391A2E108
FE9BB062490B6AEEC6A08AA7406D5BF7E058B86BAAE70874980D327D246151A8C5
EF07BDE794F8FBBFB7E76437AD91AC90B248F430E6CF2E6F61128CC836B4F6B67D
238C04C6C0114A4BB97366499A0DCDDFE27D7BB18C9C249BEF9797FE449C77A207
86896D0D6BD1315D02B1388EEE3080467FB9D0C76ABAE3CC39B3F538191F7855E3
A7A57C8072BBCB96C914E060FD7D72882BFC6B49DAF8EE5CA5980AB205F3F99648
9EB26C8059577C36CAFE745EED35FB4479E77DB1F90A97E59CFA3FA174DC42F115
1EEF6787A176C1A3D24C404F2FA5D1B7AE249A5040E63F4A9B953349331A116FB2
22D1CD4A8A028F0480DD30CD5CBD6FB76D7CA74ECCBD45CADE2AE10FC0FFBAD7E0
E8BA0CDA12458BECA14AA00AEF5091296407275CE58784E19EC23E5B50377E3718
0A28955A267F22007552BB2024C89055C203849890D048B5C82C4982208FFC0BF0
FFFFFF788000009C00000073FFFFFFD8B0000007C7FFFFF4D7FFFFFC46000002D4
EFA2C131A31B636A48B29CE7DFCD877FA69FB40F82B49AB10597A599A14C1C4B30
710F9C317AD1FCF31589C766CD914483E5EF24A69A0E447BFF33A8E6F043A0038F
03B73ED53DA0B076957A0C7A75F354D4BE394D758749582EA6D4A75249A4F9D9E8
E0C16C835B27AF8A3F7CB57B7534360F9DE6BAC6193E3D9F8BFA9E87358921E40A
000000448000001EBFFFFFAFC000000DA000001AF8000002C0000007AE00000092
0C096E054193438557C9D9A67AAFDDFF74A57F55960884085459C46FDBCB7B4F7B
C69646F28F7BDFC631103593E655B4BAB1310F74C4E3BAD973AF0DB8E780A590F3
042307E72BF94BE431A55EECE96209C798CE6FBDB8E425B818E9983F516C71703B
3A4C4DB72B88332E6B46D56E919FF98D80E4EAE054EB76D5B86D94ED67001D3E07
000000000000000000000000000000000000000000000000000000000000000000
9D9168DDF78344E47D6315235928C41BC64BD774BE3D4DF2590763B61CF42EF737
53C4D333B053BBD2BE1C35117F52F857B9F8B0C357C76FA2C2E5F6572C0D9E78DA
A39C3F28D927B1DE3C63EE3EB788F5E690BECF704DC6B1E7D5BCB530F83768D8DA
21436290D65FA9B71781F71D1138D607B784CBAD5836143B297740E4E463DFD8B4
B788618F18B0669F4F6A3DA1C9A5C62551D61A0B52817D70E024D7617FB588502D
A0CD421FAE2761291B6456EE3B9E15072A7F1368BE1E225E9CD46070364DC404AC
B3F88600D4C561D6A4FFC9BBAA99D2AB9905AD6AB1D6BE910B49420873CF7CD6BC
0E640CE1F5AA6E99C634C070F943438AAEB69A14F5393E28015A160D6F8D6C354C
E4E31300CCAD31BB5E60F968754A02EC2FE1C226263F57018C6F4B3F90C050CB69
591745D848ECC887A2EE44F25601B034A78B2FD9B4A3F16477129065E20FC04E5C
59945E36B462F04835AACC4FCE0B85216C52D78F4E534ABABD4F710F24611817C5
439B560988A6432F30F8827C220053A255C98DE658CEC618E46386E69AC6E6BBF0
0054231C68771EACDC3F07E57F1053635C8EA755A009A82CD1C8BC760633AE947E
D67CD3A3E91AA24C6C59D167BCA1926A8855160F11CD3C51960C8D0D28CA8E87F6
B724F01B0BFBD99B0BCDF52E8386A6F269A913B3372135AF84866F04752DB4EA6B
2B295FCEA44D832B5E0ED80554DCD6291F36F5DF6D4893A0248B639AD01500E028
46E0FCA2700A1DB4D1DDC20054CD6B0F00F9AEDE14DBCD1815FAD8B705BA57643E
E80C7130625080082028FE642B9C8B6D9F73E0A0C3A8E9F1AAD3531FD7927E0BF7
C6C3D56044B5F82094876E3F98D87ED1C13C9175134E6D2FAC1D16888459F44372
000000000000000000000000000000000000000000000000000000000000000000
FFFFFEB4800000F23FFFFFE81FFFFFFB7000000947FFFFFD280000022BFFFFFFDC
2F6AC547F0C95CED9B359FF8ECB8743D5A5DE2A018278806B1CA3DDFB03EA9FAC3
D057457AC5E1C8F6F9B83F01519E85497329D3610636B7D188CD4A4935D3B338C4
000000000000000000000000000000000000000000000000000000000000000000
D267673FB0F6D0163CF1D703970F3B2581802DA57810D78EA2B1921CFFEAD6BEAE
FB9ECD9F10269975038805A91326BA22BCA36FEAB97833FCE5F3868C593D66F519
637F4798316E12DB5EA5079B0BD4157E3B255F5092882622878F7E19CEA60C083A
000000000000000000000000000000000000000000000000000000000000000000
3ABD304F0C2EBC8919236E0A64FC4302DBE12B5CFB40DEE4EE4B9A515564E6FFBB
6CD426B7B6362DB7562382518D8006F8C9AF0BA6BB0E0804C068DCD077202680AE
98680E769E6009276D161B9714E0A53EBD77F4BC7900CD0067B7356C45BAAAD4BF
8254FE4B5B94119697A5DE20972CDCE279FB1BE41C95873CB36EBE4A6B4D25F200
000000000000000000000000000000000000000000000000000000000000000000
000000000000000000000000000000000000000000000000000000000000000000
D897E84C2BC99009E2E64B1DE741E555A57C3CE069F1C9D15F6FDB5229866F0CA9
18BA2DCFF61DA253DF4039A41EABA885273BFD57A6DB488CBD36D79CC96F3C2E49
000000000000000000000000000000000000000000000000000000000000000000
F9C67F649D7F5D423A7DF6F105F9339F42A92692E882987CBADEE730898405C006
000000000000000000000000000000000000000000000000000000000000000000
000000000000000000000000000000000000000000000000000000000000000000
85A99A0D1CD46861ECA1873517145FCAF80D44650D0FA5760C3CB603AB59E013B4
F6E8663595169ED2DD2D6DB6A84D24E2DD61E5483127A5744A9C28A238F97B862A
000000000000000000000000000000000000000000000000000000000000000000
61C7FCF8014551F5A3272589EDBA49002A531D00B85791E2CD24766050C4D779A6
428A82634CAFAFAA5D3279C2B1E2B9648441AE251BF80BE7DBF556E6A5D0C9B9AB
C3264E68AE3FA47DAEC19503289DF1B3606672F9271DA9369D9483FD3E0360DB46
5FB69BD8C39F36EEF8A235242A65F414A99CF8E34B5D7D9AFAFBA0E5DC81CB8B90
C8C3A90464F7E2B878C464DD8D87A857FFC8AD5F9B3245C00CCD21BCAE5AAF4EFF
1C59924962CFAA81429DD6714989B8612F0E1EA0657C4D2364BD7494EAC52CE798
032285459C76D2A53DC868BA2E84D6B1043237796C849B6260136D5A30BB4F1A86
662CA9BDB41A64B88742E441874A25AE0C506D280A6031A677FCCC996FD65CC1E2
B3C4933B2911CE59DD4830274F617B4E99EC886DF50BD5547D5CD64D80212F5BE4
ED8CAD90EE3F1E599EF54D1EFC9515AA0272ED794D5662E423584C44DA0CDA42DC
3FC1F0DF0C22C2F5367F763EBAC27C5B8ED18C8D24AB326198F5B50F5FAB7D5A18
122091DA4CB3833BCD5E68779D24A6BE473ED89419D64BD8D38404E583857D9359
FBF5CEC8F83749A978753B537C8A2EC87D25A33B087D8A94882ED1906904E46185
8A5A9A2A54161C203FFAAF0EBA5D48333D21B140BD849F047419174E8581F11E3A
92A193D51AC42B3E8F52BF2303EBB30F654437B1B9D96C2F66AD3A506E9D9A142E
19485C7A1FE34F48719621DC51159C2EE5C08C129EF0A00B156F87CDB0D8ADBE70
C4DBBE417F5925751336D0E04400BFC54EC786B0D841493D3E37120ABBC9C99E7E
