fffea398fffec7b900003cb1ffffa2a60001d3fb0001995800016931fffff0cc
ffff2c56fffed047ffffae4dfffebf4f00004b3600004103000153c8fffeff52
ffff83630001e3060001d96effffb902ffff0b57fffe27f80000793100010776
00003599ffff7690fffe10e0ffffd7440000f7dc0000841cfffed76e00006abb
0000362c00009543000193b400007dca0001f6e3ffff36f0fffe20f7fffef298
ffffb1c20001b32dfffe25120001de9600007d3c00019d7f0000496bfffe3e66
0001e794ffffeb33ffff9794fffe7e210000a9e90001bf71fffec9c40000498d
ffff07920001e9c30000ca7afffe4af5000021dbfffe2a4900002f3afffeb0db
0000000000000000000000000000000000000000000000000000000000000000
ffffda75fffffac6000122660001617c0001ac5afffe95990001d64b00014150
ffffe707ffff9a550001ab440000122dffff3a6ffffef17f00014daffffe7f68
0001a994ffff3decffff6f3c00016a0f0001471dffff2a1cfffe80d4000026c4
00017d6c0001d6130000fb2b0000852cfffe37b1fffeb6e0fffe88aa00013b23
0000000000000000000000000000000000000000000000000000000000000000
00012640ffffe37dffff1fce000125aa00005d8e00000766ffffe0690001c7b1
fffeea5bffff6221000027e60001bad4ffff387600008685fffffb5c0000264d
0000009bffff9089fffecd59fffe2808fffef67900018888ffff7e210000ad8a
00018b1600017c9affff52fa0001e9a2fffed962000186d4fffffc0300007441
ffff9309fffe97e7fffe03a0ffff8aff00005f1effff8a39fffee0adfffe5833
0001c6bc000143e1fffe5508ffff03cc0000fd620001d97ffffe148a0000f49f
00005746fffedf72ffffdc18ffffdfe40001c8910000a9380001f67300003afa
fffe5d39fffea81500002cf00000752c0001911affff0284ffff1ae300007940
000095f500003307ffff605e0001c7c1fffed77a0000b22dffff924e0001fad7
00018283fffe935600008bf3fffff44a0001664c0001138a000015150001cbe2
fffe94ef00003eb6ffff5cf6000043cb00006f22ffffb24efffe5dc9fffe6fab
fffef2420001be6efffe2d610000d549fffea258fffee31a000015feffff43fb
0000ff2000014822ffff86cbffff5fdc0000172fffff8972fffe62c6ffff1188
0000000000000000000000000000000000000000000000000000000000000000
0000f86900008b58ffff07defffece9000016924ffff1cda0000895d0000cdd6
ffffececfffee7350000814d0000f5760001a14afffe1ca9ffff67480001db58
ffff3b0900010df800012411ffff6c750001128efffef9edfffed562fffed2f0
0000c2e3000174b90001964affffe44400018702fffffbc9000162f000010f15
0001c34800011d2efffeed730001e8690000ca830000d46b00000e0fffff7eb7
0001aef40001c273ffff83ccffff80c0ffff8cd20000f721000071f60001af25
0000bf6dfffef578fffe4693ffff224400016d680000dce100003d4b00010990
0001b4d6ffff374700003362000194fa00019b7fffff1445ffff134b00012e8f
0000000000000000000000000000000000000000000000000000000000000000
000046f40001a9c7fffe84affffe68e1ffff0d4effffce8000001b27000120dd
0000f040000184b7000146d000013911ffffb58cfffe3d450000ebe3fffe8c15
ffff17ba000154580001edc7fffee4590001ab98fffe97dd000059f60001f20d
0000000000000000000000000000000000000000000000000000000000000000
ffffee55fffe3d8e00004fd1fffecd4c0001dc8a0001ce17ffffc226ffff4b70
fffee38dffffb397ffff4968ffff1fa600000e3bffffbaac0001ac2900002eb5
fffe872e0000ee0e0000714efffef28dffff7a9200009288ffff566500017ff0
00013d46000183c5ffff8db00001bc25ffff52dffffe172e00016b4cfffe0f68
ffff6217fffe6c86ffffd892000084dcfffe6f29ffff42e400015fc70001fd6a
ffff9d730000876afffe1ab4fffe93daffffd6220001258e00012f9c0000222d
00018feaffffa70b000091ccffff83020000294b0001ad0f00001c68fffec9eb
0000000000000000000000000000000000000000000000000000000000000000
ffff11ffffff111700015e03fffe52ed00002290fffe0b950000da57fffffb75
000000ed0000e4f90001ea47fffe2a4effff197800017468000100e800011e89
00003a15fffefb8bfffee9e50000657d00002c6e000079260001d12c00000708
0001f2af0000f165ffffbe76fffe879a000016a9fffe421b0000234d0000f3d0
fffe8ae8000086e0fffe0766fffee2c200010f1e000135a700005f050000d5c3
fffe9786ffffd8b20000f92b000189cbffff434ffffe94840000cab1ffff3dbe
0000000000000000000000000000000000000000000000000000000000000000
fffe489a00003a4cfffe03bb00001b4cfffe74c0fffe1e8100012b5600008ba9
ffffdf57ffffeb0affff198fffff306b000121910001eb93000114e8ffffedbf
0000d4660001412a0000aeeaffff83b2fffe6d54ffffc7e0ffffd099ffff296c
0001593100016e9bfffe32eb00006098fffea75e00010f8c0001cb21ffff9b02
fffe65ad00013dabffff78a7000125e000000e07fffeda6b0000193ffffeb71e
fffeb9bf000155da0000d7620001d07c0001809d00000ec000002ad1ffff6643
ffff91af0001c4850000ddb70000a6990001a1d60001170dfffe9d37fffefc57
0000000000000000000000000000000000000000000000000000000000000000
00016d350001eb82fffffa18fffeb1ef0000bb5100007c42ffff4dafffff8504
000084e6000033bd0001bbce000102eefffe87e50000a441000151beffffc02e
0000000000000000000000000000000000000000000000000000000000000000
fffe0a3100012dc200007b1d0000497a0001e774ffff9a65ffff909600006cdd
ffff5785ffffdc6400009249fffe09e3ffffea85ffffb35f0001dc36ffff7c1e
0000000000000000000000000000000000000000000000000000000000000000
fffeea5a0001cda4fffe09810000ad8bfffe17dbfffea9a1ffff68acffff8895
0001a0a0fffe7bda000118a80000d60500001aeefffe2639ffff99a3000195f1
00004b5600010af70000d50efffe07e6ffff2b960001a9a0ffffe340ffff2662
fffeb1bfffff61120001b07fffff8d96000139a40000591400017859fffe769d
ffff365400017d19ffffa1540000a1d30001f5fe00007b4500019e4c00019e28
00005ab1ffff908bfffe9fba0000c36cffffc411000141e7000109dafffe3e54
0000000000000000000000000000000000000000000000000000000000000000
0000020100001287ffff8ba9fffffd12fffe8067fffe6905ffff06e10000c461
ffff4b7b00015de4000194ac0001da4500006fb4ffff031dffff2e240000a1da
000134ac00017ff500007df2ffffc85d0000a58bffff92c6000074160001bef8
000145c000013dbdfffe571e00013453ffffeda4ffff4ff10001396d0000151c
fffe64dcfffe448dfffee2eefffe8b17ffff60a2fffec4b400014294fffe82fb
000020fdfffe2069fffec78bfffe506a0000bb05fffee552000116b6fffefef3
000055b4ffff58cffffe384ffffe146efffee33b00001a620001a251ffff14ba
0000000000000000000000000000000000000000000000000000000000000000
000133f1fffe7395ffffec320001db61fffeb29bffff97a8fffe5f5400008dbf
0000000000000000000000000000000000000000000000000000000000000000
00005d8a000115b0fffe542afffff5dc0001c4e0fffedad600015406fffee370
00016f43fffe5fd200012041000147d8ffff28690000e3dbffff9f38000055a1
fffe79acfffef77e00008765ffff3ae7fffee97e00005da9ffff74a2ffff459d
0000000000000000000000000000000000000000000000000000000000000000
ffff95770001270900002a2b00007fd9ffff8c13ffff16610000b1fe0001c88b
0000c78500012216000085fa00002af5fffea984ffff328bfffeeaf20000c441
ffffab7d00004908ffff44fe0001441a0000e721fffe3e22fffe62bc0001a86c
0000033f00016b10fffe202600000d1efffe9305fffe63d9ffffc82effff2b14
0000000000000000000000000000000000000000000000000000000000000000
ffffbf4800006653000069500001e5fd00013eeefffe133000011b6100016592
0000000000000000000000000000000000000000000000000000000000000000
fffe593fffff0a84000012af0001c8e0fffe1736ffff3e4bfffe78cafffeeb7c
00003a00fffe71f1fffff1c700018f0200015e7f0000f202ffff35e3ffff4686
ffff12020001bc14000110feffff16440000310e00003deb00001c5bfffe8253
0000817400002228fffed240fffef827ffff9c36fffffae9fffedfe2ffff7473
fffede870000e391fffff5c9fffe99d1ffff439900004375fffecc7000012bfc
ffffc51f000057a4fffeda32ffff9034000116ac0000c6a70000e4f90001705a
ffff02c400001d1700000f0d0001ecf8ffff332900000bbefffe4c9a000094fe
fffed977fffe01e6fffff19200008e9200012c8a000111bbfffffc27ffffbca5
0000000000000000000000000000000000000000000000000000000000000000
00010564fffec9e800011f43fffe06ddfffea862fffed8be000137c5fffeef31
ffff038a00006bf2fffe4afbfffeeaf6ffffc1f90000dfb900009b43fffe4116
00009216fffec3b90001d616ffff7b33ffff59defffe66e0fffee12dffffe56f
000132d10001ff18ffff9532fffffebb0000b30b0000a52cfffe3e74000081a2
000145caffffd39c000073a00000a5f2ffff6831ffffad6d00000d24000184f4
0000000000000000000000000000000000000000000000000000000000000000
ffff22a9fffff3f1fffe98e3fffe763fffffb79a0000c956fffed815000146f2
000081dfffff66bffffe32b00001b6740001924dfffe334700005afdffff8891
ffff3146fffe0679fffef805ffff3b830001b50d0001e9abfffea17100004e61
ffffd8590000291f0000b847ffff72f4ffff771c0001194d000097ecfffe5314
0000000000000000000000000000000000000000000000000000000000000000
0001d06200000636fffef529fffe79bb0000f77700013cdc00015365ffffd9d6
fffe5cd1fffee9c9ffffc50ffffef529fffee6c0000059ef000176b5fffeba17
00010eb60000b6d2fffed1d4000011d60001c90bffff67a0fffed2200000a407
0000000000000000000000000000000000000000000000000000000000000000
ffff8905000093daffffeba4ffffc61d000134abffffbd6900011bd10000482e
ffff401d00012275ffff23d8fffffbb6ffffa276ffff2a410001b6edffff0b90
00011554fffec3f7ffff195fffff6e1800010aa9fffe7f2dfffe9238ffff0315
0001737f000031b5ffff9ca4ffff839efffe30dbffff4dc0fffe40b5fffe4a1c
000149380000724a0001110f000041f5fffeb829ffff2069fffed1deffffd17c
0000000000000000000000000000000000000000000000000000000000000000
fffef9c400009f68fffe44df000034c70000982b000119d9ffff055ffffed6c2
0000e2770001d922ffff3d0d000028c50000e0510000a9810000e0ed0001e58a
fffe86ee00014bea0001c28600001c800001129cffff0bb0ffff2ad5fffe5f35
ffffc694000090e6ffff585bfffe4a190000b77d00014852fffef3ff0001ed1a
000080d6000107aefffea2f0fffe655cfffe14aafffe962affff7dc90000021c
00000b08ffffc240ffff146efffffc6affff1eecfffee01efffe981600018d3f
ffff7f2a000075290001fe6e0000adf60001be14fffebc78fffeb4ef0000b2e5
0001d8730001df56ffff8d0b0001beb60001e36300011369fffea8fb000095d9
0001fddfffff87f6ffff0b5e00017503ffff03c5fffef61a00001fccffff9a3d
fffe8ce5fffecc920000ef4500019be6fffe744b000191f9ffff80c60000ba36
fffec7e7fffe59cdffffff0d0000c093fffe877d0001bcb90000e3d8fffe6440
0000000000000000000000000000000000000000000000000000000000000000
ffff2d8c00016b93fffff831ffffcde4ffff64beffffd3600000846c0001d2be
fffe4d99ffffcbee000082ac00001a0fffff14d7fffea8bfffff839afffe1b1c
0000000000000000000000000000000000000000000000000000000000000000
000170b80000baca00016163000157c60000751f00001c51ffff15d5ffffde59
0000bc1300015bed0001463bfffec5e400018455ffff59a30000eb25fffe365e
0000b77800005304000049d50001d4dc0001d930fffe13dc00013315fffeb31b
0000000000000000000000000000000000000000000000000000000000000000
fffe8f6d0000c76b0001d3f00001b88afffee2230001eb0d00005851ffff3ae9
fffe4b0ffffe27f7fffeb36a0000687d0000a98f0000520b0000084cfffe2772
ffffb587fffecbcafffff8e1ffffba7300009645ffffb00700014a470000d505
000027f80000b5aeffff1e3c0000340300002911000195e00000875b00007ed2
ffffe13afffe42780000603d0000f972ffff84c4fffebff2ffff501200009c2a
ffffa436ffffb941fffe382affffe6b90000791b000122b300019f77fffebc23
ffff85dd0000132a0000a652ffff0bc70000458efffff846fffe087200015ce6
ffffc5e4fffe664cffff0d84fffe64e3fffe181bffffdc49fffe242f00008cf3
0000c094fffe92dfffff75fe00014b92fffeb37300009b6bffff664efffe4c78
00015f3afffe8a4affff8bf9ffffa1c6ffff4d54000159b0ffffa8d700000ffa
0001ed51fffe85f30000d072ffff61c00000fe6e0000e6fbffffddf0fffe1ffe
fffe18b60001d9b4fffe0188fffe2bce0001851cffff78a30000311bffffa1ff
0000a8b8ffff1f830001d384fffebffd00001b33ffff51c6fffe91d70001d194
000033b0ffffa8a00000b88900008c92ffff9dab0001ef19fffeab95ffff23f7
fffe6a58ffff02dafffe784cfffe671cfffffd3f0000beeffffee1c8000115d6
0001dfe50001d6bb000009a1ffffcf8b000096400000de64fffeaf03fffe261b
0001a5ec000058e50001ac8afffeb5fe0000c6dcfffe9e20ffffbba10000fc32
00011bd3fffedb06fffeca39ffffe6a7fffeceedffffeb35fffe99de000153d1
0001d144fffe7cdd0001aa2e00018a420000f87800004ebf0001725600010228
0001355cfffe05cc000116edffff928f0001d936ffffe5c00000d87bffff89c0
0000000000000000000000000000000000000000000000000000000000000000
000041ee00007c530000cd0cfffe0654ffff8f16ffff36b3ffff2d7bfffeaa96
0000272fffff56fbffff311e0000a7ddffff6a1c000030cb0001e1170001e191
fffe763bffff3a050001b07600011e81fffe65060001a22a000106eefffe1176
0000000000000000000000000000000000000000000000000000000000000000
fffe5b1f0000e0a000004b4f000002930000803bfffe76f800004773fffede9c
ffff48c5fffe99b800011e5b0000ad6500007d68ffff41c10001743f000077ec
fffe3099000040ec00017dec0001d6310000e6ebfffe80eafffefa41ffff5b45
000170ea000040dbffffd3c7fffffa3affff2e75fffec5bbffffdea20001ebb0
fffe13dd0000a603fffe8c36fffea490ffff7405fffe1096ffffaf0f00004625
ffffeb170000bd08fffedfb70001151b0001cb7dffff53360001f60600010a79
fffeecda00002d94ffff7d6bffff832dffffc410000113fa0000f5c2ffff741e
000073fe0000bc0000018c960001a857fffe33a6ffff4ae1ffffd080fffea6c3
000106e1ffffd21affff2107000064cc0000535400005fc200003343000039a0
fffe1d3000010cc700009e5f00012ff5fffec0c800009fee0000fc1cffffd7de
fffe1ce5ffffbb35ffff876b0000b7b900016b91000010b9ffff272c00005abf
00017959fffe0ae300006efa0001d0d3fffffdcaffff5aa4fffef456ffff516b
fffe53d8ffff67e8ffff9990ffffeff20000f0370001d584000020b8fffef893
fffeeb710001a262fffef897ffff99bb00003fdb0001feba000047020000249f
fffe987b00011ed0ffff659affff2afd00005751fffedaea0001a76afffe4605
0000000000000000000000000000000000000000000000000000000000000000
ffff370e0000e1b3ffff1a3c0001d50000013402fffe44d7ffffd4b100019611
00010621fffe812f0001b73000007f800001eaaafffe986dffff50b70001e1ae
fffe81960000fee5fffeb24e000151c800002a82fffe96c3ffff7476ffff6249
0000753afffed458ffffa3bd0000369700006e2c0001d4d50001d923ffff853d
fffef527000001240000fe2f0000b3880001216effff7d69ffffebbffffec598
fffebb90fffe0307fffee8a20000f380ffff187b00014b9d000055890001b61b
0000000000000000000000000000000000000000000000000000000000000000
000115810001cc0800011ce000017fc0000067de000192a9ffffc6a5fffefd3d
0001033afffe2044fffef3e6fffe7b04fffff22f000020650000014700010484
ffff81440000c9b4fffeb9390001f201000140d8ffffb771fffff975ffff98f3
0001f8650000d4ccfffe48f900001bfe0001b233fffede1700016c3afffeac98
00008af00001c4e8fffefe9fffff1610ffffb4d4000192ad0001d1ea0001edc7
00009bcbffff1319ffff3552ffff259dfffeee94fffe434dffff2ad5ffff7029
0001905b0001bcf9fffe2e4ffffed69affffe9d300009a0a00001a4d00010624
fffe25f300003a6effff90d00000ccab00006827ffffe04f0000ceadffffe141
0000000000000000000000000000000000000000000000000000000000000000
fffed7b2fffed9fefffe192effffb4260001bab7fffe1ce90000db1bfffed4b0
ffff7abf0001fe0c0000a3e10000c1ad0001a8640000f0880000665f0001a9b1
0000558000012d930000d726fffec8c300019c09ffff6ac90001a584fffe842b
ffff2c61fffe4b9a0000819efffec8a90000e26efffe5789ffffc9ba0000c8bc
000088760000757700014f3c0001e908fffe9d5affffd4e3ffff66ecfffeaea0
fffe47fdffff6f1500005b8700010ceb00017080ffff1b8b000083db0001f301
ffff730c000007100000d33600011cf70001d31bfffe7c04fffef44dffff594e
000094cbfffed66c00001c0600018ed4fffe459dfffe339bfffe2e59fffea1a1
0000087afffe19abffffa8c2ffffe68effff5621fffe5f8800017e220000f1f1
0000000000000000000000000000000000000000000000000000000000000000
000118d7ffffb680000104d90001bdd3000126dcfffe8439fffe2780000018d4
ffff2d5400003590000026130001606800018c570000979a0000dcd2fffe047f
0000da6400000479fffe777effff1e0a0000649bfffe7d43ffff85affffff821
ffff3f8cffff56eeffff22e900018779000028210000d62d00017a300000d25c
000119e6fffed4fafffefcc5000023570001a9c000018b080000ff63fffe105f
fffe42bf0000008ffffeb92a0000c5e00000534efffeb315fffffcc300001b33
fffe9878ffffcd56ffffe92dffffaf25000169120000df2b00007454ffffc028
0000000000000000000000000000000000000000000000000000000000000000
00019500000056f6ffff99580000e5ccfffe1daafffe135ffffecf7fffffb0bb
0000000000000000000000000000000000000000000000000000000000000000
ffff6b0d0000cbe000010708ffffc3d4fffe544e0001d257ffffbfff00014f8f
0001751bfffe1cf60000ac82fffe00a200006f6900007a910001e1240001f229
ffff95e5fffe5fe7fffe5ffcffff8f9bfffe8d9800007e340001490c0001be59
ffff19c4fffea242fffe2efc00018ac9fffedf2e0000e301fffedba20001b7cf
0000000000000000000000000000000000000000000000000000000000000000
ffffd908ffff471500018d160001d22900010d4000000357000057e9fffe5970
00000ea6000158990000e51effffba34fffec664fffee26f0001c639ffff94f6
ffffae920000fc89ffffaada00004508ffff0b8affff1501000016a9fffef1c4
0001a43600015486ffff5d9e0001f3d0000121cefffed62afffff9db0000b244
ffffbc2afffed712ffffa05bfffe9d1efffff249ffff31d4fffe0004fffe60ad
0001f979fffe733c00010c4c00015c33ffff379dffff6d88fffe695f00012058
00012f12fffebd5d000171750001d0fc0000598cffffba3dfffe74bb0001ffcf
fffff7340000ee7b000040900001643d0000af2100018d9d0001999cfffe9119
00019d49000055b2ffffedf1ffff8fa800003f89fffef27a0000bfd1ffff6fa0
ffff194afffe966a00002383fffe7034ffff7150fffede7e000096f300005af4
0000000000000000000000000000000000000000000000000000000000000000
fffe7adefffe6db300005c75ffffe48cffffc2f8fffe18c800013942fffe33fd
fffe800d000016020001c9110000d92a0001a4900001f712ffff554800010378
fffeb9e10000e692fffe6ff2ffff6436fffe3b6ffffe90c900017b9900018686
ffff8c5effff4a28fffe7263fffe6db30000af6dffffecacfffeabe90000d297
fffec9abfffe0ab900015f2f0000eacbffffde19fffed6adfffe71d00000ff25
0000f93cfffe2b81fffe1acbffff8b0a00002f0400002e5bfffe1525fffe7928
0000000000000000000000000000000000000000000000000000000000000000
0000ed8bffff16ed00003b62fffedf1dfffed92f0000db8affff7783fffe6e23
0001cf3dffffa2b000006ae8000100fb00013cbb0000ee83ffff59fafffed41e
fffebd26fffea86800008e4cffffe6e30000fb1e00018fd600018f4effff44d4
0001166cffff1431ffff96aefffeb7c80000e795fffeb233000190d2fffff8c7
0000000000000000000000000000000000000000000000000000000000000000
0000c186ffffb65c00015cb2000066ebfffffac3ffff6ecefffe1347fffebbb7
ffffd5c20000d30afffe881a00012eef0000a4e0ffff0a4f0000b1e6fffef121
ffffcb47000187b8ffffc3d90000aac30000ade100008cb2fffe6ee3ffff28b1
00014df8ffffb8ebffffa8e000018eccffff5d370001fce0fffe4e9a000082d7
fffeced5ffffa604fffefa54fffef1380001077cffff535900011e300000944a
0001d4100000d0e100010395ffff37a3fffe624e0000522000009542ffff7d0e
fffed837ffff1952fffecd20ffff2f0b00010ee60001f430ffff94c900002f08
fffe76940000ccd1ffff87e6ffff2031fffe6a5e000053570000c747fffef7cb
fffe1725ffff0514000121fffffeaef5fffe73d8ffff00bdfffeaf14ffff9ef8
0000000000000000000000000000000000000000000000000000000000000000
00010f88000035cbffff934800015c290001787bfffe141f0000f781fffebec4
fffe609200018bd300002288ffff7d3100008b77fffe017cffff7e45fffec363
00012a58ffffa13f0000e3fe0000f7f0fffeb7bffffe62bcfffe07d300002480
0001b978000107d8000056c3ffffd312000038bcfffef5120001bd370001fada
0001b565ffff9a49fffef39e00019913ffff7eb20000ba5d00004422fffed40b
00010bc3ffff21a2ffff43effffe1bf2fffe347b00005ebffffec3c1fffe1842
000107520001a241ffffd0d8ffffc17500017523ffff52beffff912000010082
0001f68f0001b41000017643ffff5d4700005b42fffffdfaffff4444fffe0fb6
0000000000000000000000000000000000000000000000000000000000000000
fffe56df0001b2d3ffff53fdfffe99d6ffff5d6300007924ffff6b8d0000e8ff
ffffd094ffff8fc7ffff9500000021f900007aab00010bd3fffff97500005161
0000f73e0001b7af000093b5ffffd6a3fffff59d000147d00000eb7900005f7b
0000f83effff240600019a28ffffa4fafffffe3affff8559fffebcf60000a103
ffff5ba2ffff6aa30000ad7500012bce00009203ffffa02cffff314800001274
fffea7740001c16d0001a25dfffe7f4e0001b59b00011e0e00017b700000a2f7
ffff1eb30001ac810001328b00002d8f00017ea900002258ffff4ea700013aae
0000000000000000000000000000000000000000000000000000000000000000
fffef407fffe385afffe59f3000100b5ffffb3cc00014d08fffe3e650001ff6a
0000db3ffffe3b40ffffb62effff73a8ffff513fffff44e5fffee275ffffac39
0000000000000000000000000000000000000000000000000000000000000000
fffe579effffc3560000217bfffeda040000d5aafffeb36e0000d9a00000d0d4
fffe9534fffe3a580000d32bffff3af100015e71fffff1ee00010bc100016668
fffe772a00000c8700018200ffffad2cffff5c9effff78a60000c708fffe21e8
0001452bffffb189fffedbdcfffe3a4effffb5a90000a327ffffa9e700017d51
0000000000000000000000000000000000000000000000000000000000000000
fffee286fffecc3a00000f64ffff0c67fffff62a0000f37d00007296fffed9e5
ffffad93fffee45efffe82c70001b60dffff61f3fffe6bc10000c951ffff987e
ffffbe33fffe845dfffe92f400017f4efffe39de000157e3fffec3ec000092ea
ffff505dffffa1cd00005ea80000b6af00017dcdffff6c78ffff8fa80000bc7e
fffeb39f000138dbffff4bc0ffffe200fffe890efffe724800002738000166db
0000000000000000000000000000000000000000000000000000000000000000
000155f2ffffd5f60001f9affffeeed0000060bc0000e6590000ece3ffff50ec
0000000000000000000000000000000000000000000000000000000000000000
ffff561a00007544000063db0000117cffff5ff3fffe8e7cffff312afffe7517
0001d47f0001205200017cd100005ca00001851300014246ffff35e20001bab2
ffff801cfffec86fffff7c01ffff5898fffffd5e0001a14300014c34ffffa649
ffff942200014bd90000c1a5fffffd7ffffecf04fffe5b55ffff8048000171cc
fffe37effffff5c30000aa460000ac0c0000b491fffe7a5000012a7e0000fffa
0001b774fffe12d80000aa3400007b0efffe020a000126a6fffe51720001c1ff
00018d02fffea95e00006696fffe69970001438affff0c900001e8d9fffecb85
fffe0cc4ffffc3bcfffec6b9ffff4905ffff7810ffffc630000025b100007e4d
000063d200002ea90000d3c8ffff3cad00005e0000002f8b00002b42ffff8679
0000000000000000000000000000000000000000000000000000000000000000
fffee544ffffbd55fffe518bfffe353e000066cb00000ad4fffe827ffffe540f
0000023200004ec4ffff9c6bfffef4c0ffffcc900000729b000114a20000a932
00017518fffefe09ffff1c710001fe9100004327fffe0e710001a434ffff8b09
fffe69930000eea8ffff5fea00002a31000003effffeb2ccffff899500007684
00000068fffec86a00018b2cfffff32cffff5812fffe7ba3fffe0881fffedfa0
00006494fffe62ebfffe52c200014abc000120eb000169c200001b2c0001b38f
fffe31820000b380ffff7d5fffff3b9ffffea8c7fffef9b000001e94fffe87f9
0001ab0700010be1ffff021d00008c480001f10effff81b300011424fffee9c1
0000000000000000000000000000000000000000000000000000000000000000
0001ff3bffff8742fffeaa4c00008592ffff6451fffff5e40000dd7800006909
0000000000000000000000000000000000000000000000000000000000000000
ffff2a4dfffe3ff40001771a0001cb3a00017bd200010cbd00004bd1ffff8a61
0000000000000000000000000000000000000000000000000000000000000000
00011ee300007230fffebd45fffe54d30001e28e0001462c0000c014ffffe2e3
fffec6cdfffefef50001574effff059f0001e74c0001e928fffefded00010143
0000000000000000000000000000000000000000000000000000000000000000
00009fd8fffeede8ffff063ffffe6b73000131b20001bce4ffff64c6fffe8f73
0000000000000000000000000000000000000000000000000000000000000000
0000462c0001921b0000b042fffeac55fffee981ffff2428fffed66500015de6
0000c6a2ffffdb51fffe67d4fffe8fa50000bff80000771c000188a4fffe135a
000087100000bc5e0000fcf30001c5c4fffef253ffffa787ffff7108ffffc203
00007f3dfffeb63affff4965000087ac0001192cfffec36affff8fa0fffecb47
fffe829afffe91b10001ccb7ffffef710000c0810000b67ffffe4f7ffffe2a97
ffffbc5400009124fffe33c0fffe29b400016ad8ffffce710000f7ecffffb564
00000805fffe174000003383ffff969efffece7100010aecfffe337c0001b936
0000000000000000000000000000000000000000000000000000000000000000
00017243ffff76c3000148aefffef0effffebabc000198c50001e30e00000def
ffffcb460000155800016d170001974bfffe9329ffffb89bfffff38b0000f754
0000000000000000000000000000000000000000000000000000000000000000
00002568000070400000f3d9000119ce0000362900000ed300011be50001f9fb
0000bcf100010d190001bac500009556ffff2e6bfffe607300015dfe00017942
0000000000000000000000000000000000000000000000000000000000000000
0000731afffeb24300006d210001a2dd0001a5830000020d000098d9fffff832
0000000000000000000000000000000000000000000000000000000000000000
fffefb2f0001f83bfffee8500000ff0700004d2d0000c633000192d0fffe4203
0000000000000000000000000000000000000000000000000000000000000000
ffff6994ffff09f6000087a2fffee9120001dcfcfffff6da00002296ffff8d88
0000a6c2ffff18f40001e628ffff4940ffff84c1ffff95b30000a8eb00014148
fffe8bbfffff86a80001b2610001ff0efffec459fffe67b2000007f000000a3a
0001decafffe86b70001949c00010aacffff29f3fffe25f4000132da0001b112
fffecb87fffed3930001d12500005cd80001a11effff0168ffff26c9000100dc
00001565fffea247000080aeffffc610fffea68fffff5e5d00016c270001578a
0000000000000000000000000000000000000000000000000000000000000000
0001d18d00011b2c0000565cffff4212fffef680000055cffffff6e900009acf
0001aba60000b2d3ffffdb460001f94bfffe69320001cce40000892700009827
0001b9e2ffffb1ebfffe89c6ffffb2f8fffe429e0000685e0001e1150000ef72
ffff3425fffe129bfffe585600001fc5fffea6a1000150eafffe333900003d97
ffff9156ffffc87fffffff2a00008384fffeb5d0000104dbffff6f51fffe17c1
0000000000000000000000000000000000000000000000000000000000000000
ffffdf89ffffed0d00016bb6fffe552cfffeed620001bef3fffebb6500001fd7
00015b5d00007129ffff3005fffe1f5ffffe9c1a0001f094ffff1b14ffff62fc
ffff1145fffe96b1000158f80000cc00fffffc790001da8bffff20e3fffea70e
00015b3f0000f3ee000125d900008d6dffffd3850000bb350000554c00002fb2
ffffc389fffe70c4fffff33affffde230001dbf40000fa8c0000d1c8fffe102f
0000bc3200019105000054a6ffffcd980001d770ffff6a4dffffb916fffea2ea
0000000000000000000000000000000000000000000000000000000000000000
fffe520afffeb71e0000b629000015d2fffffba9fffe5cb5fffe246afffe38bc
00005612ffff3572fffefde200002f5a0001a1a300007696fffffd7cffff421d
0001f103000102240000d7edffffa902fffeebb300001274ffff3cd9fffecb36
ffff3ecb00001036ffffbf3c0001443500016a8f0001993c0000127dffff88b2
ffff0ea8fffe1adffffec912fffe9ce700003bde00000fa00000be60fffe2181
00010f5e00018c87ffff81fafffe7967fffe7c940000da370001e5ea00014a06
0000000000000000000000000000000000000000000000000000000000000000
ffffea80000135c1fffea2bafffe87900001cfa9000110d10001188600019b71
000046c000013082fffeda5c00019ad5ffff655ffffe3c6dfffe550000017206
0000000000000000000000000000000000000000000000000000000000000000
ffff48a0fffe3d81fffe7f6efffe8682ffff21b4000065650001ea0f00012d73
fffe29880000ac5a000091490000dd1c00015130fffe627b0001e733ffff46bd
fffe6fccffffcf99ffff4e6800009e29000115650001ef7500000a23ffff2b17
0001e28fffff3d880000221d0000de7effff2f71ffffaed500019d45ffffbc2d
0001bde600015b7effff0e6c000095ef0000a953ffffa719fffe15510001f6b6
fffe4d2e00002ee40001e7bbffff1452ffffff7fffff48af00016d3b00004b9e
0000000000000000000000000000000000000000000000000000000000000000
fffe41020001c546ffff5b09ffff222d0001fa31000006860001aef2fffff350
0000000000000000000000000000000000000000000000000000000000000000
0001d067fffe3319fffeed3efffef3ff00002e9c000072470000bf0bfffe4236
ffff2c41fffeeabc000179f5fffff20e0001195800017a13ffff3ff8ffff0556
ffffd9a1fffe3164fffe6cdcffff5d26fffea8c40001f6100000822b000198d4
00017dd6ffffe6d900000434ffff3dc6fffe02140001cdbd00002ee70001daa8
ffff15c1ffff50de00003b00fffec0d9fffe43e0000085e800018f84ffff6d73
0001c332fffe4f4300019480fffffc2c0001052b0000fbf7000074af000093dd
fffecf860000bb4affffbb810000304a00006201fffe322500000a2e0000a44c
0000cf37ffff7f5a00018b01fffe6ce50001280fffff45bb00008466fffe82cf
0001b6fdfffff0d3fffe92bd00007476fffe0a57fffef995fffe625cfffffdce
0000f69dffff7005fffe61030001f6c6fffe3c530001cc25fffe227effffdd98
000117c0fffe620f00000879ffff0bcbfffe816e0001786a00003413ffffb424
fffff78bfffe31a4fffefac0fffeaf85ffff2e5200000e90ffff2711000008b4
fffefe23fffe09e6ffffdea2fffe6b76fffe590b0001347800007bf2fffecc4b
0000000000000000000000000000000000000000000000000000000000000000
00005048ffff0921fffed73e000135edfffe68da000160bd0000e8eeffff106f
0000000000000000000000000000000000000000000000000000000000000000
00014c3d0000e6fb00013dabffff98b30001969afffeebb500003ecd00001506
fffe0c59fffeae140001ef2ffffe4d100000308efffe6a3b00009088fffefd12
fffe567d000028b60000033e000050d40001821bffff32f80000abc200007e3e
00008f0800019ca60000be6900002f310001dd4effff9fc3ffff6a00000173d5
ffff5d3e0000d6fe00001e4d0000ff820001b908000014f00000797fffff880f
00011fc4fffec479ffff1821fffe38990000cc00ffff597800016c5d00003c6d
fffe3bbafffeef00ffff7d6700011698fffe52f2fffe96400001ba21fffef7fd
0000000000000000000000000000000000000000000000000000000000000000
0001f98500000bd1000169e0000051d0fffe13e6ffff94b600003f0c0000c576
fffed91e0000e00effff338600009cc2ffff9303fffe2cd6ffff9e9e00001fa7
0000000000000000000000000000000000000000000000000000000000000000
0001bbcffffe01b1fffe8ddafffe9bf8fffedbf6ffff4d63fffea446fffed138
0000b23afffedd35fffe9d090001622afffe6461ffff655c000023eb0000ef68
fffe1a720000ad46fffedf0a00009038000199b2fffe08260000096400017a18
ffff2198fffeab260000a7f0000194da00015252ffff552e0001e2e100013466
ffff0a3dfffefa32fffe9744ffff0b94fffe40acffffb752000183f50000b246
ffff7300fffe483500016308ffffcd7300004d58ffff2668000017fb00010271
fffed51a0000eabf00005712fffef6440001b4260001dea6000152e6000073cb
fffe874effff2e71000056340000d0d1fffefe5b0001cdfafffe043700003712
00002724000026ed00013108fffe1545000194150001ac3100002d53fffe9e07
0001a88a0001c096ffff03a90001066000003209ffff625dfffe14f100005b95
0000d730ffffc12b0000f3790001b296ffffb2000000106dffffc7610000ec37
0001f76cffff0896ffff5fc40001d87ffffe296efffe1523fffe11780000e022
fffe0b6600013c9f0001979b00005281fffe50e20000a4b9fffec7b0ffffdf08
0000000000000000000000000000000000000000000000000000000000000000
fffe215c0001f16a00013c61fffed97dfffef6d2fffe59e9000196b100012558
fffec024fffec447fffff79efffef9c4fffe32030001852400008e7a0000ecc9
0000000000000000000000000000000000000000000000000000000000000000
00015be4ffffb0d9000031ac000049f90001757500010317fffe238400011b62
fffe19b0000165ad0000cb43ffff164700000a0600014caa000066f8fffe87a4
fffe0a3800009a26fffe9149fffe524affffb09e00008f580000b0180001a326
00014275ffff40590000b0e5ffff194d000040e8fffeb8ef00012262fffe87cc
fffe0449fffef65f00006559000034e6000024e80001686dfffe6fddfffedaa2
0000df70fffe36730000790dffff69910001328a00002099ffff03dc000148cf
ffff01e8fffe429a000054dd00005f280001ed1dffff40180000cd1d0001f678
0000000000000000000000000000000000000000000000000000000000000000
00019f9000004df1ffff05540000553200017442000050ef00000389fffeb4dd
fffefb7a000059dc000186fcfffe665afffed5befffec7a8fffe90550000ab29
ffff965c000065dbfffedfd50000137700006333fffedac00001fe05fffffb54
ffff4c5ffffe0b9dfffe384c0001bf8e0000f1fa00003d1d0000d6020000eec6
0000000000000000000000000000000000000000000000000000000000000000
0000a4a70000410b000149cc000005f5fffe172cffff4b67fffe801dffff1cbf
0000000000000000000000000000000000000000000000000000000000000000
0000024600000fbdffff679dfffe24b7fffe42cc00013d11ffff5b82fffe077a
fffe4be7fffe3b1b00010ab900003fff00011417ffff39d9fffe9fe6fffe853e
0001a0a200011549fffe8be3ffffc3ecfffed234ffff2b5d0001bb0dfffe541c
000134f60000dca8fffe5ab9ffffe3f700012b46000099c40001c18dfffe0300
0000000000000000000000000000000000000000000000000000000000000000
fffeb07100016d0ffffe6f8efffe697afffe534effffa8810001a1edfffe8ae1
ffffa984ffff35ccfffe54fb00008e6affffd3f5fffec5df00000d5bffff0a17
00014cf1ffff65bd0001215effff2609ffff691bffffee0d0001fa060001f865
0000000000000000000000000000000000000000000000000000000000000000
0000499a000136e20001d611fffeae32fffe32a8ffff6de1fffe5f6d0000b096
fffeaea2ffffa7e0ffff9e7400006b2600009d9afffe9d8500009061fffe3f97
ffff2609ffffe0810000e5bf000141c4ffffbe6bfffebc96fffe8026fffe9fb9
0000000000000000000000000000000000000000000000000000000000000000
00001e070000803300019678ffffce0bfffec1960000b7640000e8a90000d328
ffffb4d4ffffc8be0001616bffff69b400013327fffe0fde000034c000007d02
00012deefffee5adffff3f6800012d340001e3a2ffffc9090001cee2fffea81f
0001164300005d34ffff0230fffe7de1ffffc7830000a1afffffdf32fffe9dfa
ffff5b2b000148d40001c8450001d8fbffffedc60000c5a20001d67dfffea3ff
0000c789ffff9697fffe64920001f65900017a70ffff4b820001f9a50000cdb8
0001999d0000d2890000b168ffff7294fffeaaacfffe4656fffed839000050f4
fffe5b8800001a39fffe0b7cfffee439000030dfffffd040ffffcbaa0000b59a
fffff347ffff4f47000117ea0001c885fffff75e0000d3ccffff534f0001223f
fffff3160001da6afffe4bd500008f7dfffeda5100012ac00000ac7000012923
0001056400014827fffeb68b0001b3280001b050fffff64000013c0f0000f536
fffec219fffe3b7700001ed30000973bffff3c5effffd8660001f7bbfffe4eec
fffe3144fffe78150000a54cffff2a6f0000a84e0000b5b8ffff5a9ffffef624
0000ae940001f8d9fffee334fffe70520000d263fffe6196ffff68650001f1b4
ffffc9c2fffe00ccfffe86fd00000e5cffffbb9bffff05e5fffe477600019e61
0000d605000164080000dbaa0001c09bfffe060dfffe503cfffed087fffff011
00016d4200004274fffecf7c0000fbea0000c54fffffd760ffffcb7a00008db5
ffff0676000072b00001b0c3000042420001a8b0ffff1eaeffff22b1fffeeee6
fffebfa60000673b0000e333fffeba27000100330000a938fffe01430000ea9b
0000000000000000000000000000000000000000000000000000000000000000
ffff22d0000146ff000007880001bbb5fffffec1fffe54570000764bffff8fd8
ffff35e30001e31e000110d80000c7d8000002c0ffffda00ffff397d00003abb
ffff397efffe3c65000158faffff5a56fffeb3d4000024160000359affffc41f
fffef593ffff2697fffe96e7000088f7ffff9d6d00002647fffe35aaffffbe76
fffe3706000091eeffff711d00018c79fffe6398fffe607b00000fa2ffff3684
0000000000000000000000000000000000000000000000000000000000000000
ffffb34c0001979cffffb4e10000f670fffef3b1ffff0ed4ffff0b8d0001c949
00019cbf0001ca39ffffcc1dfffedce50000aeabffff4ab8ffff54b9fffeb52a
000108c1fffe8a21ffff6e55ffff38eb00011e7e00018b0dffffdc280000926e
0000b6170001b99c0001bdd4ffff6e3c0000576cffff10e8ffff39d300015cf0
0001d171fffe7fe400007e59fffe67270001a2cd000136a5ffffd7bcffff8de6
ffff744affff6c73ffff5a970000c6e8fffea0ebffff458cfffec2c300010d01
0001c363000074b3000021db000110020000acca00011189ffffe4170001c8de
0001b3f3fffec7bafffe40010001d83bffff7d140001f22900016526ffff0d74
fffe56120000cc1effff7263000063400001ef5800005b500000f54a00007bb9
ffff2c550000e1edffff0fb60000c7a2fffe9f6a0000a81200017c6700007a19
00016930fffe59cffffe33fafffed5c900003343000183e800001edbffff20a8
0000000000000000000000000000000000000000000000000000000000000000
000080d9ffffa596ffff91abffff249afffe8ef2ffffcb480000a555fffe62c0
ffff225100001e5e0001252dffff2e1d0001fb1bffff475ffffeee0ffffebc23
0000698d00012513fffea815000026ca00004771fffedc0fffff2a6800002fa3
0001e0d70001366bffffad7efffe4ab50001f00b0001871d0001b4b800010508
00005e2500014fbe000131d8ffff82b7000144defffe9241ffff6bc3ffff63ca
ffffd7370000d5b9fffefad40001d3c4fffff48afffe46c70001d2a0fffe25fb
00003f0e0001f9c10000fd69ffffb2b60000426dfffee2690001d718ffffcd46
0000000000000000000000000000000000000000000000000000000000000000
fffff57cffff1cc100013eecfffe2f91fffea878fffe75660001579100002ff2
ffffe93a0000d143000085d6fffe4e58ffff2a1d0000d0c6fffee92f00013926
0000000000000000000000000000000000000000000000000000000000000000
0001147200011fbfffff87a20001c3d30001e14600009b220001d54100006dbd
0000d8f3ffff677d00014f43fffe6e1f0001b99effffa474ffff0edcffff64fc
ffff09790001608e00016b98ffff938c0001641a0000b5a6000126800001ef32
fffe76a7fffe68c3fffe2d570001095f00010c87fffe1aef000147bcfffffa13
ffffa3da00008ed4ffff7e8bfffeb13bffff5727ffffa3e6fffff759000121ce
0000000000000000000000000000000000000000000000000000000000000000
ffff31de000026c0fffed77cffff0d4f00000285ffff46590000102200016c4a
0000000000000000000000000000000000000000000000000000000000000000
00001273fffedc77fffeeb5bffff8f22ffff8cc10000d839ffff74c60000f622
fffec693ffff6eb0ffff529efffef94affff341b0000bfa9fffe85830000b1d6
0001a21d000104b3fffffed80001f6ed0000e24200004288ffff86b20000d21c
0000b0770001201a00012afa0000de870001735dfffef45b0001ecacfffe43d4
00001038fffe549effff633b000150bbfffe417d00003774ffffc06c0000fe13
fffff55700010799000159510000765100005f700001c0f40000f3dafffedec8
000007faffffd7150000d6effffe3748000059120000319900014b79fffe62f8
fffe327400013f580001b813ffff18230000e5b300003bf7fffed75100007179
ffffabdbffff4ddaffffedcafffeab6200008dca0000bd7d0001b80b0000444a
ffff19d800000d4d00005787fffe014f0001713bffffbeb9fffe8bcefffe75bf
0001ea0d0000ccbf00013f10ffff20440000cd1c000178240001594ffffe9855
fffff667fffebb5500010587000110f30001fbaa0000b617fffed849fffeba3a
fffec0dfffff9aa3000028be0000caddffffc44ffffe1d1d0001cec80000ecab
fffe2272ffff627effff97b8fffe6cc400017b6500006694fffe7a71fffeece8
ffff74f6ffff78f2ffff04dc00017c19ffff18200001d63fffffa3570001b810
fffef53500012e07ffff2215ffff5725fffe79af00005f61fffe464b00012e80
0001e28fffffab7f0000fc99000069ebfffec3e900010fb7ffff46ebfffef199
0000b9f90000283300019cabffff017900000a090001feadfffe145700019d59
ffff8472ffffd7750000181a000037d7ffffabe3000071fb000176ac00011013
fffea99f0001ff87000180d80000d6ebffff222900001f0e000116380000b96f
0001b4f2ffff7a3bfffeeb700000ff7500014769fffe4d610000a109fffec780
0001dde00001434dffffbb09ffff48830001c666ffffae0bffffcfb400011420
fffe5eaf000055a9ffff373800012139fffe2daf0001014c000049d90001286d
0001f92f00010daa000055190000ec05fffe4c27000064f600010879ffff37a1
0000000000000000000000000000000000000000000000000000000000000000
00006ada0000d428fffed095fffe63a60000d13dffff68f300010a95ffff901a
0000cd380001d7d1fffe58b1000184160001ef7b0000069f000176770000f1e5
fffe55f3fffec7b30001d587ffffbb9effff7ae0ffffc7340001116affff8955
000177ddfffec05effff703c00014a59fffe3fff000069680000dff4ffff397f
0001c5cb0001c1d4ffffbc2a00001b5c000163ba0000fea20000d9700000af95
ffffba7700004027fffed75dfffea40000013fc60001c21effff3892000158f2
00018c7efffec7a5fffefab00001f8ac00000cf5000066b4000161f90000beec
00004bbcffff4676000111f1ffffe7350001c03300006dbe00001763fffeef42
fffe6c23fffef3390001aabb000018e2fffff027ffff4a86000176300001fec1
fffeb901ffffa2ec0001d7d40001c27d0000a7d30000fd880001574effff10c5
0001acb7fffffb85ffffa63900010e86000133c4000123530000ca3300008bf4
000156d800001c7effff8b98ffff56caffff194e00009ffaffff15d6fffe482a
00016eaffffec5ff0001b36f000130cfffff3dd400004b95000124d5ffffaa46
fffee1f5fffe15d2ffff9033000035c2ffff874cffff4d4d000145d1ffff2407
ffff117ffffe94affffef5d4fffe0f1affffc73b00006cac0000826300015b3a
0000000000000000000000000000000000000000000000000000000000000000
00013d2a0001ca6c000174ab0000a882fffec1330001b4be0000b7ee000113f3
ffff8baa0001c32b0001af1e0000bdb3fffe54360001d6b20000f57bfffe3219
00002c3efffe6c6efffe229dffff60a8fffeefb3000076d7fffea1d2fffe36e1
0000000000000000000000000000000000000000000000000000000000000000
00001ce8fffeabddfffe4fb2000046130001e446fffe9e19fffe15c800006af6
0000c17dffff98580000af96ffff04befffe92acffffb084ffff0f090001ae52
fffeaebb0001e99300011e4ffffee6390000b4f60000eeecfffe3f0dfffe86ab
fffea1b8fffeb1220001c69e000094fcfffe8ea7fffe50b20001913ffffec106
0000000000000000000000000000000000000000000000000000000000000000
fffe9f680000cc04fffebd7c00004c7dfffe95c1fffed231000051c0ffff7302
ffff78a8ffff1933fffe4722000133ef00001fa3ffff5ca70001d3d6fffead48
0001a36b00007a5ffffec2010001aa2cffff604afffeb3520000fdf000012857
ffff732efffe60aaffff9d210000fa1a0000ab680000649b0000a78f0000c8a7
ffff68caffff5700fffef9d500007c290000308400004662fffe3374ffff4abf
0000000000000000000000000000000000000000000000000000000000000000
ffff47b1ffff4fc0ffff66c2fffe763afffe6ad30000470e0000f0070000763b
fffeae7100014296fffe903dffff3880fffe6ad50000e7fd0000b5fc000191ec
00001644fffe4f33fffe90b200011fcc0000ae0fffff48fcfffecbf0fffe8cd7
fffe5d5effffa0afffff8f380000e64dffff6e7affff266dfffe20a4ffff89b1
ffff89f1ffff5a740000ec34ffff698c0000b2eafffe773dfffefb050001813c
fffecf0dffffe248fffeabb7fffe72acfffe32040000c363fffe9e1bffff45bb
0000ada4fffeeb84ffff274ffffe2f07fffefe280001f656ffffa375fffef626
0000e5d700013c72fffe7383fffec23b0000ea4affff0184ffff7210fffe15ed
0000000000000000000000000000000000000000000000000000000000000000
fffed10dffffd325ffff6b79fffe572bfffec5520000cd43ffff70b0fffeadd1
ffffbf4affff8e1ffffea5d100003333fffea8e10001f73fffff4586fffe46bf
fffe6bd6ffff73eefffe1d71ffff85e100013f41fffe8ae900009e2affffc07c
00001682fffe32af0000df8a0001e2ec00017548000119580000819efffe6494
0000c602ffff69e5000187d200019a7ffffec6db000177a3ffffc08c00017f73
fffe6658fffeef5e000160b1fffea2be000036400001c8b20000da47ffff94ff
000185f40000bdce000030f100000f0bfffffdd100006de600011dcfffff695b
ffff9428fffe47c70001ba0cffff38f100002dfcffff4ccbfffebbf50000edd7
0000000000000000000000000000000000000000000000000000000000000000
ffff815dfffffd2e00010264000004e60001f6c4fffe90b6fffed8a60000dbfa
000097ebfffe8aadffff62f60001f21c00005fa6ffff14570001b6e10001d2e8
0001f5ceffff7172ffffab5e000114caffffc603fffe09f10000a53effffe2e6
00010212000136daffffb67ffffe21d0ffffa11cffffd4870000fcc8fffebea6
ffff8734fffe6e890001a7f1fffe0957fffe466000009ada000064d00000c189
fffec22e00007b1b00018ada00017da2000027dd0001e693ffffa96f00008336
fffe083bffffb1700001077cffff1e81000002f70001bc710000c633fffeaf58
0001c4f30000efd8fffe27160000fde10001d372000169ce00015c3cfffef7a0
ffffcbdc00011d25fffedd1bfffed8e100009949fffec45e00006761ffff66b6
ffffb6d600016f400000d18b000159db0000a885ffffa22afffe717a0000bd38
fffefea20001fb8fffff266c0001a08a0001a4fdffff1aac0001bb8c00014e00
0000000000000000000000000000000000000000000000000000000000000000
0000ef8f0001a652fffff82500006b59ffff58a5000086ecfffe9694ffffd4f6
ffffccbb00001c2ffffe3c140001dbcc00007720fffecee0fffe9bf80001fd14
fffefe72fffe8fe3fffe8762fffe9f81ffffe2130001559600010b6bfffe0c52
0000000000000000000000000000000000000000000000000000000000000000
fffec5ef0000b7b80001c8450000eb0a0001ef1cfffe872c000088e3ffff3993
ffff0731ffff2c7cfffe7a23fffe670ffffeb11ffffee0320000e5f4fffe89e8
ffffcab50001f4d9000077fc0001a0a50000374effff38c4fffec84d00006ab2
0001fe7000019c1affffd907ffff82a80001a4040001f3e0fffe7aa100018152
fffeebf2ffff2353fffed6b0fffeb2e4000052e7fffe71fcffff8ff2fffe8b9e
0000000000000000000000000000000000000000000000000000000000000000
fffe946b00002134fffe9cd4ffff71e3ffffe38b000029a800012925ffffc4dd
00014a68ffff44fbffff518600003fa200014abafffe31200001bae4ffff028d
fffe04b4000005b5fffea051ffff74dcfffe82160000063a00004d7efffee7f5
0000000000000000000000000000000000000000000000000000000000000000
ffff1904fffe1edcffff0694ffff0433fffff4ffffffeaa6fffefb3a0000e3fc
0000000000000000000000000000000000000000000000000000000000000000
fffe01b3000006160000166dfffe9dec0001ce72ffff9d660000d8bdfffe6bf8
0001e75e000173fcffffc04b0000026000006e48ffff555f00002c150001f45b
0001a4e3ffffd709ffff0770fffee57effff6c2100019e74000061ac0000709c
0000000000000000000000000000000000000000000000000000000000000000
fffe09cd0001acf0fffe843200016281000109a5fffed734fffec1eefffe8630
0000000000000000000000000000000000000000000000000000000000000000
ffff5850000028db0000fbb1ffff759bffff0b21ffff3e0d00005aecfffffb7a
00014d12ffff22ce000165bc00012a9dffff5193ffff92f7ffff8400ffff5f54
00007a870001662bfffe4a9a0001d63c0000f64dffff2bb5000109bafffe00d4
fffe1cbffffe8e46ffff88dfffffefab00004e75000099cefffeba92ffff32d1
00005bea0001097d00012087fffe3e27000114c3fffe5f10ffff9533fffe82e1
0000b99efffefb8afffe4b2cffff512effff9b23fffefdc9ffffdc540000498c
00015117000177640001c678000058baffffe506000003ac00005a72fffece1f
0000b6d1fffe7218fffef8d1ffffacd20001396400005262fffe2920fffed5db
0000785f0000c3a1fffe252700004f55000123500000e67dfffe6e330001189f
00000f6bfffe39ea0001a31bffff91d400013aa90001857affff9decffff0252
0000fb3300003086fffe1b240001b4c7fffeb3550001b72400008697fffe5e78
fffe96100001c1bb000049d5000041ea0001e418ffff57fd0000bca1fffe3613
00013fd100012edbffff7981fffe0fbaffffeb02000128e7000074320001eb3d
0001e3b40000ed1d0001a809fffe1d5a000189e0fffea750000025ddfffe21f2
00005555ffffbc080000d0360001403efffff9650000e5ed000116dbfffe80c5
0000000000000000000000000000000000000000000000000000000000000000
ffffc63fffff82aa0000161a000130c9fffee183ffff6c110000bbdc00019dd5
0000000000000000000000000000000000000000000000000000000000000000
ffffd11a000179420001ce93fffec07cfffe0b7100010b87fffe12f600018bbb
00009c6f0001ecbcffff44a6ffff3051ffffe8420000586d00007324ffff6d09
0001e4fffffeff4efffe6e9e00000d0f000088fdffffd16c00002add000021e3
000188880000d4d9fffe3190ffff28ee0001b8efffff5bc40001dbbd00008fb4
00002e6700015d8afffe4b4dffff1ca0ffffd914fffe6d3ffffe253000007cf7
fffec40dfffff978000061dafffe7aa0fffe8efaffffaf75fffef8a9ffff80fc
000064a2fffe72b7ffffebee00002c950001a38dfffe817a0000d785ffff2a26
0001f736fffe3ed7fffe44360000bb7e0001ee13ffffa745000026de00012021
fffef76efffeb8f9ffff83240000c26f000063800000d3f9fffe81a5fffe2ee1
00009acfffffc90e0000f6090001b49c00014ff0fffeeb3affff7b83fffe96fb
0000addd0001530ffffe12efffffaf01fffedb7dffffc20dfffe4ee9ffffadf8
0000b9ef0001d2540001aedffffedb81fffea82cfffe3108ffff641b000065bc
ffff6417ffffc05700010d7afffee7140001524c0001226300018045000001d6
0000000000000000000000000000000000000000000000000000000000000000
00017a940001bc9effff6a0affff874900005b8ffffe2d670000f990fffffb74
0001939e0000f3afffff972300003991000070020000601ffffe2b2b0000afeb
0000000000000000000000000000000000000000000000000000000000000000
00015e49fffec1d3ffff6206fffe2bed00017e200000fbf7ffff84190000f2f7
fffea01200010c0d0000803300012fde00013854000093bcfffe382a0001454d
0000faadfffe0da5fffe0c4ffffe9759fffe0928ffff0e9900011d790000c7db
0001caab000067bbfffea3d6fffe594cffff6e3000000805ffff62e80000846d
fffe494200007e79fffeb587fffe7f400001eed7fffe8b3a0001c09effff4a0c
000010ac0001ad1a000093270001ea450000adc5ffff92d40001d00afffe2439
fffeed6100003cb900013283fffed186ffffedeaffffb5eafffe1a25ffff8ebc
00015c7efffe2bb6fffe26630001cbaeffffc6b7ffff9adbfffe68ebfffef868
ffffb53dffff72330000f908fffff685fffe868600006e10ffff6b02fffe969b
00004fc5000188350001dd84ffff309dfffea6cc0000944300016c790000b383
00006f10ffff6609fffe91f80001dadd0001993300013165fffecf9300014e85
0000091bfffe62910000be180001a9b0ffffe357fffe34b00001655a00000f46
0000000000000000000000000000000000000000000000000000000000000000
fffedcc00001c08d00019acc00010922000118d5fffe37b90001fe4100014632
ffff750000000fb400002dc0000100a80001a1cafffe3b8cfffe160ffffe4098
ffffa4f0fffed1590001ec1a0001e4650001d70a0000b21dfffe09bbffff3848
fffebd4a0000c0e700012b410000d414fffec7e10001e1e80001d1db00003a78
0000c0eeffffb04e0001ee2c0001965500016613ffff98c3fffe4324fffed7e0
fffefc95fffe1e500000e274ffffd016fffedead0001536effff6394000084ea
fffef08d000137b000014993fffe9e9e00006db300006facffff1078fffffcd6
0000ba420000244bffff6699ffff780dfffff01e00019203fffe63600000dfba
0000000000000000000000000000000000000000000000000000000000000000
00000b070000075700004a86000112b2fffebb60ffff745ffffe3fd6ffffff4d
000054e6fffe1d7f0000d198fffff1b7ffff2f8dffff3fac00007f32ffff48f6
0000000000000000000000000000000000000000000000000000000000000000
0001e7a7fffee2ceffffb0d7fffeb9de0000af9efffe6d1ffffff68cfffe994f
000038f200012f72ffff6873000179740001d035fffe7b9800004418fffefe80
ffffafa00000ce4800012b9efffec023ffffa0d8ffff73fa0001d381fffe8c66
ffffe955000010bafffeca36fffe8f25fffe87c7fffee3c4fffe8b73000063c4
0000832afffeaae8000107ddfffe33aefffec9170001d7450001de3a000116ab
0001557efffed03c00013f58ffffb5410001bf610000b1c6fffe2b16fffe06c1
ffff010cffff8efaffffc18700006cae0001037efffee37600005a440000e0c6
ffff052300005a6100005989ffff70b60001de12fffee5d0fffff4e3ffff8096
00001241fffe7e90fffe90e0fffe69c500008a4f00018a3c0000744c000199fc
0000000000000000000000000000000000000000000000000000000000000000
fffe64aaffff714a0001e1bf0000e159ffff0a1effffc5010001d6e6000056a6
00009f6000004462fffe5f2bffff6557fffe8f250001dc27fffef4fbfffea68d
0000000000000000000000000000000000000000000000000000000000000000
000180bfffffb431000038c3000128b8ffff5f97fffe98fa00012c58fffe2408
00003e08fffef8cffffe7abafffe858600007f350000f7e7fffe29b5ffff7d2c
fffe440fffff536100000a3bffff3f0d00019345fffebb4fffffc7bbfffe15aa
0000989a00013b02fffeac7400014992ffff779e0001fdbdffffc0affffe0be4
fffec77c0001483e000113a10000b13b0001aa4bffff422affffe2630000a1fe
fffe90750000cac80001635fffffed6efffe28540000039cffff150e0001d32e
ffff6879fffea53ffffed6a3fffe07660001b685fffe87e7ffff81b4fffe220e
0000c9810000e7080000364bfffff645ffff11a5ffffe9a300011cdafffea21b
0000000000000000000000000000000000000000000000000000000000000000
ffff6326ffff81cbfffe380000006f680000c69d0001aacafffe537b0000a07f
ffff66a9fffe48b7fffe4b29fffffb73ffff94a5fffe0cdffffe63110001424d
ffff5db0fffe889cfffe6821fffeae13fffea57cfffe1673fffebc96fffe015f
00007f03000117ea000008f3ffffd519fffe01deffff37faffff586ffffeae14
0000000000000000000000000000000000000000000000000000000000000000
ffffd27cffff891300007fdeffff8d6500012767ffffb743fffe83ebfffe4f49
fffe7391ffffdec00001a0520001b02dffff65e1ffff2895ffff66500001a212
ffff729a00005c7efffed17900002fa1fffee6d7fffebfe9ffff311e0000a945
00012b81ffff84f3ffffeff6ffff44d7fffff2c000009078ffff1afc00004055
ffffb658fffe28e3fffea1360000baf70000cda4fffedd650001d3a300008ab5
fffeec130000658a0000ada9fffe2a67fffe1977fffe08e7000129e8ffff219a
0000adee0000560c0001f1f2fffe24f40000abd900000252ffff832700004eb3
0000d044fffe6d09fffffa8b00017265fffe2116ffff32400001fd33ffffdef0
0001412300006d0000014df1fffe75f0fffed5fbffff71eb0001718ffffe1c14
0000000000000000000000000000000000000000000000000000000000000000
fffe26f0000064c90000c9de0001bc7f00005227ffff8b6d00004907fffff9c2
0000000000000000000000000000000000000000000000000000000000000000
fffe9bf3fffe20a50000c1c1fffe8bb9fffed1e7ffffe7a30000b33ffffe50be
0001567a0001567a0000f24900011dc0fffe2c0c00005276fffe804300013420
0001e8d4ffffc9670000c0f5000075040001d2b7ffff1669ffff60b9fffff8ec
0000000000000000000000000000000000000000000000000000000000000000
ffff2155fffe884200019eec00018f95ffffba02ffff4d65fffefe9e0000a591
000144a60000cc27fffedf590000a87ffffe02c9000144f6fffe667200012450
ffff2b6ffffeac75000112f10000da64ffff0af6000170560001dbcf00004746
00017c0300002a34fffec81b00010c56ffff517d00017aa10001d8140000fb53
000079b2fffe80befffec81600012d60ffff587efffebc97fffe57bb0001346a
fffeff8afffffb5000009ed7fffef3ed0001fa350001f372fffe88db0001d06f
fffef798000127f7ffffc24a000133bf0000123200016a4bffff8f5900014b35
0000d639ffff94cf0000996bfffec4f1fffef89a00009cf200012b20ffff6ad4
ffffaf4c00001bb10000c9f300002088fffe2ce000000a58ffff4303ffff4919
00011f890000350dffffd60dffffba0a00017fe0000119600001d7430000e859
0001bc5fffff20fa000149cefffe8ef8ffff9f30ffff2429fffeafebffff740a
00017b140001cecbfffeb4d5000103acffff09b40001e35300008ba2ffff34e4
ffff9cc40000c0eb0001e37d00011c85ffff83b40001786affff61fefffed704
00019e29fffe05ddffff24730001e28800001d49fffe71ebfffeb018ffff088b
0000000000000000000000000000000000000000000000000000000000000000
ffff52d2ffff4d88fffea2f3fffe3dc500002496fffe75ab00016657fffeead5
fffe1f9cffffec7200006d54fffe9aedffff1458ffff27fdfffe4df7ffff5b32
0000000000000000000000000000000000000000000000000000000000000000
00004237ffffe9c2fffe65a2fffe74dffffebd3b00014def0000b1c90001e765
00006763ffff0a78ffff086efffe971a0001a22400006b4c0001465d0000bf62
000005f6000152aaffff5c96fffe186a0001dd430000444efffef07a00006261
0000dce300006d75000041fdffffc0da0000524effffd596fffe91db0000d328
ffffa561ffff0b5900004392000189eafffea4170000c983ffff0d440001ecc8
0000973a0001eb8900001e37fffebb7ffffe9b100001ec17ffff7a5cffff4da7
ffff0b2a00019242fffe0017fffebb360000b846000027c9ffffc2c00000055d
ffff1c0efffed1c400017642ffff8c990001c452fffe1b6bfffff451fffe2065
ffff169dffffc04500017555fffe94760000a8fefffee332fffe8b9500004fce
0000000000000000000000000000000000000000000000000000000000000000
fffe56440001d7a2000093340001a56f0001a90600017292fffe5c45fffe3e2a
fffec08d0001fd350001bbdaffff257b00007b02000159c10001158afffffb95
0000000000000000000000000000000000000000000000000000000000000000
fffef093ffff8cb800001462ffff3d270001e5c00000d54c000171c8fffff889
0001be080000baed0000e3f50001b1cfffff64d3fffff40f00011823ffff1abb
00003792ffff9f4effff2e5efffe223f0000fc5300002fff0000de0cffffb863
00000126ffffb00c0001225dffffc128000168d1ffff83ff00009136ffffac33
ffff821b00006f6000003c03000082c600009fe50000126900009a04ffff0b2f
ffff09a8000106c5fffe2db50000ad54000098f8000001f0fffe24e0fffe3827
ffff22fbfffe6530fffe4eeb00003cdfffffd017fffe4c410001f57c00013f92
0000000000000000000000000000000000000000000000000000000000000000
ffffe73afffe701afffe8f65fffe55e20001e546ffff9336fffff2e700007a64
ffff8fb90000af8affff07080001a752ffffbee20000f9affffebb38fffe37ad
000109c0fffe2ac70000f848ffffb65efffe303d0001ef700001a3f600013221
fffe9509fffee3c3ffffc94d000116a2fffe22cd00010f0c000169c00000dff0
000082f4ffffb9ef0001dc2c00018a06ffffa150ffff863e0001ac9dffff9638
0001b0330001dfdb0001ce29000000c6000102440000d5b4fffe4ea8ffffa369
ffff86c00000d38dffff09a8ffff1cebffffa7dafffe15adfffff4a90000e4a5
0000fff00000f31000000f11ffffbda2fffe225f000093acffffb399fffe3fc8
00017b3d00005017ffff691b000009f400008133000074c9ffff25d50001c78a
0000058e0000a4eafffe7e5f000153de00017257ffffc210fffe50c40001f807
ffff964900018fd700002746000023bd00018e3c0001e81d00018dc400017aca
00001dff000023840000fb8a0000cac600009e83ffff12b9ffffa5c50001753e
000001850001678600014b41ffff166e00016b3effffdd0f00007c42fffe0192
fffe80120001ff10fffed0030001cc1ffffe13d700004c490000bbc200002f8a
fffea1cf00017152ffffc84000011c81ffff9df9fffe27d9ffffecabfffed238
0000e0c70000f83a00017eaeffff04a2000044f3000084aefffeef53ffff85f8
0001dd36fffedc030001a5d00000c9a8ffff272f00003f28fffe639c00015710
0000e842000090f800017d35ffffde090001fb4d00000981fffe983efffeea02
ffff94acffff50e1000117c300005c1600002f720000fe800000b91efffe21d8
00013d2ffffedfc20000e2f2ffff329effff367cffff040affff21060000ca43
ffffb28dfffe7ffcffff3653fffe5af00000c0d50000377a00016e11fffef16b
fffe089e000145e0fffe44b600017f020000d7cbfffefa5cffff97ca00008dcb
00013721000059b4ffff1da70001301affff2287000000240001e95e00011943
000107340000a28300018c7f0000531cffffcd86fffff31f0000de18ffffec39
fffe9714fffe7acf000100f00000698a0000357d0000845c0001c385fffe42d3
fffe45befffeba1effff32480000c0fcfffe37a1fffe173200005090000072a5
fffe55cb00017decffff9e1c0001ce690001bca3000011c1000005140001d954
ffff8084fffe6c88fffea69efffe6c43ffff13c500007ff4ffff908f00005e95
0001247500010a4ffffe97a4ffffad07ffff3d99000031e7000094cc00006b72
fffe0d28fffe11fdffffc40afffe72ed0001f50b000140ad0000fea40001abb7
fffe1446ffffe76c0000d30cfffeb58d0000fe66ffff0960ffff6bcdfffe1012
0000000000000000000000000000000000000000000000000000000000000000
fffead180000939e00018cee0001f8f50000527e000066680000f6c1fffedca4
00007279ffff204600010c3d0000ecbb0001bd24ffff857b00018ebf0001bb82
ffff9132000108a6fffe0493ffff705b00000373000113c5ffff540bfffe3e5b
fffed57efffffc63fffe5c1cfffea583fffe2f6800010ab2ffff1cb000019e5f
0000f426fffeeb5e0001fa13000052f0ffff4e67fffe43f00000b91700019c69
ffff2f340000bb7effff6c1000008bfcfffe3afe0000fe4400001b220000c5c7
ffff723500001f8400001a190001252a000046650000aaa7fffe155d00005d05
0000e21cffff5edaffffee45ffff72ef00009c04ffff82890001d31afffe5346
00015802000119710001e9e4fffebef0fffed5c700004d0b00012f68ffff2caa
0000fa57fffe435200007b680000e9a900009e07ffff5b13ffff48ee00011a73
0000000000000000000000000000000000000000000000000000000000000000
fffe47b9fffe9385fffec723ffffa688ffffce8effff2506ffff8b98ffffa3fc
0001a9e0000199faffffac030000ec0a0001b8f40001e4e900003926ffff1f6a
0000ba41000040e7fffef856fffece0dffff1c0b000031adffffe787fffe7bb2
ffffd11d0000ab4afffe8352fffe71afffffee2100008585ffff3abefffe1ffa
0001fcab0001c95a00009fb6000055aefffe47ddfffe5868fffebb6d0000cb05
00016218fffe97e70000c54bfffeaf51000089af0001db16ffffd47300009a3a
000188b0fffed80300006367fffff9190001f76affff8b4effff5f5ffffe652d
fffeb6910000ef13ffffc5d8fffe2816fffed142ffff170e0000e40300010faa
ffffadd00001f181ffffcf04fffe89f10000eda5000101d10001db2efffed6f1
ffff7488fffe381700015d550001e358fffe6c740001f0a70001a4a6ffff330d
0000000000000000000000000000000000000000000000000000000000000000
fffed21bffffca8c00000bc8fffecfe100017490fffff7d100006221ffff8175
00011a2900006eb5fffef31b0000a9a90001b7ef0000e98fffffc4d8ffffd532
fffe41ee000008c300015bfffffe3212fffe987d00011bcf0001455c0001089f
ffffd6f600007ae000003a02fffecf2f0001e321fffe47ae00003906ffff1433
ffff3c5bffffb29700005c9bffff43480001a03000008220fffe5c3f0000d876
fffe3efb0001307c0000934b00012a68fffe9278ffff1b73000002fe0001d0fe
ffff3698ffff5a28fffefbcd000097e6000075540000c1d6ffffc75bfffe4b59
0000000000000000000000000000000000000000000000000000000000000000
fffea7e2fffecb09fffeac79000099730000c08dffffe7390001b011ffff0418
fffff0ee00011dfcfffe3ca8fffe21dafffe4fa5ffff20aa00005cfd0001be9d
0000000000000000000000000000000000000000000000000000000000000000
0001be0cffffacb6fffe0788fffe8e2efffe9c80ffff962b0000e74ffffea3d6
0000054100011a150001ca01fffe438700010e850000df7000017ad100004d06
0000000000000000000000000000000000000000000000000000000000000000
000097360001f0ab000117d600009ed0ffff1d3bffff131200007d6cfffe78f5
0001f83100015b15fffe91b1ffff4673fffec6c5fffe2ce400009e3efffe92ea
0001808dfffef233fffe6c350001119fffffa74a0000b300000094d4ffffa6b5
fffe9902ffff17be00010f3cfffe2d7ffffe293d0001ddc0fffe4941fffed132
0000000000000000000000000000000000000000000000000000000000000000
fffe9d220001dc24fffea95500008045ffff25f3fffefa810001664effff05f5
000057960000e955fffe112900019f09fffe4ed70000ed0cffff789efffe3fd1
0000000000000000000000000000000000000000000000000000000000000000
fffe0384fffe8036fffea66300006df500019951ffff2e0600014f81fffe9929
ffff1393fffeca020001c7130001f19affffbe3000018f3e000157ebfffec4bc
ffff18c2fffe97540000da9e0000ad52ffffbe9bffffc61e0000df640001c17e
ffff10b1fffe5dfffffebaca0001c8220000eb100001e5c70000ad4600000a1c
0000000000000000000000000000000000000000000000000000000000000000
fffe5d73fffe7d8600000ab4fffe90defffeb711fffeab64fffef42bfffe24ed
fffe2765fffe0022000102820000642000000c3afffeb9af00011ad2fffec4bd
0000000000000000000000000000000000000000000000000000000000000000
fffe390e00017c2ffffe2096ffff1f77fffedb1100000bbaffffa12700004fb5
0000061d00010d7affff5e5d000081e4ffff14340000e1de0001274a00007900
fffed4e60001cbf70000d1a400000292ffff60cb0001ec7ffffecdc3fffe4853
000193630001d25f00006acaffffb9a9000090faffff071f00011c90ffff13e3
ffff7b9afffecac40000e04e00014144000163470001f25300018d4f00013a4a
00014bc8ffff5c5b00012f2600012f670000b2f600005e6dfffe405f0001e4fc
0000000000000000000000000000000000000000000000000000000000000000
ffff1dde00002dd5ffff6c01ffffe953fffe29e6ffffa0aaffff83b90001627a
0001b805ffff1281ffff270500007176fffe96c7fffe92beffffee33fffe4859
fffff5640001bb750001b756fffe6f920000041d0000d6560001a063fffec370
fffea8ce000087ec00004cd1fffeeb0dfffe06ee00013292fffefff0fffea55f
0000dc9c00011c300000d539ffffb0c0fffec578fffffd7b0001fa27ffffac58
fffef6aefffe20ab0001033fffffbe2600011996fffe5211000042c900015181
fffecbebffff8ada0000a8b300010a200001eb59000052df00013da600010155
ffff4477fffec20dfffeedbb0000d3f30000a0e2ffffb842ffff4104fffe7512
00004b97fffe5f6000009a750000accaffff6465fffe98e8ffff6f80ffffce46
fffe0b82fffead80fffee2c5fffe0c39000198aa00012bacfffede170000da6e
0001109afffe5b47fffe80cc00018d990000efb7ffffd690000005f700010d61
0000000000000000000000000000000000000000000000000000000000000000
0001816affffb47e000145a1fffe6efffffee1100001f813fffffbc3fffe2482
00012ed1ffff93c4fffec8caffff51a5fffe2804fffe2a9cffff6aaeffff81e6
fffe303a0000a89900001d9e00006e0300005cdafffe8fdc0000ae990001755b
ffff237a0001e79efffec2de0001b5970000f9bb0000c9c2fffe74c8ffffd252
fffe234afffed9d900007e680000500d0001093b00017dcc0001b1d8fffe89b3
0000000000000000000000000000000000000000000000000000000000000000
ffffd396ffff7d4bfffe6ffb000132350001d2f0ffffe05c000106ffffffaea6
0001a29f000122e80001b6a7ffffb0da000151950000c6bdfffe560300001bee
00017d08fffeeb1d0001f7c8ffff14e600001a1500007a62ffffff3c0001e5d6
ffffc546fffe008a00010f9c0001ef2c0001ed96ffff782afffe5291ffffca23
0001fde2000017de0000fcc100013cb000013c8500014544fffe85a4fffeeba5
0001d78500019c5bffff56a9fffe99d00000329effff9e48ffff98b30000962f
00013ab7000130c000004095ffff4e690001682e0001e5b7fffe6babfffe8004
0001972b000017420000d5f10001dff00000f70d000178ee00003a9c0001882b
0000610afffefe7f000127d9ffffe618ffff467affff048b0000095d0001976c
00000405fffeacc00001835c000001bbfffe8a4bffffc9b40000a636ffff731c
00011755ffffbb29fffe16d6ffff2831000083d80001f02d000170abfffe2ef9
0000f516fffe74240000ac440000456c0001aa2b00010ccfffffeacffffeecae
0001c63cfffe01d20000068f0001874b000167b4fffe275800009b1600007234
0001a4eafffe25ff00009b4cffff59adffff407900014abf00010f61ffff4029
0000d51d0000cf26fffe2be600017a98fffeacbcfffec9850001fe6cffffab00
fffe3290fffe37060001d0a3ffffd527000170940001ec40fffe0c0000008434
0000000000000000000000000000000000000000000000000000000000000000
0001c531ffff22f7fffee4e700015e5bffff7ed7fffe4400fffe4a73ffff206e
00004256ffff51ac0001a182ffff5fce0000b2f2000002a4ffffaa81ffff0134
fffe0f0b00003f84fffe15a2fffff7cafffe6d780001607e00013ed5fffebaac
0001a334fffe5b8ffffe20f7fffe844500011754fffe3ec30000ca8f0001a8ae
0001bba1fffe91c5ffffc7c800001f690001902100003a3bffffa6a3fffe723c
0000879700010b8700014ebb00009277000182caffff3f77ffffa65afffed046
fffe8aaefffefa240000fd6c0001a52a00002c510001ceee0000f0dcfffef75f
0001c15cffffda23fffe8db70001e70cfffe13c2ffff324a000136deffffd041
ffff32af0000058c0001fb59fffe4a5dffff472300001c5fffffc852fffe63c5
0000000000000000000000000000000000000000000000000000000000000000
00001def000185840001e0c40001f5aaffff1e9efffe150d0001586ffffe7046
fffef0f00000e055fffe593a000119e20001f1dafffe8f670000f782fffff419
fffec95dfffec13000014dc50001e5d60001cceffffe94c1fffe1d8800003d81
000167be0000f0ce00011c6d000143cbfffed3fafffe5f75000039f10001b1b2
00000043000081de0001f67900019eb700016e950001fb7dfffea86dffffd3d5
0000b45e00017157000147190000f0050001e5a3ffff4388000036a7fffeb389
0000e6e00001de64ffff366cfffe6e9dfffe55af00011a3afffe7a7efffe3948
0000000000000000000000000000000000000000000000000000000000000000
000159bf0000383f0000139dffff89cf000015f3ffffe7e7000176d7fffe7db1
ffffd3a10000d539fffe2a74fffe5cfbffff97e40000fd090000f7cb00007ead
0001fbea00000bf7ffff2c00000043fefffe35bf0000d2030000baf9fffe0364
0000000000000000000000000000000000000000000000000000000000000000
fffe0446fffef86fffff7926fffeef5afffef2210001c75c0001952cfffe95a0
00010ab7ffffdb2afffeafa00001348fffff78e6fffe3b94fffe4fc40001dd19
00012d2f000171c10000f558fffedccfffff341cfffe8e82ffff8b4e00009b64
0001d3a2fffe8fc9fffefbb3ffffea490001778dfffe4eaf0000ade3fffe5210
fffe7725ffffefb100011cc0fffea60fffff98530001b2f7fffe450f0001abfb
ffff4c780000e1e000000d2b00019faafffec5cd0001823c0001a1ca00001ba9
0000000000000000000000000000000000000000000000000000000000000000
ffff35a3ffffa0b2fffe5de5fffe978effffd1bdfffe853e000193b20001272b
00014a7a00010945ffff5ff1ffff53d6fffe1029ffff396cfffff39e0000658a
00019b96000055200000fabeffff10e5000064a0fffe492e0000b28f00019836
ffffcd8f000009ee00002c28ffff55aefffe06960001c95efffff93500009848
fffec901ffff31c3fffe664400004197ffffa3b3ffff796dfffe10a500013d3c
fffecd1d0001e1b8ffff9bed0000ce890001446a0000f788fffe493b0000421c
fffed2defffeac1dffff073efffe6ad70000b7cd0001bbcb00014b37fffed967
0001c82f0001b05d00004593000088b30000871bffff172f0000c413fffe2e3f
fffe078cffffbaf300005dc9000049fe0000aab5ffffb8f5ffffdc8c00009cfe
0001d87afffe5d0dfffe8a7100011265fffe9a2600007813000092940001dfdc
ffffbfcc0000373000009ab70001465b000177a0ffffa0bd0001a39affff4f6a
fffed514ffff83d60000a6300001a80afffe5b840001721e0001655bfffececd
000099cdffff9fd7000183defffef2980001f23a000170d6fffed1900001ee30
0000a1fc000086ec0001d3edfffe11db0001c1a0ffff3a0fffff509afffe9d0d
0000000000000000000000000000000000000000000000000000000000000000
fffe2383ffff8094ffff8f640000a0fa0000020b0000b26bffffae96fffed6c7
0000291afffe1b820001aec6fffefb1c00008e08fffedcf0fffea8650001f7af
0000e3f100008d48000083bf0001b3a5ffff29b80001165b00012a6efffe5931
00008666ffff0c910000f23bffff13b80000acf90000b521ffff656f00000572
000079bffffeea3bfffeafb30001ee2bfffeffb400012ef100016544fffe2603
ffff64400001fe200001d119fffe23e0ffff2f99fffe132efffe6802ffff80ba
ffff4a33000194f8ffff028ffffe07b50001bfe100008309fffec906fffe67a9
fffe945600003c710001dc2b0000263afffe3a90ffff8c8bffffdeacfffe05a2
fffeae04ffff3345fffea564fffe98c40000ae91ffffeae7ffff91e2ffff5df0
ffff064c00014ca700006539ffffe39a0000f8610001413dfffe1f7700018d87
ffff6bda0000507d00016190fffed01dffff9821fffea657ffff7d2800018d53
0000000000000000000000000000000000000000000000000000000000000000
0000bdd10001820affffa8a50000ed060001d1b0ffff6a7effffe2980001eb40
00018a4400019dc6fffe56120001adc9ffff86ddffff72dbfffeb9a9ffff75db
000010c8fffea20c0001cf18ffffa3d3ffffd588ffff912affff7c4effff7404
00000fa6fffe6e92fffeccf3fffeba740001c5d4000003a4fffe4cf00000a0b4
00005bf90001106400012f5f000054feffff6df1ffff735effff8912fffe043a
ffffba25000163c3ffff538effff6a9cffff656dffff9df5000161be0001f61f
0001de4d0000f8c80001e2b000011b86ffffb96dfffeadeaffff8cc3fffeabb1
0000000000000000000000000000000000000000000000000000000000000000
00015ce4ffff560000017089000152d000006c000001588000002c9f0001e6c7
ffff681effff1d170001567f0000fcf0fffe51d8fffe310f0001955b00010a95
000194e7ffffde110001973cffff0ef100000e310001decbffff7f8f000142f6
0000000000000000000000000000000000000000000000000000000000000000
000098bc0001976cffffd38cffff8f7afffec6360001bbe5000052eafffedee1
ffffe28000017795fffe66bbffff77090001954c00001aca0000e6c5fffea017
ffff085d0001468000017c33000100870000052b00007bed00015e5dffff89ac
0001548c000117620000a9150000e7cd0000b567ffff09490001016400013431
0000000000000000000000000000000000000000000000000000000000000000
fffeb96500016506fffef5d70001ad050001a7290001af07ffff4d39ffff3db5
ffff142a0000a7320000eb900001088500008ba4fffef02f00015746000157da
fffe08cafffee61e0000a31c0001d2900000324ffffe41290001eda6ffff062f
fffe161affffbe96fffee6ac0000abc00001fff4ffff5403ffff3006ffffc2b1
fffff219fffee6bf0000710bfffe821afffe6637ffff86e80000151d000141b3
0000000000000000000000000000000000000000000000000000000000000000
0001f2d8000002e9fffed10400007ef6000064a2ffffbb02ffff12940001e3ce
fffe77a500000dcd000015a90000b287fffe528d00001aac00016ce5ffffc372
0001970dfffee422ffff0913fffe2ed20000ba7b000076d40001c9cdfffe396d
fffee6e00001ac73ffff08ecfffedd660000765bffff9423000127cc00003fe9
ffff0b2100010e840001e7e600013a9c0000dab10001d150fffe16f1ffff922e
000135d10000df39fffe4c150001b5da0001db5900009f0b00016498fffea311
00015c95fffea9f9fffe9283fffe783dffff8afc0000dba9000065dafffe0925
0000000000000000000000000000000000000000000000000000000000000000
0000665a0001318e00002816fffe78dffffef0500000cd9e000198990000c6c1
0001fd64ffff5e920000542c00018b6effff410200010654fffe8453ffff2da1
000173d7fffef592ffff0f0bffffb119ffff185e0001d72efffee4d200002c8c
ffff00cffffed0fcfffee6eaffff25e8ffff0f1f00018a00ffffa1dd0000e86a
ffff99c1fffe3dabffff7947000103b7ffffe78c0000d9adfffece8effff60e3
0000938dffff672cffff09b20000e2cbfffe93f400003ab6fffefd9effffa4a5
0000d8db0000bc7d000159a90000a831fffe4369ffff0eacffffd9fc0000fe42
0000aa120001779cffffd2d8fffecdc5ffffee50ffff8880fffe022fffff689b
0000000000000000000000000000000000000000000000000000000000000000
fffeeaa000015a44fffeea0a00019691ffffa2510001fb090001482effffbe31
ffffce9dfffe9e2100019b440000ad14ffff548a0001f4b0fffe81effffe985f
fffe4fd600006be500017a5dffff66470000bb0c0001dce9ffff4e47ffffee74
fffed358ffff8553ffffc796000165ea0001d09fffff535b0000c0a3ffff49da
0000000000000000000000000000000000000000000000000000000000000000
ffffd615fffeaf99fffea71c00007f6ffffff7e3fffe8069ffff06ad0001d6e5
000167ccffff0cdbffff4606ffff62e0ffff949a0000d224fffe1ed4000095ac
0000875efffe30cf000042f6fffe13730001ac78fffe5b350000df860000be0d
00011b7c0001f1f300003afa0000ebf5fffe18b60001c8bc0001e75700014566
ffff0836ffffc4110000af630000f9620001f0bc0001266a00011af1ffffe1aa
000101c90000d68bffffccfd0001ed21ffff7550ffffe97f000148b4ffffc09f
ffffcbda00011cc30001de3600000a4100006b98fffe775e0001335e00001af4
ffff502700011a2e000163a900000cd2fffeecedffff2f81000158dafffe4252
fffe14b2ffff59fe0000c3cb00000e4e00002e1dffff5acbfffea6c0fffe75c8
ffff8e91fffeaa66000088e9fffed9adfffe8647000129210000f89bffff756d
0000000000000000000000000000000000000000000000000000000000000000
000071610000fd50ffffbcec00017ae1fffecbfffffe7f81ffff2e9d0001d7f9
ffff6d1400016755000039b1ffff95b200010ca10001a6e8ffff784e00019d42
fffff4500001ea83000181300000168affff4afcfffe611e0001cab70000cae0
0000000000000000000000000000000000000000000000000000000000000000
fffedf6e0000c724ffffbb69ffff15feffff53f1ffff5bb3fffec9ec000176aa
ffff5b34fffe6aba0000ba1f0001f41a00002c0cfffee1ed0001b567ffff220f
0000000000000000000000000000000000000000000000000000000000000000
fffeacab0000fb920001e2d60000939e0001b975ffffe111fffe038a0001a292
fffeba25fffead1bfffe49b8ffffe107fffe1df400012c8c0000591400000473
0000000000000000000000000000000000000000000000000000000000000000
00001b0afffeb4fe0000fd38ffffb70affff7a61ffffa0b100013d1200013dd1
fffef26400010247ffff5828fffe56bafffff774fffea5ea00007936fffe4dea
00000f93fffe70c7000007100001cb7d00002e93fffe8d420000af2000003b4a
0000000000000000000000000000000000000000000000000000000000000000
fffed6dcffff3a57ffff7ab200015054ffff6ebd0001c844fffe8309000116d2
ffff40990001dab2ffffaddcffff07ff000065e7ffff0338fffe11eafffffab8
00010edb00018cedfffff766000166ecfffe0928fffff5a2ffff1def0001c8b3
ffff82770000838dffff2f7f0000f8b60001b01efffe31cf000107c9fffec549
000193b00001bd18000100790001c95e0001d5b1fffeff540000f4b50000426b
ffffccf5ffffa3b8fffe0c77000043790000b7570001299700006dc3fffffed9
0000000000000000000000000000000000000000000000000000000000000000
ffff33fefffe25d3fffe60df0001710affffa4a7ffff0cc8ffff63cc0001d7cf
fffe0eb40001bc27fffe78cb00000f390000049000014148fffeabaa0001c6e1
ffff21ad0001f3a10000d1defffedc1bfffeef7efffe1c35fffefec80000b174
fffea75bffff947b00007b86ffff3eccffffcdd0000095040000801c0000bf19
0000000000000000000000000000000000000000000000000000000000000000
000186b7fffe183bffffee6e0001b589ffff70130000f3f0000189fc00003a66
000077f8fffe0d790000b7c1ffffd6d9000039dc0001b31900006641ffff1372
00008bcb000005ccfffe4dfbffff619300005c56ffffe58effffff8ffffe43b4
0000000000000000000000000000000000000000000000000000000000000000
000176ca00016c6300003ef8fffeeb3800010325000004b10001fa3efffe4539
fffed1080001c930fffe347c0001da01fffeb21c0000e38e0001dc0c000120a1
0000f8c30001dbf4fffef21bfffed00f00001c42ffffad22fffeb28900010edc
0000000000000000000000000000000000000000000000000000000000000000
ffff5a5b0000f897ffffa59d00002a7f000008be00012e89ffffc242fffe8a01
00000ed5fffea09fffff3ca1000063f80001255affff28e9000134b2fffe46e0
ffff59ea0000ee230000b8baffff5cd5ffff958dffff426500003a91fffe2b7e
fffebb420001cb1cfffe4eb9fffe3ceb0000eda40000c7f7fffe41440000acf4
0001a87300002bc50001be170001d12c0001de0b000063b5ffff78bbffffface
fffebcc7fffe685bfffee42400007ce80001c93000019b58fffef3920000b6cd
0001ed66ffff11fbfffe4dddffff88f6ffffa50500008d03fffea617fffeb479
ffffe13200019e950001b67b000052eb00003535000130110001d68e00015507
fffe1ecb0001b1b2fffe33b5ffff4597ffff6a59000021fffffec645fffe70b7
0001544bfffe3d880000a155ffff32a9fffe669fffff89f2ffffd0f30001bd82
000111200001ee170000db1a0001feda0000740600019487fffe03affffeca33
0000187b0000cdee00010f06000072c8000148bcfffea99bfffe818efffeb426
ffffc694fffe3253fffef23dffffc7800000754ffffe4d1cffff227efffe4cfd
00015f3e000143360000cb57ffff74c4fffe8e3100015e5c0000e11600010136
fffeece5ffffccdaffff0f2e00001f39ffffe88700000713fffea901ffff1cf7
0001a812ffff82c1ffffce16ffff62fefffe8e24ffff6970fffeba0f000152ef
0000a4150001eb0fffff381dfffe38c5fffe27820000d9e3ffff992afffe1652
00000babfffef70d000162ea00012fecfffff10bfffe6cbefffe6b2f0000b796
fffeb688ffff4b62fffe292d00019db8ffffe0aa00000970000081c2ffff090a
ffffec690000fd5100002d9a00009e790000056fffffc16f00001764ffffc05c
fffe1a94ffffefc0ffffa37f0001b2000001af4effffd173fffe029c0001c14b
00014323ffffcc1f0000045dffffd82bfffee4e90000ec6800013b56fffecde3
000024870000d810fffe9ac30000cb4ffffe227dfffecd5cfffeb2830000157a
0000000000000000000000000000000000000000000000000000000000000000
fffe5e9c0000814500018220ffffef530000ee20fffe7220fffe7758fffff19c
000022a900017b7800006dc8fffe46bd000109dfffff0b7e00007b0700018e36
0000dc65ffff7056ffff3696000039e800010c3bfffeb918ffff9b7afffef7a9
ffff2bfafffeec22ffff0dfa0000beff000063b7ffff10ccffff44ba00016455
00014f03fffeb469ffff4caf00001cd6fffea60dffff9dda0000e06e0000e364
0000000000000000000000000000000000000000000000000000000000000000
ffff9fabffff2d910001e4d6ffff414dfffebf9e000111a7ffff35640001be61
ffff453cffffba8d0000f3d0ffffaf6ffffe2da60000076f00017279fffe8504
ffff4e5b00004a85fffe17d0fffe45dfffff97c2ffff24aa0000ae980001366f
ffff0fe4fffeafdefffe09a8fffe91cc00005902ffffe0a8ffff02d00001f3ef
fffe0e03ffff4d360001268dffffd2fb000177ca00009652fffe040400005242
ffff37640001d600ffffb9db000015edfffe28baffff208cffff9ba0ffff3202
ffff91b2fffe523effff8cf700014c17ffff5fb5ffff8e2bfffedab0000198c7
00017e590000af26ffff02e90001ce350000220800008f7d0000844bffff7ff6
ffffe7030000777ffffe9d3fffffb01bfffec2eb0000665f0001ace7fffe4831
0000fdde0001e7b600004bcefffedc9efffea8c900014dfafffe8552ffff902a
0000000000000000000000000000000000000000000000000000000000000000
00005a41000161fb0000b467ffff16df0000f3120000c06dffff59c8fffe0a15
fffff930fffeeb26fffee005fffed39afffe2636ffff5d030000603dfffeb316
0001a1c8fffe3f2affff9d230000340c00013741ffff1f8fffff8e3ffffed52c
ffff3e9fffffd029fffe86a800003fb9fffe4b460000acf3000006f9ffff5a3a
fffe30b7000138fc0001f9e4000012fb000039e00000cfcafffe970affff71af
000165f200019af700017b9fffff4feaffffd2ae00014d2afffe479afffe7449
fffe4ffc0000880c00012397000165c90001a02cffff3511ffffa234ffff03a1
ffff3500fffee9ba00010128ffffc6db00015104ffffdd24ffff2e6ffffefcba
fffe471e0000fee9fffe7dc2fffedfa10001f95c000162e200015916fffe1868
ffff07650001f22effff01e7fffe2c56ffff512f0000eb86ffff25e00000f85f
0000000000000000000000000000000000000000000000000000000000000000
0000d65b000127ee0001fc38fffe602e00004f500001399a0001225b0001e126
0000794bfffeaa8ffffebf17ffff291a00011bd400003b95ffff24c800007d5b
0001b9a80001d284ffff6bf8000045bf0001b54cfffe91a30001512f00015b30
000085190000b1bf000038c80001634cffffb544fffe1193ffff528200006502
00007f61ffffdd740000d9a7fffe719800015f50000097980000f9d9fffed1b8
fffef152fffeb66d0000a722000069b40001ea800000531f00004ffb0001e330
ffffe880fffed1750001566effff3a8affff18ceffff6158fffeff180000bcf4
00018d8bffff77210001518a0000684a0001cde90001f2d1fffe865c0001fc95
fffeeb2b0000ce87000054b9fffe711e000139ecfffe6a55000056e00000532a
ffffe8e100011d77fffe9d82ffff6488fffe992efffe1005000163650001a72a
0001f28e00016db3fffe6375ffff837bfffe37190000bb75ffff8f2cffffe547
ffff0ff90001ea81fffe047600008b5affff30bbfffe5c030001200f0000ac9b
ffffc119ffff0aa8fffe9a30000115fc0001db49ffff001f0001ce80ffffd462
ffffd993ffff91b600006ae6000179fcffff90b90000485700007dd300018c8b
00002d6a000184a2fffef86afffe616800002751ffff45cd0001ea51fffe57c6
00014991ffff0cac0000c150fffe0cc50000611c00012d18fffec532fffe95d5
000153690000f9cdffffe905ffff824c00018bee0000c3860001c6c3fffec168
ffff3eb9ffffd973ffffb5a3ffffb633ffff40b700000f7100014b510000d55d
ffff94b8fffe827affffabb8fffeae81ffff1de30001c6ceffff3d860000f0f1
fffe1f68fffe314fffffc8b70000aa39ffff2ef000000eadfffeb20000009cb2
00012dad0001dfc200008e470000a45800004bd70000bf96ffff201400003b13
ffff08d6000135ca0000a69efffe768dffff139900003e95fffeb2a20001ba17
ffff9c9b00002ee80001ea12ffffe5c200008693fffe1e5affff9d94ffff37f2
ffffa4cbffffd315ffff3bddffffa42f000082dd000000d80000527600000a9a
fffef6f8ffffcddeffff7829ffff4392ffffa50400006dae00013a8e000176e7
0000000000000000000000000000000000000000000000000000000000000000
fffe1edd0000588affffa152fffeab3400012411ffff5533000107b80001bd5f
ffff6869ffff89b3ffff983700010eeffffe82d500005590ffff6c260001577f
0001a156fffe7b18ffff505afffec78b000107a7fffe80c1ffff26c9ffffa5b2
0000f988ffff6f39000163a9fffe0e38fffee00500000b34ffff519dffff596e
0000eed70000d3d5fffff77dffff82f10001ac76000197330000cd5f0001e32c
0000000000000000000000000000000000000000000000000000000000000000
ffff5df50001e762fffeb710ffffb22cfffee906fffe316b00008ff2ffffb732
000171deffff69e60000d37ffffe5bc4ffffc2a1fffed723ffff051c00013ba7
0000000000000000000000000000000000000000000000000000000000000000
0001aa3f0000cb83ffff4991ffff72d3ffffe493ffff294300002ef0fffedc31
fffe840f0000a358fffe519b00015f510001ce31fffeafc2fffeb1b50001e826
00004156000128a1ffff155bfffe4de90000586a000120ed00011643ffff2107
0000f72effff5c9f00016b1b00010bbfffff1bacfffee199ffff86410000c2d6
0000c8e30001d68d000044650001d9780001c1e500008cde0001c6d600004f87
0001a46500015b2effff1cbefffe0e5c00000a7e00002f56000048d9fffebeb0
0000552d0001dbc2ffffbb190001ac030000f7770000c8d400008a550001582f
00018b5b0001a370000173420000f9aafffee671fffec936fffe1d37ffffd371
fffe11dd00017a68ffffae92ffff5196fffeaaacffff23a6000115d80000e165
00010a4dfffe1b0efffe6e4700014233fffe2db3000114bbffff717dffff9938
00018af0000174fffffe59cafffee94efffec31100003da300016835ffffda7b
fffed3b3ffffd6edfffecda5000050acfffe76310000f2b0000155d9ffff7bd8
0000000000000000000000000000000000000000000000000000000000000000
fffee0dffffe471a00007480ffff0f120001b7e9ffffdc4bfffe83500001c09a
0000d0e000018caf0000a9b4fffeeafbffff9e5cfffe9c37ffff91070000dd69
0000be25fffffac9ffff0621000141fd000112c6ffffc47fffff2445ffff470b
fffe193d0000349b000061aaffff2af10000362ffffe925b00015e4600007c59
00013e21000048c200015676fffec2c10001617d00003b5ffffeff99fffe66b9
fffe4c1e0001d37fffff4365ffff7fb5fffedc600000a62500008eeafffed273
0000000000000000000000000000000000000000000000000000000000000000
ffff581cfffe6a8fffff59e1000157bd0001d05a0001b2ab000073d4fffe0ad9
0000000000000000000000000000000000000000000000000000000000000000
fffec69d00017f850000630ffffe3dbdfffe50d600005a4bfffeb845000131b8
ffff88250000e0990001a3cb00001d93ffff28e9ffffd33e000011b200015ed8
fffe77ab0001045a00005030ffff5724fffec82f000126c400008e75fffee335
fffe59c20001ab4300007e1a00001bd9ffffa27bfffe3676fffe9ff7fffefd1e
0001ae4affffa4eb000009ac0000ef4efffe7f8b0001eb840001f7f00000a02d
0000390bffff5024000127b9ffff0f9afffece22fffe8239000062b90000ba1f
fffec3cefffe44a000018a55fffe65f9ffff15b1ffff5bf3000082b6ffff1282
00010fe100013af9000051c700011e46fffe6143ffffca4800001d9c000125b7
0000000000000000000000000000000000000000000000000000000000000000
fffff7bafffe1ae30000600a0001e10cfffe65efffffaa4fffff822d00013b77
0000000000000000000000000000000000000000000000000000000000000000
fffe6f35000199b4fffe567affff04b40001c3e600017ec900011d08000023c2
0000900afffe9ad8ffffa56b00004d7dffff08e4fffe379e0000ea0effffd0e9
ffff3063fffe4efefffe5ceefffe766dfffe25f20001e814000164f700010c08
ffffd9f80000b3320001ee70fffe208bfffe690c000075e2fffeae100000768f
0000000000000000000000000000000000000000000000000000000000000000
fffe86d90000dfd9fffe2b3a0000580600000dc0fffe4acdfffe5d170001f9ce
0000000000000000000000000000000000000000000000000000000000000000
000066db0001087c000160bd0001608e000155280001da22ffff183affff1834
ffff2542000121a9ffff2b09ffff064800010dc8ffff5c840001b59200015447
0001220300017165ffffb91500012190ffffe341fffffd0bffff15d3fffe7e31
ffff052c0001a6e40000e897ffff92f4fffeb7160000a814ffffdef0000162f5
ffff2826fffebb8e00001174ffffe58d00004a750001b43e0000a331ffff7986
00003f79ffff994affff07ef00007978fffe6c10fffe72aa000127740000f6bb
ffff915b00016f68fffe0fa1ffff90b6000022d30000fd1cfffe28ed00010b76
00016d9bfffef65c000095540000b708ffffc8940000bf71fffe9651ffffd15f
fffecea5ffff5acc000112bd0001a40afffec2ef000066b10000f08b0001ef10
0001036efffed4080000d86cfffe3badffffaf2effff9847ffff7e4a000156d8
ffffa95100010ce9fffe4e6e000085d50000c0890000a8e6fffe27a9ffffd664
00018febfffe62c7ffff5c33fffe35b500019375fffe502d0000149cfffeb1ef
00003782fffef8b5fffe20e4ffff4787fffeec76fffe8daaffffd8f60001778c
0000000000000000000000000000000000000000000000000000000000000000
00019e51fffef236ffffe17fffffcd8e000011b70000ab61ffff620600000680
00001a34ffffdf86fffff02b0000ce2dfffe9f370000d2020001b862000104c2
fffeae0affffff0500017abe00001c60000157d7ffff642b000134fbffffab50
00001305fffecf6c0001bd50ffff222afffeb5df00018a480001197e00010b6d
fffe0bed00006fe70001ce7c0000af8500001a54fffec6180001627effff0615
0000fe4f0001e44f0001fab00001fad0ffffa30a0000f214000142b30000639a
fffee1eeffffb45d00018304fffe34be0000bd36000140e000007b38fffe68e0
00010848ffffe8310001f5d00001ad9effffd36cffff36f10000fadf00011184
0000000000000000000000000000000000000000000000000000000000000000
fffef338fffe1e850000678cffffda33fffe5a5dffff242bfffe00c700006112
fffea3410000fa860000ef87fffed290ffff5eff0000cef30001ae7affff13cc
0001d042ffff391effffc7eb000057e2fffebc060000f38b0001d1ee0001d053
0000000000000000000000000000000000000000000000000000000000000000
00009d640000b177ffffb42d000017c5fffe19aa00012addffff0de1ffff40c4
0000000000000000000000000000000000000000000000000000000000000000
000131e6fffe9325fffe4fde0001241a000067ee0001c2f4fffebfcd0000fffa
00007a4effffa979000155380000241d0000bf9500006da7fffe913e0000964e
fffe27ef000089c4fffee5b70001f2b70001da8affff54ddfffedfbfffff6202
000028c6ffff5cecfffe81edffffdfb4fffe93da00004f76fffe7ffb0001ff82
0000ee8700002aff00006978fffe5197000168d90000463bffffd0ef00015a71
fffeb706ffff4fb400005da7fffe8d9b00000e44ffff4927ffff69f30000756f
0000000000000000000000000000000000000000000000000000000000000000
00004b0b0001fd60ffffb1a3fffe2dbaffff66dfffff863fffff56320000d4d7
0000e072000116130000bf98ffff3cbefffe5caafffe6a79ffffd405fffe6c44
ffff9319fffe1e0afffe19a0000001da0000f59efffe8a24ffff0489ffff3ea9
0000000000000000000000000000000000000000000000000000000000000000
00013151fffec81500004e860000dab300012c420000531b0000fac9fffeafc3
fffee13bffffb3d200002686fffe942e000050b90000199dffffdb74000050f9
fffec8170000be5100013a55ffff1d8f00001d9b0000d12a000107e800001795
000001250001ac2600002a82ffffd1de00008d4f00012f640000ec15000079b3
0001367b0000f230000142480001196d000058bb0000d8e8fffe854bffffd990
0000000000000000000000000000000000000000000000000000000000000000
fffffe540000e469fffe998b00019c80ffff97e4ffffa518000014550000056d
ffffb042fffeca67ffff710afffee99cfffee1390000d8e60001e31d0000a075
0000000000000000000000000000000000000000000000000000000000000000
fffe7518ffffe84afffe87bcfffeccf10001c2b0ffff1e3500007c92fffe8272
000141fbfffe933cffff0daaffffdd67fffe650cfffea3bd0000a75c00017eb2
0001f8fc00015936ffff026200005816ffffc161fffe78afffffc3e2000011fd
0001451dfffe37b20001be03000190cafffedd710001990c0000298f00004f3e
0000000000000000000000000000000000000000000000000000000000000000
00017145ffff49abfffe4e71ffffe79300014e90fffe9511000021adffff9515
fffe01f400011b4f0001a274ffff63d80001bcf900004dc70000cd68ffff5d83
00008a30ffff3d98fffffdac00011ba2ffff2c1a000128580000ef210000c0da
00015a8f00014464fffe50e3ffff8db70001bb00fffea5550000ad8efffe54fb
00001f03ffff4d56fffe7078fffeecd9fffe092cffff1cc2fffe6abbfffee8da
fffe743afffef0fe00002b18fffee465fffe82de00004052ffffdb4afffe1bc1
fffe32ab0000be14ffff2e60ffff3bf8000129b4fffebe0dfffee5c7fffe6ff1
0000000000000000000000000000000000000000000000000000000000000000
000114050000b6a6ffffddf9fffe705a000148510000b345ffff264dfffff3f7
0000000000000000000000000000000000000000000000000000000000000000
ffff0f29fffe3ff700015972000069800001068e0001722effff636800017065
fffea28d00008f3affffe6d3000091ffffff86c1000079b7ffff2e5c0001a42f
00018cdbfffe2dbffffeda5a000010970000590b000108b3ffffc35dffff9d69
ffff3b6100019ca4fffed4d40000c5f8fffe0c0bfffe4675fffefc16fffed803
000009c4fffee1bd0000fea7000089950000673cffff19480000967b000103a0
00017130ffffc77ffffffcdffffee680fffe9135fffe201d0001363fffff6ed0
ffffc2ffffff2316fffe820e00003b0afffe0506000052daffff222a000101af
0000000000000000000000000000000000000000000000000000000000000000
0001ba29ffffef27ffff27dfffffababfffe584f0001e34dfffef4390001acbb
ffffc59a000159db0001fa8b0001af0600012798ffff557a000104410001607c
0001b295000083c4ffff850c000084b4fffe89fa00001918ffff7872fffe8e72
fffe6cecfffe0ef4ffff53b20000d44afffed3800000d0c0ffff4d8efffe07cd
0000000000000000000000000000000000000000000000000000000000000000
fffec14afffe3c2b000195b1000088a200015514ffff4513ffff468affff9617
fffec926ffff6624fffed618000026d5ffff98a60000b5dcffff07d4fffe0787
00007297fffff9c9ffff5650fffe309fffff47cdffffe7e50000803afffe4209
ffffcaf6fffe1eaf00010e3d000088d8ffff7ff9ffff1f4d0001fc9800012d6e
00001f1500009325ffff523600006c64ffffe779000140a6fffff5d700008bb8
0000000000000000000000000000000000000000000000000000000000000000
000170ba00015abb00016945fffea4d7000071bd000138a7fffea4acffff5302
0000a5d7000013970000f4690000e748fffe2c1a00015d8f0000ce28ffff506f
ffff5a7800015238ffffeb2b0001d2a400001260ffffa252ffffd89300014bb7
0000000000000000000000000000000000000000000000000000000000000000
0001c1feffffb223fffe896e00014dddffffa5d3ffff88bf0001e531ffff3e0b
00001441fffe19440001df1e000053e70001d3adffffabdb00019f4effff4935
ffff21fcffff21eb00014340fffed8acffff948500012fecfffe8b1c00019316
0001b3e1ffff87fb0000cff5000058b3000137aafffeaef60000d9cb0001d1c0
0000484e0000cf8a0000b3d4000012d30000f95dffffef1900012a2b00002350
000068b600018432fffff0380001573bfffe2921ffff63f7fffe397e0001c3bb
0000acb50001bb06ffff019c00014906ffffa098000031ebfffe9cd400008d80
0000000000000000000000000000000000000000000000000000000000000000
ffff9877fffe71b9ffff4c09000096520001d8940001cdf10000ff82fffe85a6
ffffd490ffff935ffffecb3c0000ebfa000120c2ffffafc9fffeefc2fffebb6d
0000000000000000000000000000000000000000000000000000000000000000
fffecc680000d20ffffefd3700000f1000001f84fffee5480000fabb00011eeb
fffff243fffea29d0000169efffff886ffff252bfffefba6ffff30dbffff2ecd
0001104b0000ea1300007703ffffa3e30001ef94fffe7914fffe39d70000db2b
000159b8ffff84030001de3d00007816fffe5f5500016e58ffffa4df0000d19b
0000000000000000000000000000000000000000000000000000000000000000
0001986b000138f1ffff13ef0000cc00ffff5e39ffff6db3fffeec6600002098
0000463afffea33dffff6ee9000003720001ce6e00006e880000f5da00000aae
0001bcd4ffff628f0000ba8d0001fd140001c1e9fffeafe9fffe4b64fffed3ae
fffe11c5fffe1026fffe38020000c69d0001728600019c94000039430001d8ab
0000bf26fffef543ffff3e43fffe5431fffe27a30000a61000008a6cffff2f9a
000193260000831affffa527fffe6faa000008320001aa570000a4d6ffffe6dc
00017402fffeab5afffe8d660000c2dd0000996a00002e9f0000244d00001732
0000f0e60000e5b20000c680fffec42500011dbf0001b120000029cdffff0799
0000c64ffffe9858ffffa9690001697100019440fffe0289ffffced80000e106
fffefcb9fffe9a8a0001c066ffffd720ffffaceffffec819ffff55a1fffeafe1
0000000000000000000000000000000000000000000000000000000000000000
0000ac590001de81ffff6741000088df00005bba0000d354fffea2a1000036b5
0000000000000000000000000000000000000000000000000000000000000000
0001b3dafffe54a8fffed34100018cbbffff80f6fffe950000008b8d0001c3ad
ffff2cf2000034c900015bc600011c4d00010328ffff8f49000071c200004d7d
00002a80ffff898effff6e3c00012ab20001a977000096340000598effff1ae6
0000000000000000000000000000000000000000000000000000000000000000
000173db0000c118fffe1425fffe479f0000732f00001c0fffffe5910001f4bb
0001981800018aa7fffe06fd0000b338ffff2f4ffffe154200016c45000009d0
0000bb25000090f2ffff81b400018d530000515b0001d4b9000034d2fffff0c0
ffff220afffecf2bffff45eafffe01b3fffefdaafffed48dffffa7c900014fef
ffffcc4a0001f4a30001a76900004c57fffe0c060000ef10ffff4eb20000a9c7
0000bad4fffeb0c30001012efffe9404ffffa728ffff3c14fffe5596fffe5bff
000100c3fffeb2eb0001147300017317fffea3b0fffe08d80000a212ffff1d6e
000142b8fffe8a32fffebd5cffff8a96ffff5d34000171470000c22afffe4210
0001413000001380fffe1d7a00018294ffff36e40001301e00000262000175f2
000038a000004304000164effffeb4f4ffffb26afffea491ffff90bbfffee434
0001b26400017528ffffc46d0000e114fffe736100006cebffff37820000a721
ffff7f3d0000e650ffff710c000009e50000bb95fffeea74000095720001de71
ffff3bcbfffe407e00006e19ffff37790001b8c80000e3260001d6f6fffef8dc
ffff56a0000102c8fffe4dcc0000bc4000017e3c0001e1dafffe771700008ed2
fffe6172fffe6721000115b40001271300000a1a0000e350fffe237400008e5d
fffe8f82fffea3d0fffffff8fffe5a7dffff4fd700019be9000044e1000137af
fffec42e00019f910001d31cffff0241fffe723afffe0baf00009b62ffff039b
00014d830000772bffff3ac1fffedfb60000bef40000d0ecfffe2c9efffec178
00002596000000c20001d6a8fffeebe90001fe5bffff348efffeacafffffd1cc
0000000000000000000000000000000000000000000000000000000000000000
ffffffde00005062fffea3abffff9261ffffd2f30000449dfffeb9fd0001654e
0000d2410001a0e700014a82ffff29defffe10650001c0810000bdfa0000b2ef
fffee1ac000024690001a95efffead360001d5c500004abf0000b8a7000090c3
00005a390001a3340001b5e5fffed2110001a65700014aebffff58f70000907c
00009d820001f85500008b1afffeb76c0000706cffff273affffc9f90000287e
ffffbc04ffff6933ffffc7d8fffe4d4e0001c590ffffa8d1ffffea3800007e87
fffe173900006f50fffe85b2000070f5fffeb71a0001385200000b3800003243
0001a51a000084eb000096b00000c47afffe6bdefffebe4cffffb251ffff1272
0000a17c0000096d0001235100011e0c0001e186ffff57c800005e3900005bb5
00017fc1ffff8f1affff9c5400012a62fffe4023fffeb3dc000182c2ffff6c71
0000000000000000000000000000000000000000000000000000000000000000
000191810000bbc8fffe6e43fffe4796fffe1bc7fffe9a99fffe99df00016d64
fffe19d3fffee330ffffffbbffff88ca00017bfd0000dd54ffff055ffffe6fe5
fffe620a0000cc140000ce8600004fde0000dc23ffffc0ffffff168500010d5a
fffe75c90001365f00016000ffff69caffff1b0100015d64ffff366e00007163
ffffffc0fffed296ffff79a50001e6b2fffeb5affffff2a400013299ffff556c
fffed6eeffffb1bffffe1f1dfffe4f6600001a0800006bbb00016a29ffffd8c7
0000afda00014cc5fffe6a5affffa9c80000fc0b00004c84ffff73dcfffe992e
ffffb0530000a6f000001eac0001aae40000df0efffe401d000175040000441b
0000000000000000000000000000000000000000000000000000000000000000
000026f900007e7a00001b2900011ff0ffff761fffff0be70001bb8000004f9e
ffff1491fffe23bcfffe5ce6ffff2913ffff757affff5764fffe11c100011286
0000000000000000000000000000000000000000000000000000000000000000
fffe97e2fffe1dc1ffff45d800009bb9000180c3fffe3fc0ffff2a52fffeffbb
ffff14b6ffffde39fffecf300000ad7f000063c3ffffa6490000ae4f0001c89d
000132ecfffe089ffffe3aa0fffe3557000166ad0000ebfffffe9400fffe900e
ffff5df300017f7000012237ffffdb090001e5d90000e094fffe3792000005b0
0000000000000000000000000000000000000000000000000000000000000000
00007242ffffc2eefffe56170000fa410000f7350000c1e0ffff9d32fffe5ea2
00002daa0001c81900013d01ffff98490000eb2f0000f95cfffe31adfffe0d3b
0001b186fffeee7f0001f6db0001a567000035b70001f574ffffdf2bffff39cf
0000df44ffff1165fffe63ff0001e8dcffffeaeaffffe2d1fffe8e7100005f9e
0000e30a0000c9300001fe380000de0dffff2a89fffe9978fffe8589ffff2b58
0001d0530001946effff1dedffffbbfbfffe5fff00013ecaffff23c00001e482
ffff8fa90000ba25fffe1fe8fffee58e000007390000f73f00007635ffff2652
0001cf2affff28ea0001f3f8000166210001c48b0001f3ae00017e7b00011bee
ffff9e5dffffc6a80000ce27fffe6043fffe0cf5fffef9a4fffff67afffe3237
0001d31600015d5d0001f8ff0001f2a5ffffeb6e0000562b00002cea0001279b
ffffd0580000a813ffffadae00001cc100008068fffe0124ffff45cc0001545f
ffff834f0001b3d1ffffa095ffff1360000195ad00001fbcfffe13b2ffff270d
0001494800019778fffe6d2f00003418fffe1982fffe08eefffea1550001cf40
000118b200019687fffe13ffffffe8e2fffe1331fffedf4e0000f900ffff5d31
0000000000000000000000000000000000000000000000000000000000000000
ffff3456ffff3428ffffbc18ffffce0f0001e886ffffd0a10001f598ffff2cbe
ffff6236ffff9cddfffe7b66ffff821000016d750000ec2900006528000045f3
0001af240001b2acfffe3734fffec00d0000d952ffff897efffff6e0fffe48b6
00010495000179b400003dc1ffffea120001c4f70001d23200003c07ffff7826
0001f760ffff5f7bffffdb3cffff771b0001b7080000870affff1e3b0001a6e3
ffff1788ffff3d5bffff9047fffe5e61ffff0b0effff0cb40000064000016c0c
00011d3a0000497b0001920ffffe9cb0fffe2cf200007436000137aefffe5779
0000000000000000000000000000000000000000000000000000000000000000
0000c809000046e90000af49fffeaca2fffeacf80000f515fffe7ccbffffd173
ffff1c760001176500013733fffed072ffff276b0000fe3dffff512d0001833c
000147f000007c9b0001f3e3ffff6ee2ffffc093fffeaed3ffff69de00017f31
0000000000000000000000000000000000000000000000000000000000000000
fffe86ab0001d8f50000f650fffe53ccffff8604ffffdb7b000074e0000053e7
0000bc6dfffe1a57fffee7ba000180970000bb58ffff5aaeffff90850000afbc
0000000000000000000000000000000000000000000000000000000000000000
ffff2e37000007e400010a07ffff0312fffebe48fffeae7f0001b009ffff4758
00009a27fffeb3220001df42ffffa5a7ffff72e2fffeba5fffff49f30001b113
00010fbbfffe12a8fffe947400007598ffffe7f70001126a00019f56fffe143b
fffe8915ffff26a90001d16d000038ceffff86cbffffcca1000179260001fa82
00010f5d0001d99effff43afffff67b0fffeca4900005f82fffe2316fffe2938
fffea360ffffaa6b000190bb0000ce5f00007fe5fffea8e5000040acffffe0ee
fffef246ffff51aa00005be4fffed1befffeaa67fffe0e6cfffe5b1cffff2005
00003a7c000135bf00018e5a000162ed0001cd61ffff7647ffff826200003ef8
0000fdeefffe2874ffffd5b1fffea0f20000e98bffff97afffff9c700000b3e4
fffeb8d4000071e70001bd2a000135f0fffea16d000041e5fffe41be00009a62
0000e911ffff781800012d3e000089450000c23affff58e7fffe492900015d62
0000a5d9fffe5fffffff702affffd48b00019009fffef2c7ffffb1b2fffe9c68
0001cc2b00015592ffff50f100014698ffffef7c0001c9d3fffed50dffffe3fa
00008d450001840bffff37c6ffff1a7a0000efa8000031f400001a5e000007ef
0000000000000000000000000000000000000000000000000000000000000000
0000ef700001d90b0000f2e40001c33a0001e5f0ffffc6040000b7160000aa86
0001cdfdfffe77e90000ca550000be09fffe36a300013ba4fffe90a200010a10
00007a460001bff9ffff6a6dfffe163200009b63ffff7b3e00002d020000246d
fffe9ca4fffe8866fffff1de000089c3fffe74a2ffffb3ebfffea3eafffe6d1a
00011312fffe2963ffff185e0001d0130000c890fffec7e2ffff5171ffffd0a9
ffff8601fffe99940001f4690001df64fffefd1300011b95000112e1fffe9ccd
fffe4e3f000021c20001688f00008304fffff99afffe749b0000aa210001d01b
0000000000000000000000000000000000000000000000000000000000000000
fffeac2b00008802fffe8462fffe52c700013afcffff134c0001f92dffffe168
fffff5c800013554ffff9d02fffedc810001cb1bfffe27060000c503ffff0ecb
0000000000000000000000000000000000000000000000000000000000000000
ffff683ffffe351dffff9b99fffe1de90000ebd4000108f9fffe6c8a00018316
0001241b0001385e0001d7beffff7561fffe58af0001b94dfffec4e400000168
0001ae16fffe47b0fffe3c60ffff4f3bffff904efffead1ffffeac6bffff6d70
ffff40fa000109f1fffeb67c0001e223ffff7c3700017eef0001d434fffea487
0000207bfffe0dfa00010b1400006c16ffffbca6ffffd73efffe685800012ee6
fffebec7ffffed6d000049370000e3eeffff14a20000a436fffe2b86000169d8
ffff5726ffff04a5000046c2ffff85a20001c54ffffeae8b0000193f000027bd
0000e3640001c831fffe5018ffffe7b1fffeb9fdffffe97100011d05ffff1803
fffec778fffe54cf0001e4afffff80bd0000c447ffff9075000001550001b45a
0001691f000103e90001543effffbd3fffff85660000ab5dffff6180fffff462
0001e87900013b920000ca9efffe5430fffe18f9fffffaf2ffff6121000031fa
ffffa914fffe457affff6a5ffffe2f4b0001ba51000133b4000017a30001a6cc
ffff357affffb40500010219ffff66460001b4870000cd9200008fa5ffff57d3
0000000000000000000000000000000000000000000000000000000000000000
00018f24ffff4967ffff22a10000f319ffff87a50000d459000073210001f23b
0001396c0000067a000125c000015294fffefae40001bd490001186f00002a4b
ffff78a300001459fffe8496ffff02f7ffff055000015feafffff82c0000b41d
fffee7850000f401ffffb7270001072cffff4e8efffe704300000d010001b3ca
000188dbffffced2fffef52efffe967fffff674bfffed993fffe31f8ffff3b42
fffeac1d0001fdd3fffe99e6000086b9ffffa60bfffec9980000c8ab0000807a
0000000000000000000000000000000000000000000000000000000000000000
ffff7c9bfffe5435ffff9abb000193c10000537500005631ffff37cf0000da87
00011360fffffcbbffffe3f90001b0c00001a624ffff46dfffffedda0001c051
ffffdfcdfffe2424ffffc837ffff6e540000c29b0000f338fffedabbffff85bf
0001d17dffffef1b00007f43ffff04b5ffff6c3bffffbd95fffee76300013ce6
0001d505ffff0d0cfffeda52fffed8bb00011840fffe3a64ffff0a22ffff9caa
fffe1125fffee305ffffdb78ffff9a7f00002c43ffff4510fffee86c00006562
00017d00000052eeffff2eacfffe843effff782ffffe952600000700fffe2300
00000982fffe09c20000a81f0000c2c7fffea5400000f621000110520001ebf6
00006c76fffe6e350000b385fffe0f49fffe4d2dfffec883fffe699cffffe021
0001be3e000095e3fffe51a600001aa10001a0f50000cca0fffee9ebfffeef45
00007f6cfffff771ffff1164fffe9c2c00000855ffffe0da00006d61fffeb0ef
00008a6affff9b8200002f91fffe8565fffe294b00018094ffff4fdd0001d215
ffff184f000166a9ffff6f0dfffe50e5fffec1630001b56cfffe7ab60000af3e
0000000000000000000000000000000000000000000000000000000000000000
00000e950000f6310000b4f500017661fffe65d100002615fffe59e6000151c1
fffe2d26fffef25ffffe3097fffe2a4e0000ebcdffff51b2ffff3c140001fe47
00006a85fffee52efffff0ca00016d7a0000518500011b620001e3460000db5c
0000000000000000000000000000000000000000000000000000000000000000
000033970000b1e9fffe301ffffe6ed1fffef2db0001d83900005ffbfffed617
00019fa3fffeafecffffc4c400002650fffe162bffffa54600006636000119d5
ffff073a00014d75000069ccfffe93f3ffff5cc1ffffef4a0001873fffff5f77
fffefe29ffff4c8d0000424b000040af0001e1f000012642fffec0490000d2db
0000000000000000000000000000000000000000000000000000000000000000
fffeb6f1000185d5ffff4247fffeef4a0000c287ffff969700015d7400003298
0000000000000000000000000000000000000000000000000000000000000000
fffe1b62fffef44e00005a0bfffe6259ffff20dd000144d400012543fffeabac
0001a62dfffed91afffe83ab0001470ffffeda8e000061b600013806fffe255e
ffff22d1ffff7ba4ffffef990001ac2f00010f4e000032630001700e000127ff
fffe97470000fad4ffffdb21ffff0b56000041b100017bfcffff80d500000a5f
ffff6aee0001ef94fffee150ffff1ac3fffe3df5fffe46dffffe62ceffff62b9
fffec3550000344bffff1bea000175a60001f3fc000049cdfffea66200018c99
0001d7210000cb66ffffcffa0001edd1fffe36930001b01f0000fbb300013088
0000000000000000000000000000000000000000000000000000000000000000
0001e3a6ffff44be0000e39200008cf0ffff84c2fffe928dffff7fdc000190a1
00012fc5ffff509a0001e711000140a8fffe99a60001548600016ea0fffe10a5
0000000000000000000000000000000000000000000000000000000000000000
fffebd520001cfd90000db7dfffeaee10000cbf20001e05f0000b9ccffff69d2
0001b9a7fffea8da00016506ffffd6d30000a21300013224fffef8260001f40a
00010dea0001846dfffeb491ffff8752000094fcfffe4ce3ffffd730fffe14c8
0000c16c0001261f0000c9820000d30a000030730001c493ffff422900012b97
000125e100016036ffff4bf60001c34d00003a0300017feffffe48ed000111ac
fffeb2c600016e3d000057dbfffe32d50001ea01fffe44d1ffffb70c0001b0c5
0001fa29ffff5fda000056b8fffeb5abffffe410000012760000d9d3ffff0178
0000d917000003390000152cfffe37f40000eaa500017e9bffffdf57fffeebcb
0001d538ffff8c18fffe3e6cfffe716b00010ae7000116b5ffffa00200017722
000119180001eedb0000a9270001ac64ffffce1bffff19a80000ebb40001ea30
0001d081ffff9bc800014918fffe5a2cffff615d0000512c00011962ffff62b1
ffff184e000007ed0000a8f60000cb7a0001b850ffff60f2000148620000b455
00018d5000014ad5000025c1fffe30fd00018256000176870000dccdffff6026
fffee6e8ffff25a300015b77ffff8a27fffe9469000067ddfffed01400006c7b
ffffb5360000cc8bffff893fffff0ae500003839ffff36a60000aa7b0000b0b7
fffe7c2cfffe4b7dfffe96eafffe02c80000b483fffe7ce3fffe666100006c4f
ffff60d4fffea13f0000f7290000cfddfffebd2e0001547f00019b030000174b
fffe88100001c97f0001c132fffeadfdffff388d0000bbbe0001b23dfffec3cf
00014d8e0000568b00016bf400006d5700004608000125ab000109f8fffe4dfa
0001cb2bffff323bffff5e480001e28bfffe9c670001d1e9ffff2a13ffff5578
0000b45e0000e4b400002e23ffff3509fffe1af10000f967fffee3a900006526
0000a80500019f60000165bd0000e01effffe2f300001886000197faffff671b
fffea476fffe7edcffffc5810000a0b1fffe576300016080fffe2eaefffe529f
00003848000013b2ffffbef6ffff1d0c00008bad00016da6ffff1cb8fffeb54b
00001cfafffe217d0001277dfffe763e0000433cffffe4efffff5bf4ffffbd19
000102ad00014dbcfffe96c2fffe9ae9ffff116f00011ede000106680001f1fe
0000d405ffff2f8cfffe6c080001c4a90000d9910001a4c10001d4270000c21f
0000000000000000000000000000000000000000000000000000000000000000
ffff9e9bfffec29600002b8e0001cb1b0001bdd50000097000002c0a00006d37
ffffc3a000001563fffff746000119e8ffff36d4fffe9a070000da70ffff0f20
ffff8e61fffe865800009ce2ffffc73d0000314f0001ccc70001cd22ffff7c3c
000043590000f6b3fffe5aaaffff94effffe1b72ffff72210001de33ffff7062
ffffad15ffff5f8500004f74fffe80da0000bce800008917fffe8c2c000148a5
00000996ffffb7590001ec2b0000b151000037fcfffe0c4bffff26b1fffe1a05
00000f470000ee7a00001f1c00010872fffe2ba30001ab8c0000b777ffffdc98
fffe13c1000182490001a41b0001a4530000d079fffe3d340001ddef0000a83d
ffff0a0c0001cff90001300c00006065ffff4192fffe89df000058dafffe58b5
0001c984ffffcd3500002f17fffeca2c000145a3ffffbaddfffee00d000168f1
ffff553a0000be74000148550000c65effffd9f00001631bffff8000fffe981c
fffee733fffe7c4000000dd400009f77fffe683900013816fffedcb3000090e5
0000a4f5fffeea4dffff7a89ffff9a8bfffffb5c00012e91fffee08a00005c48
0000e378000164c40001c9550000625e00010d4cffff3d7efffea09c0000f9ca
000117db0000187a0001f742fffef84100000fbb00016c7c0001a47dfffe59f1
000137e5000085ecffffcb71ffff5d1dffff719a00012a630000f5e9fffe7a46
fffe5c37ffffe330fffe69930000bda80000d632ffffc54600017f3300014adb
000131a5fffe09afffff8d720001be98ffff0303fffff41e000187b300016ffe
fffee544ffffd80ffffe32120000c1cf0001b4980000d7c4ffff53fd0000ed83
fffef692ffff2f46fffe5d5400019de20000c32fffff212b00011d65000059da
ffff41350000c246000000ebffff59d400003a40ffffec900001b06dfffef54e
0000000000000000000000000000000000000000000000000000000000000000
00001721ffff4fe0fffe6d5e00013acb00009bfdffff045d0001c6cf0001e212
fffe52a5fffe8e08ffff504efffe0f5100016ca9ffff81d600017c1b00001165
0000000000000000000000000000000000000000000000000000000000000000
00013f8fffff731e00011bc20001141bfffe6c84fffffcdeffff9762ffff8493
fffeaad9000180ba0001f678fffef5f00001a33200000d9b0000ff67ffff390e
ffff5df3fffe96cfffff591f0000089bffffa0af0000e3bf0000034cfffecb77
ffff3554fffe22770001c5b0000131b8ffff5483ffffc84bfffe7e670000c504
000088fa0000b51700017f3e000121370001e7dcfffed346fffe6976ffff05d7
fffec4c7fffe62310001d072ffff60d7fffe13260001eeb1fffe7ebd000122a3
00017bd900011040ffffc9d1fffea4e40001e16a000054a300013218fffe1381
fffefbac00013ce40000efbcfffe6726fffff29500009f16ffffbfe1fffeb97a
0000000000000000000000000000000000000000000000000000000000000000
0001b361fffeb2adffff379affffc0cfffff60230000b130000074dafffe1263
fffefda500005a6f000083970001ea720001d912000067f6fffe41580001786e
fffe46530001f45affffb052fffef8e0ffffaed9000049b2ffffaa10fffe06c7
ffff144b0001561cfffe9205ffff6cd2000127e4fffe872300015014000171e4
0000000000000000000000000000000000000000000000000000000000000000
000004190001d964ffff4668fffe9db4fffe87fdffff52b900012b9effff30a9
00014a9400007da20000ca6800003adb0000a515fffea955fffeb05400008332
00004938fffff698ffff7d56ffffd2ccffff60d9ffff5a8efffee715fffe936b
ffff2c82fffef7a80001fdc40001e696fffe7d3dfffe9575ffff3b09fffec446
ffff874a0000260effff6640fffe854d000077df00005866ffffacd2fffea973
0000000000000000000000000000000000000000000000000000000000000000
0000f3010001e9defffecc460000c7eeffffaa91ffffaaea0001c1c500000c87
0000ecedffffc279fffee435fffffc00ffff6ef3fffe0eeafffe0938ffffff16
0000088a000031bdffff18a3000133cc0000db9300003d7fffff765a0001b0a7
000034a6fffe3f170000493dffff2afdffff2e4effffc4d9fffea500fffe45f8
0000000000000000000000000000000000000000000000000000000000000000
ffff0d62ffff4bef0000581bfffe1716ffff324c00013545ffff98f1000110f4
fffe6b91ffffe04efffe599000000bd6ffffba86fffea741ffff29af0001724a
0000000000000000000000000000000000000000000000000000000000000000
00010489fffe4f92ffffdfd7000174f80001500400001487ffff1cbf00010798
fffea3deffff3676fffe8f8800002629fffe5b3bffff731effff7246fffe6b8c
fffe00e1ffff3584ffff16d30000c13a00000b10fffe91abfffec5190000afd5
000151d9fffe3610fffe744bffff58b9fffe4e59ffffcf18000039ca00011433
ffff2805fffee2ee00002cebfffe35f0ffffc42b00018ca50001d585ffffc1e1
fffebce90000895c00007f9a0001fc0a00002e62ffff0e38fffe380700013b79
0000000000000000000000000000000000000000000000000000000000000000
ffff2a3cffff382800012829fffff45c00003b5ffffe7e05000168bcfffe37e9
ffff2fba00002e48fffe05b30001f825fffe9d72ffffa9ca00012efe00000f56
000176c2fffe421a00013febfffebe1900017df0fffed9bafffff985000039cf
0000000000000000000000000000000000000000000000000000000000000000
00016c82fffeb04e00018e2b00010fca00002f7100017464fffe03950001bdcf
fffe7074ffff7ff7000179810001922900011e7cfffeb75affff375afffeac29
fffe135d00006195ffff2593ffff4f9ffffe06b2ffffa7600000d1cbfffe3b1d
fffeaf98fffec28c00014d8efffe15d8000047380001a19900013d340001ba6c
fffef111ffffabe800007262ffff7049fffe3798fffef40f00002d8800016a60
fffe07200000f73a0000b75effffa5c7fffe318100002bd9fffe8850ffff3f18
0000000000000000000000000000000000000000000000000000000000000000
fffee0c8fffe5758ffffb0960001507900001424ffff16baffffe92e000134a6
0000b2ad0001acf2000179a900003bae00013227fffe2665fffe588d000173dd
fffe5891fffe70960001df08ffff2ca1ffffd5fb00010a9ffffee433ffff9b57
ffffb53ffffeeb20fffe17850001bcdf0000c56300000d98ffffe9c00000b54b
fffeb8ccffff4bbbffff2ea100002583fffe915e00012661fffed0bdffff8229
fffeb16e0001c4460001914d0001f347fffe056affff8ad9ffff887b0001b699
0001205d0001d2ee000147ddffffc53bffffb1cb000019df000175cdfffe062c
00001cd1ffff807e0000120f00015b67ffff0ceb0001513e000113330001c76e
fffe435a00002591000112bdffff00c8ffff944afffe3ef4ffffb5770001408d
fffe3e3a00011114fffe57a5ffff56a9ffffc4e0fffe93e9ffff4f0dffff0979
fffefdc4fffe51cdfffe9417fffe2ae7fffe9cceffff213efffe45870001d6a0
0000738900012798ffff9a03ffff453ffffe403ffffeb8d9ffff211e00008a1b
0001dcbbfffee9db00014239fffe75bb0001c500fffe87f60000d29cfffee8c5
0000dee3fffe5216fffe78dafffe7d2fffffd374fffe75ba0001a4fd0001d2c0
00000145ffff427b0001d2c90000c27cffffc0d0ffff625f00013474fffee72e
ffff46d800002647ffff71d4fffea0f000001a68000034010001982a00000182
ffffbeca00019730000147490000d9c9ffffe4570001d031fffe1db90001c9df
0000000000000000000000000000000000000000000000000000000000000000
0000e6f90001efc8000193f3ffffd837fffe96d00001b1280000aa98fffff0e2
0000000000000000000000000000000000000000000000000000000000000000
0000470a0001b3ef00000322fffe40f90001f27500016e2efffe17bc0000c7fb
fffe6149fffea95f0001d49bfffef7690000f071ffffab69fffffc95fffef4cb
0000000000000000000000000000000000000000000000000000000000000000
ffff1d7d0000c0acfffe7614ffff7da0ffffdf57fffe9d77000051280001adbe
ffffe2680001cb8c0000b4f7ffff022200010e52fffebe9200008f9f00000e4e
fffeeca4fffffc620000b41cfffe636afffeb36fffff8cd000002be7fffff4c2
fffef782000189120001b828fffe11ccffffc48f0000a29a0000c277fffe5765
0001983cffff129bffff8681ffff8f05fffef104ffff5af500017def00005d0f
00006379ffffc6aeffff0ff6ffff0502ffff1d19fffec0450001975cffffc329
ffff8bf000002bc60000bc8c00016afb0000fce00000a6eeffff013a00014305
fffe6f2f0001cb420001203ffffee73c00018cafffff2d3800008568fffe9952
0001aee4fffe040900008db5fffe3b320000526900016624ffffe1ec00019bd5
fffed57a0000a7c600002201fffeee9a0000f17fffff22c800011c2f000038bc
00006efcffff315b000157a4ffff878efffed8440000ed380001fd2d0000f7ac
0000c7f0fffe67e5ffffbf000000610fffffbd4cffffc7dcffff56ddffff78c2
00019fc7ffffab29fffe827900010deaffff7c0300008bdffffe6682000026a8
0000000000000000000000000000000000000000000000000000000000000000
000111990000cbe00001c1d3fffff734fffe00eafffef38effff6308fffedee1
ffff00a10001c41100017bb7000102a20001a3d2fffe259efffe9b37fffea69b
0001810bffffb4befffef6e300008799000137fffffe798e0001059bffff36a8
ffff59d100007cec0001be8dfffe07b4ffff9dfffffe4e17ffff3a35fffed530
0000152afffe99660001d591ffff703100003f580001ba7bffffae0affff3e1f
0001266c000044ddfffe3350ffff6a310000cd8c000071d000000975fffe0e59
ffff8834ffff3947ffffca18fffffad00001c9acfffe55d6ffff129f000185b6
fffe7e28fffe0965ffffc903fffef452ffff225a00008cebffffc538ffff9c65
0001b24dfffee1810000cc8bfffff87b00007c83ffff53f8ffffca14fffead22
0000f8ed00002d140001eee800012a8e0000d39afffe2dabfffef897ffff27ee
00007aa3000062c40001209bfffeef2afffe23ee00016a210000f89c0000bbdf
00011dc4fffec4200001628200018a280001c65cffff6a4e0000b8cdffff0194
00012686fffe27ab0001cc26fffe0fd6fffe45a0ffffef36fffeb1af0000d7bb
0000701f0000cd01fffe9d6b0001a5feffff1569fffe2e8cfffe6d46ffff989c
00003e11ffffbff7fffe488b000094fc0000135affffd27d000181490001e101
ffff936cfffe71ca00001ecafffe54850000e3c4ffffd1cfffff057500003259
fffe1de4ffff4609fffff42b0000e17afffe9be30000075cfffef7a5fffe62bb
fffe5dbd0001469afffea77effff31e8fffed25900004bc60001bf56fffec70f
0000000000000000000000000000000000000000000000000000000000000000
fffe1b340001345f0001069b000087c3fffeab030000a27afffe9fe70001e56f
000085b5fffffcba0001d4adfffed7baffffa9a70001d3c000018903fffef227
0000000000000000000000000000000000000000000000000000000000000000
000122080001a791ffff2c0e0000d59e000091a400017aeffffe2b4bfffe4a2e
ffffd15700009c360001ca450001b565ffffdd3a00002600fffee7750001e8a5
ffff9e68fffe7d1a00004a03ffffd9140000be3bffff4227ffff0420fffeffb4
000047a0fffe7c00fffe34090000dc3bffffacb5ffff5452ffff9ba6fffec538
ffff1165fffffc330001892b00001cddfffff151ffff7869000180fd0000ff97
0000000000000000000000000000000000000000000000000000000000000000
fffeac57fffeab430001da57ffff602e0000cf59000188a8ffffe246000141ec
000105f60000df06ffff38f9fffef1cdffff64b9ffff9380fffeb96000003c16
fffe0d620001e4cd00019045ffff0fa9ffff54dffffe5d12ffff14ce0000ba3b
fffe9afb0000a3c6ffff2dcb00005e320000a52a0000faaefffe8c6afffed1cf
fffe6510fffe8f770000b5fe000105f1fffe2b470001bac2fffe7facfffe51db
ffff1d710001944b0001fcfa0001e8e80001eb1b0000079100012343ffffd79c
ffff9336ffff176e000051880001d6d7fffe455ffffe59720001ad9300009be4
0000482bffff6b6600009758fffff8370000f947000070020000e332ffff874b
ffff0af90000dbb3ffffcec600002b73ffffa2d7ffff951fffffb6edfffe78e2
0000f7bcffff8eaaffff3720000099efffff43c5ffffdfc6ffff5c4bfffe03ba
0000000000000000000000000000000000000000000000000000000000000000
fffe2d6cffffaaa300009550ffffba2cfffeb3bdfffffe030000802afffef85d
fffe9f0ffffe39f2fffe8c23fffe0c5cfffea9c80000b94f00017dd20001efca
0000000000000000000000000000000000000000000000000000000000000000
00009698ffff3e51fffedb43ffffabae0000d212ffffcd48000129d6fffe2957
00003060fffe3345ffff5dd70000e2ffffffb0b20001eca70001e84d000084cc
000126420001c4cc0001e4eefffe33c6fffed8e2fffe525000004431fffe1534
0000000000000000000000000000000000000000000000000000000000000000
ffffcd880001d4d0000145de000022e30000ec33fffeb17d000175feffff3a93
000005e3000104860000c60b00017db5fffefca500001d7afffe8e79fffead6f
0000c2380000c6ddfffe09a40000303100010dbfffff65f800019d6b00010751
fffe7f7bfffe48500000febf0001d7e2fffec538fffe50feffff208dffffe88e
fffe5ca30001aa44ffff41540000be59ffff6d180001c9970000c0f100006230
fffedf5effff0d5fffff08b6ffff18a3ffff22ca00001d9a00001e3500014b94
000079c1fffe9f46fffe7d3b0000233b00019809fffef262fffe9529ffff5545
fffe8b63000189870001510cffff4be6fffe67910000826a0000555a0000bbab
0001a23ffffe5fea0001c4d600014742ffff64220001ee9ffffe45ff00010138
000022140000dde20000d4690000f143fffef2a2fffe7406ffff33aefffe31b9
fffe80520000ceecfffefed30000f051000107cd0000998affff1c76fffe1ebb
0000973cfffed8d2fffec77100011a7500010c87ffff6227fffed4adffffec08
ffff6b2700013b4600007cbd000084810000734e00004213fffe0795ffff45ad
ffff159600015c810000c3a7fffe9f20fffeac5effffa6480001a8e6fffeb176
fffec2c50001de8500004cae00003bf1ffffa9ee0000abc8fffeabc9fffe6283
0000f92dfffe7f090000408dfffe20130000fe1900016f50ffff1dfcffff7287
0000ad7cfffebf3cffffc43affff8b08ffff4f9ffffe9e8600016718ffff66c0
fffed5a1fffecff800006eda0001212efffe8f33fffe034b0001d8a1ffff5c6f
0000610fffff8c41000091ce00005480000124e5ffff870cfffe2108ffff33be
0001c4180000e04dfffe070a00009712fffed1b10000a8b000001449ffffc392
fffe4e60ffff4133ffffa148ffff618dffff09e7ffffdd1b00005ef8fffec8d3
00006fccffffed2600005cad000050dbffffa454ffff6418ffffb3bdffff8f7e
0000060dfffe601dfffe7773ffff952dffff58c4ffff28e4000038deffffe18d
0000000000000000000000000000000000000000000000000000000000000000
ffff0af00000beba000011abffffd8feffff8c26000160a2ffff91e0ffff3175
00004e10fffe6d040001f689000188fbfffe4a4300008b7dfffe439cffffe44b
00017beb000031090001b39afffe92e0000040d60001dd50fffeb33800019a58
0000000000000000000000000000000000000000000000000000000000000000
fffffcc400015480ffffe5c6ffff7cd5ffffdeb000009acffffeb465ffff6a11
0000000000000000000000000000000000000000000000000000000000000000
ffff5adeffffdd160001d8560000ff37fffec33100012db7fffea129ffffa719
ffffeb5dfffe99b1fffe77d9000034ceffff90cb00016833ffff315dfffed2b5
0000000000000000000000000000000000000000000000000000000000000000
0001dcb6ffff9668ffffcfa10001c5b0fffeabb30001e07e0000128200012e37
fffe78970000c2e200011c2afffff463fffe5e8f00011a84ffff1d29000071f5
0000000000000000000000000000000000000000000000000000000000000000
ffff06b200013dc8000136240000315900005041000109a9000050420001f522
0001e683000138caffffc4a40000e51dfffe98d00000ac210001c5a0ffff8c65
ffff40abffff5ccd00001a8f0001e3970001bcbefffe57820001c9440000e15d
0001179b00010f820000f7ad0000a9410000b30a000194db0001fc57fffeac98
ffff523cfffe5741ffff88ceffffe7dfffff78dbfffe40f6fffef32ffffe7abe
fffe86a20001e43efffe9e1b0000936e00014821fffe65cbfffee11b0001e279
000105edffffdb7bfffebbd30001b8db0000aae3ffff29cd0000401e000195ed
0000000000000000000000000000000000000000000000000000000000000000
ffff54b5fffecc68ffff1ce4fffebe3000009fe3ffff78c2ffffbdaa000060fe
ffff6ed50001126e000007d30001f014fffef92b000029d3ffffddadfffef0a8
fffe2e7b00011bfdfffeb5b0fffef0c6ffffc6060001fb5d0001fcb1ffff87c6
0001e2ad000034c80001f4e300010b08ffffa14f00009c81ffff66c1fffe04bf
000026effffe07f0ffff9969fffe55eefffe9fc2ffffb463fffed4c3ffff7211
00007a7dfffe233a00000658ffff47830001a61f0000219bfffe395700013013
0001fc35ffff42f6fffefb120000c93400010b07fffea7580001bb4e00014868
00011a95ffff9ec7fffef23f00008f0c00010397fffeeb87ffff14a50001f1ee
fffffcca00004bbb0001bd8400005dfbfffe1c38ffff68d50000024c000087eb
0000fa1f0000a66bfffefd760001b6c7fffe3fd300003611fffe4c2cfffe9af9
ffffffb8ffff3745ffff491bfffe0dd800007c7dfffe43be00009ab10000dec1
00008a560000b89700000c3cfffef2d4ffffc3e700010d97000154d4ffffbf38
000186e70000bc72ffff5976fffe779fffffc4fafffedd86fffed334ffff9cdd
ffff7161ffff4072000071de0001952c0001f9e9fffff2b600017eafffff92eb
0001fd0dfffef3befffea55e000084d1ffffa2bcfffe1a78fffff66ffffe70a5
fffe2d7f00011a72ffffe3b50001d93dfffec7640000c6400000b9380000552d
0000000000000000000000000000000000000000000000000000000000000000
fffe1e56fffe8e16fffe1f0efffebe280001c92c00004992fffebcfbffff25cc
0000f1100001e823ffff77890000f754fffe48ab0001e0560000c010fffe012c
000143a4fffe3783fffe20dfffff4c92ffffb311ffffab4b0000faadffff7968
ffffa14efffe6c47fffe52e800006b4f00009294ffffe58fffff503bfffec416
0000000000000000000000000000000000000000000000000000000000000000
000057e0ffffe40500016bc7ffff15adffff8d8d000139e5fffeb84f00013c9b
fffec101fffea2aaffff7a0affff237affff4e1400001fd10000dd3e00004639
0000000000000000000000000000000000000000000000000000000000000000
ffffdd450000a2540001313f00005369fffe34fa0000c849fffff1180000fe98
ffffbb8900000781000034a70000dba10000d29efffe0cc200017f7a00013427
ffff48e8fffee393ffffc8cffffe82d5fffeedabffff7259ffff63e70000c610
0001062e000121880000080b00017cef0000f978fffefc170000dc0a00015a46
ffff7def000186b2fffef65effffe291fffe8661ffff2a860001ee1500011b55
000022660000855b00007a2c00000ebc000122e50000617e00004253ffff331e
0000000000000000000000000000000000000000000000000000000000000000
fffef4b40000e1b600012dc9ffff9f200000a4e0ffff84b6ffff449e000003fa
fffe926100006e3900013b59000001dc00013c16ffff03bffffe6f85ffffcdc5
ffff1cdeffff3cbf00009dc7fffea4a3fffe6f230000fd20fffe232effff4a5f
fffe5a6d0000ca8d00010ae0fffea33f00018c28ffff6443000187feffffae56
000068f300000d6efffed0d30000701cfffe2dee000122310001d600000021cf
ffff9f27ffff5f57ffffaa9fffff5744ffff631afffe70860000aa2f0001d223
0000000000000000000000000000000000000000000000000000000000000000
ffff51c50000c1130000273500005bbafffed56b000177150001663500017fc8
fffe8eb3ffff653e0001e80d00017c990001d54c00006e70fffec153fffe3011
ffff661500016a0d00016e980001a319fffed787ffff9895fffe1f3cfffe51eb
fffe34d600015bc400008644000038a2fffe0455ffffaaad0000f581fffead4c
000077750000c698ffff76940001c3bd00016ff100005d2efffec7cb00009f95
0001c4e9ffff0f8affff35d4ffff896afffe1606fffedc9fffffe1640001d759
fffe8fdf0001c09dfffeab6cfffe9137ffff4c030001438b0001752a00015b04
000199b5fffef13500018d84fffe7a01ffff9fff0000009b0001a75bfffeec68
ffffbc8b0000a549fffeaea8fffec7b2000038f9fffffe72fffe30410001a9fb
0001a9e1ffff8dd70001064b0000f98e000140fb0001edc1fffeb8a5fffe973c
0000e9b200002febffff8261fffef390fffe628200010b3afffe952d0001c759
fffe575100008d90fffec90affff4646fffee3a5fffe79150001d6edffffb634
0000000000000000000000000000000000000000000000000000000000000000
ffff14a8ffffe6f900007b66ffffc0bcffffb52c00018355ffff424100001224
fffe1829000055d70000d33c0000cfbfffff96deffff839d0001c87e0001ca24
000123fefffe6ad5fffe9777fffe2090fffe880800004cdc000064ad0001b3e1
000055360000ff1bfffefb34ffff97130000f429000164e20001400700009c1b
0000000000000000000000000000000000000000000000000000000000000000
000122290001665f00006b0300015741fffffa7300004d0a0000d8a2fffe2e5a
ffffe1ccfffe587f00017014fffe68440000edea00009c9d00004b27fffe83f5
00018eb5fffe47e200005076fffffb3bfffed9d3ffff6365fffe53e90000cd6d
0000b11ffffe77eafffeeda5ffffb776fffe5f66fffe61da00006e1bfffed826
000138e8ffff19130001e86100016b89ffffd69bffffda65000126370001329e
0000000000000000000000000000000000000000000000000000000000000000
fffe733900002d2c00001f5b0000a76dfffe56270000e64f0001bfb2fffe231f
fffe1ae000011ce60000a843fffeb145ffffc0ccffff7fcf00014849fffe44b5
ffffa1b2ffff06e2ffff7bcafffe99840000ccaa00002b6dfffeb50ffffe04d9
000060030000ebe200019b100000993c0001fa39fffeadf2fffec9eeffff34ba
00016c6ffffefbceffffa7240000c9910001e3780000e2b500006548000079cd
0000000000000000000000000000000000000000000000000000000000000000
ffffcde5fffe3ff0fffe9695ffff7469ffff935a0001049800015df0ffff9aa6
000192f3ffff4050ffffed0ffffe46880001c3e0ffff34390000acf400007926
ffff7b2b00005cf60000996bffff11ae00016f0cfffef2f3000057a5fffe3100
ffff4015ffff6cc100008579fffe9d23fffe897cffff68ee0001e2a9000061f2
0000000000000000000000000000000000000000000000000000000000000000
fffe179f00015de6ffffe2c6fffeaa5f000191b6fffe64f5ffff7003ffff76d5
0000000000000000000000000000000000000000000000000000000000000000
fffe9bb9ffff8484ffff15c1ffff2207ffff7dceffff6230ffffccb4fffe6904
fffffc02fffe2c5dffff648500000214ffff6aabffff303efffe365100014b18
fffe0faffffe7a7fffff9c0500018d9a000141b80000909bfffeee05000141cd
fffe2f90fffe9d15fffe805afffed7ee0000a6b8fffe363c00010cd7ffff9399
0000000000000000000000000000000000000000000000000000000000000000
fffe36660000f3dffffea269ffffd8ccfffe1c4fffff7873fffff4db00014056
00009ffbfffe7b81fffe592b0000c642ffff735a0000f02dfffe8202ffff5345
ffff57e2ffffdba8fffe37dc000083ddffff772c0001bd63fffe121f00012d02
fffe8c1affff666cffff58df0001e6ff0000a61f00017d53fffea7e00000d1a5
0000000000000000000000000000000000000000000000000000000000000000
ffff2cc7fffe76df0001e9c0fffe3ae0000069aefffedb23ffff0653fffff8f3
ffff00c200018c280000ee35fffeb16200018e22000141a100017aef00009723
000052560000d314ffff04bfffff8b60ffff2b1e00017c4cfffe78730001c489
fffff6080001404b0001d0b1fffeb9ae0000d41efffec05dfffe089100004383
fffe8c32fffe18c3ffff1d000000688b00013523000018c1ffff4cd3fffeb427
0000000000000000000000000000000000000000000000000000000000000000
0000aea9fffff40bffffea720001b5f5ffff9c2500001f84fffe8bf00001b313
00001f6f00012c10fffee056000140eaffff1a2f00008244fffe75190000dd4a
00013eca0000c74fffff0c810000c18300002802fffe94c400000fb6ffffa47f
0000000000000000000000000000000000000000000000000000000000000000
0001d8f300016dc200017cef0000fe02ffffd7480001d484000139d2fffebf4d
0000000000000000000000000000000000000000000000000000000000000000
0000c33e0000195cfffe9c72fffe03b10001b08d00005d8fffff8fe800018b0b
ffff8105ffffe5cc0000c0d00000e40dfffe26ea0001551cffffaadeffff33eb
fffed04e0000e911fffffd36fffeb1d40000e4d200017171ffff260dfffe351a
000002f0ffff825f00006f250001ef5700007bb3fffe3fec000158cfffffa45f
00007ce30000954efffee5c0fffeb9bd0000631b0001d7cb0000b165ffff3c1c
fffe0600fffe7f77fffe5ee0fffe523400006863000023ed000089ee0000226c
00017c37ffff7c53fffe9d5500005b59fffeaed6fffecd09fffe775d0000b71f
ffff07bbfffee6acffff7b2c00001808fffeac5dfffe29cc00011e550001a9a7
ffffd8d3ffff0725ffffc1b500001619fffe3a78fffe6b53ffff6f2a0001424e
00019c7f00012d1dfffe25a200019f62000098720000866efffe18600001dbab
0000075afffe0d71fffee229fffeb3850000524e0000eea2ffff9c72ffffa3a2
fffee6c3fffe0a1cffffb4c500012beeffff5222ffffb9bb0001d15afffe0257
0001349b0001d738fffec3dd0000629f00008c74fffe692cfffe6922fffe66e3
00006e950000c051000107150001413ffffea7760001058900014722000047b3
0000000000000000000000000000000000000000000000000000000000000000
0001ca1effffbda6fffec8f70001283c0000c50c00006c0b0001d715ffffeaf0
0000000000000000000000000000000000000000000000000000000000000000
fffe9f150001f8a4fffefe98ffff458500009585fffec113ffff309b00008c99
fffe1232fffe8636ffff69affffeadfd0000dd36ffff6d6cffff0fcc00010d75
fffe528c000041dfffff0aa80000cda5ffffbc0e0001af290001106600019c42
00018634fffefa4fffff1e96000078f000004cd80001021c00016da70001b476
ffff9393ffff40a0fffe7e230000ae280001fff70001cfcd000042e9fffedda7
0000000000000000000000000000000000000000000000000000000000000000
ffff24a00000a003fffee9eefffea527ffffe8fcffff7b10fffe8859ffff484b
0001c29d00019e84fffe8daffffff67efffe56aafffe991700009bfdffffe976
0000cde700014c19ffffb63700005a1c000048db000146e900019bf7fffe778c
fffe83f2ffff29b900003fd2000137d0fffe93dc00012710fffe6e4b00003c53
00011d100001415e00003e51fffe1578ffffd668ffff29f5ffffdced00002324
000091c5fffea2da00009c93ffff3251fffee5fd0000559cfffe2494ffff6be1
00012c9ffffe007affffb18d0000542a0000676effffb6e8ffff5bddfffe5eae
0000000000000000000000000000000000000000000000000000000000000000
ffffcbe50000dc11fffe35500000e528fffff2f000006cf4ffffcafbfffe0a47
ffff803e00013974fffedb4c0001c18e0000cd20000076cfffff53c7fffe067e
000018020000b83b00018dc1ffffc184ffff6a6a0000a85700012b6d00015706
ffff92030000d6dd000081460000e374ffff13c70001ede0000016330000b45f
0001da670001b019ffff8cd100017e4b000089e1ffff006efffecb42fffeec8b
000092d0fffffdfeffff11310000dc9fffffda2cfffed18f000083c6fffff7ba
0001327800005bd2ffff0eef00017cedfffec843fffe4c57ffff5b4100003e3a
000163060000b4e8ffff8d350001f073fffe1cac0001d8c3ffff990dffff1bc4
000161140000a3c4000086c10001d87200007f6dffff70680001f51500013125
fffe7b46fffebb5cfffe2840ffff3a4effffc37b00012df50000eb8a0001c093
ffffd04500014790000049640000e1b90001b64000012e4200007abf0000afc0
0000000000000000000000000000000000000000000000000000000000000000
ffff143dffffb97cfffeb973fffec87c00002adffffe1d3dfffe234d00018702
fffe74c8fffe15010001c6eb0000e0650000091dfffe209200000c6efffebc1c
0000000000000000000000000000000000000000000000000000000000000000
0001537100001eff000093bd0001af40000103b6000098130001e002fffe8103
000164c10000f95c000175b2fffef34c00018455fffe8b12fffe4b1f00017b6a
ffff9526ffff9ada0000071fffffac65ffffff180001da7effff198cffffb4ea
0000a5a300019c650001e8f5fffe7bc0ffffa7b500005291000002cd0000eca2
00003d3a000122740000dce80000df1d0000356d0001a4c9fffee8a70001b16d
00013bf6fffe701400013be100004761fffed911fffee96effff2f87ffffc834
00004142ffff1ca1ffff60e3fffe930200006669fffedb88ffff95cbffffc570
fffe0d1a00013e5a0000057f00001decffffd22ffffff7fbfffe521500000bc6
0000000000000000000000000000000000000000000000000000000000000000
ffff35edffff7a8100012772ffffeea9ffff49cd0001e682000167a60001ee15
00008289ffff79860000cb04fffe20d0fffe42f7ffff5bcdfffe765cffffca88
ffff08e4000116fdffff382e000003d60001129c0001facf00012be70001ef13
ffffa021fffe98a400007c8bffffc322fffee967ffff4a9afffe302b00013a7a
0001e4a2fffed6dcfffe0e560001366a0000cf90ffff23d7ffffa8bf00004bdf
ffff825500007563ffffbca6ffff669d000152d8fffef5f5fffebef6fffea209
0000c8a6ffff7adcfffe8320000133d2ffff8182000026cd00016f27ffffd9ca
fffeebe300015d33fffeb9f20001c22bfffee661fffe46890000721efffe1b0c
0000000000000000000000000000000000000000000000000000000000000000
00018aebffff3ccafffec8a0ffff31d0ffff7ddf0000055d00010448fffe3c11
00015c9cffff5f57ffff2d32fffe4aa8000023020000fe5afffff929ffffb1dd
0000000000000000000000000000000000000000000000000000000000000000
00018b9dffffa5dffffe6491ffff6af30001e49dfffe0680ffffbfa3ffffe3fd
0001bdfc00010c2e00002645ffffdddfffff5740fffe015cffff0dfdfffe3ba2
ffffdbe500009876fffe5a8500017955fffed234fffe9fe00000e630ffff8c07
0000000000000000000000000000000000000000000000000000000000000000
000000d7ffff8fa30001c2fe0001b7effffe6e12000003c0fffed5c900001199
00000fcf00002d2e00001b0dffff1965000150adffff993efffe35980000770d
ffff7c0bffff5794fffe1f9300002157fffe82eefffed164fffe85b2ffff8d53
0000000000000000000000000000000000000000000000000000000000000000
fffe00420000d8300000cacefffe24a2fffeb411fffffca2000068570000c6a7
ffff1414ffffb50b00007b1effff1f190000dc5a0001557afffe34110001c9c3
000150e9000188fc0001c3f8000133440001c5e100019e61fffffddb000128af
00006143fffeb55c00004776fffed11f0000fb7efffe4693fffe9cb7fffe80aa
0001558bfffecc4800017dac00002b8afffebad60000b0fa0001b3e3000062fc
fffe65b000004856fffe0fc7000140830000a79affff2aeeffff4d8800001631
fffec6de000069000000f2f800011433fffe353f0001a38affffeb380001f59f
0000000000000000000000000000000000000000000000000000000000000000
00000501000126a900016fcefffec537ffff2b330000ea8efffffb5f0000fdd7
00009f17ffff17a10001cf1cffff1164ffffcf4000013d76000109f7ffff4ee5
0000ddbffffedddafffed8adfffe1d980001fb1bfffe406dffff0cd1000090bc
0000000000000000000000000000000000000000000000000000000000000000
ffff7b0fffff4098ffff039800010ce8fffe58850000148afffe245f000112e6
000142030000277d0001a5fb0001d545ffff51f8fffe057d00016f1f0000295c
fffe72cb000010fcfffe3c6affff410b000009bb0000b238ffffd944ffff7784
fffe2d98fffff06d00016a6a0000774f00011628ffffe553ffffb4630001c456
fffecc46000093f2fffe72a7000172bdfffe088b0000e98d0000b863ffff5952
fffe07040000d6a7ffff6cdbfffe1554000089bb000005d900001a2effffceee
ffff5fa50001d7f1ffff27b3fffe3ffdfffee2befffea540fffeccbbffff2b05
0000000000000000000000000000000000000000000000000000000000000000
00006b29000081750000b622ffffb91effffaceffffec7cbffffd51d0000f03b
ffff3a58fffe1207ffff758b000037a00000d1f200007421000006bffffe66fd
0001cdadffffcd2ffffeb78afffef376ffff5c82fffe4ab90000acacffff931a
fffe9a8a0001ab5c00003903fffef32cfffee4f7000199930001ded90001a247
0001de11ffff7f3bfffec4b20000f1ebfffe05c5fffedfd3fffe347a0000ab3b
ffff6eb1000193070001f7ceffff2d1effff32dc0001abbc00003174ffff24d6
ffff0f4a0001300000003e190001f9620000e401fffef819fffed08bfffeab85
000114c000001075fffe53dbfffe8fe5ffffa131ffff1b2700005894fffe187e
00003d5700000f66fffeee38fffeb6520001b6a7fffeb87e000179b7ffff0090
00014003ffff7d5cfffeedcdfffe08f10000d47bfffee71c0001fd9900010198
0000000000000000000000000000000000000000000000000000000000000000
fffe20010000c65f00010452000008c4fffe5c250001679f000192c0ffff5afb
0001412fffff1b8bffff6bc6ffff4161fffe1bb300013a0800017647fffef02d
0000b9fbfffe4aad000040aa000145a5ffff5b90ffff253cffff4550fffed993
ffff1cceffff0cd1fffecf52fffe9e7f000173190000f7ab00018e2dfffe64f4
0000000000000000000000000000000000000000000000000000000000000000
00002784fffefcc2fffef59f0000a7c5ffffc14300008e8200016aaa00003e75
0000474800000c820000df4000010d3afffe19f400015ca0ffff1b9cffff32f6
0000000000000000000000000000000000000000000000000000000000000000
000019c80001dd73fffe83f2000109a2ffffdd07fffe7020fffe8418fffef82a
0000eb440000f7b20000c9bcfffff09affff99a7fffe906e00004e1cfffeab96
0001f761fffe2f6dfffe0e6afffec57cffff191fffff7f62fffe487dfffe0abb
fffee80900011dd60001e22affff989afffee53bffffc6230000485e00003a81
0000000000000000000000000000000000000000000000000000000000000000
0001b390ffff5e9800011fe5fffe97a80000bee70001c89800014220fffef4a8
fffe53f7000093620001b227fffe698700007e68fffea43b00014db20001c5db
ffff87e7000015d2ffffd19200008c33ffff7e510001480a0001a3bd0001c47a
0001471e00007257ffff1f540001a8d8ffff5f6c0001abd400006b7400011b05
fffe798bffffdbff0000972800008688fffebf96ffff7ffaffff4ddeffff5187
0000f744ffff5c89000160f0ffff6cb8000094950001c3f10000cf230001b766
ffff0ffd0000e846fffe9d8600010089000114f3fffe5a4a000086b100002329
fffebefe0000a9dd00007e5c0001d854fffefde00001c2f30000fa3c000135f7
0000b261ffff91f100013ba7ffff4549fffed0db000019ea00003d85fffed434
ffff98690000a29dfffeac67fffe1331ffff9d8700017ec10000d6e8fffef2ee
fffe65380000c9890001f5920001014400003b40000104bcffffeedf00008861
0001b2360000233bffff69feffff7d13fffe58300000c63d00004b0200018bc5
00010c8dffffbb120001a5a200013941ffff4f90fffe58400000bac7fffe8042
0000886c0001e917fffe16af000040ef0001297d00017da30001e65900012ac7
0001c380ffffb8a40001989c0000a67e00002d42fffeaf5000011c0fffffbcac
0001c973fffeb9240001dff10000945e00000744fffe4961fffe1d6a0000883b
fffe06bb00006d12000149660001988d0000bf0e000083fefffeae67000005b2
ffffa7e6ffffdcb500000adb0001df75fffe43f5000039f9ffffa46b0001ef01
0000000000000000000000000000000000000000000000000000000000000000
ffffd293fffe81a4fffffaa100019e1cfffec476fffe764f0000bac90000df43
00005ab3fffe0b490001d88cffff150fffff666effff6889fffe4176ffff681a
ffffe4b7ffffb7cd0000c41c0001444b00014a160000b65a0000c73b00002842
0000bf9e00004fc6fffe1cabffff836cfffe3a87ffffe0bfffff7cb8fffef625
00000b090001a0ac000054120000582bfffffc5e0000444bfffef54800008116
fffe2f23ffff67ecffffb1ecfffe2b86ffffd40d0000609dffff16cdffff0583
ffff6a8c000189be0000f4d80000703300010fb80000eb3d00014232ffff82ed
00015c270001c567ffffee37ffffec440000ffcdfffeb534fffe550cffff3b94
fffe9d94fffe109a0000b639fffe707cffffeb86ffff4f88fffe128f0000c902
fffed37cfffe1364ffff08b8fffe7584ffff7be7ffff89940001c74fffff6eec
fffe9157ffff4b9afffe2783000065cf0000b90b0001aa270000ecb8ffffa51b
fffec070000061a9fffed3b7fffefc62ffff036afffec901fffe66a4fffec1f6
00016187ffffbc3bffff6ceb00006089fffebd3b00009c9fffffa44500000b69
0000a7030001c5390001298dfffe95fcfffe366c0001f8aafffecd6400012dfd
ffffaebfffff38820001082cffffe568ffff1f0afffff7a3fffe564afffeefac
ffff3e79ffffa00effff833bffffdb7dffff619c000058f0ffff3041fffe0ed1
0000803700015e320000a58a00005cdffffed133fffe2c530000ce8cffffa491
00010237000090600000ef8ffffec21700010fb50001605cffffd6510001e57f
ffff8775fffe1ff800004ff800016568ffff70c300015814fffffbfefffff9dd
ffff6734ffffd021ffff0577ffffb8c8fffe3b5effff73f9fffe58bd00002fed
ffff8744fffe6a80ffff55b7fffe3f8600010c9dffff6506fffe97a400009e8b
fffef5cc0001cc6800014926ffff630cfffed8a9ffff5b8400016d59ffff7c4b
0001bda8fffe2acbfffebf96000138c40000b0600000c8ebfffe2064ffff3eef
ffff09efffff2b6b0001869afffe760d0000972f00009868fffef078fffea4d4
0000decf0000099a0001908fffff1f9cffffaa32fffe48b10000eaf00001b84c
ffffce2b0000fee30000f7dbffffc127ffff44f40001b39cfffe57010000ddda
fffe0f6400018c53fffe64cafffe528e00014c00fffe066affffcc160000764e
ffffd17cffff6ad70001b901000005c2000098110000f45800007481ffff07a9
0000000000000000000000000000000000000000000000000000000000000000
0000b6ad0000820f00015505ffff88a2ffff856bffff4c920001943afffeefda
ffff0ee6fffef9fc0000a7840000e049fffea2cc000148e1000116f40001c412
ffffa87efffed778000162dafffe88ae000129bcfffe69980001930700003a5f
fffe80390001988c0000f58b0001e390fffe627ffffeb23ffffe1b0c000144d5
fffe8b0f0000dd5d0001271dfffee367000006e8fffedfdfffff2249ffff9c4a
fffefedcffff60cc00018af7ffffe7c600007bd9ffffd271ffff56480001c5fa
0001610d0000fe00fffea1b4fffe14ecffff2c2cfffe43e8ffff416ffffec3fe
ffff72db00003b23fffed08cffff8642fffefa4a00017fdcffff65b8fffe06a6
0000000000000000000000000000000000000000000000000000000000000000
ffff351cffffd0d9ffff580e0000c1c400017b18fffe00a6fffe7f8c0001bf45
fffe893b0000a4510000951c00016759000025cffffea490fffebdacffff6dd0
00013e62ffff4d29ffff743dfffe88010001ef2efffe24abfffe0d7b0001b2a8
0000da610000e178000174200001eb64000099d40000750a0001b5d4fffe4c5a
fffffd9400004d9500011243fffefee0fffea53600000bbaffff02b8ffff0758
0000dec2ffff434900005cf1ffffd63effff5bffffff7d91ffff394e00002808
ffff642affff231c00007f63fffe9adc00006031ffff841f000183120001acd0
0000b4ce0000a5f8fffef2b8000177b100003c4a0001759fffff4549fffed7da
ffff4a070000a56c0001a922fffed47e00001497ffff463700016777fffe7f3b
ffff4a57fffe0527ffff17a7fffecabafffe244dfffec972ffff025600017fcd
fffffa230000ad2efffff3edffffcbe9fffed3f3ffff753bffff389700006531
fffeaf10ffffa7a3fffe9e7b0001118300001c690000889c00015662fffe37bb
fffe99c7ffff97f50001bf20fffe73540000c92f0000df36fffe08f4fffe4fb7
fffe077800005a43fffe864d0001ce06ffff43ef000109f7ffffd099ffff121e
00007c430001c6e7ffff98ae00011d41fffe68d400013ae4ffff984bffffdde5
fffe0c18fffe0ed90000d232ffffc43f0001fdde000165c00000bda4000001c6
fffed580fffe83280000da35ffff744effff9b60fffeee03fffea1000001fafc
ffff32ccffff70f00001b522ffff4082000149c1fffe745c000127d90000dad4
000045d9fffe669a000062fd00019d5b00003c77ffffe398fffffa6bfffebf9b
ffff160c00016a83ffff65b4ffff4aaaffff25d9ffff651ffffe778fffffa286
00002c5a00000c1d0001ef5c0001f755ffff554cfffee79a0000cb4efffefb21
ffff53840001745cffff33c7ffff1f94ffffa3b6ffffb9e8ffffe9b50001dda0
0000000000000000000000000000000000000000000000000000000000000000
00016a51ffff6ea30001a2de00003b20000061870000503e0000b82dfffe4790
00008edf0000657e0001cb7c00008723fffe42f9fffe7135fffe7896ffff41d5
0001a8a4fffe06dcffff5d7f0000cea10001473200006eecffff01bc00017310
ffff4d9d00009b79fffed8ce000168500001a2d1ffff385e000045990001a3ab
00002a70ffff95700001eb47ffff5554fffe0c3fffff681dfffe63c80000f713
ffffed4200009b4afffe04fb000156bcfffe8f9affff11f7fffe7532fffe1538
fffe8ecc0000ce9b0000ce1e00007db0000177680000f501fffe2a37fffe5cae
0001f2360001adf00001b0ac0001ba170001c817fffe25e8ffff168bffff472f
ffffe2230000a2060000da8400000e66ffffe3dfffff70a100005af000016a91
000174190001075d00015ab60001bd1cfffe68c2fffec4fb00012485ffffe238
0000000000000000000000000000000000000000000000000000000000000000
fffe70fcfffe514900018a550000c9a80001722500002e5afffef40b000179e6
0001e5e800013b450000f0dcffff7b7a0000c6cb00011c89fffee65cfffe06af
00008fb8ffffb4840001320a0001e4f4fffe6f6effffc98c00017e3100007ec7
000037c600013f02000088c7ffffee1100004d1cffffe18800016d01fffe497c
000014230000f837ffff2888fffeb9d3ffffe32800010ded00017b33ffff960d
0000ec8f00005cfffffe1fa5fffe3a91ffffc6260000371affff327e0000ebe3
0001778bfffe3422fffe2c63ffff7b0dffff991efffef55afffebeb2ffff7ef2
fffe2dce00017422fffeb1620000cfa00001dc4900019fb0fffe1f94000195a5
fffed294fffe508fffffa53a000067e8ffffa0150000d43afffe3fc9fffe0357
0000000000000000000000000000000000000000000000000000000000000000
00011f5b0000e3870000fdb9fffebcacffff47bd0000849f000057a5ffffc99c
0000000000000000000000000000000000000000000000000000000000000000
0000f52b00008bbc0001c904fffe7f09fffeceb7fffe4a05000178ea000010ce
fffe7b63fffe9205fffe856afffe25cdfffe364200017a61fffe58bdfffe8289
00007870fffe98f90001fae70000c3cbffff96f0ffff9fce000191c1fffe63e3
000100f4ffffcef7000179260000bd74ffffb174fffe904efffea5290001b82e
0000000000000000000000000000000000000000000000000000000000000000
ffff3b95fffee166fffee183fffe67f7fffff6e6000033dc0001afb1ffff6374
fffef40e0000801c0001e7430001579d00005e6bffff937afffe8705fffe70f2
ffff2832fffe4f510000718d0000da39ffff6a79fffe5c0afffe79300000c01b
ffffaf3700003334000148fdfffe89740000cb9bfffe70eeffff4bbf000119e5
0000b3690001bd7a0001d89a00012d7700013c11ffff42bc00000a33fffe9c68
fffea764ffffc23c00005003000006c7000059720001b2c0ffffafbbffff1fc7
00017609000181b9000084740001edf50000f907000136a0ffff712b00004acf
ffff457d00009da000000c70fffe177c0001dc24ffffeeed00011facfffec39f
fffec238ffff53890000030a0001bb200001316dfffe7099ffffdc9b00002ba5
fffef80200008598ffff5eef0000540c0001ad3900010599ffff0faa0000e590
0000000000000000000000000000000000000000000000000000000000000000
fffe4fbefffea07000015dd70001f6be0000eba8fffe8223ffff0e4efffe6289
0000ab9100010e2a0001dbc3000043d5ffff4571000061e1fffff9a9ffff3b65
fffe9e380000d1feffff8164ffffde3900009e420001936ffffe3a5b00014cf2
fffe6acd00005d6effff1193000199d9fffeb0ea00016f84fffe8f1a0001a160
fffe8b880001b4f90001dfcb000197e700004a3ffffebbfaffff1e9a0001d123
0000a7e90000b5d4000020390000f1b2000048cfffffd50bfffe7460ffff79d4
0000000000000000000000000000000000000000000000000000000000000000
0000177200013e17ffff6bb8ffff83c0fffede610001a108fffeb68dfffe68c7
ffff5921fffefceeffffa9440001facffffedeb3ffff323400010e30ffff7cc1
fffe5f0f00019968fffff1d20001383efffe4eabfffed42dffff8371ffff9000
0000f32cfffe00d0000043d2000027050001b280ffff1b54ffff88dd00015dea
ffff3c9f00014827ffff86c600011755ffff53c9fffee63cffff1f3afffe1607
0000b96100001d2900016ada00009c88ffff5191ffff2f59ffff9b47fffe42fc
00012929000189ceffff8243ffff066a0001112c0001bc22000167e500011acd
ffffca6000017c1600013545fffe9f9bffff50230001536200006b57fffe5eab
00010df40000ce0d00007f4cffff00a3000018c6ffff2c4c0001b85700001847
0000000000000000000000000000000000000000000000000000000000000000
ffffcaf30000f647ffffdfe7000172f100017cde00006463ffff763700000721
0000000000000000000000000000000000000000000000000000000000000000
00018c260000df5fffff2bc6ffff7345fffe8b6b0000ca6ffffeb286fffedd2b
00009d910000a2dcfffecc6b0001bcde00016f2cfffee32efffea6740001ca67
ffff0139fffe3639fffe5ed40001974b0001537affffde9f00019f2d000020ac
0000dbbbffff220afffe46a600006689fffebd04ffff61b8fffe570c00013bff
ffffc9260001af0ffffe013afffecb5b000132de0001d2aeffff0db5fffe293a
ffffc42effff6c24fffebcbb0000dbd6fffe42ae0001775cfffeaf36000044fa
fffe9443fffe8f420001fbd800003b8d0000304700019162fffff92200009598
fffea971ffff6f4effffa88bfffe0278fffedaa700014f3ffffeb60400017b7c
0000000000000000000000000000000000000000000000000000000000000000
ffffb7cbffff2e12000006bf0000afc4fffeacd0fffe18e1ffffd833000151b7
000069c00001a5f6fffeff8400018f5c00011ee6ffffeef500017b87fffe624f
0001c4db0000fed30001d6d5fffe9e600001cde2000140200000f461ffffaa38
fffed9d600016d3bffffb6adfffedbadfffebd1400005a69fffe76fc00018faa
ffff1f7c0001d4ac00017a3d0001c0f5000103290001ab150001f9cb0000d563
00000d23ffff12d10000c16fffff3056ffff2a73ffff344d0000a406fffe539c
fffe19fdfffe0b2f0000feb30000e2bd000126c9fffffcbe00005b81fffe5d9b
00009ed0fffff39c00005119ffff42cbfffffc19fffe10bbffff7be6ffffef7d
00000c09000028c7fffe9c1d00010748fffec761000011e6000116db000194cd
000194490001e296ffff4a65ffff7bdd0000ef4ffffe94b500008dbafffe0725
fffee2130000e807fffeb5d70000b802000002e900000096ffff6fc60000daff
0001f4d1ffff8d94fffe0b82ffffff3c00001375ffffa3d2000182070001c09f
ffffbfd5fffe9fa1ffffa2df00007e98000177b2ffff8694fffe62d8000121a7
ffffc87efffe2e4400001cb500006bb00001ad120001bb740000a8f5fffe131c
00019eba0000dcf10000445000009d83ffff789fffff7b78fffea957fffe824c
000067d90001be8d00017abbfffe679c000067640000a51b000061a1ffffc8f1
0000b5180001659a0001da12fffe360000013a7effff7391ffff5e1c0001370e
000185b8fffe550d0000cfe5ffffe147ffff9d690001f6820001c5ea0001810d
ffffa4f30001f223fffe45f30000a0e5000012daffff0d1d00000e320001effc
0001d2dd000189d8000018a10001fe31ffff1a430001cb7d0001e9000001624c
ffff929100004ccdfffe142fffffbc66000174030000864bfffe2695000145d1
0001ca07fffecbbd00014ba1ffff4e5dffff5e98ffffe3e4fffec5420001a2ad
fffee0d90000910dfffe46e10001f33e0000172e00007f050001359500016673
0000b39afffe9e2efffe4649000060a2fffe006fffff1d87fffff9cffffe6100
0000000000000000000000000000000000000000000000000000000000000000
0000798cfffe6518fffeb3d10001a9e300019920ffff769dffff769bffff3565
00003417ffff3975ffff8cd9ffff1c57000080fb000147f200000a41ffff2ea7
ffffe4c60000a3400000c867fffe35f7ffff4d3c00014dfdffffa3ebffff6fe2
ffffe873fffeb7e7000032bdfffe4514fffe608cffffe68b00002342fffe169f
000048fa0001373d000048edfffe2188fffe11f0ffff9f4bffff3a6c0001b5b2
fffe8f86ffff8d2effffabfb000130c0fffe256b0000ec7b00018d75ffffee2b
0001c8a90000f486ffff525c00016386fffeb5d20000895a0001ce1cfffe9e9b
ffffb903fffe887800019244fffe36e9fffe85d50000afcc0001573effff2fcc
fffec2fdffffd49700012bf0fffe11d1fffe3e5e0000898efffe4151ffffb82c
fffe537500011cc9fffe177efffe71d600013f74fffffbef000187f9000154ec
00018e6dffffa7280001c203fffefcdc0001683fffff74cc00015fc000004b6a
000137ef0000dc4bffffad19000013e2ffff5f890001d12d00015e9300008dcc
000037e1fffea2360000f05400005946000116b20001258400011c1afffec96b
0001433e0001749f00001dd000000b25ffff782d000125c3fffe123600001859
fffe9b87000106f30001aaa70001baeafffe3dbc0001775dfffeec220001fdfb
0000000000000000000000000000000000000000000000000000000000000000
0000d7730001a6ee0001cd4d00001f83000171ab00006e9f0001350cffff0145
0000000000000000000000000000000000000000000000000000000000000000
fffee43ffffe8969fffe1a5afffea13300016a130000c4c5ffff1fcdffff2983
fffedd1500005868000127d2000039b5ffffcd600000d353fffe2656fffe49f0
fffe673700019134ffff7950ffff48360000f8a70000811affff7c52000011ac
0001f0cffffe3b6d0001c27a00012cfb0000b06bffff3b64ffffab6b0000cf88
ffff3c22ffffe5c0fffe263fffffda0effff34aeffff851900017c51ffffdbf0
0000000000000000000000000000000000000000000000000000000000000000
00007dc90001a4f2000152160000c20cffffa34ffffe41eb0001a1ebffff17f9
fffe398efffeb25effffd80200007821fffefabbffff997affff38eaffffc0e4
00005cf1fffe5685fffedc260000fac60000df7e000047d80001781200016925
fffe1de1fffe329dffff41e500015bcffffe784900019d810001ef0e000070c7
0000f2c500019337fffe378f00010ccc0001c969fffee495ffff5b51fffeb067
0000cf63ffff3d69fffe3d67000173e70000d12500018fc20001bb98ffffa4df
0000000000000000000000000000000000000000000000000000000000000000
fffe825bfffe4ae60001137300014ad8fffff127fffe5a75ffff196fffff4c2a
fffea48b0000b081fffe7082ffff38d60000c0820001bf7f00004df50001c5c9
000064ea0000cebdffff3e59fffead5efffef6c30000d2b5fffe41fcfffff5bd
ffff2289000102d500016b66ffff726dffff899b0000fb16ffff240a00002e9f
0000cf42fffe5e5e00017d1ffffe8cfc0000f595ffffa89c0000936affffe0b4
fffe248100012d0cffffaa350001f214fffe3d8cffff49340001e072fffe6c81
fffe77cd0001bca6ffffc5200000542a000197700000d588ffff2c4efffe7278
fffede6c000156a300011e3cfffed2e700013427fffe9af2000198f5fffe93cc
fffe5f7cffff32aa0001e15c0000d0e3ffff0476ffff3f1f00013590fffedb9b
000118fd0001d032000070d8ffff74f2fffee564fffe73cb0001f546ffff4314
0000000000000000000000000000000000000000000000000000000000000000
fffe4c9b0000786a0000c4a0ffffe6c100018c10fffe6f4c0001a090fffe338b
0001d7ab0000ff87fffe8759fffe1cf800017f7ffffe1820ffff179f00018fac
fffe13d8ffffcb92ffff6ac8ffff4c150000ef7affff516afffe6f8a000018e1
00004d600001ffc300008aa0000147df0001495bffff232c0000a77bffff9ac7
000177720000898c00011eadffffeb660001e0440001d45000008e5d0001e097
fffe6f2d000175d400009635ffff5ebc0000ecdaffffcc7affff981affff1bf3
00010f7500007920fffee0ec000099e8000109bd0000c0f9ffffe96efffe0eb0
0000000000000000000000000000000000000000000000000000000000000000
0000767f00006d02ffff0a2dfffeeddd0000c15fffffcc5d0000e3b40000c72d
0000000000000000000000000000000000000000000000000000000000000000
ffff7c04ffff992c00005b1dfffe0377ffffb2f0ffff30960000c3d800003f1e
00007f4e000061a5ffff7141ffff4d54fffede78000133e10000fe93fffee935
fffe7cee000075c9000090bb0001368600015568fffec1fbfffe6d9bfffe490e
00019ca9fffe8ff9ffff933a000111e5ffff00d9ffff5712fffe02c4fffe38df
0000000000000000000000000000000000000000000000000000000000000000
ffff339f00002654ffffe4af0001a4c7fffe0352ffff9825ffffce7e0001735b
0001606bfffea6a8ffff2b5400010349ffff66f40001efe9ffff24580001c07d
00016c6efffed2fcffff6f190000186bfffef4f2fffe65dc0000099e00002b6b
0000000000000000000000000000000000000000000000000000000000000000
ffff59f800005072000165f9ffffe526ffffd85dfffee65bfffe4869ffff6aef
0000a64cffff814500006e26fffec5a8ffffdae9fffe09feffff694ffffefcd1
fffe4786ffffcc9d00018015ffff05ea0000db2100009200fffeb728ffff73bb
0000000000000000000000000000000000000000000000000000000000000000
fffe4f02fffffb5affff3a4c0000b34b00018039000178c1000081c00000d5f2
0001d7dbfffedd9e0001265500001131ffff3e79ffff1ee200016e70fffeb6bf
0000d33f00019558ffffce65fffe9643fffe6e55000006ccfffe82b30001db4e
0000000000000000000000000000000000000000000000000000000000000000
fffef8230000f16000000c77ffff9e9f00007b17000004870001456700016590
0000000000000000000000000000000000000000000000000000000000000000
ffffc6f8fffe378dffffe50bfffef249000108220000238000004f78fffeb12c
0000000000000000000000000000000000000000000000000000000000000000
00009a40ffff063900002bfd0000f0180001c6e1ffff185afffe560affff3886
ffff3721000178aaffff0c190000f5e8fffeaf2b0001bfed0001677bffffa031
fffe9bd40000fc28fffe71690000a8780001a685ffff350dffff4be2fffed11b
ffff40b300014a37fffecbb5ffff2efbffffd7b1ffff9d2efffffaccffff3768
fffe47bcfffe9baf00002f9cfffec6350000e4e90000390b0000817600000888
0000000000000000000000000000000000000000000000000000000000000000
00017396fffee26100013c7bfffe3a4cfffeadf7fffe8a910001d2edffff5af0
ffff9cbe0001c931ffff357dfffea6f3ffffe231ffffb71affffb05cfffe2a97
ffff2c8500005c6000013061fffe0afb0001bab0fffe80ff00001e96fffe3a57
0000a7ac0001ae8f0001ee150000065cfffe5bb4000039b0fffeaec4ffff01f3
00007fdb00005c82ffffd7daffffc936ffff2d1a00008fbefffe9adcffffe879
00000c87000158d50000d4f70000e66f000075d8ffff89010001618400010fd9
ffffad280000214d0000229bfffe5315fffe11d90001a7780000e54b0001857d
00003949fffee6880000ad38ffff699cfffe5f59fffe502e000189fcfffe2c0f
ffffb4e6000156b90001ef23ffffd975fffe0d060000fa5d0001d320ffff0fbf
0000000000000000000000000000000000000000000000000000000000000000
fffe846dffff756300016a42fffe10c4ffff3b75fffefc97fffe4e1700017783
0001b843ffff940900005354ffffb59f00019474fffe5f74ffff1301ffffc21a
ffff2a95fffe8a8f0000eabe0001f6b8000075da000008b60000ca7cffff214a
fffe1b19000115d4ffff15f6ffff560affff6b94000179ddffffe2540000716a
ffff379ffffff4f90000f9bafffe5c0600013858ffff707f0000045c000035b0
ffffa35e00003ead00008b06ffff5beb00018a0900009b53fffebbf8fffec8bf
0000000000000000000000000000000000000000000000000000000000000000
ffff605f0001e16c000035ddfffe330bfffecc01ffff36b6fffeddb2ffff05d2
000091a8fffe012c00005b450000f759fffe6dd3ffffdd050000d030fffffa7c
0000000000000000000000000000000000000000000000000000000000000000
00006b76000040e9fffe5eb60000a0420000f181ffff1f95000083cdfffeaa15
fffe6ca30000a5ee0001ecb2ffff12abffff2b60ffff2d4000017ebffffff8fc
fffeb8f2fffe3750000038a10001eee80001a556ffff18ee0001942500014c21
fffeb3f5fffe18ea0000f0f000001c85fffe824bfffe36630000bd61fffe1442
0000b1e5fffe36b20001cce9fffec9b7fffebd76fffef28afffebf4a00017fc4
fffff3f4ffff0af3ffff083d0001a0a6fffe33650000e3a2ffffcea500007686
0000000000000000000000000000000000000000000000000000000000000000
00018da0000035ddffff5cb90001f9dbffffa201fffef5c10000ff0100003cf7
000005d700004181000032630000a30dffffecd3fffed6c1ffffcb9b00012a05
0000f58fffff192500007c28ffff1679ffff1becfffebca900017bfeffff7c15
0000d4df0000d25efffe804afffe31a3fffe001fffffd9a600011097ffff4271
0000000000000000000000000000000000000000000000000000000000000000
ffffc39bffff6a550000eea3fffeead200003b3e0000a480ffffa0e6ffffe48c
000010caffff00c6000188a1ffff8c75fffee670ffff5d4ffffe19f5ffff92fa
fffe50e200008ab00001ec3b0001f3be0000ce28000141500000bed30000b777
0000000000000000000000000000000000000000000000000000000000000000
00018abe000155a9000120350000b17100015204ffffb20a00012376ffffce00
0000daeefffec5380001c5450001d3f6fffe8ce8ffffd6d8fffe8c590001fd99
0000000000000000000000000000000000000000000000000000000000000000
000119210001734bfffff3350001bdd9ffff216a0001caa9000025b7fffe6d7d
00010e37ffff856f00005bd60001bc03ffffb5e5fffebd15ffff618400008315
00017c7bfffe5977000117e1ffff2625ffff4481ffffad390001663c0000c059
ffffed98fffe1bb9ffff09e0fffe35170001258fffffacf0ffff2bf5ffff1e7b
fffeeaaf00014171fffe3e8c0001e68bffff706d0000ecd2ffff2c200000148e
0000000000000000000000000000000000000000000000000000000000000000
ffff7e86fffe4b9c0000740d0000013b000162aefffe5f43fffe29d1fffe9571
0000000000000000000000000000000000000000000000000000000000000000
0001d38e00015fd600011b1a000185f1ffffd8f10001fc6100004ad7ffff6a5f
ffff8ff800014e72fffef3ce0001f14e0000f242fffe522d00016882fffe2440
0000000000000000000000000000000000000000000000000000000000000000
fffecb32fffe76790000154d00013833ffff7813fffef8abffff9551fffefeec
0000b2c6fffff1c90000c9a600011ab8000170a0fffed3230000d519ffffb447
00008d57fffee35c0000bbad00005c10ffffc38bffff8a7500001ed3fffe5438
ffff59b400004be1000103870000a05efffeb96cffff7a530001b4fa0000224f
0001b92a00005696ffff262e0001f7ceffff0c23fffefd3efffe7e6a000045f2
0001c2d000010173ffff3029fffe17fbffffbdbc000107d4ffff2abd00006a42
00018efafffe1611fffe3f2cfffee5b00000ed500001c1c1fffe2654ffffee39
0000000000000000000000000000000000000000000000000000000000000000
0001f8d7ffff9b6f0001569200001c540000c78effff6a2300014a96fffec3d6
000011e40001bb0cfffe2157fffefde3000111d20001a0faffff093bfffe9c1a
00011215fffee4d0fffe1e000000e47f00001a840000b1f80000a5a1fffea26b
000145920000bd4f000044aafffe802efffe3a9c0001545affffc33f0001c570
fffe47a50001e4e00001771600007323ffff7867fffe8dc30001cbcd0001667d
0001a333ffff96f2000188f500003d46ffff145e00002a08fffe4036ffffd4f6
ffffd7e500014b9afffeb4dffffe32f6fffef3a5000067bd00000bbe00013d2a
0000ff2c0000e239ffffb3970001b8cffffffea000016e5dfffe5988fffed8e2
00004e280001cf71fffe4387ffff229affff32710000edb600011492ffffef59
ffffb0ccffff4f84fffef9e80001ca6dffff6431ffffe45f0001b36cffffd22c
000117a0fffe9380000002ffffff174c0000d1de0001dcde0000b034000133f6
0000b7baffff8ad7fffeaabafffee880ffffd599fffe991600012fe5ffff09cb
0001cd89fffecaddfffea389fffef5eaffff141c0001383600006662fffeb8a0
0000000000000000000000000000000000000000000000000000000000000000
fffe0f02ffff5cddfffef5970001627200013c2a000042d20000cfa4000121fe
000143c70001fa320000aebe000083840001f34cfffe24ccfffe2274fffef0a4
0000000000000000000000000000000000000000000000000000000000000000
00019a7bffff63d7fffea8d5000104eb000018d4000187250001806900014ecf
0001c830000114efffffdc7effffa15affff7205000053a60001dc7cffffd5e9
00015d22fffe7f3fffff530500002d37fffecfddffff40d0fffe2bc400006d77
ffffe03100007408fffef481ffffeb91000072e1fffe6eca000191f600009694
00009b7e00004340ffffd45dffff2017ffff640100005c7b00014a41ffff9b9e
0000d707ffffd4e0ffffe9340000b8c7fffe2fc100006b06fffec0adffff3d35
ffffb35200013ca30001832e00011a68fffe26360001bbbdffff6d4effff70de
0000000000000000000000000000000000000000000000000000000000000000
ffff71e1ffff0f78fffe0bb5fffe489e0001584efffeb1830001295afffe1f62
0000000000000000000000000000000000000000000000000000000000000000
ffff5f86ffffd155fffff506ffff7706ffff9f37000165e8ffff4dd2ffffd430
ffff98d6fffe9a2afffe200d00002d84fffe2ef000012ed6fffef7a2ffff2d78
00011f2c0000f126fffed82fffff75e7000166dc00003888fffe7ddefffe465e
fffe0d0dffff6163fffe7002fffe976800019fe00000ccde0001d024fffe5acb
ffff85edffff74c6fffe5178ffffbcbaffff8e06fffe276500009cbbfffecff7
0000f6650000eae20000c907fffeb16affff695e0000b53800008599ffff3ad1
fffe507600012934ffff132dfffe493ffffe3477ffff33c5ffffa9c4ffff0d9a
0000000000000000000000000000000000000000000000000000000000000000
0000bf7c000086bc000119f200008501fffeb2a7ffff39380001731a0000e1d8
ffff1db8fffe70befffeb7cc0000a3b400008425fffe7d3c000033d7fffe8651
0001f32ffffeb5aaffff731b00013ec9fffe904dfffec6fb0000588c0000b4f4
fffe5526000118c5000146ce000169880000e991fffe4a1bfffed6f0fffe03a3
0000000000000000000000000000000000000000000000000000000000000000
0000f062ffff29dbffffcfb3fffe2d4ffffec98d0000fbb1fffe7a4a000084b3
00010aadfffefbd8fffeb168fffe5e9d0000a1e6ffff55100001744ffffffb96
0000e14dfffe00dafffe9948fffff09fffff588bfffed6460000d035ffffc720
0000c0de0001f62a0001ea3f000055bffffe77160001bafe000101f000004f81
0001b1980001e874ffff570b000161c1000088c8000150750001651e0001e623
fffebe26fffe33ba000141d2000147ad0000f7ec0001b73d00017bb6ffffbcb6
00016109fffe989c00007ca400013e380001677a00000073ffff442c00019559
0000af3bfffe30fc00007708ffff09fdffff7246ffff7ce700010feffffe1cd2
ffffd66dfffecfcd0000583f0000471b00004274ffff5786fffff87600009246
000078e9ffffeba30000252bfffebb62ffffdb720001ff1d00016a810001e2a5
fffe18e60001dcf10001b745ffff88980001eff5000129fffffe0d9a0001d662
0000276a00017f30fffe60610001a052fffffdf4000160afffffbc380001b9cd
ffff89480000ec51fffe1cb90000d778fffe9f790001618400019e03fffe9512
fffe193b0001260a00015eee0001a294000106170000406d0001078f00008adf
0001d727fffe733300011e1cfffedc720000934500015adf00019eefffffc560
fffe2baa0001c49fffff00b3000139d3ffff54280000080afffe100600010c75
0001a34effff9d7f0001874bfffeecdc000105d1ffff6990fffe0008fffeb7bd
ffff3d0100007a210000a52300012ef9fffe39e4000041d1fffe9172fffec1bb
ffffec69fffedb8cffffcb980001c86dfffeb8830001e53afffeb8c90000ce93
00000205ffff099ffffeb763ffffb49bffff5520fffe6598fffe1bebfffed3c6
00003ddcffffe1e700016a41ffff964a0001d9effffe6375000139ecffff2ff9
fffe660400000baa0000a105ffffc093ffff919a0001033afffe071e0001ebbf
0000931d00011425ffff3f68fffe9915fffe08430001728ffffedfbd00011e73
00003b92fffe351effff8d470000002f0000cfde00013d5dffff5021fffeb7d9
ffff76c5fffe350d0001619c0000ae5d00018f55ffff4c9dfffe0718fffe184e
0000cd72ffff6d54fffea1f90001abfa00003d2ffffec014fffe44fefffff76b
ffff3ff4ffff3c860000fae9ffffac7b0001093600008e370001a60affffca4b
0000000000000000000000000000000000000000000000000000000000000000
fffe584e000010660001f372fffe6ba8fffe0ff0ffff5218000116fdfffe8504
000036e200009108ffff9880000161edfffe9b880001b4f5ffff351cfffebe0f
0000093100012158000116c60000bae4000098f7ffff139fffffed4efffe2af7
fffee216fffed098fffff049ffffd9caffffc532fffe109e00002ed8fffe4f2b
ffffa9cdfffe43dd0001ba6f0001df1a00004973fffe2131ffffefad0000fe21
0001baf1fffed7e9fffe0df200013efb0001fae70001f631fffe1fe9fffeeaea
0000000000000000000000000000000000000000000000000000000000000000
fffe5cb7ffff46200000b4550001a3230000ed880001427900001a18fffeb6f6
00017f6800013ce6ffffc3f4fffff64affffe05800013e0affff7169ffff5498
0001e982ffffac76fffe39b0ffff5b200000ae730000fe79ffff12dcffff6006
000043330000b42200019c510001f4f0fffef65efffe8c9cffffc456fffea3d3
ffff50720000a577fffe8a3d0000af1e00011932ffff3792fffe9f1cfffe30bb
fffec8310000a4c9fffe2dd200017626fffec3d5000180b700015bbaffff606f
0000af37fffecb990001b13e000141f90001216bffff797bffff1890fffe1da0
fffe7481ffff21d3fffeadedfffed636fffe0f7d0001f912000146a3fffed971
ffff338500015a0cffff4c940001cae6fffeb8d30000b80f000016c7fffe6b40
ffffc3a2fffe22caffff71a00000c65bffffd87600000debffffb3450001f1aa
fffe5df2ffffa572000079130001109c0000c54dffff8899ffff524e00015934
fffee533ffffee42ffff623500018439000142e5ffff6b89ffffbc53ffff26c5
0000000000000000000000000000000000000000000000000000000000000000
000097eb00001528fffe0d0b00000d9efffea5c1fffe3eb9fffe6e7affff0bbc
000146e60000531dfffea006ffff65e6fffe2e5a000139d20001af2ffffe0996
0001111bffffb3b3fffefcb0000068430000e8a9fffe7196ffff808a00011391
ffff55f3ffff9a370001d356fffeeddafffe2bd70000d638fffebc7b00004cea
fffe4aecfffff5a0000156e5ffff91ec0001c9c20001df9e000007abffff4baf
fffe00a2000008e8ffffed130001c321ffffd1c300018b9500015696fffe8aff
0001b98800006a70fffede320000a0bfffff8bb1000000f500016ad6ffffc6e2
00010ea2fffe82ebffff96cb000036a8ffff94cd0000a1e700002714fffedf6d
0001711afffee6630000cbba0001858ffffe6944ffff785cffff156ffffe268b
0001d50d0001aca20001a62fffff44810001a3750001531cfffedda500016452
0001c28fffff1c55fffead7efffea006fffe5d90fffeaac2ffffc6030000e3e6
ffff59cfffffdf820001ddbdffff26a00001a7c50001baadfffec2b90001f8f7
ffffc813fffe48a5fffe313f00019e93ffffe058ffff13a9ffffbb890001350e
ffff018a000062aafffe233effff1a6c0000397b0001957300014769ffffb10b
0001542b00019fd7fffe1f9500013ca0ffff2aec00016db9ffffceae0000df3f
0001d12800012852000145d3fffe4ec7000100fcffff4acd0000bcf2ffffe822
ffff0501fffe9accfffeb193fffe935ffffe8294000095b10001727f00003087
00015adbffff6e45ffffcba8fffe881efffe135f00004630fffe7d670001535a
0001120700017fedfffffd0efffe0df6fffe9865000134130001bfaafffea43d
00006e66fffe481a000089f300009c310001c524fffe6706000005c10001067a
00015c3800019b99ffffb4f2fffe0c7e00005e370000d9f10001e24f000158f4
ffffeacafffe609e0001abad00018716fffe040effff3f6bffff4bd4fffe5920
0000000000000000000000000000000000000000000000000000000000000000
ffff9d6fffff699dffffdd8cfffef7ae00010873ffff4a65000188cafffec499
000117bb000132d8ffffada100007abbfffe1532000032fdfffe54a0fffe35ff
fffe93de00016845ffffece4ffff9b05000073b4fffe1c87ffff6ee5ffff72f6
000083c50001444affffd5f6000142a9fffe4ee3fffe2590fffea16cfffee4b5
0001957a00005e1b00018e7800012d890000efc6ffffc8e80000cbc6fffedb8e
fffe719a00000517fffeb3c50000a656ffff951affff98b400018723ffff4f39
ffff337bfffee0dcfffe3a2f0001a0f100014c65ffffdccffffeac92ffffc4b0
0000000000000000000000000000000000000000000000000000000000000000
ffff6ac2fffe599c00018a01ffff8c70ffffe6d60000e5b2ffffb3e9fffe07e3
ffff4a3c0000ae1d00006adfffffce5500010271000080a200018deb000160ad
000092ba000175d5fffebcf1ffffc873000043b1fffe6274000174bbffff3ba0
00004919ffff2b67000142f7fffe2dd30001c2fafffe4057ffffd904fffe2c99
000048fdfffe9dcc0001bb670001f72b0001592fffff2396ffff6aaaffffe39d
0001f8fd00008b20000138bbfffe10730000da96fffe3ceb000051d8fffe8e5f
ffffafe8fffeb36f000006ec00006971fffe273bffff3a4cfffe525cffffa67f
ffffa418fffec19affff47470001a9afffffe7ee0001966a00017111ffffdf57
00014e4a0000bc710001b081ffff773900002aa9fffe6c94ffffb4690000b1a3
000080d4ffff658dffffb734fffe3a7cfffe6f5300018842ffff683b00008964
fffe7add00013009ffff208a0001b8ab0000ef87fffe69faffffbea700010b83
fffedc66000171c1fffe8aa4fffe7aa7ffffd3480000498c00012bfafffede42
0000d5ae00019bd40000998b0001f7db00016b820000ab0f000081d4fffe03b9
000147e9fffe64bbffff08b800007e5effffd51700005b3800001f8c0000699b
ffff72e4ffff899e0000babafffe95e800014505fffec7d9fffe2be600012f77
ffff0731ffff8174ffff2bd6000055a6ffff751cfffee1c60001eae9ffff4993
fffe27c200004236fffe4736ffff41e4fffe999000009b700000960100003ac0
ffffb71c000072690001af670001b8730001780900012689fffe31fe00018172
fffee499fffee1ebfffed2aafffeaeb7fffe4192ffff28e7fffec26200002d2f
ffff03e70000300effffc4e2000086b0ffffa7eeffff6043fffe3628ffff86e5
ffff50a600009c2affff044700007354fffe48d900003a11ffff58de0000f640
ffff2b14000024e20000fd55ffff227500006f7f0001476bfffe1ebafffe0983
00018efc0000c748000167e000011bd8fffe6debfffe0c6d000037c000016faf
ffffe4b60001c83dfffe166600011949fffe29a500010a5b00014572ffff85d5
ffffd7060001c959fffe3bbf0001f9f8ffff2188ffff4d40ffff6eb000005ea2
00008baafffea30bffff61dc00015f75ffff6861fffeba370000d2e00000d3cb
00013838000070440001a9500001267f0000719d0000586b000044a9fffe8b81
0001867c0001a5a6fffed19b00013f0dfffebfd70001cea800013f54000013ae
fffed534fffe0abd0000f8990000f864fffeb12300009600fffe70ba00003ab7
0000344efffed2d30001ee3dfffeea560000e01afffe1cc6fffeb584fffe1df9
0000683c0001b3c10001511c000132af0000006d0001b4a7fffe4cbd0000936c
fffe2d33ffff1be8fffeb349fffee64c000155b200013a7ffffec2940000d4f2
fffe8e9affff6d68000080fbfffe7b7b00011e9b0000cd3affff33550001df99
000132a5fffe02c2000089450000a4f2ffffdff900001a840001f9a800006f7e
ffff77b500013f0c00012f8c000132760001fb6a0001b042fffe2b47fffe749b
00006d86fffecefafffe04c10000c2cafffe9ad400016686ffff56de000197b8
0000000000000000000000000000000000000000000000000000000000000000
000140200001c4cb0001efeb00013b120000b265000128c40000a0710000608d
fffe1c1c0001e2ad0000949dffff53a1fffea3ae0001f4f300009dd2ffffbcbe
fffed3c000008ae20000cc2e00002e63000146d30000bc3b0000da0000003cb2
0000000000000000000000000000000000000000000000000000000000000000
00001d81fffefa570000f609ffff6fba00014a7effff04aeffff718f00007bda
fffe2fbc00014e4100009246fffe1d6300008fdeffffacafffff0c9bfffffe97
ffffc7ec000155e1fffe2f2500018abd00014ba0000095c0ffff0d5cfffeb403
fffea7d400002087fffeb09afffe6f09ffff5853ffffc42afffe455b0001c8ec
0000000000000000000000000000000000000000000000000000000000000000
00005b610001d9a9ffff962cffff136b000065fc0000e7ee00011ee0000173e3
0000000000000000000000000000000000000000000000000000000000000000
0000a0cbfffea9c10000ff7400014ae6fffe3f03ffff9aecffff975f0000c75e
fffe1b45ffff24fbfffeddd7ffffdecaffff4c2700019dc3ffff108e00018d6a
0000000000000000000000000000000000000000000000000000000000000000
000002f7fffebaf300003390fffe08e2fffe4c7d000005eefffee42efffff374
ffff908a000042d8ffff0a66000159fffffef0b700000c8a0000073c0000ecb5
fffee328fffe8690000183f00000b062fffef1faffff478cfffeafce00012236
0000000000000000000000000000000000000000000000000000000000000000
ffffb4af000195e0ffff8a760001d2ad0000637effff831affff897700017cf2
0000000000000000000000000000000000000000000000000000000000000000
fffe928dffff74e20000493bfffef4b900006ca10000d0ecfffe3a9bffffc11e
0000000000000000000000000000000000000000000000000000000000000000
0001c2230001c2e400001dc700008b94ffff4726ffff3170000121be000006cb
fffe4a88000188a600002f240001d86efffedfccfffef18000004b53fffe141f
fffe4fbc0000ac4c0001ac0affff8a81fffe31affffe561afffff179ffff16c1
00005449fffee8890000af150001437bfffeaa7a000065b3fffe1a1cfffe4c2a
fffe05fffffeb8f5fffea70f00006c570000781cfffed1effffe4372ffff3b28
ffffc8e4ffffd54c00001a9cfffe88a200003ac6fffffa6c000054e8fffe6e1f
ffff1d60fffee8de000076070000c2bc00015ae80001cc7c00016386000096ea
0000000000000000000000000000000000000000000000000000000000000000
fffe9213ffff6ad50000901c0000c6440000403a0000e611ffff509700012ff1
0000000000000000000000000000000000000000000000000000000000000000
0001d8f200004d14ffff5458fffe0dc70000c22700008f8e00010ec70001406b
00000e930001123bffff19ac0001cce6ffff8831fffeba340000b0adfffea464
0001c565ffff6048fffeaf4ffffe95b6fffefbe0fffe45690000e17200018325
0000abd8fffeba3cfffea288000036800000cdf2ffffc315fffe018600009f94
ffffcf5bffff7562fffef85affff436a00005b83ffff1c0d00014e6a000012ee
0000000000000000000000000000000000000000000000000000000000000000
ffff9eba00006739fffebd5cfffe78b10001860200002de8fffe11afffff5195
00002f9600011cec000017a9ffffdc210000333900001d15fffe5b29fffe20db
000115a90001781affffa265fffe2540fffebaea000192c100018666ffff8c84
00010d04ffffaa6e0001ae71ffffddd600009022fffe92e60001bea10001cddb
0000000000000000000000000000000000000000000000000000000000000000
fffe0c6c000006e00001c3e4ffffe3cbffff488b000105450000758200001c93
0000000000000000000000000000000000000000000000000000000000000000
000076ddffff8ed4000128fbffffae2e0000377e0000fcbd00011413ffff5cef
0000ca07ffff689ffffe29a90001b423fffee1b2ffff8ac2ffffd495fffe3df5
0001b343fffe2e8fffff77340001174c0000d465000107effffebf03ffff136d
fffec74f0000ee99ffff29d30001c0fc00009b790000755fffff59f4fffed826
0000d709ffff3aecffff99a4ffffa194ffff9dd9fffeaaa70001da5bffff3983
0000586cfffffc0effff5a1400001d69ffff718c00004a6efffea756ffffd559
0000000000000000000000000000000000000000000000000000000000000000
00017b96ffff1d6d0001298c0000fa99ffff1f8dffff7833fffe1cee0001e459
ffff1ef00001c8ddfffedf4cffffa9870000ff7cfffe909b0000552800008eb8
0000000000000000000000000000000000000000000000000000000000000000
00006b1cffff63f4ffff859efffeb01300004a8300007419fffe0649fffe05bc
0000000000000000000000000000000000000000000000000000000000000000
0000c245ffffd066ffff25eefffef75bffffa088ffff942a00002bc800007f05
0000000000000000000000000000000000000000000000000000000000000000
00013d7e0000c7b2ffff7dbd00002713000030ddffff971400001307fffe3f47
0000000000000000000000000000000000000000000000000000000000000000
00009e41fffe82bdfffe9e3d0000c5470001d620ffffe9ed0001323b0001789d
ffffbc2e00001a880000dcc20001e83cfffee835ffff215affff0471fffe0368
00019d7efffee1f400014b95fffe74cbfffeaf45ffff9403000133baffff2659
ffff33190000634c0000be19000061a5ffffba3400003371000048c0fffffe74
fffe9fa8fffebe2000016c92ffff64a7fffe09f5fffea6100001daa6fffff215
00019a95ffffedd3fffe5072fffe61c10000bc310001ba7c0001e1bc0000c7bd
ffffca3e00015ea80000604a000098510000cdcdffff93a8ffffd6df0001e362
0000000000000000000000000000000000000000000000000000000000000000
00014c40fffff7dd000144100001aa6a0000c91b00009d8c00005bcc00018ed4
000050430001ad7dfffeca6ffffef49b00000962fffe3dd1fffe3143ffff6b81
ffff2db2fffe7ae700000f8b00017ae4ffffc80cfffe78490000e524fffef652
0001796900006a45fffe3557fffe49cf00002920fffe1170000074d2000011ca
ffffdf36fffe0ac3ffffece9ffff4214000092e2fffe9181fffef2d20001a18e
000143e600008955ffff30c40000890effff5a10000028a7fffe52fe0000a6ec
00013532fffedd0400009380fffe5e4bffff0d510001eb2fffff05c900015f47
0001c7060001c38e00005d2c0000708afffec3c80001bd160001d04c0001084c
000163040000f9eaffff2f3100015d90ffffbb7700002c0300016f1afffe8c24
fffe3f290000159200019d44fffe60e5000194440001232b0001a2bcffffbdbc
0000000000000000000000000000000000000000000000000000000000000000
000156150000a773fffe5e17ffff1ff4fffe1a5cfffec2e30000db5f0001885d
fffec81affff1b1b00012f81000116590000fc5f00019f6d0001796cfffe2244
00019db60000b010000002ebffff37440000f2d100001ff7fffea1c1fffeb4a5
00013f17ffff0a5bfffe201900018142fffed1d80000abb60000e58900014ff6
ffffdc0cfffeafc6ffff120d00018fa900017c0d00015cc300014fa4ffff08a0
fffe01c20000c068fffec85b0000632affff297b00007eaefffe3c97ffff4d3a
fffe157efffe68dbffff9b1ffffe7e850000643efffebb64fffe4de5fffe638a
0000000000000000000000000000000000000000000000000000000000000000
ffff7280000101f80000bf6d00014a36ffff7b97ffff004efffef09bfffeac27
00004f570000cead000095aafffe0e9bfffff917fffff005ffff50c000006464
ffff8d8f00016ce2ffffd51600005a780000b56e00017c62ffff58030001380e
fffe5e9e000116f8ffffae54ffff5d5b00009dd3ffff65470000530d00018b6a
000000baffff31aa000115b7fffe8f9f0000180c000040660000e87bfffe4c3a
0000e9d10001c3dffffe6391fffe9dfefffe233200013261ffff1adbffff37d2
00009df3fffe6c8c0001b3140000cece0000cf80ffff7dbefffebf01ffffc97f
000052af0001940a00017ac9fffe5db2ffffa04bffff20440000cc0d00016067
000083450000f35cfffe7626ffff842e0000a798ffffad170000a5efffff12ea
0000000000000000000000000000000000000000000000000000000000000000
00015aa4ffff4f460000d4bafffec970ffff9be50000ac54ffff7f3200000af6
fffe6db5fffe5644fffe58f500016daaffff10a2fffeb726fffe1fa700002062
ffff55c1ffff8eae00018d8bfffee07dffffb1f200003b1500019444ffff16d7
ffffec010000760400015ac7ffff9f49fffe31cefffffa89ffffa53200002b55
000122b3fffed65efffe69beffffbd6700007e5e0001f613fffef231000118e1
0000ea9d0000036b0001e495ffff033e0001d9b60001c6fe00013a6dfffeb916
0000000000000000000000000000000000000000000000000000000000000000
fffe036fffff28baffff25aaffffa280ffffd17e0001c39a0000759500012def
ffffb96fffffa447000049d50001263bfffe61dafffe8b86000176a40001d7a2
0000000000000000000000000000000000000000000000000000000000000000
ffffadcfffffd41b000004e2fffea4010001155dfffe1c6dffffac380000bf1c
0000661e0001b181000042430000be76fffe0bd4000085f600001a9a000179b9
000018e10000fc8400010452ffff4f3700003aa300018a94fffe37260000bb43
0000000000000000000000000000000000000000000000000000000000000000
0001960b0000e7f5fffe63fcfffe8fd2fffeb37cfffff1370001f741fffe525d
00002f1600009ed40001bb66ffffc1820000e2abffff312900018b2a000194c5
0001a42f00002182ffffd740000078fdffff6d5700001b8dfffe5a1a0001a007
00015614000103690001e7ff000045f3fffed0410001dfcfffff6a970000126f
ffff5029000094b0fffe438e0001a952fffff77effffc59f00008d76fffedf7b
ffff4a04ffff442dfffe77000000ed640000595bffffd3a6fffe21360001ea47
0000000000000000000000000000000000000000000000000000000000000000
0000ccc5fffe634c0001dc1cfffeab4e000111abffff0ad900012398ffffc2fa
0001e1edffffda6fffff8f29ffffde09000080c7ffff19a0fffefefc00017bc6
0000fce2fffe9a84ffff3db1fffef7a6fffec4c200018f3bfffe09e6ffff9b0c
fffe630b0000dc6400002c99ffff1d4dffffb28affffef12fffeba9fffff899f
00002959000132420000f230ffffc324000114250000b79d0000e3beffff5665
0000ce2d000077a4fffffcaeffffe4c90000feb4ffff0aea00001bc900011065
0000000000000000000000000000000000000000000000000000000000000000
fffe00a7fffef3e8fffe831e00009b6fffffcd46ffffe723000038a0ffff257e
0000000000000000000000000000000000000000000000000000000000000000
0001bf070000554bffff9286ffffe188ffffefe70000c55c0001932dfffe4251
00004a7d0000a70affffd0f000010370fffff566ffff4394ffff9404000103c6
00013a42fffe757affff4e89ffff22f3000000b90001930200017bb30000475a
000085960001121d00013d9b0000516300014c00fffe8c280000f487fffeca5c
0001196fffff6e75ffff3113000006e300005cedfffe7a7dfffe3537ffffa044
00016a9f000006100001cf370000c8f7ffff1e63000138290000a1baffffc529
ffff15e2000146a9ffff0274fffe9c31ffff8997000178440001380e00013a5b
000191860001ce8dffff0be1ffff4851ffffff5500013b5dfffe3801fffeb0ec
ffffe2ed0001c31000004ef0ffff19a20000c56bffff87b8ffff944800009e34
ffffa8b5ffff18f7ffffa4a2fffe8319ffff139ffffe196effff96c100008611
ffff783f0001b7db000055c9fffea40400011a2c00003a58ffffca3cfffe7a54
0000e9ee00006dff0000f233000124faffff7f1cfffedcb200017502ffffe018
ffff6f5bfffe867cfffe1112fffeea94ffffd042ffff2754ffffe49500017ab1
fffe619f0001a26afffec1cf0000a275fffecc83fffeff0effffc939000037dc
fffe1e990001926f0001238a000066f5000031d6fffeb546ffffaa68ffffafc3
0000394400015776000105c70000ea7d0000dc24ffff695f00016af20001e9ce
0000000000000000000000000000000000000000000000000000000000000000
ffff54d8ffff3ec30001b6850001adc50001129dfffe4c0dffff7d0900012d82
000089d2ffffae830001c914ffffe31b0000298c00006e9b0000403c0000ead5
ffff7b47fffe397c0000a149fffec4280001b54b0000b68cffff45f3ffff83f7
fffffd580001a82affff175b0001ecf7ffff5950fffea551ffff05c7ffff447c
ffff12d50001abfc000016e0fffe4833fffff30400019c340001207bfffed63d
0000000000000000000000000000000000000000000000000000000000000000
0000262affff4cdafffe523700009ba0ffffe4ccffff8b9efffebe2800012d43
0000ffc0000187310001d6c20001e3bdfffea431ffff240efffecaaefffe3c5f
00003eeaffff76be000184310001e950fffe923c00008eec000090dfffffa35e
0000000000000000000000000000000000000000000000000000000000000000
ffff8fa300000c12ffffc8af00018a650000f112fffe56c50001d91ffffe301a
00012e2a00016970fffe0a9ffffe4bb00001d3c2ffff5121ffffb35b00008630
0000c6f6fffeca46ffff977cffff50530001b6dafffe972a0001dc8cfffe66f5
0001469cfffe30f6fffff721ffff7f4e00006383fffe8c22ffffe75a0001e804
0000000000000000000000000000000000000000000000000000000000000000
0001623afffec0fefffed76d00014d00fffea61d0000e6fe0000957200011192
ffffe7df00010cf3ffff2bf8ffff534f00002aa5ffff8ea40001603a000197e4
fffe13e6ffff2dcaffffda4e0001bc8d0000730affff3a96fffe932a00006c8f
0001207afffe839b000026f80000987600012a91ffff4e5800018333fffe1a30
fffe87c40001d36dffff97f10001851400001c5c00003bc1ffff9d5500007372
0000a04ffffe2c93fffe74ecffffcb8affffb8dbffff2d87fffedfb600017146
0000000000000000000000000000000000000000000000000000000000000000
0001b18e00007fdcffff8c35000007880001ddde00019b780001cbf0fffef419
ffffbb7bfffee07200010ef20000afebfffeb16900005ed4ffff87960000f99c
0000000000000000000000000000000000000000000000000000000000000000
0000d12bffff59af000110f300014d4afffe7be10000237affff99e3fffedcef
ffffc0ddffff7e0fffff64cf0001b5adfffedde300015dd7ffff9ef3fffecf93
ffffb36e00001fd5000026040000dec60000c99dffff983e0001ff40ffff6d68
fffeadaf0001465000003253fffec74f00015cccffffed9f0000b5dfffffecc2
0001d1a20001abd5ffff936ffffe3921ffff00a8000071dcffff6715ffff4044
0000000000000000000000000000000000000000000000000000000000000000
ffff67ce0001e8860001558c000196f9ffff9137fffe11a8fffe179cfffe9511
0001d259fffe05d3000026df0001344d00014692ffff4eac00011a330001f34d
0000000000000000000000000000000000000000000000000000000000000000
fffe7e2f00002352ffff33f50000a801ffffedc40000c0770001d249fffe6f13
00017140fffff5f3fffe66d2000041c7000162f3ffff7d82ffffd74e00003843
0000000000000000000000000000000000000000000000000000000000000000
000091f200009a700000ab60ffffe559ffffc8c7fffe9c5dfffec37c000003f9
000190420000f25b00017274ffff1c56fffe018dfffe6fc30001bd6dfffe8615
00014cc400015a3effff3a3d0001fb2bffff6569fffe2df3ffff09240000f46a
ffffb05affff0d11000100c0fffe1da50000adab0000d6d4ffffa917ffffd19d
ffff788c0001ea040001cecafffe5ba0fffe4e16ffffec7ffffe88f60000fac3
0000000000000000000000000000000000000000000000000000000000000000
0001d7df00009a37fffe7abcfffe7820ffff20dc0000e260000060f50001dcff
ffffeca6ffff6db3ffffcf5300002a6f0000167afffede41ffff5114000166c6
ffff9fd2000133cefffe84d2ffffe3050000ba94fffe6598ffff5c4800016691
ffff3550ffffff8e0000f2f2000021c400017313ffff048b0001ed15ffffaab5
0001b3060001c3ba0000cfe60000ba76fffe0ed1ffff0b91000151e20001502d
00019655fffe473ffffe1c8c00006753ffff834b00007492fffe2f1effff639b
0000000000000000000000000000000000000000000000000000000000000000
0000850bfffe7449fffe4b4b0001e6fffffe451d00016ee3fffeb00d000179c2
0000a8acffff92dc0001a31affff667e0001c8b500000abefffe250a0000271f
00017d0d000162fdfffe10e2ffffdfd0ffff13cd00019799ffff0fcf0000c247
000021bcffffda1700010849000069d90001e141ffff62350001b922fffe069b
ffff1d5effff636d000079b7ffff791f0001b47b0001451b00007b04ffffce10
fffebb7600015c1c0000dc1effffd98f00005544fffe230d00002793ffff8277
ffff394d00000ff2ffff3a0efffe8f120001996c0001c13efffe88c70001df28
0001dd310001f1a6fffe19430001ed28ffff72d50001c146fffeb85dfffe9dd7
fffe279300015553000056b20001892dffff90540000bdc90000463f0001beca
0000000000000000000000000000000000000000000000000000000000000000
ffff6dd80000c860ffff3cfa0001a488fffebeccfffef35fffff07b2000057ea
00017821000077e1fffea49b0001f4a1ffff305700003626fffefe580000b4c2
fffe7a29fffec0b4fffe6c0efffe99a4ffff38e0fffe396dfffe042effff576d
000104740000292cfffe49ecfffe72a10000621600005468ffff5000000144b9
ffffa96f00015b89fffe1deeffff1ab70000b44c00005eab000135510001c9f9
0000000000000000000000000000000000000000000000000000000000000000
fffe255bfffea32a00000960ffffe91cffff1e35fffef1a20000a6300000e730
00002bd90000b65effffadc600015c380000e158ffff6684ffff12e6ffff30b8
0000000000000000000000000000000000000000000000000000000000000000
0001d7ab0001715600009cc700000f2700008f010001df4a0000289700010a80
00009c1dffff10880000912300015bc00001a2270000218cffff297d0000562c
0000000000000000000000000000000000000000000000000000000000000000
00002d63fffeebdcfffe036f0001e476ffffc71a000071bafffeabe30000c5cd
0001047b000189510000ec84000194baffff3df800019c48fffe12fbffff2494
0000000000000000000000000000000000000000000000000000000000000000
00018b000000736f0001829ffffe8c8f00000547ffff32eefffe18f000018088
000026e90001bba7ffff61b80000b38cfffeca89000059a80000af78fffea12e
fffeec4afffefa310000e96800005ed900018a0d0000319d0001033affff6385
fffe22550001095dfffe4262ffff388d0001609a0001d0e1fffebddbfffed4c9
ffff6a0e0001f14cffff4ff20000bf31fffe3d3500012f7f000077befffe222c
0001ded8000125c5ffff3ae0ffff9fef00006a4bfffe42f6ffffc74fffffb7dd
000079f1fffef3d000009dc90000ff3bffff9858000044b00001f0f60001096f
ffffb96affffec1f0000436effff78cdfffee7b80000d53400009ec7fffef29e
0001b92efffee094ffff20f1fffffb3d00003794000162d4fffee07b00003375
00007792fffe55b80001410700012357fffe583efffebc1cfffe7ff3fffe563e
fffeaa910000b4f30000c6b300000050ffffbe64000133f80000394c0000145c
ffff34da00007700fffe50a9fffe814bfffe7aab0001c326fffef0d300019ba1
0000bb38ffff184affff2091ffff37250001eca6fffef09300004783fffefada
0000000000000000000000000000000000000000000000000000000000000000
fffe7361ffff1189ffff0d2dfffec3240001b779fffe32fbffff2122fffe0ea5
fffe048e00012420000010510000430b00004b31ffff1cfd000199eefffeaa90
ffff739f000176b6ffff944700012993fffefa57ffffa42cffff89b9ffff34fc
0001fa900000681dffffab8cfffe35140000882e00011aa0fffe08d9ffff4d1c
00001efa000121590001b80e000004d8000159aafffff98e0001e3cd000114f3
ffff67b2fffe7e0fffffcb17ffff39adffffec0f00014807000084d1fffe8f5d
ffff75f700013c1c0001a83ffffe78730001826cffff56370001b6ce00016ec4
0000cd8efffe03b6ffff9d430000665000010b3bfffe94eafffed6f3fffe9492
0000359700006923fffeb72afffef62000018d28ffff38ceffff7450ffff94ab
000056a8fffe4264ffffa75200015185fffe93c300009ac80000372f0001eb78
ffff068ffffe572100017c410000707bfffe5471fffe75ad0001a6defffebe58
000087c7ffff027700015235ffffe22d00017e12000161b50000d3190001388b
fffe28770000c64e00009bc500010b72000164140000295afffeb3adfffff3d1
ffff4ffc0000ed3e0000a104fffe368800005290000121230000e5210000ed40
0000a51e00019cb1fffe737affffebd50001420d0000f8f4fffe9f69000180e3
fffe4361fffebfe2ffff5002000137fdfffe57110000547affff1a88fffeb2af
0000000000000000000000000000000000000000000000000000000000000000
fffe29affffef33dffffe95800010bdc0000abadfffe8259ffff091dffff7bc5
0000b0effffe399f00007f87ffff0ea1ffffef9b00013f5900010e46fffe249b
0001f9860000861bffff8b4f000100de0000bb5cfffecb810000ab6d0001d462
000138daffffa236fffe9514fffe3b3600003c5affff0de300018925fffe7554
ffffcd9a0001e076fffefa3affff23bcffff41eaffff15f70001f4720001f6d0
fffff6540001d8cb00002638fffe02e6fffeefaa0001965dfffe0335ffff823c
ffffee90000079e9000074a6fffe0975ffff643f000012e80000898600006850
fffe9d870001a9e7000044f4fffe8dcd00002bd9ffff773d00000df00001de05
0001be2a000030a00000e938ffff21e4fffedbd000012c840001b4a10000f41b
fffe224d000118e1ffff32bfffffa1e9ffff7df90001232efffeeba50000dd22
00005400ffffa5b5fffea81f000000c7ffff684800015e2effff49cb0000b967
0000bf43fffe0a67fffef85d0000563d00010e9800003f2000001a0dffffc401
ffffd963ffff561800005b3b0001c56afffe7ccefffe29c6ffffedd600007127
ffff6314000097af0001179dfffeda3300007547ffff60cf0000fcd6fffe1638
0000000000000000000000000000000000000000000000000000000000000000
0000fee30001fa64fffff775fffe71d2fffec364ffff265000011a12fffe1a0f
0000000000000000000000000000000000000000000000000000000000000000
ffff34d7ffff0e8dffffca5affff053c00015efaffff6a0c00014d1700002b76
00001b420001a9dd0000538bffff5a23ffff1d7200012e050001169f00011e49
fffe5337000083c900003d04ffff9a8b0000062ffffec18dfffe8cd700006df9
ffff858e00017ba5ffff5f5fffffb3d500002f41fffe888700012465fffe226a
000080fb0000af4f000065b2fffe67b4fffe2b3effff59ea0000784600012fef
fffe7086ffff1ff900011420fffefc4200003203000004dbfffe72a7ffffcc63
0001fb99000195ae00003075fffeddfafffecd970001e82ffffe9f6bfffe878e
fffec89dfffef7e7fffed3eefffe508300008ad50000ab6bfffe67f0ffffb881
fffea7dd0001c3600001935afffea4ec00014e38fffe59a80001cf9e0001f639
0000000000000000000000000000000000000000000000000000000000000000
ffffff4d0001c92b0000f20200017f610000692bfffef4760000958c000162c4
0000c6a6000163140000ef77fffeeedb0001ae0900014479fffe682200019280
0000620b0001caae0000f4d2fffe871bfffe8ab3fffebbf60000e07000009a34
ffffe138fffe34d9ffffcfeb0001aab40001efc40001320dfffe238600003d67
0001a94affff5dc300010bbe0000fe400001049b00014f92ffff2002fffed203
0000212e00018271000057bffffe0a32ffff529e0000081efffea41cfffec8ee
ffffdf200000b2910000e0a800006019fffee9bc0001f6abfffed73ffffed360
ffff6ce600014f12ffffd571ffff076b000075480001dd10fffef3b300001a4c
fffe1427000155760001bdc7ffffd144ffff7c2800014be7ffffca22fffe14c0
0001f375000049bc00010c5dffffc923000172e100006162fffe0d61fffec70b
0000594600007d95000172a40000ce8e0000755400002680000130c600014a74
ffffdf2afffe9bd1000113ee000026e5ffffdaeb000191e2ffffb389ffff9b05
0000000000000000000000000000000000000000000000000000000000000000
0001ab9e00004c5afffee45c0001f475ffff540a0000ca3fffff98fffffe9f91
ffff8fe8fffe906f00000802ffff47de0000b8aa00017f6800004124fffec07b
ffffe2aefffe84d0fffeffacffff45f70000234800000dcc0000b207fffe144a
fffe7485ffffaf69fffe4f04ffffc2780000f923ffff3876fffe40130001cd8d
0000000000000000000000000000000000000000000000000000000000000000
00019a1f00003c3c0001e0300001bb15fffe0a2bfffef7f2fffec4ebfffe6206
ffff05b400006f50000140a20000ade3fffe990effff48f3000173c4fffebc49
ffff0dd0fffe96ba0001adf0ffff7289fffe032a000052d7fffe60ecffff3731
0001cb03ffff8fdf0001d8d3fffe27dffffeb0be00002b9dffff8b7000013747
00016419ffff02c4fffe3f390000e05a0000e495ffff6757ffff00f200003a8e
00004c38ffff74e50000ca7600004354fffeadc0fffe6dec00013f8effffdd1a
0000000000000000000000000000000000000000000000000000000000000000
0001946c0001281effff566200002ea2000160c600014e9dfffe64b60001dcf7
ffffae73fffeaec0fffe0f61fffe3a76fffe13bc0000552900018fdefffe093e
ffff8977fffe09dc000007eb0000c85d00001546ffff867afffe2f1f00016ced
fffe0b570000b826fffed6a100015ca3fffeef2500001ae9fffe548300014a50
0000000000000000000000000000000000000000000000000000000000000000
0001adb80001e2b6ffff9501fffefc950000e58a00010a37000167c000000fd7
0000a89bfffeb4e0000019d900008f0dffff56a6fffe6eac0001f7640001a444
0000137ffffead28ffff886600014a5f000141b100018708ffff7900ffff3e3d
ffff9742ffff76560000f99100000c97ffff0207fffe4e2e0000e4400000e0b5
000094ed000003b00001ba59ffff204f00012523ffff5a5bfffe6d6b0000f383
00009a910000bc52ffff22f2000047a600004eb20001a8020001bc5d0001b37a
ffffd01efffe40820000aaa8ffff8e41fffe943efffe04410001b8be00013ce1
fffff8190001abe20001552affff3dbaffff1a36ffffcc4600011ec2fffed539
fffe142a0000d2e800007c7000008106ffff257f00004280ffff84e0000124dd
ffff2ba6000199b5fffed48600000412ffffd0f600016004ffffb84c00012294
0000000000000000000000000000000000000000000000000000000000000000
00011ad0ffff051f000066e4000117bb00017e87fffffdfcfffe77d2ffffe603
fffec060fffe4a7efffe19b000000f0bffff2a64fffe19cdffff7f650001abec
0000000000000000000000000000000000000000000000000000000000000000
0001f90efffe3418000107c40001dff1fffead6a000030e3fffe4da8fffe233b
0001a4cafffea05000006bb0fffefc42fffef5b400006bfe0000385bfffe259f
ffff736600010b38ffff7f6bfffeb56a00017702fffe3a4b000148a300010ee4
00014b0f0001aae70000f49d00005144ffffe9e1fffe3e2cffff1200fffeb4e6
fffe12e400012226fffeb793ffffb1bb0001d628ffffb8b100009556000119f7
000159f3000013b7ffff8ad7fffffc40ffff1cb0fffef988ffffdf69000197d1
ffff77d5000078acfffe860cffff7c9bfffe4dd9ffff90640000b5f9ffff878f
0000e401fffeef4affff08bbfffe337e0001ac0d000106b800018e16fffef48f
ffff5736fffff4a2ffff079e00005c3dffff1d1efffe064fffff8db8ffffc5bc
fffed56a0001bedcfffe71c2fffec0e10000f3030001090100003472ffffa302
00001e27fffe9ac2000137b5fffef62afffe56b10001d065fffe196affff58fb
00011478fffebbc100017966fffe4092fffedc52fffe704bffff3235ffffdc1e
0000db78000002dcfffe6f7cfffeaf8d00009080fffe68460000177b000097da
00014f0000012367ffff47d50000cbf800004f900000a33e00002bb1ffff4596
0000a4abfffeb7bf00000b2f0001ac860000d515ffff6a46fffe1feeffffe07a
ffff440800004ad5fffeab00fffe33abffff2ce80000e6ae00018b68ffff0b08
0000fdabfffee0260001cf75ffffebe400008be40001be4c0000a4f300014344
0000cdd3ffff9876ffffb687fffef2d3ffff956700002d9a00004129fffe790f
0001b7cefffebc1e00010ae50000abf80001c0a300002999fffe6731fffe5df6
0001dd36fffe5907ffff6eebffff20c500017f37ffffb1cf00008c2800009d4c
fffe73d20001b8e2ffff7a5d00009f8c000104f100008d00fffe96da00018a2a
ffff64390000035e000044160000610c00005fdafffe2519fffec1e5fffe9849
0000000000000000000000000000000000000000000000000000000000000000
ffff7214000112e60001cfec000111e10000bf58fffeeb4a0001e495ffff8aec
ffffd4aeffff8c3f00009556fffefd90ffffd0370000be0a0001528cffffa362
fffee228000099e000013b450000fd5a00019c5cffff6435000134c200014e51
ffff6c80fffe8bda000185fcfffe27ae00018ac1ffff42a8fffe96f00001e884
fffe3e1bffff6e62ffffe5abfffe5e860001f90ffffe4df3000023730000cb70
ffffbe54ffffcd7cfffe4188000122d000015258ffffafaa00002d5600019d4f
ffff9600ffffdf34ffff8d3e0000adebfffe9ad30001f8e50001823b00001db5
fffe4e5300018e0a0001bf6c0001154dfffed3b700014c8e0001a292fffe8216
ffff8471000192f2000001d6ffffc6e00000bd50ffff161efffe4d40fffe3794
fffeb67300014d160001d237ffff297cffff73ac00018b31ffff6d6cffff950d
0000eed5fffed627fffe45470000ac10ffffa777fffe93b1000022d9ffffb96f
0001982bffff2a110001cd5fffffbc0a0001835c0000a19d0001ef800000d533
ffff3477ffff4b32ffffaf55000011fffffedc050000468a0000f438ffffd09e
ffff4999fffe2559000087fcfffec37d00017d990001565dffff9f5100011b89
fffe9a670001a5b20000aa56fffebf3efffe44e4ffff9327fffe87f9000125af
fffe0b670000b8b9fffe59240000e49cffff0a58fffecd9200008b51fffeb342
fffeca4e000046efffff842c0000894b0001daf5000082b5ffff82f3000059db
ffff4cd6fffef9970001d9f5ffff877c0001905e00000f050000e2bdffffa8cf
0000eb470001deaafffe01230001cd8100002ddaffff082900009347ffffd178
0000000000000000000000000000000000000000000000000000000000000000
ffff42c90000a1a7000034a00000ca27ffffd3e6fffead79ffff457cfffe2f30
fffe6d1c0000c656fffe5b17fffe731fffff9a26000181d30000196400010df3
0001c04afffe46ca000022270001e62f0000aa2600002ff700019bf90001e50f
00016ea5ffff64eeffffbe50fffee8e40000d57efffe0dbf0000ac2d0000b5a1
00007dc200011ff2fffe0c15fffeb14f000194d1ffff41830000ea96fffe6497
00019433ffffff49ffff96cc0001558bffff07fa00016369fffe2c96ffffb29c
fffef1e00001dad8fffea531ffff03abffff81a6fffe4f7dffff44a0ffff58dc
0000000000000000000000000000000000000000000000000000000000000000
00005e17ffffbdbffffe75e9ffff406bfffe59eb0000d46b00016e9d00013d35
0000000000000000000000000000000000000000000000000000000000000000
fffeb0d30001322afffe4d6bffffe6fffffe37b100001bbdffff60b5ffff2b40
fffe9ed7fffeb383fffe85fd0000f64a00019ff800003dcb0000b577ffff3d24
0000000000000000000000000000000000000000000000000000000000000000
fffec9dcffff4cb30001c2f9000156cfffff6cf2ffffa533fffe627100018cb3
fffec1c600000a160001afd40001a8fbffff8f9c00015d590000b8380001e5b6
0000000000000000000000000000000000000000000000000000000000000000
ffffddabfffea40e00010e12000160adffffc1fcfffff6760001899cffffde32
0001c25000008e7100001da6fffe3c79fffebaabfffefcbfffff93fd00012426
0000000000000000000000000000000000000000000000000000000000000000
fffe3beefffe1c3700008cd0fffec90c0001eb68000144ddffff509e00003d2a
ffff6a8400001b87000130a4ffff18ccfffed76dffff6d4e0001bc8b00018804
000036a2ffff46e5ffff2b57000123320001e359000191c400000c8a0000dbe2
0000a6feffff16d5ffff94830000ce8dfffe30fb00000c29ffffb022ffff7030
0000000000000000000000000000000000000000000000000000000000000000
fffeabef00015bed0001348a0001d524ffff9bf6fffe6a9f00002b3efffe19f1
0000000000000000000000000000000000000000000000000000000000000000
00009569ffff7c24fffe85430000a08400000b5500004e24fffe909ffffe4eae
0000000000000000000000000000000000000000000000000000000000000000
ffff748a00011ea500001ac6fffe805fffff2c5d0001765e0000cc7afffe3192
ffff3d6300007422000074530001bbaf0000c8b1fffe3fbe00018b360000fac4
ffff08eafffed2dc00016dc900002535fffeba46ffff8a68fffe9e0effff81a0
fffee086ffff46be0000e3ba0000400900005547ffff5feb0001a7630001ca98
fffe0ecc0000faafffff985efffe90c90001fa65fffeb662fffee260fffeea6f
0000000000000000000000000000000000000000000000000000000000000000
00003e880001b57cffffcf7c000045960001e394ffff3dbe0001c11e0000c8ca
00002a4100017b260001c96200013149fffe544300005fc3ffff8306fffece46
ffff84eeffff9d4100014493fffec84bffff2521fffe7af50000584dfffe8d7b
ffff43b9000135650000dbedfffe248ffffe3d7d000163a7fffece380001526d
0000000000000000000000000000000000000000000000000000000000000000
00016bbc0000ea7effffd838fffe0db0fffe4d1000017be9ffffefd40000568c
fffe485e0000b8be00005b8bffffeb28fffe9b87fffe0d3efffee9fbfffed9bf
0000d364fffe61a5ffffd8710000e47e00010be500000a760001c56fffffaa78
0000ca8900011c620000863cfffe51d5ffff1a73000055c3fffeb38e00017678
fffe1a16ffffe7ba0001928dffff743e0000d24e0000ca2effff6858fffea11f
fffee7dd0001f5c200010bce0001917c0001581bffff55caffffa51e00014e28
00014247fffe5aecffff951c00017f39ffff239afffea47d0001cb30000046bc
fffe1c930000ca120001575e000067c1fffedcd70001e574fffe426c0000533e
fffe92ecfffe9b8affff7433ffff587a00000f1bffff2eca00007f860000539e
0001565f0000cc66fffe4403fffe66c6000150e10000739effffd851000015b3
0000000000000000000000000000000000000000000000000000000000000000
ffffcbe8ffffb8abfffef03900013726000046a00001a9fc0001ed7e00000f17
0000000000000000000000000000000000000000000000000000000000000000
fffe85ac0000d5b4fffffec4000129c10001502e0001f71affffe3d0fffe704f
ffff879fffffb8f4fffff53c000158f80000d5d3fffe819ffffe623e00002841
0001d407ffff4827ffff7f86ffff0697ffff086200002fdd00015df4000006a9
0000000000000000000000000000000000000000000000000000000000000000
000083440001d112ffff0482ffffdce400002464fffe723a0000bf130000c31d
0001711f000133c60001e871000037e5000185190001c12b00008382ffffb969
ffff51750000bcd700010d3f000055910001e4c8fffe32eafffe621a00000415
fffef5a100014f4fffffd1f7fffe7cf60000e441fffee6f9ffff0c85fffede23
00008701ffff960700011448ffff27faffff6360ffffd40dfffe4ba5ffff309e
0000000000000000000000000000000000000000000000000000000000000000
0001f48b0001f1860001278000006dc0ffff957d0000817effffca6bfffe9bf3
fffe75c1ffffe13900003bdcfffe4d9effff8d57000018d7ffff3ce9ffff20a2
00011d78ffffad21ffff4a320000c7610000dedf00013c440001c9b400006b0e
0001179ffffef7a3fffe3ef0fffef2bdffff34bbfffe60a80001a2d3ffff4c4b
0000c07f00001adb0000853efffec2b500009dc3000124510001bdb900010dfc
0000642bfffe689a0000260e000138670001b472fffeeea2000026da00005c30
fffe79c80001d550fffffc05ffffb448ffff0652ffffce49fffeff7d00006732
0001bd20ffffdf0d00006a8c000062480001f36900009122ffffaa2cfffff61d
0000000000000000000000000000000000000000000000000000000000000000
fffe0cd00000c5b500014bd60001e4db0000b7dd0000ec42fffe7266fffec79b
00012ffefffe77dffffe4b14ffff3237fffe0dc7fffe6be000001510ffff5b10
0000000000000000000000000000000000000000000000000000000000000000
0000b1e6000117df00008261fffee390fffee94ffffeec7effff5fc0ffff0159
fffe5cf9fffebb57ffff02940001ef860001b651ffffd687000196c5fffff9a5
00013326ffff11ef0000425fffff5428ffff405a0000f29f0000c66effff77e5
0001173c0001c44300018e1effff4756ffff65fefffeaca5fffe612dfffe0ed0
ffff0cf800003335ffff214d000121f2ffff6fb6ffff2b8200014f500001d633
ffff96fa000195c6fffffffa00009bc6fffe0294fffed58bffff483c0001d96e
fffeba8f00007dc6fffe1c610000ee09fffec26200005771fffefdc7fffee329
00007725fffe3397fffe2255000159a5ffff991d000072ec0001dc50000156fa
ffff921c0000ede8ffff2ebd0000e6e300019523fffe81fbffffdc56000092b4
0000a8c5fffe7bd9fffe3ebf0001dbbcffff5511ffff84c2fffe52d3ffff7cc6
0000ea24ffffdf5e00006acaffffc1feffff13000001f712fffe9fabfffeefa3
ffff1ed8fffe2653fffeee190001101d0000ad440000af340001193cfffe36f7
ffff8a01fffe2e50fffe823ffffeafd8ffffd25b00000d92ffffcf2cffff25a9
0000000000000000000000000000000000000000000000000000000000000000
000108b1fffff9e4fffecd760001481e00015c21fffe73aaffff315efffffa4e
fffe170900017da7fffea170fffebe42fffe905f0000fd29000082d70000ef4b
fffe943cfffeb4b8fffe8eaeffffecc2fffeaed200000e2800011d23ffff549b
fffe11f700009e320001fb2700019e9500002d82ffff6c49fffee99c0000b7cd
0001155a0000444d000038c9ffff811afffffde2fffecaac00002923fffe5d4f
ffff5057fffe4c5b0000f93500014114fffe68beffff270ffffe5330ffff669f
000067ec000059410000c79dffffddcefffed59d0001698dfffecc75fffed4dd
ffff3d0300016872ffff57b4000119f90001c744fffe84f80000dd010001cf8b
fffed7d50000b2200001043cffff9899000104f0ffffc30d0000d7e1fffe4b67
00018bd0ffffd9fbffff537afffeb1adffff5308ffff743e00009a9afffe40e2
0000000000000000000000000000000000000000000000000000000000000000
00010ce9000137560000f383000102caffff902efffe67e600013164ffff4398
0001c8a800000a9b000196150000df7d00001b51ffff2b2600012d61ffff0450
fffeedc7fffe05070001e1e9000130aaffff72260001650cfffffec2ffffacc9
fffeb5590000da46fffe441f000006390001a9e3fffebcba0000447bffff3a14
fffe41490000677e0000a960ffffde3f00001bbe000112a9fffe256dffff7d5a
0000000000000000000000000000000000000000000000000000000000000000
000135d4ffff23fc0000e5f6fffeeaf4000188040001f941ffff2cddfffed6a6
ffffe6ba0000ef09fffe0dc700007ec8fffe5d130001d5b1ffffd58affff4cf2
fffeb939fffff8550001d55bffff06b400000f290000b3e90000e90400007c70
00012982000090df0001d28000000d7300014807ffffd8540001ffe2fffeefa5
000024a600002ec90000619200011fbe0000c0d300011aa800000706fffe6057
00006b50fffe32b40000d51400000cfbfffffa21fffe4145ffff773b00009596
ffffc4370001782fffff11c4000016dcffff877dffffc127fffec0abfffe5904
000087180001eb2bfffea5430001ca2500008831000150cd0001d8130000793b
ffff40ce0000dae6fffe7181fffe3dd700007711fffe0bf2ffffff0cffffd841
ffff8cac0000f002fffe44ecffff2118fffebaed0000845d000012b00000ed44
0000000000000000000000000000000000000000000000000000000000000000
fffe5394000111be000073830000e357fffecb8a000118ad0001cd7300000d45
0001189b00006862ffffda070001552700004b17ffffffd10000a39900018149
0000000000000000000000000000000000000000000000000000000000000000
ffffe475fffe867efffeb139ffff24dfffff4ea2ffffe0c80000abefffff235a
ffff7d32fffe741ffffea49f0001133bffffe0d600017597fffefb33000195ee
ffffe592000128b500010873fffe96bbfffe98680001582b000193f4fffe1c2a
0000798100012648ffff8a1c0000a3940000e0c20000c2950000e907fffe4a6e
fffea8bd000068760001c5180001b4b9fffe32befffecbd8fffffdce0001b593
fffe234100001691ffffb19e00017b36000027d90001a5f70000d8df00016cd9
ffff4d7ffffff0ceffff2ba50001f27a000091b4fffeb48600001c5700009cae
ffffeaf30001844100007cb3fffef72c00001ba100003b4e0000f5d900002a6b
00001c740000675a0000cee400017addffffb40f00019fa0fffe4a59ffff4c1d
fffff8e1000152feffff3556fffeda35fffe3e8bfffec60cfffe0ad0000016fe
0001a483000125f20001b590fffe5abd00001f640001cf390000f0810001a8f0
0000000000000000000000000000000000000000000000000000000000000000
0001edb8fffedcc40000a268ffffc7190000a2800000328f000190aa0001f6a6
0000000000000000000000000000000000000000000000000000000000000000
0000154700008243ffff35820001011700015df8fffef46700010bbdffff7b95
fffe4a1f000154bffffeaf480000915f0001c24e000092cffffe525900013056
0000000000000000000000000000000000000000000000000000000000000000
ffffe097ffff7964000074ea00017f5a000014cb00015e1cfffe74ebfffe4e82
0000660100019d7e00003ebfffffe963ffff8df80000f1ddfffe763f0001074c
000147dd0001bbd0ffffb5f200014ff3ffffbc15ffff66fbfffe63ab00010602
ffff5d1300018e6efffebbf60001370a0000e89b0001052affff26790000e69e
0000000000000000000000000000000000000000000000000000000000000000
00013f20ffff18da000158c5fffe63540000c6e0ffff9c31ffffbfce000031e3
ffff3a7cffff5bb40001c707000046d6fffe1c9cffff6b5700005c70fffe3e0c
fffee75f0001e3eaffff7f27ffff410dfffed761ffffa716ffff3120fffe41fd
0001d074fffe7563ffff5a4ffffe01d200018f800001da41000059660001d883
ffff591c00009cf200000485ffffdb6fffff86f1ffff2da8ffff50dcfffe88e5
0000000000000000000000000000000000000000000000000000000000000000
ffff855bffffba040000f0d20000211affffee2c00004d75000198f1ffff18ee
0000000000000000000000000000000000000000000000000000000000000000
fffea715fffef63a00013dcafffe9f6efffe2644ffffb268ffff886ffffede00
000154fbffff5043fffe23790001e38200019156ffff64a6fffe622c00004ede
00003256ffffaa100001edcafffe4cac0000560a00003c77ffffeb46ffff8323
00013ae0ffff674effff636200003c210000d7defffff7b00001a51200004b68
ffff4d65fffe51960000d393000150a3fffe3f3400004fa9000084edfffe151a
00018f6c0000f79e0001bea6fffeedf00000d1a60001ac2100004d71ffff3154
0000e5f100004decffffe7b700019019ffff79840000fe94fffee8b200015abf
00019b0effff9c71fffeef15fffe5e770001fbc400012cd9000078b7fffe2237
ffffae0b0001f1e70001c2efffff5ab20001694afffec6f00001c8eafffe8bfe
0000000000000000000000000000000000000000000000000000000000000000
fffec7b1fffe5d3d0001b91700011c2bfffe05a9ffff1cd20000037f00014d69
ffff6700000011e6fffeec8afffe195dffffb84b00019a21ffff09defffe08de
fffef7f1fffe356bffffbdd3fffe07befffff0fcfffe60730001051bfffe1ffe
00016eb80000c69200000b4700010c580001adc7fffe5f2dffff44a0ffff2674
0000000000000000000000000000000000000000000000000000000000000000
0000d1830000687afffff0a8fffe218bffff8ba4fffeb4cffffe4db00000e43a
0001f04b0000ed89ffff29e0fffe37c3ffff6f7f0001d5370000fbbb00017320
00001b14fffe16ed0000d6defffecc1efffff8670001eee2000139d4fffe76f1
ffff1f680001c29afffe1593ffffbc39fffee1ecffff2348000067f1ffff6b4b
00004c46ffff689800010531fffe52450000caedfffe08380001dec2ffffbfd8
00014d470001b69d0001187500010370000018ca00008d370000616bffff849d
00009f5c00001f490000b83900012cf6000124980000611cffffc172000075cd
ffff803effff811f0000c4d6ffff6d910001c2f00000c03afffec00c00010fb7
00003f830000a61fffffbca800009cc100013b42fffec5bc0000b687fffe4559
fffef892ffffaf73000002f3000038ccffffca8500018aeb000092d10001d942
0000000000000000000000000000000000000000000000000000000000000000
0001e9f6ffff1c6e000144c50000d62b0000ecf100016545ffffd65f000141f6
fffe641efffe4a1e0001d923fffec8bffffeca670000614a0000f7d3ffffdaa9
fffeb76e000134220001a66b00005bfa000165820000899b0001b51b0001a5fc
ffff091b00011540ffff19a4fffe558600001c680001f551ffffd00d00015f4c
fffeb25c0001c8190001af69ffff6b67ffff4063ffffaea20000f92b00005f5b
00001630fffe0c3c0000b796fffe4b6afffe0391ffffd53d0001690a00011fb3
fffe1c070001d74affffa3200001873d0000c9f000000f7200016fb900005730
ffffea1fffffb09afffecb280000bf3efffe21feffff2bd3fffeacc6ffff0543
ffff8c3a00002054fffed67700004d30ffff7a16ffffac9dffff4273fffe6ae9
00016b2f0000650e0000e32affffd18c0000df3c000118520000bc7dfffe3750
0000000000000000000000000000000000000000000000000000000000000000
fffe760700001738000111f3fffee40dffffd649ffff25e700014237ffff1b5c
0000000000000000000000000000000000000000000000000000000000000000
fffebbea0000a6acfffec73cfffeec57fffef466ffff2626ffff0cc50000b834
ffff9b5bffff975ffffea15d0001e5f6ffff382fffff9cf7ffff57f6000066f8
00015de5ffff0445fffea7f2fffe419e0000231b0000b518fffe3823fffff26e
fffe8a60000119ea000108dc00003d1b000041a600003b9f0001b28400008140
0001de63fffe936a00002438fffff6420000f6dfffff8e01ffffd0bbfffff07f
ffff1395ffff5b3d000073e4fffe37e6ffff3d09fffeae2700017cf1fffe5e78
00007c09fffe90d800006cba0001887700013ed0ffffbbbe000192dcffff3d12
0000d0eafffef07900008e49fffe2c1700018f150001e0db000117d500004520
000040b70001660d0001179100000c34fffe27b4000020a90001e0df000192cd
fffe8c8bfffec8a00000bdf3ffffdcdcffff1a2cfffecda7000047ac0000d4b8
00005ef70001e65000011e720001b02500017f010001713efffed9790000d78b
0000000000000000000000000000000000000000000000000000000000000000
fffe875600012034fffecfe8fffe6dc100004e8800001425ffff26ab00008e5b
fffffe560001f8a10000846affff117a00013ca4fffe9f0effffe69c0001c474
0000000000000000000000000000000000000000000000000000000000000000
0001cf840001b95f0000197dffff1bb700013d18ffff63c3ffff7bf5000114a1
0000ab1400014266fffe706d00007b1afffe99b7fffebadd0000b4ddfffe948b
0000000000000000000000000000000000000000000000000000000000000000
0000db0d0001a022000028d60001078c00001415fffe4079fffe976700002984
0001c08b0001cb5dfffe0067fffe77660001f5f6000029d8000083cb00017ba4
0001f846fffe9bc2fffe5ae2fffea55f00016d160001c55a000177e90000a78d
fffec215fffeb386fffe7c5b0001bbf30001f931fffecffaffffd5060001942a
ffff37b40001b49d0000850900016977fffef24a000112e200007d30fffe0f3c
0001b245fffe8fda0000823700009b3f00005301ffff29e2ffffa09200008abe
00016f8afffe618effffcdfaffff7c6600016b180000a14bfffee9e9ffffdca0
ffff1f95fffe7bc50000ef63fffefc320001b72f00009bef00017c91fffe49b7
ffff7a6c00001d84ffff819bfffec7f2fffed17bfffe540e0000d6cbfffee62d
fffed21effff19280001505a0001a05dffffc7f10001e67600016f1effff2d76
00013afeffff0d050000ab07ffffcc76000089a70000c7320001f1350000a574
fffeb8a3fffe2b32ffff07c8000042b1000004f8fffe7224fffe3a65ffffb5d8
0001374a00007f8d00004e54fffe7f020000bcaa00011b0efffe010900014f22
ffffe4d3ffff10590001967e0000404400011ae5000143feffff7e14ffffb593
fffe68f8fffeacbc0001b46500013c62000002580001e7e50000b768fffedb17
ffff19fbfffe59aa0000fdc100008739ffff4dba00014208000027b700002a90
0000000000000000000000000000000000000000000000000000000000000000
ffff606afffe32daffff43dfffff4bf1ffffa38afffe9637fffe833300015672
0000000000000000000000000000000000000000000000000000000000000000
00016055000033a300007761fffe3e54ffff0929fffe123f0001e995fffeed44
fffe010dfffff906ffff57b600010d7affff5927ffffea2dffff21f7fffef2ce
0001fdd9fffe1598ffff236cffff9022000033440001dd50ffff49deffffc7e4
ffff047effff2790fffe85700001dcb2fffedf930000bca4ffff6f2afffe6499
ffff19930001269afffe5f8b00010a020000daa2fffe63eafffeee7dffff57a8
00017d6b0000f446ffff7843ffffcad2fffe68e900007c16fffea78a0001ef29
0000000000000000000000000000000000000000000000000000000000000000
fffe437500019009000163800001c362fffeb130fffeada7000174dc0001b92d
0000ebabffff292e00006e14fffe2ea3ffffb908ffffb742000154b8ffff46f7
0001739a0000d9a00000249d0001a311ffff0797ffffc25dfffe6b6fffffa48a
fffede46ffffb6110000197300008328fffe58b4000110e9fffe5100fffe3922
ffff0eec00012fe3fffe83ea0001f99c000156b700008ad10001835a0001c33d
00006dd3fffeb995ffff4d2afffe62e1000031b8ffff6df0ffff943b0001a321
000050b400018cbdffff5df3fffe0610000163540000d88dffff08a30001d6d9
ffff8b6bffff14e0000094e4fffe03defffecd3afffe9d02fffe34630001089e
00019ffa000032650001f43b0000097500006f6ffffe8f66000021ecfffea63c
fffe7dde000131d00000a53affff96e3ffffcc8f00014f50000099a900004270
0000bec9000093b3fffe9ac30000396a0001612c0000fd7200018f2d0000e303
ffff605c0001928600005346fffff535fffebbb7000037af0000aa410001315d
00019745ffff19fd00007902000150190000f085ffff6e4bfffec84e00018b7d
00019333ffff4c95fffea11e00017bf500016429ffffd5a6fffeebdb00003cda
0000000000000000000000000000000000000000000000000000000000000000
ffffab1cfffe578dfffe9fb2ffff98e8fffe9ad8ffffe9310001e837fffe8862
fffe09cdffff132400006259ffff09bcffff48c9000046a60001163dfffe2708
000125d40000a21dffff342a00013445fffed4320001e750000162a1fffed0f5
ffffe4f3ffff743efffff531ffffc092ffff70d7ffff4fad000177000001c63c
0001fede000075010001e9e700017891fffee5b60001a38100001d7affffd6ea
ffff2176fffeb3c100000757ffffdbd100013925ffff9a590001364afffee414
0001a941fffebb4f00002ec7ffff6e97fffe3e1e00008dc30000db8affffc83b
ffff594bfffe5467fffea6a90001f021fffe452e0000d49efffe6359fffef14f
ffff97b2000149e2ffff74f6fffedbd0000167aa0001e8700000b661fffee352
ffff6d7e0001772400013089fffef6affffe451c0001c4ca00000735ffffea3c
ffffe650fffe0a5500008309ffff01f8fffee585fffed352ffffc918fffef540
ffff1e67fffe685700011824ffffc1300001dfd1fffe3b3dffff3c0effff5562
ffffd9ebfffe70090001b4000000f564fffe94e6ffff82e6ffffe5bafffe91de
ffffb261ffff6b7cffffbc04fffe341400012f1f00014d1dfffef75100016edb
ffff34c000017fbd00016953000115b1fffe64e1fffe8085000120f2000143ba
ffff730f00003f34000160f7fffe808dffff9920fffeb1ca0000c43a0001f7f4
00015f9f0000d41700009b09ffff6718ffffc468000109340001bd73fffec3dc
0000dcf80000a8a400002633ffff50320001bd67ffff727300016838fffff223
00001cbd0001e2d200004d91fffec0100001f41afffe8a05fffe71e1ffffaea4
ffffca76fffece45ffffdca20001909600012b9400008acbfffe2c560001fa50
00001b2100013db500008d8bffffde0400011c0effff04b4fffe7287ffff36a5
000052a3fffefa68ffffad2d0000c74300009ccd00019b12fffeeebaffff8ec2
00006e1d00019ed50001f048fffed7620000debfffff9ea1fffe974cffffab36
fffeb4c500006c5bffff67cc000049910000e58dffffb04100011c9e00002bf2
0000c07dffff22aefffefd1bfffecaf5fffef66a0001ee040001f70c0001e601
000070960000074e0001eaca00012ef0fffeb0ef000117070000b019fffecb72
ffffa6b8fffff2ac000037cc0001eedeffff8c6500000f1cfffeeec3000061b0
fffed206fffe9061fffe3dc9fffe42b4000144080001d414ffffac8cfffe8a99
0001e60000018b89fffef7d0fffeb9db0001e665ffff77bd00018602ffff7bc9
ffff6c030001dbde00004f91ffff8ca5000025fafffea3dfffff9c3000007e37
fffe2f43fffef431fffe69f4fffea774000156deffff723cffff3484ffff19df
ffffd977fffe7fd5fffe8bb2ffff1038fffeb411ffff536500008ce50001a6e6
ffff909c000182cfffffb07e0001e6920001fee8fffe7d8600008196fffe4ef8
0000579a000167bf0000ace5000164a400002831ffff957cfffe60bd00019656
00011a100001c71c0000fdc30000095cffffd1ecfffe0e0200019911000138f5
fffe24560000b738ffff837dfffec8b6fffeaf65000106050000a5330000f458
0001ad0a00008b9cffffc1050000e9f5ffff2157fffe4ffc0000c83affffa59c
ffff5769fffe7254ffff84cd0001c16cfffffbb00001893e00011973ffffa10e
fffe91f800004d7900018147fffe0e8e0001eddaffff5c040000f681fffe628d
0000000000000000000000000000000000000000000000000000000000000000
fffef3170000b3d8ffff4a8500018ce0000163db0001fcc1000154a6ffff2d5e
fffea13f00010e6cfffef223ffff26d200004a4e0000544d0001c170fffe4653
fffe7cdafffe007dfffe4b880000e32c00010aed0001cbe2fffe595900012c33
fffe7ce8000184560000142c000037af00004aaeffffe450fffffbdbfffe7abd
0000d80cffff829dffff45af000157df00017a1800014f7e000013340001fdef
0000000000000000000000000000000000000000000000000000000000000000
fffe4206ffff5248fffffc830000dfd600007f9e00019f81fffee3f70000123e
000122adfffe9a470001bd65fffe1db3ffff4614ffff59b1ffff7a4f00005e68
0000000000000000000000000000000000000000000000000000000000000000
ffff67af000185e800004369ffff53e6ffff3c70ffff7e83fffef307ffffd566
ffff26fd0001ee3500018d7afffec51bffff6f57000136a00000c24b0001e287
00008d4200009831000112d8000074e90000c16f000139110001afee0001e632
00013a1cffff639e0001bfd10001fd860000d22b0000617b00000a2b0000b7f7
ffff2bf6fffe85b4fffef890fffee34f000001fb0000da40ffff03effffed665
ffffcee700019e820001606ffffe8ab10000cec9ffff4cdf00012293fffe93bc
000064460000e6d6fffe7cac000045030001babcffff3b29ffffca5bffffcb63
0001af17fffeb62c0000d8c10001b80b000079770001d180000057f2fffe71e3
fffe887dffff047dfffe9ff9000047fe00000401fffefa01ffff905bfffe94bd
fffe304c0000be25fffe5b89fffe74720000baadfffef71dffffe3dd000073b0
0000000000000000000000000000000000000000000000000000000000000000
0001be1dfffec41f0001be240000197cfffff9a3ffffa3790001a459ffff4587
ffff241efffe0820fffe2b99ffff9d49fffe02d0fffef693fffffd070001db18
ffffa7cf0001331ffffe5b68fffe4487fffed893fffffe05ffff70ca0000957a
fffea3eeffff40e90001f804ffff27fcffffef4cfffea719000110dd00002d27
00015d0e0001fb1d0000ca9fffff3de5000084a10001ad6c00015f74fffe02e4
0000d45dffffd4ea00002cb30001bbb1000066be0001124afffea4b00001be2a
0001c04300012888fffe96a30001dfdaffff2b75fffe2289ffff1254ffff526e
ffff283100007cbf000103d60001196fffff087cfffeed61ffff8c0700001ae3
0000000000000000000000000000000000000000000000000000000000000000
ffffcbaa00001bf9fffe58a200018aaffffe510cfffe922bfffe7cafffff92c7
ffffa146ffff8b65fffedf41ffffd1b400016fb9ffffffbeffff4b03ffffefb2
000137ccffff8303000018b9000073bbfffeb40d000080c9000193cc0001f408
0001945f0000192cfffe8560000157320001916dfffe274ffffe966c0000dee9
00017e2c0001bf46000149d3fffe3330ffff068f0000257dfffe6cf2fffe7cc9
ffff804a0000aef00001e1f4000052a8ffffb2890000c8ec0001c176ffffd351
0000fbac00009b6afffe9560000082e6ffff843cfffe00bbffffaaf0fffe58c9
ffffcb93ffff112200010743fffff3020001aaea00000c51ffffa21700016799
0001814f000150aa0001bf4900000567ffff0dc400014569000161d1fffe5b3b
ffff0c9e000139560000150cffffdee700016ab20000d0c4ffffd376ffff724d
0000856dfffe7c22fffedbca00002895fffe694100011b380001206cfffef5c1
0000c68dfffe2b95ffff6b2ffffec44cffff7f5f00000156fffe4534fffec724
000007350001ddff0000ce60fffe1333fffe27edfffece1affff164800010a7d
ffffa668ffffb98d00005184fffee2cfffff07d0fffe226b00005fff0001d697
0000000000000000000000000000000000000000000000000000000000000000
0001a1a1000149be000133db000169a5fffff28affff3e8c00008d6900004360
fffef551000032e7fffe4a47000005140001cdb1fffe5f480000b58e00013220
000103a4ffff064000009dbc00009a94fffea16e00009396000189570000f2e5
0000ea15ffff619700003db8fffe72ed000088ff00000a5e0001e5ad0001f599
00000784000014b7fffe184affff4f55fffedc660000859affff919d000041d3
00009cecfffe3d69ffff1e95fffee1cbfffe9207fffe5c2a0000fe99fffff606
00001e65000050f1ffff3f90ffff7186ffffbea20000d56cffffe1f500016f43
0001968600015014ffffc23fffff003efffe0e9dffff52340000a702fffe3158
fffea252fffed377000040c90001ccf8ffff230d00013a7e0000d58300005e19
00008611fffe12fafffe3aa400018f280001ef47000030c60001b41fffff09f9
ffffcb18fffe346f000030ac0000b8e800006f8e0001a56effffb470fffed687
0000962bffff084bffffaffb0000adf1ffffd7c4ffffcb76ffff4bd900018a99
0001b1b00000e375fffe80950000f135000041b0ffff90b3ffff5ee7fffe142e
00004a9bfffe4fb500000c3800012b0100009f8f000049790000755d0000279c
000119a4fffe0165fffed0abfffe3173fffedba400012145000001aa0000aba9
0001fb7d0001ebed000140360001209dfffe9473ffff2c0afffff13a000193ec
fffee9cb00018f49ffffcc0f00009b45ffffe39000014b35ffff305e000160fe
fffeb9610000f739ffff4c26fffea00600012cf6fffe513c0001b6c40000fef5
0001418ffffe5259ffffc5ea00018917fffee7a4fffe7ab8fffe90e400006a66
ffff077e0000eb810001ddbe0001abde0001a985fffeb4f8ffff9c590001bfef
000018a0000018ab00000bd7ffff127afffe3c550001a44100012277ffff19b6
00013973000199a5fffe5f57fffe3980fffe91fd0000bc0ffffe7687000063d2
000104da000152c400000690fffec7b30000a05e0000bbbafffef7c90000529b
ffff5f6cffffb5340001b978ffff5b090000fb1200018c59ffffb808ffffc563
0000347d00010029ffff4e43ffff725ffffefd5c0001d8c1000025fa000039ce
fffeb129000133a000000aeaffffe8a500002413fffe704afffe1807000099b6
ffff7719ffff388dfffee1c5fffffd4f0000bb4affff9ea5000027d100006a27
0000000000000000000000000000000000000000000000000000000000000000
000067d6ffff75400001a0ccfffee90600015359fffe8230ffff22080001a8e7
0000e9f500000cfe000152f8fffe7a53fffe691ffffee584ffff02400000a07b
0000000000000000000000000000000000000000000000000000000000000000
00003acdfffee9afffff064600017a880000c8e70000e23bfffea34800011a0b
fffecedfffff7907fffe1217fffe4751ffffb365fffe41880000ee2efffed2fb
ffff17d8fffe3ee50001714affff56a5ffffbdda000122d300018325ffff956c
ffff6e600000a93afffe392400005dec000110fbffff6bb00001fc0bfffeac11
0000000000000000000000000000000000000000000000000000000000000000
ffff5e9f000099e4fffe34ae0000c72cfffeab7ffffefbb100001443ffff6be8
0000592900011a7a0000b90f0000d119ffffc892000042ad0001e439fffe30a6
0000000000000000000000000000000000000000000000000000000000000000
ffff13f2fffe48c4ffffb4aa00018db6fffe20b600017c08000128880001623f
0000769d000021b4fffe389effff31990001d9adfffe48c20000b71100005b4c
fffe8df3fffe0d7effff754b0000197e00016520fffe90c4ffffb70c0001b509
fffee92f0000fc3100004611fffee9f30000fbc1000191b7fffe4d0a000156e6
ffffcbc8fffe3a320001ccecfffe1090fffe5b21fffe9ce800002e43ffffd3b3
ffffe402fffff6d7fffe18c8fffec7e000019ffd0001d913ffff235efffe9a59
00017259ffff438dffff0627ffff6c54ffffe5f7ffff86280000988900017ef6
fffea687000059e80000c0230001625c000089180001da95fffe14bbffffdabb
00015956ffff132bfffecd9ffffeb39bffff861f00005f6efffee51e000174e9
fffeb63300009f8e00018430fffe8acb000162de0001c4eaffff4764ffff1d86
00019e65ffff7863ffff1685000184a2fffebc160001424c000167d4fffe6e38
0000629f0000fc18ffff854400011814ffff2104ffff3ce600001c7fffffd053
0001640afffe66c9ffff3899ffff0e6fffff05c500003ddc0001bcd7fffeb687
0001ed5c000134cc000185d200002b4200017d3fffffe897fffed99200010ef7
0000000000000000000000000000000000000000000000000000000000000000
ffff334ffffe9dadfffe2043fffe2d9400004421ffff145300000f9e000161a1
00000a2e00008074fffe9b60ffff1ac1fffe5fd1fffe9b22ffffc45effff873d
0000000000000000000000000000000000000000000000000000000000000000
fffff37f0001291500013854ffff2eb000009359ffff549200000f05ffff3914
fffe88400001a544ffffe2eaffffef440001b709ffff16aa0000cba9fffe1eab
000105a0fffe2ec20000f1f2000071f900015843fffe738700011ce8ffff8c9d
00010ef20000716c00014ec2ffff56770001398affff31bf0001e76afffe5f59
000053c4ffffb23fffffadc400003de3fffe4f2a0000f37700002f260001a16b
0001c82a0001ee36000072d60000b276fffe42acfffe2e0300004273fffe91bc
0000000000000000000000000000000000000000000000000000000000000000
fffec2ee00001972fffe393a000038b000006467ffffe86f00004f5900014f5c
00015ff400015c4d00002db30000d429ffff4a4500001ddaffffe154fffe416d
ffff7f40fffe9c9a0001f53900014e32ffffca0d0001d12a000190c50001410c
000197acfffe672700008cbafffe5621ffff443d000177ff000192ebfffe3105
0001f6a2ffffd98bfffe30a3fffe8ed1ffff17870000e087ffffa26900001a5f
0000a1ff0000b0490001ac94fffeeba80000c1170000318700011516fffe9789
ffff3528fffe9f45fffec48b00007f20ffffe0c80000b142ffff7e98000096de
ffff2455fffff88200002d100000a3a7ffff05780000de6cfffe46430000e6a9
0001ea81fffe4a820000c7bfffffb8acfffe55ea0000347bfffea37cffff8f02
fffe749f0000d897000184840001d8a60001ab1b00019214ffff5e530000cd74
fffeb0b7fffe06d1ffff38df0000d151fffea03e000124c4fffe92d800002dac
0000000000000000000000000000000000000000000000000000000000000000
ffff8933fffe58810000699200003135ffff85490001d137fffed38c00004703
00007b800000515300013473ffffc2290000c88effffa6f6ffffb457fffe3dc5
fffe2182000056dcfffea5cd0001802400018d54fffee125fffe8deaffffe1d9
0001548effff39850000edf100005a13ffff1bc8fffe216efffe6a17ffff5a2a
fffe5210ffff96cffffe2c88000062baffffaf750001a6beffffc597000030bb
000024240000523a00006bc00001d594ffff4b59ffff142efffef5390001521b
0000000000000000000000000000000000000000000000000000000000000000
fffe2f77fffe6795000158d900010f65ffff5c9bfffeb30fffff0102ffff24cf
000040180000537cffff80330000876fffff2fab000122e10000a23ffffe0232
ffff242a000192a9fffe5833fffeb08700013cdcffff40e4fffe381bffff620f
00002bd3000116c50000fcbc00018a04000062cffffe6f35fffed50e0001e1c4
00009af0000166790000ec8700005cfa0000c29f000129b10001908f00000816
0001e558ffff5f69fffff0e300007fe5fffe452effff8e38ffffaff7000029bc
0000000000000000000000000000000000000000000000000000000000000000
fffff4e9ffffa625fffed6440000492bfffe82affffefe6bfffe84fbffff383f
fffed1640001887a0001935d0001ea550000319cffff0ed7ffff135900002b05
0000000000000000000000000000000000000000000000000000000000000000
0000bd5efffe418bffff3375000149ab0000c92f0001b30dffff38cc0000092b
000056edfffe9436fffecb05fffe4266fffe0e5ffffe7776ffff63aaffff8f63
00008cbfffffc1cbffffda1fffff97130001b42e0000c262000184daffffdbc6
00017a84fffe384afffe3db0ffff046100015566fffe9d0cffffb504ffffbdcb
0000d444fffe437500008751fffef9910000027800008b09fffeeebe00004976
0001685bfffe96adfffed8d4fffffbe30000c8d7fffe6122fffe482bffffe294
ffff6c63fffe38aafffed06500017926000114adfffe152900011444000094f4
ffff2f5dfffe57daffff380300011feb00016a9fffff4bb4000115790001f53e
fffee542ffff979a00005c8bfffe86860000b9fb0001a376fffe2a2500012803
fffe75ffffffb91d0000fc020000fd8d0001e00affffe3060001d0de0000c83d
0000000000000000000000000000000000000000000000000000000000000000
00013699fffe1540ffff72210001017bfffe98d1fffe09e100017d20ffffbf0f
fffe35c600012d6efffe9347ffffbab9ffff69dffffe7aa300012d8f0000411b
0000da240000b4b4ffff9742fffed53d000017ea0001c2240001e63700000237
ffffa066fffe9d180001867cfffe3b0d0000a4b2ffffb5dcfffff06bffff0749
0000000000000000000000000000000000000000000000000000000000000000
fffe9695000020a0ffff6add00003636000131d6fffe697effff0289fffe8a7d
00019e02000015f70000d28dffffb664ffff9d35fffeb623ffff25fbffff9c9f
0000000000000000000000000000000000000000000000000000000000000000
000169c2fffe845b0000e637fffe288efffeb6a20000712c000175b700007994
000038bdfffe7d3e0000ef310000f9bf000062ceffff59ea00007f06fffe3abc
0000d8eaffff9519ffffa34600005764fffec4ef0001b1900000da83000122ed
0001837dfffe9ca0ffff0aee000107a9ffffc57e0000f355fffe54a7ffff1d03
fffebaf4ffff5f5e0001a7dafffedbe80001b38bffff6bdffffe8e8b00007ef3
ffffbae80001c538fffe95ab00001eb70001b31afffe606a0001f1d10000087b
ffffcb7200010c5affff519b000120fd0000921fffff59e8ffffb91c00011611
000158deffff3b92fffe02e90000336f00017979ffffa426fffed95affff30d7
0001ed56fffebb1a0001443200000a7900017dd70001a7c70001711200019925
0000000000000000000000000000000000000000000000000000000000000000
0000b9520001f4e1fffe28f8fffe53490000da5f0000b7610000917200007a8f
00009242ffff4f53000136ceffff950c00007ff0fffe2ce3fffee957fffe2364
00013b63ffffcd6fffff4d86ffff1b2afffe7926fffe7012ffff11cdfffe58a3
00006d07fffe39c200005f1d000185400001c071ffffed140000e89effff3f1b
fffe300300000605fffed83e00015a6b000048d100005fd90001341b0001ec12
00014655ffff2d0800015228000105750001e040ffff5858000109b20000a9e4
ffff28ad0001857500019e6500008df4000116bc0001d66b000173d400016148
000108c1fffe2eb3000166610001bdb0000091e10000a73d0000d22fffff28a5
ffff11a7fffe663cfffe30bfffffc4ddffffa2e6ffff6bef000029eafffeec6f
fffeafc0ffffbb97000027fafffe43de00002c2800017ad4fffe118effffebe6
00002fb30000be9400002f80000000c1000025fbfffeb58500001525000050b8
fffeb0150001135efffe7ff1fffed6f600006d4d00001b86fffe3a86fffe8f8e
ffffd791ffff4f95ffff07a7fffec8b7ffff862c000094a3fffef65effff0e53
fffe72260001f240fffe1a4fffff78f700013243ffff6e9bfffe2b7cfffe49f0
fffe625c0000e0f4fffed949ffff278200015b340000ececfffe231afffefd2f
fffff9f9ffff2816fffe7421ffff2064ffffecd2fffed94c00012522fffeb06b
0000000000000000000000000000000000000000000000000000000000000000
fffffade00001f2000017df5fffe630dfffff6d000010f90fffee82efffe673e
0000c5970000933cfffe61cbfffebdfa0000ecdcfffe984900012cb90000c05b
0001a0dafffec640ffffdc97000103870000913300000ef1fffe7ebbfffebd00
0000148000011e0b00017654fffe3ea000007d2d0001f229000172faffff7f7a
fffe262dffffb482000134e00000618fffffddc3000092750000171cfffe7389
ffffe02d00004bc3ffff427c0001de870000874a00018203fffeeafcfffed0bc
0000000000000000000000000000000000000000000000000000000000000000
fffe6b99000048a200019f3c0000c1d9000086b5ffffad4000011503fffe44f4
00008e3b00016a45000183e2fffed361000128c30001df9100011d1500018f31
000078960001d061000193b20000dc2dfffe7f0700012464ffffbef8fffe59bc
ffffd867fffe5ebf0001638affff612fffff9c450001faadffff52c30000f727
000000230001e39ffffff7f900007520ffff49f100013431000142af0000a804
fffe5a16fffee0d3ffffe34cffff05060001cefcfffe06240001dabcfffe7ca3
00016e25fffe8719000071c1fffecab3fffe1b00fffe20b7fffeb3e1fffefd00
fffeba3ffffeb7f70001b7c8000117a2fffe77c5fffe56ac0000a3110001c9d3
00011aba000014c800013961fffe10daffffe63effff334e0001e0bf0001b524
0000d64dfffe04570000815200015e7cfffe49f800003af40001539bffff1972
ffff9ab300016c50fffeb8da00014de3fffed3b3ffffb6640001dfb50000511e
fffe1f82fffe9dd50001f24900013d10fffe750ffffffc92ffffd3aafffe2d02
fffec1e8fffeb60c0001932bffffedb700010247ffff73c70000bebafffef1c8
ffff7f6d0001d1180000a397ffffb91cffff90a7ffff63d00001161bffff5e5e
ffff1c8ffffe26210000c57cffff369ffffe0a2cfffe8f0900006e01fffe9060
fffe951b00007421fffec718fffebcf8000098430001d2010001bff10000068c
ffff2339ffff3ce6fffec2dc000125d80000e8fc00000197fffee301fffec0b5
0000000000000000000000000000000000000000000000000000000000000000
fffec5c50001fe8100001855fffe67cdffff0792000083210001bcd200001375
ffffdd75fffe6a9100019bbf00012d06ffffe83400016a480001d66300016055
00000a19ffffa4b60000a430fffe2d9300011fd1ffffe2b60000c066fffedce1
0000000000000000000000000000000000000000000000000000000000000000
00016db1fffe367200006b3200017a80fffed82200006d9e0000770700015f1d
0000000000000000000000000000000000000000000000000000000000000000
ffffb53e000089caffff6dec0000ed6e00004e6b0001272cfffef8900000bc97
fffe406b0000ab9dfffe6d7f00002d8b0001add9fffec60efffecd0a00004e7e
000146410000e660ffff05c1ffffc534ffffe66e00012a38fffeb7b2000106e2
fffec1cb0001a2abfffff19f00005760ffffe3e00001b03400010b9cfffe8ad8
0001fcd6fffee5ecffff24bbfffe3d4dffff18b2ffff406400013975000065af
0000000000000000000000000000000000000000000000000000000000000000
00007c2d00009b6b00008f7b00013651ffffaa4200019f34ffff8bcfffffec04
0000d6b700006ddf0001aa68ffff3d7f000002ae00005f9effffec070001a9e7
0001526f00018d7bfffea000fffe4d4dfffeb93e0000839efffe79abfffeee34
ffff0a29fffeb4e9ffffde5cffff95ec0000d715000112eb0000347dffff9bee
ffff0117fffe9877ffff9397ffff31a60001fb79ffffc063fffe1355fffe5120
0000000000000000000000000000000000000000000000000000000000000000
fffe559800003d9300009fc50000d90efffefd59fffe25beffff3b0f0000f8bd
fffe342c00002f05000002440000013f00006d60fffec53f0001fc8bfffeee0a
0000000000000000000000000000000000000000000000000000000000000000
000003eb000069f2000101ecffffb0dbfffe93680000d32e000115d3fffeb6d0
fffe8352fffe55c0fffe863800019012fffeb0f0ffff851bfffe04aeffff612b
fffeccc4ffffdec8ffffc8ef0000a07a0001c85efffea260ffffbfe9fffee7ea
fffe48c70000fe30fffe8d6efffec29cfffe5103fffe91f00001bf25ffff2978
0000000000000000000000000000000000000000000000000000000000000000
fffe0bbd0000b962ffff611900019614fffef24cffff2a76ffffd996ffffda3d
000073240001a72effff6dbbffff3897fffe52e3ffff77f4000104de0000bc5f
ffff9b01fffe605900006b8c0001b9cdfffe8301ffff7b960000a70a000144a4
0000000000000000000000000000000000000000000000000000000000000000
ffff397a00012b7c0000dab200006de8fffecb6e000003e2fffe3064ffff0c6a
fffe88620001d6aafffebeaa0001677efffed0d10001c9c0ffff52f6ffffcb5e
0000000000000000000000000000000000000000000000000000000000000000
fffe3ea100008e78ffff25120001d2d3ffff7aca00019718000122f6000108b1
fffe3653ffffc151ffff5c73ffff97530000adca00012e2affff84680000cb3e
0000000000000000000000000000000000000000000000000000000000000000
0000265c00018342000062930000a18e00012ea9ffffa85affff0ffdffff8949
fffee663fffe305dffffe859ffff52f0fffe364f00000bcafffeff5ffffe8a82
fffec8010000c969fffe0dde0001d375ffffc12a0001a732ffff38090001f516
0000000000000000000000000000000000000000000000000000000000000000
0001bff400000e47fffe80080000b755fffecba9fffeb7620000237200003f5b
fffffb4a0000ed54000039aafffebcfb0000db76fffe25d9fffe8d57fffe65c8
00002bb70000ceaafffed9450001d100ffff87120001cd9fffffc27900010d89
0000000000000000000000000000000000000000000000000000000000000000
0000759300009785fffebefe0001b59f00004e1bffff747c000068ffffff299e
0001bc6cffffb7bdffff3c4dfffe4bc9fffe9aa300015324ffff454800019f28
0000000000000000000000000000000000000000000000000000000000000000
00017751ffff2a85ffffd7a100012e8c00016b1a0001892400012cc5fffe8ac7
0000961300008164fffe39cd0000d2be00019eab0000a2580001e3120001e1af
0000000000000000000000000000000000000000000000000000000000000000
000110330000a63a00010c25fffe31510001d548000074ca0001cfbd00014195
000193610001935c0001a3000000811affff4371ffffaf02ffffec8e000036d9
fffec040ffff1390fffe87150001598afffe3149fffe4d1100009ca8ffff457e
ffffdc3b00003ec9ffffdcd8fffeb86bfffefae7fffe4c8bffff8a1400018053
fffe5cba00007cf2ffff281cfffe3e770000f8ff000073c20000bb2e00005a44
0001f965fffe9f560000f92dfffe444200005d42ffffa337fffebab3fffe85f6
0000000000000000000000000000000000000000000000000000000000000000
fffe138d0001cf3f0001cf0bfffe1646ffffaa6b0000f0faffffb73a0001247e
000020d8000108d8fffed5c90000efc5ffff61cbfffff9730001e937fffea4c2
ffffea3500012957fffed11b00016f150000b24f000086a2ffff7f17fffe481e
0000000000000000000000000000000000000000000000000000000000000000
fffe1fe1ffffcc270000b2ccffff8a59ffff8e7ffffefff0ffff831500005b66
ffff67520001d188000151680001f1ccfffe809f00001b730000a320ffff383e
0000000000000000000000000000000000000000000000000000000000000000
00019fb40001e6beffffa35cfffea902ffffc9b4000018290000de0fffffcfc8
0001ca2c0001428afffe8c6500000fb50001a6db00019b0efffe6b330000d9d1
0000000000000000000000000000000000000000000000000000000000000000
00006009000154530001517fffff1ffe0000a3f3ffff0ac400017fc1000107f9
ffffd41cffff8d8efffe584d0001e459ffffd9a6000142fa00006f870000e6b7
0001f0410001dcb800012308ffffe75fffff0c0e00000efb0000c1b100003d8e
ffff072afffe8491fffe6de6fffe6acc00009f0bffff11a3fffed5df00015f0e
fffee5e00000a3f3fffee1ca000165a0000113290000668a0001b93200018790
fffff0560000a616000164e600000434000092e5ffff8adcfffff15400005287
0000b07c0001ed6c0001366ffffef50effff31bdfffe08f500012413ffffa4fe
000066ddfffe94f7ffffd2750001226cfffec3b900014188fffedaf60001a7ff
0000000000000000000000000000000000000000000000000000000000000000
ffff6ff2ffff8e8dffff854a0000be7c0000bd9e00019d230000e9a6ffffe337
00014ad3fffe0e40000123420000d80efffef4effffe9142ffffa5ef0001b348
ffff17e60000d3edffffbc9f000026d600009545ffff862d000036eb0001587d
fffec41effff1ed20001864bfffee16c00003c99fffe84b5ffffc954fffe0b40
0001cd7cfffe48830000387b00010bb100001b3700001e4efffe1bc60000e36f
000119cc0001ef66fffe193900018df500000f0e000121c80001742c0001228d
0000e3260000e2bbffff141b0001567b00003a300000c5f3fffff6e0fffe1cfc
0000590b00010d30fffec7c1ffff0353fffe818a0000140bffff47b800000df9
000072040001f20100016c7afffffdc2000004640000dc5000018e72ffff186c
ffff5333fffecc000001b0420000946bfffee378ffffb2b4fffe3e0100018f37
0000baffffff037fffffdfdafffe7052fffe9be90000f7e3fffee12200018c68
0001bbeffffee375000003c0fffec2f4fffe3118ffff24ec00011744fffe65d6
00003712fffe32fd00002979ffff8ea4fffec72d00009d2100008761ffffa4ba
ffff392dffff34acfffeaf110000ed05ffff86200000da5900015201fffeb0b2
000116ef0001b1fb00012b98ffff4c920001206c00005fa300016d80ffff95cb
0000d1d2ffff459ffffefcab0001a85cffff4d2900016bbc00008487000122d3
0000000000000000000000000000000000000000000000000000000000000000
ffffa3a7ffffc7a60001bae0000108d800000d51ffff7e3ffffe0a59fffe470c
0001681affff9fb4fffe60380000d8eefffef3200001cf6efffe58fffffe3eb9
fffe9d8fffff5626fffe953bffff388b000159e2ffff33200001662cffff3818
fffeece1000082e9fffe6b120000d02afffef092fffe93e40001b399000168a3
ffff9d0cffff9a2affffa41efffe107000001bd9fffeabb700004141ffffc837
00004d380001ff7800002374fffec19cfffe925500012ba8fffe8f08ffffbd7a
0000000000000000000000000000000000000000000000000000000000000000
fffe7d25fffe0b660000a3be00014e0b0001cb5f0001a46ffffefe5c000180a0
fffe74940000f60ffffe4edefffe1974ffffdee0ffffc0b4fffe01a1ffffa93d
0001ce35ffffc6f500008d7a0000943cffff44e3ffff913affffae7afffe137e
00011997ffffb215fffe1e1ffffe85f800015295ffff47b400000600fffe05d7
0001613d000003ed0000a60bfffef41bffff8c1dffffa21200018ace0001c195
00007f37fffeb0bb0001a69e00017e76ffff9f9700003ad5ffff135100007198
fffe8ae10001078dfffe5983fffe82deffff8cc400012dee0000e65ffffe4cd7
fffedf36ffff0a810001186200004fa5fffe0294000188f00000a413ffff18c2
ffff36b30001a7e8ffff19600001b02ffffe46e6ffff87a30001d0e5fffe6647
000035b800000eaaffffb697ffffe91dfffebf44fffe33b3ffff834effff2a00
fffe358efffe3661fffe13b1fffed147fffe8c3a00013a730000488d0000447b
ffff5b350000fadbffffbcb40001532fffff0e95fffe993effffb4ccffffc02f
fffe790f0000e33b0000147000004c25fffe64e6000080c8fffe774300009838
ffff0714ffff328e0001edbeffffe87d0001b5f700019368fffe7574ffff3323
00013a23fffff93afffe6495fffee5ebfffe1bf200007f9cffff16db00017acc
fffe833efffee30f0000894dfffe9a90fffe6191fffe79cb00015fd4fffef921
ffffab75fffef255fffeeb2f000039f6fffe12eafffe87f90000edc70001151b
0000000000000000000000000000000000000000000000000000000000000000
0000e345fffee180000098e10001f3fdffff60edffffc9b6000180e5ffff5245
0000f6a5fffe59940000eda4fffe1f4c0001ba5300008e9c000089590000640c
ffff41e3fffe4d4b0001f985fffe9ae6000102b4fffecda500002a33ffff429e
ffff2479fffec8d700009066fffed449ffffcfeb0000d595ffff54acfffe3f5c
0000000000000000000000000000000000000000000000000000000000000000
0000861500002bbf0000f65300007294000020a90001a1fc0001b7d10001f0a0
0001455cfffeddda00015d1a0001f2ec00010074000195c70000e5dbffff27d1
fffeb9a500010bb20000aca9fffefd8fffff277c00013b8bfffff8f9ffffadaf
000170c600014bb20001ba5e0000876ffffe5020ffff1d0c0000ca100000684c
fffe9db1fffebf5affffeb9dffffdfb600003613fffed5dc0001540e00001428
fffeb1b20001566effff5269fffe666f00012969ffff5dad00013ad5ffff88f3
0000000000000000000000000000000000000000000000000000000000000000
ffff05d70000638600016c91fffeffff00010413000126a4ffff17d50000f912
00008bd0fffedb4600009d97fffeec2affffe8960000bf5f0001e15dffff86ee
0000000000000000000000000000000000000000000000000000000000000000
fffe60740001137600007938fffe1df7ffff3d92ffff872dffffbc34fffe17da
00016962fffebc4e0000aff90000337c0000710fffff1f840001dce0000049a4
0001618500000817fffed57fffffd6f1fffea8060001a3070000df42fffe634e
fffe0ef6fffef7eefffe83e60001e223ffffff65fffed0680000f657ffffa6b8
fffeb53c0000cbbd0001408ffffec857ffffcf83ffffc34dfffee231ffff4735
fffeabe7fffe613ffffeeab5ffffaa8100005541000179cf0001cd7a00001acb
000173eefffebf33ffff4943fffefb7a0000ecd3ffff10770001643100010a9d
0001a09cffff5a33000151ab000160b3fffe7c9e00005146ffffb13100011340
0000000000000000000000000000000000000000000000000000000000000000
ffffc76efffe1e1000005ccafffe770100009f440000fe1100011df6ffff0dd9
00018c4afffea288fffe55c90001b3e20000fa2bfffebd4efffe05c700016cf3
0000fc1e0000f13d0000b4f8fffec078fffe0eacfffe77370000696600003208
000016beffffa70ffffe17610000d89800010f68fffed015fffffcb5fffed516
0001ec780001e68900005745ffff714b0000e887fffe5139ffff54ef00001c98
ffff354dfffe95ce0000eda7000053a70001944f0000345cfffefe880000eb5f
000038640001b75bffff0c6affffd85cfffed0b6fffe52930001410c00009e3a
fffecf480001fad5ffff3768fffef6d4ffff0454fffe1911fffea486ffffdd9e
0000df66fffe1af800018a3c0000620cffff800e0001aa0bfffec3c9fffe51a9
fffeef2effffa2d7ffffbf36fffe83fe000060defffe4127000175990001a189
0000cce90001321f0000a5cffffed6defffe706b0001318100002b7f0000b014
0001b1defffeb894fffe76c4000084cf000092bffffe437affff29bfffff7924
0001900b0001f1e800018ff600011afb0000f307fffe9b73ffff45fc0000ca83
00008fd3ffff91b1fffe18540000fd0cffffe185ffff00a8fffec9e20001eac3
0001615bfffecbeb0001cf03ffff4edffffee4a0fffe3844fffec97affff3c17
fffeac5900013e2cfffef7a20000adfbfffe55190001a92e00011ce2ffffa1ae
00008ea8000049b4ffff80ef0000d349000043080000a0bb0000587700010e66
ffff52270001c10c00016018000056ea000088420001c8fcfffe5c91fffe5182
ffff01970000bcafffff8f67ffff37de00007b6dfffe5fe3ffff682affff5d41
ffffd616fffec370fffe1415ffff19f50000ad30ffff06100000c3550001beb0
ffff329cffff1daeffffa3400001fe7bfffe235dffff939cfffeb1bdfffee4dd
0000000000000000000000000000000000000000000000000000000000000000
ffffe1d5fffe3eddfffe2868ffff247c00012783ffff9220fffea30100015fd7
fffe838c000073870000a1ea0001fd3f0000cbdd0001593bfffe09a7000015df
00009d3900012c2a00006a5300006afc000053ccfffe13cd000114c6ffff8858
ffffcc2fffffdd46000150b0000175eb0001fcb1fffe8875000041d900011e9c
ffff0e01000096d3fffe2d0effff1bf9ffffa24efffe6486fffeeee0000115b5
00019ea6fffee5d30000ce9b0001ae6500003950fffeeb8cffff1aab00010464
0000000000000000000000000000000000000000000000000000000000000000
00010fa9ffff90a1fffe50a3000056060001c31a0001d3c00001f913fffe12dd
0000b545fffe791fffffb48bfffff032ffff169b000026f6fffe442900003dc1
0001e0c1fffff0b30001eb58ffffb9b50001af1c0000684efffe5d620001f704
00001b67000167f8ffff2216ffff35d30001db79fffe3c90ffff81fa0000349b
fffeb578fffec42800007275ffff42e70001d2e8000102f30001f85800017435
0000000000000000000000000000000000000000000000000000000000000000
00014f340000aea0fffea8d6fffe28d00001545e00004f19fffeb3bd000062fa
000141a00001931f0001e3f80000f4b2ffffca0fffff186ffffe6055ffffea3e
0000000000000000000000000000000000000000000000000000000000000000
ffffe38a0001979700005f3700008910fffe00e2ffffffcbfffeeac0fffe3db3
fffebb6a00005c9bfffe8875fffea054ffffce26fffe9196000157a3fffe9a61
0001c4f1ffff36c800000034ffff9d0b000108beffffad4dfffe3c17ffff277d
fffe6bf4ffff0f96000022e60001a6b7ffffbbe3fffef11900014943ffffdde6
0000000000000000000000000000000000000000000000000000000000000000
00002434000184660000a903ffffbe640000aeab0001ad3a00017c41ffffb874
0000c5f3fffed75e00003f7fffffc927fffe53020000d610000104ebffffd389
0001052e0001045ffffeb34bffff50a60001aa7300014617ffffb06300004673
00004031ffff9060ffffb7010001816f0001f22afffe346f0000f75600012a16
fffe395bffffe49c0000b2d2fffe07320000cc0f000099e7000115afffff5b6d
0000257e0000663300017fabfffe27020000bf83fffe7c8d00014af0ffff6ceb
fffe1789fffebc9bfffeb545ffffd4bdffffe4930000437fffffb1ddffff9af6
ffffbe90fffe04260000667800011925fffe7ed1fffeba1d0001d588fffe3dcc
0000f9ac00012216ffff805d0001aeb7fffe52be0000d6350001ee14fffe0f53
0001e8c8fffed8230001cff70000f1290000b2ea0000f94a000003470000aa99
ffff5a11fffe0b6b0000007e0000fbadffff2d62fffebc8900002dc200004090
00003177ffffee3cffff8d1b000063c6ffff13c300007868ffffb1260000283f
0000000000000000000000000000000000000000000000000000000000000000
fffe15d0ffff3d02fffe0e28ffff19f1fffe2e5afffe39310001b073fffeb307
0000000000000000000000000000000000000000000000000000000000000000
ffff8159000052d6fffefcdd0001d1910001e9e70001a92bfffef2590001e380
ffffe501fffeaa01fffe17b20000e94f00000077fffe383b0001af1dffffbdeb
0001ba780000a5770000f5310000687cffff5f9f0001b98bfffe1660ffffc589
0000cd5dfffe9decfffeac5d0001a42affff5c2800011a49ffffb5750001651b
fffeb3b2ffffe0edffff1e45ffff24180000d46b00018b730000b631fffe699c
0000a4bd000093d9fffe84b1fffe2991ffffb734fffe30ef0000a3230000f458
0001bb5b0001381b0000badffffe999b0000f80bffff77a300001e150000fa5f
fffe55a10000e0a7fffe3e620000757fffff6f7800005311ffff3135000109ec
fffe210a0001955d0001e9a5fffe8d480000234efffe24f70001c5f40001daeb
fffe6a290000d598fffe452c0000e77b00013c03fffe4ea90001e7ba000054e5
ffff91cafffe5e2600002b09ffff2bcd000063cfffffff68fffe85f9000037cb
fffe0f720001d8a6fffe097cfffff5bafffec84300011b90ffff89fa0000cf71
0000000000000000000000000000000000000000000000000000000000000000
fffff6ed000059efffff385a0001dfb400012b9e0001ee7200000bd2000003f9
fffe9e0c000147fd0000375ffffe6758fffee6d7000042a10000e6770001aa58
ffff38a2ffffa2bd00000ab10001abcbffff232b0000b2ec0001cf740001f1a7
ffffb95ffffed08800018933fffe6549000009280000172dffffa28200016f04
0000be69ffff60daffff1acc000151fa0000185f000070d0fffe408d00015fb3
0000000000000000000000000000000000000000000000000000000000000000
00008333000175cbffffeb18ffff559e0000c8d50000e9650000bfc1fffebae7
fffe269c0001959c0001eef000009b2400019d0effff4b4bfffe25d10001a8fc
0000000000000000000000000000000000000000000000000000000000000000
00019a3300016c03ffff44d8ffff18c4ffff09e20001f193000046de00011bcf
0000bf8a0000754e0001ba7dfffe4e09000098e0ffffadddfffe063000000f74
00004d3c00014f76fffe62230001dfb50001813e0000b4150000672fffff7143
0000049e000161aaffffb16b0000da2cfffe7460fffe7688fffff1f0ffff2d4c
0000000000000000000000000000000000000000000000000000000000000000
fffe7826000175c30000bebd00000cc500007cc1000052cd00010b03ffff3ea8
fffe4bdf00002a9effff40f4fffe315c00004d380000adb3ffff0e65fffe9276
ffff1fee00010fe700016c4cfffe9722ffffba5b00019051000199f8000004c6
0000000000000000000000000000000000000000000000000000000000000000
00003bf7fffe0d39fffedb25ffffdf99ffff77c30001d9aa0001ef0a0000dfe4
fffe049400014b510001bae70001c92affffd88dfffec0daffffab05ffff018c
000091cfffff644affff6a4a0000d09d000024f00000235bfffedb6a00016dd8
00010d5bfffe0c50fffe13760001e5a3fffe53100000bb48ffffd8170001ed79
fffed0a6000071a4fffe0eb4ffffad3d000060a600008a60fffee2caffff8bb8
ffffd37e0001baf7000059660000ef3c00017d66ffffe62a0001412cfffea948
ffffa026fffeaf91ffff725bffff87bc0001d3a900018ce2ffffe9510001439b
ffff84f1fffeb05dffff6df9000149fbffff7169fffe1bc700005b10ffff1537
0001b2880001783effffd4b5000083250001b4ed00005ef8ffff738afffffaa2
0001a5d4000093a800010422000190e80001a8200001fe750000285bffffe779
0001df32ffffc564ffff781fffffe1e7ffff4d2d00001beffffe32d7000164b8
ffffa38f0000447effff661900017d92000068540001d311fffe1171000165a7
ffff29e6ffff4604fffe9d690000109f000171e30000e0af00013d970001306a
fffe2c2600008c3e0000ecb6ffffe56cffffd4d2ffffcf8e00003cbe0000e35a
000112aafffe933dfffee51a00001c88000112950001b64a0001e454000182bd
fffff456ffff9e43fffe822e00013fe4000038af0001eea6fffe9edaffffc717
0000b753fffee025000197c200013eac0001c4380001a53800019dd4fffea9c6
ffff3fa90000dee0fffef07ffffffd5c0001688efffe60a9ffff363e0000937c
ffffb6060000e290ffffb91a0000f8adfffe2ee7fffe01630000699800014d38
000127fd0001ac190001438d0001ad46000095b1ffff7b3a00011a8cffff6138
fffe4c4d000102f3fffe3e37ffff28b9ffff67d00001d162000090c1ffff0bd0
ffffff9800013769fffe7214ffffd0aa000073480001cb48fffe91310000663e
00008f6a00017fb100006310ffff9916000023fa0000e63dffff8e2cfffef603
0000888300006354ffff12e300014bdeffff75f900003967000164d5fffe0297
000194e200013f6cffff50ffffff1d5900019bbcfffeb89000008ae7fffe9d76
0000f36800008b82fffeef4c0001e001fffe589cffffc4f6ffffe684fffe7100
00016344ffff3529ffffda65fffea5b7ffffaab0000096ac000192f8fffffcd8
ffffcbd8ffff1e0a000002990001f24afffee85c00010f6a0001bc7e00005960
0000000000000000000000000000000000000000000000000000000000000000
0001a76e0000889c0000151b00003b6c00012cc700002d700001ba4000011ff5
0000000000000000000000000000000000000000000000000000000000000000
fffed7f4ffffc0e20000d7e90001f2c6fffe6bd50001aec3ffff4f7dffff1e82
0000e597ffff6a7c000154adffff0a3e00002e56000163af000078200001736b
00018cb1fffefaebfffecc7b0001d144fffed2ca000194c2fffeb17a000172fb
0000719cfffea5a1fffffd17ffff54030000cecdfffea7ccfffe40a5ffff2c1f
000019ee000113060000398900012502fffe3b610001c550ffffcd36ffff426a
fffeafbc00019059ffff3d8a0001c9caffff2fb6000089bc00019fdeffffe438
ffffc14fffffc31f00011c31fffe25f4ffff740500006cecfffe532bffffc4c4
0000d3430001a4b30000da27fffec33b00010196fffe43990000015200001ea8
ffffc99ffffeb05300006b0f00014cd0fffe73bf00014b340000359effff4752
ffff514effff81c4ffffbd910000b4cb0001baacffffbc09ffffe7a700016b37
000013db00009facffff656bfffee9dd0000acaf00010b43fffe5c0dffffbbfa
fffe051efffe87b1000128cf000161560000a663000149d6000046c600006cf3
fffec3e100002fcffffe00150001ec6bfffe93aa0000826c0000939a00004961
ffffcd8600017426fffe0cf4fffe30bdffffce57fffe6f960001976ffffeaee8
ffff2643ffff7e120001a4c1fffecfad00008a2cffff1c07ffff65f100005944
ffff39820001bae1fffef1480000124b00019501fffe7db5ffff49f4000106f7
0000000000000000000000000000000000000000000000000000000000000000
0001af47ffffa79bfffe02f700007c69fffef7c50001f51b0000008e0000d027
0001abed0000ea25fffe5d980001ba0f000078a1000075270001575900004b38
0000e65000012560000055600000a79500011a6a0000b9fe000198770001691a
0000fc6f0000824cffff4d15ffff0ba8ffffd804ffff118000015ca5ffff7c4b
0000000000000000000000000000000000000000000000000000000000000000
000090d5ffffc7ceffff73de000037460001409d0000b43100009154fffe3a1e
0000dcad00019c650000a040000170790001ca07fffebbcdfffed35afffedf71
fffe62eb0000dfcafffff01afffe6dcaffffab6afffe83e0ffff3593ffff2539
00017f590001bb77fffe6f7c00011538fffe2a410000d88c0000ffb0fffe82df
0000000000000000000000000000000000000000000000000000000000000000
0001abaffffef4d3fffef948fffe7950ffffbfcefffe4cc00001553d0000e477
fffe2b34ffff000500003898ffffc6ecfffe02a600015e4afffe3b4b00007742
0000a6e8fffe81ccfffe72c80001ce97fffec051000016b7ffff5de300006971
fffebb81ffffd3f500013fcafffee3acffff0758fffed764000132f5ffff3b29
0000ce24ffffc730000143ab0000b745fffff73bffff27890001876600003e49
fffebc3fffffa7cafffec10cfffe14d8ffff54ccfffee7bcfffe7cfc00003a76
ffff6eb7fffe841cffff1b4100007d370000068c00003c5b0000b1b6ffffb5ac
ffff74220001b062000100140001692800016e1a00004a7100004cc6000102b0
00013f81fffe9440fffeaa040000604ffffe8662ffffa3a90000671100005a99
0000000000000000000000000000000000000000000000000000000000000000
0001901c0000ad43ffff31e200006eed000098f9fffe19c4fffec9d5ffff86b8
ffff27cf000077a7fffe62fb00010535ffffa7c1000083eb0000f404000196b9
ffff64260001fc7fffffff61fffed51afffff0e500019e9d0001818ffffe0a6f
ffffe222fffeae20ffffe00bfffe4ce50000d341fffe1f1400016ab1ffff77b4
ffff0eb70000b16100005fe4ffff288c0000ebb100009f03000086270001cfef
fffea4f1fffe4c9bffffe0d10000d00000013cb700004e06fffe160ffffffa0f
0000000000000000000000000000000000000000000000000000000000000000
ffffb5080001778300013a000000260a0001bdd9ffffdbc900011328fffefce7
0000000000000000000000000000000000000000000000000000000000000000
ffff08980001c9420000fe5a000019bb00016b2c0000bfcd0001513b000093fe
ffffc783fffe34400001ea40fffee4e0ffff96710000461b0001cb890000b189
0001877b0000b265ffff3949ffffbe400000cc190001b5da00001fa7ffff3a4d
00005440fffe93cffffe76b0ffffff59fffe7f4200009a52fffee68b00018c4e
fffe521f0001e7a6ffffc51f0001a66700015acefffe3381000134040000fb31
0000000000000000000000000000000000000000000000000000000000000000
0001f10b00011a20ffffe1670001f6bbfffe6258fffe196ffffe4d170000e777
fffe32e3fffe9952fffed367fffea3a3ffffd00400015a9cfffe61eafffe7c7b
fffecb7affff125b00003c100000274c0001c37000017ed1000052defffe9510
0001300affffcb980001c783ffff394600014012fffebe490001e73700016d19
fffe8bcb0000fc830001174d00001230000152490000eca3ffff018affff1985
ffff26d7ffffd04e0001c1a2fffff75c0001d166ffff791200008861ffffaff9
00013382ffffd415ffff22cd0000ca330000e22e000178c800000326fffe68b2
ffff7c300000ecf600014c73fffe6a84ffff2526fffed41fffffe6600001ec5c
0000000000000000000000000000000000000000000000000000000000000000
00008b1f00007b8d00014780fffe2073000011d10001bb90fffff027ffffce37
000043bbfffe823f00007590fffeaca80001e611ffff8d0000004798ffff6a2b
ffffadfb0000ddeeffff4e5700006eaa00011a79ffff709dfffef41f00014685
fffe472200002caaffffa7fafffe63ce00004fc80000dcfffffffa1b000066e8
0000000000000000000000000000000000000000000000000000000000000000
fffe51d40000a5ec0001d9b0fffecc21ffff2282000123b6ffffb1fdffff2d6e
00007bffffff3308ffffe66c000104aa0001fc4effff8ab7ffff49a8fffe15fd
0000000000000000000000000000000000000000000000000000000000000000
000016ab00000183fffeb526ffff8b810000efd8ffffcbe0fffe4564ffffff17
fffe5c820001f905ffffeafd00016ff8fffe72940000dc770001af15fffed89f
ffff50b1ffff043400006ac8ffff5ca5ffff668b0000e076ffff8a21fffe9586
ffffadb4000186a1fffe6427ffffe571ffffcf0500002e080001d9480001a5fa
0000000000000000000000000000000000000000000000000000000000000000
fffef5baffffcd8bffffd5b800005592ffff03a9fffe0c2600002a6ffffe50f6
0001c934fffeebe9000192d80000ea63000038b8fffefde3ffff839fffff3125
0001ecf90001862600001115fffe46b7fffe27f60001633600019e89fffeb7d4
0001d93b0001014700011239000146730000f3edffffd5c0fffec90afffe1b59
fffe84770001147300014eddffff6d1600012117fffeeb8d0001d897fffeb67f
fffe8c790000dcfeffffd43dfffe693d00013159000080bd0000c8cd0001cd55
0001fa1e00010fc20000e8abffff95f9fffe1b73fffe6a64ffff8bdeffff633a
ffff10ea0001c845ffff35a30001039dfffe5e71ffff7afcffff13050000a879
0000328600019395ffff6dd30001f65000005716ffff9abbfffe918f0000e4ae
ffff97630001e304fffeb5d400010abd00017fab00007a4cfffe0a6f0000a54c
ffffa476ffffe45900004267000069e70000dfadffffca6d0000ec5d00013066
0000000000000000000000000000000000000000000000000000000000000000
fffe4a6500014fcafffebd6efffed3e600012c28ffffbb8dfffe6bbd0000643f
0001cadafffe04eeffff1fbdfffedac000004e1bfffea9a400005b41fffe4452
fffed41f0001a212ffff1cbcfffecdeefffed23d0000227afffeec30fffffe83
000136ee00008b90ffff8b06fffeee23fffea9fffffeacf3ffff58450000793b
000067b500006014ffffa9450001c8d700016521ffff676100001cdd0001b8de
00013771fffef55a000091150000ad7affff49efffff7f7a00011ea0fffe3eb8
00005125000034e4ffffb2ef00006e63ffff44c2fffebd960000e349fffee0f5
0000000000000000000000000000000000000000000000000000000000000000
ffffeb1f00018a7cfffedf08fffecaba0000c92cffff5754ffffddc50001c673
ffffe8080001eda60001cf5f0001007b000092030000d862ffff7a0a0001ccc6
fffe2610ffffe70efffedca30000cb58ffff3c690001f807000182030001a111
fffe510fffffbe8ffffe0191fffff43700018f690000736d0000104cffffe94c
ffff7f89fffea3d60001c6abffff1667fffedd20fffe56cdffffc69dffff9dfb
0000a72b00008aeffffe97730000229b0001d192ffff4a04fffed3b9ffffb085
0000000000000000000000000000000000000000000000000000000000000000
0001fc030001a3d2ffffc7ff00017cc90000610f0001ee730000c4440000e022
00005f7e0000c566fffe44ec0000c802ffffa5c6ffff9a7700012c39ffff9df2
000100f40001683a000082eefffe4be10001eced0000ab25000121790000de6b
0000bbb9ffff7a36000168710001bc4300019b17ffff0b940000525f0001a5a3
0000000000000000000000000000000000000000000000000000000000000000
00005109fffe3a36fffedd2d0000bd79ffff4bdb00012ff7ffffd36b0001e2e1
ffffe316fffff148fffe5af9fffe2a35fffe0ebd000169950001037f00004d3a
fffeee6ffffecdecffff6431fffee68700018eab00015ff8fffe4bb2fffe96c1
000126450001510e000149290000d0db0000ff88ffff7de2ffff2b650000e20f
fffec384ffff85650001a023fffe0d72fffe3fe4fffed9b8ffff04450001c69c
fffe172d0000fc47fffe495dffffa4360001e84c0001e16e0001cda4fffed862
ffffa703fffe70dbfffe14f100001a0d0001cf73ffffa18cfffe82620001133e
0000eb41fffe481300003705ffff6f9dffffdee80001f26bfffec5bcfffe20d0
0001ffb30001f10fffff5bac00019c5f0000de24000179f3ffffd678ffff7f94
0000000000000000000000000000000000000000000000000000000000000000
0001c3e000004cb2ffff8804fffeac45fffe6b81fffed491ffffe06b00014e13
0000ade4fffefdad000183a0ffff3fb3fffeda120000aa9d0000aed300008fee
fffe6a540001f1f800010ad3ffff779dfffe4594000061200000dad1ffff1785
0000000000000000000000000000000000000000000000000000000000000000
fffff47afffe3cf1fffe0cf3fffffb96fffee3db0001bd67ffffeaf70000d094
0000c570000067ecffff2e3f0001af77ffff2de1000025cdffff104dffffdb65
fffe603f00010d77ffff78faffff9f0ffffead610000cdb60000b6c8fffe8eaa
0000000000000000000000000000000000000000000000000000000000000000
fffe226cffffbd53000082ed0000b9c6000184fd0000313e0000c778ffff8068
0001a95c0000138800010d41fffe061dffff5ddaffff3e460001cd6cfffe7449
000101c800012de30001134a0000700cfffe2c27000075ff0000f09c0000cc53
ffff1ef6fffe41ec0001920dffff75b7000181a900010596ffffd76c000151f5
ffffca39ffff97e3ffff9bb2ffff576bffff9f280001d4850000c6ffffff2d5e
0000000000000000000000000000000000000000000000000000000000000000
00003b02fffe2ad800018894fffeb942000096a3ffff0b28ffff7297ffffe4aa
0000000000000000000000000000000000000000000000000000000000000000
0001fee3ffff3bad00011bc30000c73bfffe26edfffec22efffeddde0001df34
000176ad0001449e00002c550000732000000bdefffeab67fffe2908fffe38d0
000069c4fffe591dfffed3290000bd7ffffee234ffff8ebafffeb2bd0000c6e5
ffff471dffff3224ffff59ab0001fe23fffed904ffff8838000189120000bcf3
0000cfe8ffffa60affffc41300005c450000cabe00001cd80000b55c00015cd3
0001e0610000796e000145c1ffff494c00005dce0000096effff787bffff1f7e
0000000000000000000000000000000000000000000000000000000000000000
ffffee4400010649ffffe75c00013e0f00002feffffe4938000133bf000109ee
00015b6ffffeacc4ffff9153ffff212afffec946fffe7d6cfffec20c0000214c
ffff646effffa769ffff7fc00000f97c0000a08f0001bed40000644100000f14
0000747afffeb1e1fffe59d40000c26ffffe6419fffe0d9dffff454400000310
fffed411000143040000aea2ffff16feffffa6de0001cf150000994afffeb31c
0000000000000000000000000000000000000000000000000000000000000000
0000db59ffff207bffffba46000047ed0000717bfffe7f91ffff26f70000222b
0000000000000000000000000000000000000000000000000000000000000000
ffff01a70001bac9fffedb8efffe829f0001ac1700014887ffff6cde000080d5
0000f93efffeacd1fffee8fa0001a41bffff08c40001236d00004e90fffea8f1
0000000000000000000000000000000000000000000000000000000000000000
0001814cfffe7c12ffff3571fffe96360000b6cf0000247bfffec14100014112
fffe7c7dfffe99ae000172380001bf66ffff08ba00019b5f00009ad3000074cf
0000000000000000000000000000000000000000000000000000000000000000
000118fb00006cc1ffff64150001c90dffff342dffff1f7f00003eecffffcad9
fffedb06ffffa86900003ff1ffffe6da00001c760000ea1e000170af0001559a
000121faffff9c2effff33ca0001244dfffe4920000191650001ae03fffeec6c
ffff44eb000187ceffffcc4afffeb4eb0001ea39ffff74cb0000b31efffef875
00002dd200018abe0000183900001fa9ffff76a10001e10dffffcd84fffed525
fffee482000140350001a858000178c00001d11c00007e7fffff1a1efffec876
ffffc45b00011cbbffff298a0001ccd90000b78c0000c2160001033cffff5c32
0000000000000000000000000000000000000000000000000000000000000000
ffffcecd00017e8dfffe94800000c14dfffe0298fffe170cfffe958a00012a1c
0000d970ffff4238000102a2fffe307bfffed606ffff438dfffff237ffff90b5
fffe98290000db2300017181000132f8fffe9aae0001a67efffff8a5fffefee2
0000000000000000000000000000000000000000000000000000000000000000
fffff7d9000058b30001f023fffe1270ffff61150000e04efffec6670001ef93
00019bd3ffffc75e00004306fffe4b7b00012793ffff78a2fffec709fffee769
ffff1f180000def700002d6dffff9214fffe06cefffe3b43ffff8f69fffe52bd
000194ba0001b94e0000004b0001b451ffffc07f0000927d000132f90001639e
ffff4458fffe8f04fffe7196ffff496500005bd80000ba5cffffd57effff430b
ffff9f39ffff924b0000883afffe254efffee170000182fc00011e4000019913
0000b3a90000db050000fde60001349bffffd491fffe57d80001542d0000d780
ffff82d8ffffb68e0001f688ffff9e42000174c9fffeafee0001bab700000ddd
ffff4a9f0001fe440000e09dfffe6cf7ffff798bfffe76bfffff4f17fffea94c
00002fecfffe6ca9fffee304fffec32a0001bb5700019073fffebe0fffff9df5
00007e83fffecb1500003de8fffe88b200016f700001e562ffff5caafffe76ea
fffff2e6fffe46d6fffffdacffff47260001a230fffeb1c4fffec50fffff1918
fffeb3c900004c1e0000dba400011f570001e48bfffea54dfffeca8cffff3cfb
000002dd0001ef6f00019208000084a4000100650000fa89ffff75bdffff6a27
ffffd8f6fffe11ea00008f40fffe86db0001994bffffa1b00001173300019d95
0001363b000076710000ef2100001847ffff77ca00005971ffffed5ffffe7186
0000000000000000000000000000000000000000000000000000000000000000
fffeca620000a08a0001bc2bfffe1eeaffff0132ffff40360000c4e000006419
ffff5c670001b4d4fffe006f000036e6ffff82480000050cfffe29a7ffffdae6
00012cca0000ffce00007b650001607bffffa08f000175820000a3defffe2c6d
0001f478fffe922f0001d15900013819fffe52f5fffeb306fffeb763fffecea4
000126dcfffe63a30001b83e0001a0d500007cca0000527f0001ea05fffe5f0d
000054dc0000c15dffff9125fffe211e000177f000013f0effffec200000658a
00013dbcffffe3e30000d1a30000c36f000187bbfffed2d4fffe1550ffff005c
0001007a0001fba1fffe03ed000017dcfffecef90001b757ffff517a00002973
0000cec800015fdb0001bb57000123260001712200005b3e000114e0fffec70a
fffe283d00018570fffe2f6affff0c8700003cb400003046000154f9fffe7849
0000000000000000000000000000000000000000000000000000000000000000
0001c086fffef2f2fffe1f5afffee18c000095920001de51fffe23670000a422
0001e32b0001d318fffee9ad0000ed6000001619ffffe73afffe0734fffe4f1e
0000e393fffed8e90001b5dbffffa32d0000fad1ffff83bcffffca60ffff3c33
00014527ffff998fffff7ffc0000190dffff53c9fffe82e2ffffa4cdffff59aa
000164fbfffe8c330001ca85fffe42b10000805f000035aaffff9328000037df
ffff8b61ffff222a0000fe1c00001ef8fffe8e320000dc77fffe49d9fffe3e98
00000593ffff94dc00004d1a00000137000092730000af78ffff691fffff97ad
fffeb954fffe69c00001806d0001ff64ffff1e0afffe634dffffe5effffed1e3
ffff0858000120cf00019376fffe97cb0001c7b0ffff05c1ffffebadfffe094c
0000164100000cf2fffeff10000187d5fffe7ea0fffe04d1ffff0ec6000072e6
0000fefb000083aefffe7ed0ffff00d9000155e00001d6b5fffea39000013639
00003f8f0001017bfffe00a2ffffa5f50000ddf8ffff2e3400018031ffffb42d
fffee3ce0001fe4efffe88e80000df9a00013ade00010f5cffff55efffff5a57
fffe731ffffe107f000100f10001368300002a5efffe3f37ffff656f00011732
0000000000000000000000000000000000000000000000000000000000000000
ffff796effff280500005fc10001d66c0001e2e5fffe2eccfffef874fffff0d3
000166bafffeb82d00006557fffe0d4effff9da6ffff5024ffffb15dfffe9986
00015792000050a8ffff2e1ffffe9ed60001ad7affff10710000b338ffff0143
000181f8ffff065ffffe72f9fffea8c200010c96fffee864000107eafffe2246
0000636afffee25100000221fffeb6f300004f7b00006a0afffee857ffffa25d
0000000000000000000000000000000000000000000000000000000000000000
ffff9c350001b0330001878efffe35b3fffe62bd0000c5e000003552ffff814e
ffffb11400001c1300007b09ffffce98ffffdbbb00010b2dfffe0e79fffe4f29
fffebe6effffe983000190c8fffe32890001042bfffefe560001dc62ffff5027
fffe8e0400001929000051bfffffd75c0000eec7fffe7a1f0001fcb5fffec8b0
fffef46400004c80fffe1ebb000089890000ca73000155e80000348cfffe6762
000005fd00004336fffe55b200006a920000d8fafffec142fffe7e51ffffc60f
00001707000035cb0000d9e10001a9f100001691fffe45c40001d758fffe86e8
00014b570001e89d00017c7f00013cc80000bd7effff8828ffff8e98ffffec06
0001b3acffffc271ffffc29a0000ac97000017defffe18bd00017415fffe2d39
ffff990e0001d0cefffe0d000000260000013cc9fffec002fffe45990001dcc7
0000000000000000000000000000000000000000000000000000000000000000
ffffb4e700013d3dfffe05ccfffe5208ffff445c000065c4ffff6163fffe2e7f
fffe5e150001cd66fffe23d0ffff5762000007e0ffff164300008c23fffe33b6
ffff4c6b0001e58c000067bc000013fc0000d564fffff7a3fffead9c0001d58b
0000782cffff6bf2000179420001a8e2ffff87be00015d7effffbd1afffee308
0001ead50001bfad0000d3d80001d3c70000fcfc00007f3a0000ec7e00016adc
fffe9c190000823d000134820000bf4f0000ebe7ffffe08600013568fffe3b78
0000ac7dfffef5fa000094a50001c700fffe71afffffafb7000028d90000357e
0000000000000000000000000000000000000000000000000000000000000000
0001f832ffffa1d40001c24800002c82ffffaa7bfffe5c93ffffe891ffff899f
0001a83000000ce40001d09b00006ea600014cf00001384cfffed28e00005451
000040abffff76ce00008866ffff77dd00017a3300008f0b000058cb0000e1a1
fffe36dbfffe41fa0001519bfffee83cfffee4fbffffbcbfffff6668fffe160a
0000000000000000000000000000000000000000000000000000000000000000
ffff1b99fffe496e0001e987ffff7668000083c3ffff607d00012e020001a5c0
fffe4fe400004502ffff4be8ffffd720fffe81d40000ec490001353a000149d0
000072e0fffe85d5000078f1ffffeddffffe2570fffeb228000125e5fffe2081
0000000000000000000000000000000000000000000000000000000000000000
fffed9c700018ed50000c5db000070a5ffff9270ffffdd59000032fdfffe19da
0000c47d0001c3faffff4b76fffef2aa0000171600004f4e000079a40000da60
ffff6f3cffffe70cfffef54fffffe4f0ffffd7bb0000c56dfffe4d4dfffe8df7
fffe0ae7000174de0001770900015a90ffff9bf3000184bb0000d1a900000817
00017bcf0001ba890000124e000166d400010e15fffedef1ffffa1120000bab8
fffeed0800003b2f000143d90000f9d7fffe40abfffe9f2cffffdc9cffff2c42
fffea1f1fffe6e07fffecdf4ffff757b000163effffe2acfffffb48b00013367
0000c500fffefdd1ffff5a79ffffaff90000d25ffffe41be00014f4afffe1567
0000789a0001e42afffecda900019ad500013373ffff8485fffe1b79fffe09f3
fffefadb0000cf6800001b68ffffe36affffd29700019acdfffe17df00001dd0
0000000000000000000000000000000000000000000000000000000000000000
0000a6d6fffee4f00001e13e00018ad600016e4fffffef920000982300013b21
ffff2353fffecb2bffffc1fc00002d2b0001ec1efffeb12efffe0b7100017bb9
ffffd3dfffffeeb400006a5dffff9026ffffa11efffeddf800015ba30001ef6d
0000384bfffea4ad000013050000ec4c00009727000066eb000130f50001489a
ffff675900005a8e00010c75fffe34c4fffff1c50001170900015954fffe8ccd
0000000000000000000000000000000000000000000000000000000000000000
fffed707fffffd220000c840fffe8c6000017bbb00010d6d000094efffff63bb
0001c128fffe3c4200014ef3fffe8a98ffff99de0000b20d0000e24a00000f73
00015ff60001a05a0000e81bfffe19e2fffe9c5dfffeb2ed00016cc6ffff5843
00001a70fffe44250001f84dfffeb9bcffff283f0001229e000153cdffff1d04
00004d2d0001bb450000be8fffff50a50001686700017d6e000127aafffe6b58
00006142fffefc64ffff856bfffe95a7fffe870ffffe485dffff2e1affff6b31
0000252fffff1244000044bd0001fcd5ffff01110000b4120000499d00011a14
0000b982000133a9000025eb0000c492fffe9088ffffe39dfffe4a800001b104
fffee9ce0001aa850001a8f400012a7900010b27fffe81ddffff276e0000df65
ffffd6f9fffe9b2f00001b3fffffc54600016b0efffe4a0e000145e0fffe2e99
fffed62e0000260a0000a3aefffe8ed8ffff1a5700009cd4ffff5a040000ae36
00004142ffff7c16000177c70000dadbffffff68fffe51e30000f24000007e86
000113c8ffffa26d0001bcceffff2b34ffff6f300001f50600013795ffff95c0
0001cc8800001e3cffff3e86ffff8fa8fffe83ecffff341bffff43f2fffe14dc
0000e04cffff943affff618e000021da000168c6fffe00d6ffff74b00001448c
ffffb639fffe6731ffffddbbfffe5315fffe2bfe0000b7d100005bc8fffe9ccc
00002bf50001c5e400004b14ffff90d5fffe0e8e00002cc40001c929fffed48f
ffffc58b000080980001b4720000717dfffed6080001dce5ffffcc4d00003e59
0000000000000000000000000000000000000000000000000000000000000000
00002533ffff9ce50001459d00003028000103d200006d2a00018eccfffe8afd
00003a2affff1240fffe30a9ffffc84affff36aa00013edc00003cf6ffff15f9
0000aea0fffe3349fffe9d9affff1ef6fffe3a3dfffe64bcfffff55bffff58c0
000018a10000bafeffff505bfffeeecf0000bdbb00017a0f000028f7fffe9b4f
0000548f0001dd6d0000d9d80001685bfffe955a000176ae0001de71fffe9e05
ffff8f3700014ec6ffffc3bc000185f00000b56d00017dd7000028e4fffe9e17
0000aa7d000169a900007922ffffaf2f00019ec9fffe2b370000c825fffe5f84
0000be79fffe10cdfffef4420001783dfffe1ef500012e28fffe8978ffff60c6
0000000000000000000000000000000000000000000000000000000000000000
ffffc27500008788ffff8304fffe9937ffff299700019f89ffffa62b000180d7
ffffed86fffec2c00001e77b00016607000058ccffffab2300004415fffe0d8f
fffee27efffe639afffe349b000032110000209f00011f920001fc140001f662
0000000000000000000000000000000000000000000000000000000000000000
0000b918fffed026ffff8da1000092590001fb04fffec066fffeeeb8000027aa
0000000000000000000000000000000000000000000000000000000000000000
00011dc7ffff36b6ffffa28cfffec82dffffe277fffe0244ffff2121ffffba15
00014fd8000011ffffff3937000080a00000ac5affffd3300000c589000155c9
0000000000000000000000000000000000000000000000000000000000000000
000148cfffff7029ffff8b67fffea47ffffe0db9ffff408dffffe7e30000a15a
0000000000000000000000000000000000000000000000000000000000000000
00017e1dffffd30cfffe7a310000ea36ffffcc39fffe3babffffe85500017325
fffe2fa80000ab8effff94c50001db7000018642ffffe8f80001943affffbcf6
00007e890001cbcefffe6263000117050001118500011606000038f8ffff7f4e
ffff043efffe40e100012e130001173cffffab10ffff9b6affff1ceafffe5e96
0000000000000000000000000000000000000000000000000000000000000000
ffffc510ffff13f2000078a4000008f4ffffa6a4fffe693600002accfffe2e6d
ffffe423ffff1a0dffff41beffff48dbffff75d5fffe0bfeffffe68e0001f244
0001446b0001723400000ae6ffff0f50fffefc02ffff7233ffff3d97ffff6f79
0001600efffea4650000efa60000d862ffff3ba70001c91effff0bf20000fb6e
ffff72f8ffffefd600013928fffef075ffffae97fffe89d200009e67000186b6
fffe561c000182e2ffff13c8fffe5a9dfffe3c5afffe8a1bfffe9893ffff34e1
ffff8237ffff229d0000190e00000da80000ed46fffe02c60001a5f40001bcb2
0000000000000000000000000000000000000000000000000000000000000000
000142750001208f0000da8effff6d80fffef333000058d90001c870fffedfba
fffe38daffff5908ffffc13700005c11ffffd3bbfffed649ffff3a24ffffebda
fffe86720001d47afffe68c5000005ceffffe17200003553000029a60000d437
0000fc46fffe426300008c07fffeb7820001139dffff316900004e75fffea389
00010cfbfffee77b0000851cffff67eefffe1a220000e34500019fe20000d56d
0001ba3bfffe7a5afffe3ae4000089befffe6f38ffff6e220001b389fffebb94
fffef9f2fffe906effff983100004e90fffee0f10000b0ddffffc1e0fffe326a
00008589ffff3ca90000a89f00013c87fffea44d0000a315ffffa68affffd2f8
ffff29d3ffffaf840000314700003295fffe57ef00012e57fffeb4c90001a36f
00012b9cffff22e6000022840000f87e000175f0fffe8c79ffffa7affffe008e
000096790000ac7b0001ee15fffe90c3ffff3f2900003df0ffff0cd0ffff65f5
0000000000000000000000000000000000000000000000000000000000000000
0000efd60001425e00017039fffe661c00009522ffff5de60001ed2100012a03
0000000000000000000000000000000000000000000000000000000000000000
0001d1fb0001c91e000026d500013c82fffefd5a00004a180001a5cdfffe4a20
00003e5fffff39feffffd78cffff2b22ffff3f0efffe8b180001928a0000fd0a
ffffe15afffe2c92fffefc9bffffe2880001d32800014aa500012d8d0001c95b
00005b3a00009123ffff9b640000f4dcfffe9152ffff4274fffe76d30000e957
ffff474f00007710ffff3a28fffec916fffe4a69000145d5fffe97c2ffff9a1b
0000000000000000000000000000000000000000000000000000000000000000
ffffbcaafffe76ffffff93740001267fffff9ef600015277fffefd5e00012a27
0000000000000000000000000000000000000000000000000000000000000000
0001dbd2fffe4574fffe3e83fffe2b95ffffb490fffe19ed000062c200000e22
ffffdffffffe75bf0000a2f80001c1ed0000a4e10000fc30ffffacae000161ea
0000d7ad0000cee1000038a4000093300001aa35fffee5ed00000e36ffff694f
0000388efffed02700010e8d0000b3e9fffee8780000fc37fffe3fa2fffe8104
fffe5177fffe428d0001daa000000961ffff1e1d0001f4f9fffe0cbbfffefbbe
fffecc21000124d40000589d0000cb12fffea9ff00015f76fffe7e2b000040ea
00013ce1ffffa80300001d820001793bfffe822100017d42ffff021100003fa9
fffe95a0ffff7b21000141aaffffd1cafffe9cc10000378dfffede1800001c40
fffe4e440001074e00007e1d0001eec200001b280001dc51ffff752a0000298a
fffebd6700017b440001c2deffff74a6fffe622800019b890001de58000128c0
0000c160fffe1cd8ffffb3ac0001f26300000ec300000cbdfffea3e30001fd66
0000cc46fffffcbc00009962fffe784dfffed1a8000085d500003a300001b02a
0001c48ffffe1c35fffe04cfffff648f00017ce20001bdad000106b7fffe326b
0000000000000000000000000000000000000000000000000000000000000000
ffff933cfffed5640001ca34fffe3b45fffede19000123b300011948ffff1d3c
0000000000000000000000000000000000000000000000000000000000000000
00011348fffe9453fffe61750001969affff58a1ffff13fc000104f1fffed25e
ffffdc94ffffa965ffff65d7ffffd043fffeab97fffe94c6ffffab0800008fc2
0000000000000000000000000000000000000000000000000000000000000000
fffe7db9fffe5037fffe1d84fffe0aa5fffe07bb00017798ffffcbb800002400
00010f49ffffe21a00010b74000062b8ffff84f200002468fffee596fffe1238
fffe9719ffff776f00008e2c00004dd60001fb06ffff252effffa19f00006757
00011a1a0000f6faffff10f10001c548000150f0fffe0018fffe13d900015fb2
0001fce8ffff05d8fffe93eb0000cd20fffeed510000d1a9fffe2dacffff4e39
ffff6a960001c12dffff12a80001e3d000017e4bfffe1b7100018115ffff443c
000080e90000823e0001da49fffe0987000018cdffff66cb00013532000016be
0000de4e0001bcb20000a73ffffeab1cffff0bd00000fb32ffffebf8ffffaf60
fffe09590000f4690000fbd4ffffff96ffff1b60ffffcd80ffff544c0001bf41
ffff7804ffff3a9200016979ffff1dbdfffe18ccfffe42e1ffff80deffff2310
0000000000000000000000000000000000000000000000000000000000000000
0000de46fffe17d3fffeb75afffefdf2ffff1308fffffa9b0001474600009619
0000eb5600013f190001b56f0000f7c1ffff338d0001d3b100010d530000e316
ffff4195000185660001d49200003f96ffff0591ffffdab1fffedab40000b9a5
ffff3920000117c0fffedc2100001a0dfffe4b1effff35ba000072bffffe1be3
0001a9b4fffeb6020000f5dbffff92720001c8c0ffff6074000149350001ac2a
ffff436a000029b7fffe55cb0000d14dffffff79000014c200015492fffe13c1
ffff11ceffffe8b9ffffb74a000175f8ffff777ffffe42e200018aa800004b10
fffe20d90000d6310000f1ba0001e18b000164feffffb3630001af620000aa12
0000000000000000000000000000000000000000000000000000000000000000
00014d8ffffec2dcffffd8aa00006e1ffffe5e19fffe5948000150d800016fae
00019366fffedd40ffff574800008bed0000131f0000a42cffffbfb200001ef8
0000bfbffffe0dfc00005a6a0001b624ffffb44a0000cff10001aaf6fffe35e1
0000000000000000000000000000000000000000000000000000000000000000
ffffe59f000106abffff7398fffe03c3000107c0ffffefba00014197ffffefc8
fffe65ec00004c6f0000ea79ffff895a0001be0bffff4d94ffffd95b00010ed3
fffeede3000060920001fedc0000aadaffffffaeffff9e200000e0b0000101b7
00017e7a000161a60000823200016350fffe842ffffe74a70001e398fffe63be
ffff55ee00008e52fffe7bb3000162b90000e2c2ffffe21a00000018000148bf
000050cffffea81b000038240000e76000002a5500014329ffff8899fffe7a64
0000000000000000000000000000000000000000000000000000000000000000
000145d0fffff7bf0001cce900004be50000e1de00012e3b0001514efffea0f9
0001ed0bfffebfdc000122f9000060c50000a5c5ffff607fffffb623fffe7f4d
0000a794ffff2ae3fffe09e000006d81fffe6395ffff04c9fffe3ae10000984a
fffffe7100008897ffffa3b6000118ee0000b087fffeffeaffffc2cf00016bf9
0000c700ffff3e0900006e5dffffdc7e0001c2e20000d572ffff9c750001362d
ffffd80fffffd864ffff180dffff79d0fffe09d100013e2dfffe67ff000005f1
0000000000000000000000000000000000000000000000000000000000000000
fffe799affff91affffe6a07fffebce8ffff8037fffe0891000114f900013186
00017f9cfffe330400000309ffffed3a00014e6dfffee8a3fffe24b40000a0b6
0000e706fffe2ef9ffffff7dfffeda91ffffe85400000723fffebda5ffffc009
ffff110dffffd4a80000c2c2fffea36e000089430001d7dd0001a4dc000156ee
00019c810000fa43fffed4dafffe41780001fb50ffffdfefffff02e7ffff420c
fffedc3bffff57780001c567ffffe3940000e9860001da3fffffe69c00004f68
00008adbfffee04c0000988b0001cc30ffff6c6600015d2dffffe509ffff9e42
00012948ffff85d70001963fffff226a00006f16ffffd25e0000513d00017c0e
00002684ffff67bb00008861fffee023fffec62900014b44ffffc415ffffae34
ffff351500012a270000b975fffe802cffff3dfe0001f24f0001b0c4fffec2c1
0001cd0dffffc7a30001bf4bffff12dd00019de1fffede5d00011c8a0001b8e8
00019d1effff49d6ffff05f2fffe46eeffffcdcdfffe7ae700016cd6ffff0b97
00012ff400019125ffff0a2b00017387ffff09fcffff80f1fffe755cfffe7d65
fffff4feffff01cf000118550000b814fffef602fffeaab1ffffd28afffff419
0000000000000000000000000000000000000000000000000000000000000000
0000cfebffff737effffe62f00007a4f00001847ffff013d0001b0effffeb1b2
0001f901ffff0873000043e1fffffdc40001e678ffff23230001b1d60000eb19
0000bc41ffffa7380001a42f00012f05fffebf92000126aafffedc7c00017858
0000c43400007bb5ffff4451000057f10001f95ffffe327ffffed943ffff7802
ffff0397ffff642efffe291dfffff52c0001d1c40000d8ceffffa5ac0001919b
ffffe5fcfffe1e680000ac6f00019e36ffffc7b300015f8a000124da0000f85c
0001dfea00010007fffeb9ca0000b34d000101a2ffffd6cb0001a519000165a7
fffe333600008b63ffff6c87ffff782fffff6b57000164400000f6e500001839
000100fd0000f0c4fffe336fffff9f9500011b34fffe36b1fffeee1efffe44b6
fffee187fffeb87b00006d01fffef39b0001a5c2fffeb019000149fdffffcbc9
0001f9190000982cffff7aa9fffea47100009b980000bb25ffff5358fffe2342
000022d70000a7830000d3d500009522fffeb6f20001ff980000b4affffe592a
0000db9efffe7367000060050001297dfffe45640001e78c000164b3000037a2
0000b1c000002a0dfffe6246fffeca9dffff2c050000289e000048f1ffff3d45
000178720000d6d2ffffeabe000196beffffc81300019e60ffff033400012231
ffff5fe4ffff7c1cffff538f000018840000bbebffff9175fffedd2affff173b
ffff0f43fffea1150001194300010a98ffff75ffffff44590001db1ffffe48b1
0000ce4800009a19ffffc05d000099a7fffe53ab0001859d00015274fffe957f
0000000000000000000000000000000000000000000000000000000000000000
0000244bfffff59300002967fffecac2ffff3553ffffddc6ffff4091fffe502c
fffe3fbc00006f6500003c47ffff9ef0fffebfd7fffffa58ffff69fcfffee415
0000fb77ffff9389000060580000c39300001c1cffff592cfffe78e8ffffb9f0
00019c630000c1d70000ced50001108dfffe03a9ffff7b2bffffd3600000a26c
fffea1daffff35660000edc50001f4feffff0efb0001ca390000dad90000385d
0000000000000000000000000000000000000000000000000000000000000000
fffe8d78000098cfffffcb84ffff8650fffeb46efffe386200016de6fffe44a9
0000000000000000000000000000000000000000000000000000000000000000
00007cebfffee3e4fffe72760001723b00002e2a0000f468fffe8a27fffe8bc9
0000308ffffed2e7fffe45770000bc4efffebd1dfffee881fffe9671ffff1708
00008edeffff197dfffe5c580000a682000140d50000ad4c0000566900009187
0000b71f0001cfc70000d588ffffc0b30000cf6d000174bc000148d2ffff4634
0000294ffffe633e000092f900010a83000189c9fffebfc800016ff200018f5f
fffe16e20000f2abffffe5b40000f8b20000e3680000a66d0000fe210001ea79
00010341ffff33a300015270ffff436dfffe71ab000016d90000f7200001b0f3
0000f0d10000fb40fffed917fffe0bc000011b4a0000d33bfffe64b00001490a
0000000000000000000000000000000000000000000000000000000000000000
0001d251ffff88dd0001dd0b0001a80b000096effffe0ead00018d29fffe8d32
0000df44000085b600019758ffff72aeffffeed60000f1600000b543fffe86ec
0000000000000000000000000000000000000000000000000000000000000000
ffff504efffea608ffff7402fffea1f2ffff087b000123a90000aa4c0001d9e3
0000000000000000000000000000000000000000000000000000000000000000
0001c599ffff1fd7ffffd378fffe5fc600001de2000002feffff4d590001dec4
0000000000000000000000000000000000000000000000000000000000000000
ffff0b2f0000e6a7fffeca8effff685d00016dde00012e6200007e82ffff622a
000031b5ffffa7c1000050d9ffff1bd2fffe805b00001e0f0001410affff6f30
0001338efffe260700007fd8000172e900015b2cfffeffa40000eb800000f950
00008e8e00007c7c0001a36100004a860000afa400002afc00007016ffff9fbf
00011b9afffe4200ffff534a00019f1affff6e7bffff7e6bfffe3d5600000300
0000000000000000000000000000000000000000000000000000000000000000
0000f172ffffc86900005bc70001e4be00002968ffff5cb000017440ffff4a3b
ffff49970001057affff6342fffe384b0001454e0001d4e600005f9900005c94
0000a652fffe818d00010ad400010b07000037c1000063880001feeb0001faa3
fffe52190001529000013fbb0001ae75ffff3689000043f50000435d00019e86
0000c092fffe17b2ffffefe0ffff519cffff5048fffe87c8000055ecfffeac39
fffe3716fffe3271fffe1772ffff1230000118e30001715b0000c1460000d959
0000d8ac00010b55ffff3adafffe26dcfffe0445ffffec4a0001427c0001baac
0000640500019d1300004838fffe25c1000168600001e086000143d3000189af
ffff0647fffe123f0001904800007a0bffffc8a20001296bfffe0e7cffffd8d8
fffeebe8000041600000cc7f0001eb77ffffd81200006da50000fa10ffffd1db
0000f1010001d82c00019e72000011dafffe4bc10001f9ff0001e1e00000bb14
ffff00a0ffff473affff975bffffa0b50001b87c00018c3efffec4170000e97a
fffe8be1ffffc718fffe698600013887000189e3ffff3e4e0000ed1800006f03
fffeac6bffff49e80001aac600002feb0001443bffffbaafffff2b5700013706
ffff4c8f0000ee78fffe0d8a0000e30f00000160ffff7287000012e7ffff4665
0000783a00016d90ffffeb8d00013b15fffee68e0000003f00003b1effff6c4a
fffe7ff8000042940000902ffffe9db7fffebae8fffe47230001cfcaffff3aea
0000000000000000000000000000000000000000000000000000000000000000
fffe5df5ffff430ffffef2f20000c0c3fffec5aafffed065ffffc01bffff1c1d
0000000000000000000000000000000000000000000000000000000000000000
ffff8c24000150b30000b466ffffa39dfffe53b600012e39ffff58d00001cbad
0000b8470001871100014fcdfffe0bb1fffffddd00013294ffff488d00019d57
00012989000006f7ffff054300015d9effff3325ffffc55bfffe1eaefffeb6f8
000037c20001ea570001741cffffbab4ffff3982fffe2eb30001132bffff799c
00000fbafffeb3f4ffff7553ffff889affffe19d00016bbd0000ff83fffe3c60
fffe7074fffff9800001172b0001f91dfffe26a8000042af000061e6fffec5e9
0000000000000000000000000000000000000000000000000000000000000000
ffff774effff114c0001e305ffff2730ffff6e77fffe731cfffecd2dffff4cfe
0000000000000000000000000000000000000000000000000000000000000000
000012f7fffee222fffecdc600001d3c0000948e0001c86900016ce50000e84f
0000000000000000000000000000000000000000000000000000000000000000
000079060001753effff8126000135ae0000ed140000a7a3ffff1d2f0001c5b0
ffff2969ffff9d9a0000e76effff7e23fffe7e0affff46080000f714fffe018d
fffe9ccbffff6ab8000155900000515fffffc5e2000143b9ffff69f60001e64d
0000000000000000000000000000000000000000000000000000000000000000
0001f8ea00014feb000082ccffffed4bfffed6d5fffeb04dfffe832f0001720a
000101e7fffe0c120000b922000146a60000547900013a2d0001045effffdda8
0001cc7a0001b34400011d6dffff7948ffff532fffff40fdfffe22d3fffeaa73
fffece72fffe16460000b9bbffff664cffff6b7bfffff79affff3f110000221b
00015db0ffff59a300008700ffff53600000a1a7ffff4e2afffe2c75fffe2a8c
fffe529500001cb20000f2b9fffe1ac2fffecef7000027150001020dffff9ea5
000135cdffff25c40001568dfffe35d4fffe559400007ec4ffff24f3fffe03f5
fffe6d3400018acfffffb1dffffe9a44000133980001c901fffe3cd60000d7e2
fffe09b20000c9bf0001d6a0ffff6978fffee60200018bc70000ecbf0000a0ac
ffff05f0fffef58dfffe9a01000173f500012d71ffff7a8c0001ae5d0001f795
fffeb11cfffffef9ffff4099ffffd67afffe76f3ffff5d060000d96300002c17
ffffed30000075f800000b9ffffecbb6ffff20e4fffe301800016a65fffefec3
0000000000000000000000000000000000000000000000000000000000000000
00017a05fffe57ccfffe38e8fffe744c0000d480000008530000b9af0001cd63
fffe41f800015a88000168caffff2d33ffff836afffec854fffff256ffff7020
0000000000000000000000000000000000000000000000000000000000000000
fffff721000009daffff0cc6ffffc3f3000000bf0000cdd4ffff7339ffff7fb8
ffff4e2dfffe74c70000db9dfffe5cee00004c04ffff1e500001a7ba0001232e
00018220ffff3377ffff4325ffff82fbfffee6a1fffeb1e90001bf450001e2a2
ffff5defffffec2e00003857000088ed00002d650000d926ffff6e9e00001624
0000992c00016592fffe875fffff24b80001193d00001205000009560000f9ed
fffec7770001b328ffff925600014e26ffff557800000c6c00014751fffe8097
fffe30ec0001901a0000cebd0001ef80ffffc002ffff3ecbffffe143ffff71c0
000016d9fffe33a20000958cffff6167fffedcea0000cae5ffff5741ffffc3e3
0000ba010001440bfffe38f0ffffd869fffe86a20001f5e2ffffbd3300013504
ffff77ee00019bc5ffffe19a0001639c000116a9ffff22f70000ef5500000da5
ffffaeee0000156f000002250000e6dd0001b86d00006542ffff805ffffe7416
ffff2b66fffed6db0000a7d6ffff5a09000062bfffff38c8ffff687bffffeb09
0000000000000000000000000000000000000000000000000000000000000000
fffff9f500011d21000054c9fffef3d0fffe0ab40001f25700016163000152bf
00012519000190f20001c97c00007c2affff35a70000803f000065fefffe1753
00000a790000f7e8ffff44860001db85ffffd489fffeb6a0000189fefffe7082
ffffae16fffe145400000fa2ffff6762fffe23a4fffff3daffff03460001d653
00005b140000ba8700008ab80001d3bcfffffd100000f90c0001a185fffe985b
000035f3fffe12a400008613fffe9e55ffff37260000570f0001036dffff21c6
0000be9800006d40ffffe95affffc7a60000b5fbfffea4d40000783c00011f7a
0000000000000000000000000000000000000000000000000000000000000000
0000cc5400002d4e000058290001180c0000193600003ceafffeae89ffff2aef
fffec032ffff68abffff951b0000d36500012b53fffe064bfffea497000043b3
0000000000000000000000000000000000000000000000000000000000000000
00012cb500018fe8ffffda76000169b8ffff1d2c0000b27d0001034100012f42
00004b22fffe3fc100018bd2ffff378a0000a284ffffbd70fffe4d4dfffe1a8e
ffff819b0000aaa0ffff5842fffea5e6ffff0af000008b0d00017d28ffff8c1e
fffef8c100006ecb00010778fffe2f06fffe7636fffe46f3ffffcf7dfffee698
fffe2899ffff71ff0000c16a000011d7fffe903bffff65ddffffca4fffff757a
00016c660001b79500008690fffec184fffef76b0001ba8bffff94c8ffff7a15
0000000000000000000000000000000000000000000000000000000000000000
fffea54bffff5a550001a409000001f5000122a80000995600003a1c0000f353
fffe9570fffef1f4ffff3969fffeec830000ca5cffff6069ffff6745ffff0fc3
0001103600002229ffffcb2cfffe8b7dffffaa0c0001f3b400013722ffffacec
00005f82000151ddfffff75e0000557a000101b90001062dfffeeecc0001d5c1
00015aa00000e26c000170590000d194fffe263b00002a6fffffa9d90001e138
0000000000000000000000000000000000000000000000000000000000000000
ffffbb0efffeaf5e0000fedbffffbc1e0001759ffffe8d310000d34bffff5bd7
0001fedd00018869fffe7a03ffff7d4200002c7cfffed4a700015dbffffe98df
0000000000000000000000000000000000000000000000000000000000000000
0001ea62fffef69400018699000086c50001c634000071e7fffe3c48ffffa181
0000000000000000000000000000000000000000000000000000000000000000
fffeb249fffe7496ffff7d37ffff2e7bffff26c6000066b6fffe8bb4000091dd
0000000000000000000000000000000000000000000000000000000000000000
0001d3a7fffff222ffffe958ffffb77a0001e96b00010bbb00006fda0000a96a
000033dcffffd48efffe2827fffe86070001771f0001cbc900006c310000e72e
000035dcfffe9e82ffff3d33fffe7ee30001dc4ffffe078bffffb79efffe1d16
fffebf70fffe368a0001d211ffff7251fffe5fd00001b6fafffe95c8ffff0906
0001f3cc0001396f00006e780000cc7a00014e36fffe28c30001b0480001b436
0000000000000000000000000000000000000000000000000000000000000000
ffff4e9b0000597cffffb8f0fffec42afffe01960000d9cf0000c0acfffe81c4
00002c38fffe0695fffea011ffff36e4fffe52df0000df59ffff569100015280
fffe5b7e000195b0ffffec55fffe6510ffff388effffdc440000f5340001d202
00000ba800017ce60001202fffffb19500000b87fffe24cdfffe38a9ffff2866
ffff022e0001e2ae0001f17fffff56910000dd09fffe358fffff2541fffe8444
fffe88e40000c2f1fffefba400012627000185ec000130980001dcedffff1882
fffe3baeffffc0fc0000aff60000c4d1fffe49fa0000a086fffeedb7ffffd777
00002bdbfffecf120001f1b0ffffe003ffff2c5a00008124fffe7ffbfffe3db2
0000b07b0000502afffed0060000f96000016b590001fa13fffe932900004f78
0000000000000000000000000000000000000000000000000000000000000000
fffe492900005188fffecfc0fffe2c4a00011e42ffffdd4b0000b53900003aa8
00016e98ffffc59affff82f2ffff7e0a0000629b00012e8ffffea97efffe58c8
0001ab450001c3e60000b1b9000063fb0000fffd00006aa3fffe0deefffe2a02
ffff2d150001f12cffffb2610000287dfffe7e0400013bf8000148ccffffc152
0000ed23ffffb39b0001d2fbffff9aaefffe7bfcfffef721fffe49d4ffff8abe
000027ca0001a8f2fffe00250001790500016579ffffc535ffff5f5a0000a176
00001b37ffff70f7ffff8a4dfffe4beb000158da0001ee7e0001725cfffe9912
00006b4e0000f9d5000101fbffffb403ffff30f300012be00000cb900000a14c
000187110000426000017cd0000096c00000fc0400007173ffffc51ffffe7e99
ffffb2c600009217fffe7763fffe42beffff0f39ffff53780000ff74fffe1e7b
fffe3df700006ba8fffe73830001ffe0ffff5474ffffc6790001210bfffe2fc4
0000040dfffe92a100002cbd00011369ffff8ad2fffe0817000114a5ffffd06c
000139fd0001c5f6ffffceeafffe20a5fffee6ff0001d982000007befffe7c74
fffe36660000300a00010ecefffeb425fffe6939000182b5fffe34640001d61f
0001b68a0000ccc700006b65fffed58dfffe5225000133e6fffe5d5affffaf11
000113360001e706ffff07bfffff19f60000794bffffe7680000e8c1ffffe482
ffff94700001b1c2ffffcb97000078870001c68affff820dfffe102100016e1c
fffe3659fffefba1fffec9d100018591fffede5f0001b0c5fffed58800001bd9
fffffb2c00014b1c0000826effff3716fffefa2a00012b6d0000fdff00009101
0000000000000000000000000000000000000000000000000000000000000000
0001583efffe8163ffffa1f8ffff0090fffff2e80000965bffff91720000d894
0001e18cfffed7acffff9065fffffe77ffffb323000015d4fffe4a0ffffffbee
00016f93000001d800003d3700001525fffe35480001b5b2ffff9102fffeb331
0001f9ed0001729d0000f6b7000150d400018c30ffff2f4600015757ffffda8f
000018c500010724fffe2ef10001f906fffe26d7ffffa3c2fffe7601ffffccb7
0000000000000000000000000000000000000000000000000000000000000000
ffff394f00014704ffff685d0001bd64ffffc485fffe6401ffff32590000e9c7
00012e38ffff57fa0000ccc7ffffab15fffeb489fffe713dffff619e0000fab2
0001584ffffe3815ffffcb140000375a0001f52ffffe1f9bfffeecff00003fbf
fffe923c0001870d00012ae4ffffa8440000631bfffe7129000122c0fffea9a9
ffff89aa0000a35effff630afffebfc60000e48300006326ffff56f10001d25a
ffff964fffff7ff1ffffaebd00011e4effff77250001ff680001ed8dfffeca31
00007338ffffc8d6000185d40001c5ccffff0e250000876f0000f8950000fed8
fffefb1affff54580000edbbffff4427ffff27e9ffffb43900010f4bffff5c2d
fffebea8ffffc20ffffe76a1fffe2694ffff1e6effffe86e00004865fffeff3d
000052e9ffff9745fffeebc500015a90000061010000216f0000886dfffe9630
0000c73d0001f3a2fffe1dd600016d71fffe82bc0001ca1efffecc22000118c8
fffede1cfffea5deffff2ed70001112cfffeaa9cffffb6d8fffe2bf80000e815
ffffb7e400012d3900015fc0fffe40aa0000781d0001c4760000bb1f0000931d
0000000000000000000000000000000000000000000000000000000000000000
fffe3141ffff92aeffffbbd9fffe5c350001e6befffeb238fffe60890000d924
ffff813bffff669bfffe2ca2ffff6a94ffff6d23ffff97430000c9cbfffe46a1
0000000000000000000000000000000000000000000000000000000000000000
ffff677d00009a22ffffdf47ffff8576fffebb44ffff71ecffff9bb4fffeed39
0000280e0001a7f8ffff2d5b0001bce500017ab40000243800012bf400003a14
fffead6e0001c43efffed50ffffeb60d0000b7d70001eec6000136090000d68d
fffe6367ffff7c1affffc58cfffe0013fffee027ffff130200007aac00013e5a
ffff6682fffe675a000046d0ffffb452fffe234cfffeaf5400000215fffe62b8
ffff2facfffe539300011ff60001a44500018101ffff6f86fffe6986000080e6
ffff6920ffffa431fffeafd40000bc8300012f2bffff029dffff5496ffff8e8d
fffed2d5fffed185ffffbfc5fffe1c29ffff8d88fffeb5d4fffe982bffff5f38
0000000000000000000000000000000000000000000000000000000000000000
0000cadbfffe2d8b0001f819fffefa0c000162f9fffffe72fffedb96fffe2811
000181eafffea375000016b000015cb5fffe500afffe6e2d000093ecfffffce3
fffe3fcefffe3ab2ffffac86fffe143b00001749fffe018600011cefffff26b9
0000000000000000000000000000000000000000000000000000000000000000
ffffa6e1ffff8629000022820001828a0001dea000000626000077e1000192b2
0000000000000000000000000000000000000000000000000000000000000000
ffff7a440000cbed0000cc5c00003870000118e4fffe8f89ffff9d3c0001cd71
0000000000000000000000000000000000000000000000000000000000000000
ffffe215ffff10a3fffe2003ffff0d1600002e25fffe6dab0001e484ffffdc35
0001cee3fffe4fcb0001353cfffe0cca0001c494fffea5d90001cc7a0001bf51
000073e5fffe27d3fffe93570000b819ffff70610000fefefffef00200010ea6
ffff2796ffffc8f0ffff758affffbc8effff0afcfffff76900004bc30001830f
00009a4f0000d9da000007a4fffefff1fffe897ffffec752ffffba9b0001e7ad
0000000000000000000000000000000000000000000000000000000000000000
00006743fffe1d930000dce8ffff430afffe7d7e0000609e00018db5000025a1
fffefc0e0001a33cfffeb4cd0000b03dffff840bffff4fdcfffeb203fffe5e12
fffee8ccffff4f490000b41c00005127fffff44500002aca00008643fffe45ce
ffffa2cd0000b8f5ffff5127fffe86b10001526bffff6626fffe743dfffe1fc2
00004c7dfffe418e00017870000178cd00012060ffff1c1bffffe44dfffef3b6
0000000000000000000000000000000000000000000000000000000000000000
0001025dfffedd730000d7f10000b205ffff8a01fffe1b2bffff61210001ef1a
ffff665500009533fffffe3fffffb2990000b1adffffc544ffff1ff1ffff346d
00001ac200012d06ffff182cfffea422000129560000cb350001746fffff48a9
ffffbe33fffe7247000117b100015a1afffe46100000d356fffe7548fffeeb56
0000000000000000000000000000000000000000000000000000000000000000
00001e1a000061a4fffe5dc30001c3970000c6bdfffe610f00004674fffecf7b
fffea903ffff4f3cffffa54f00009d11ffff34a9fffe9e4a00019d89ffff791e
fffe6730fffe871e0001168e00011afa000141d40001b9bafffeb76d0000a572
0000198a0001aa4effff75d2ffff319a00007205ffff6a1e00009b5bfffe6144
fffe2a3a0001bb0500013f540000ed2affffc1d40001523cffff1e220001b63d
0000a132ffff709f0001eef3ffff644afffe590700014ab5fffe9c780001b5dc
ffff4c5efffec89cfffe5e2b000007fefffee46cffff8111ffffe674ffff01a7
fffffcec0001d973fffe07af0001d1ec000136bafffe00f8ffff9fa60000fd47
fffe2ac8fffec33efffe1aae000014eb0001d9a2fffe374affffb25200017081
00007b0f00008f19ffff5c37fffe43c7000165330000c503ffff29b6ffffda5e
ffff2a5cfffe0a7f00010a4e0001f73e00006ac4ffffaf87fffea3d6fffed702
fffe5cf700000d66fffef77900001ea800001a8afffe4e4e0001d64d0000d4fb
ffff9f94fffe4ca2000035480001f29e0000630f0000843b0001081c0000b75c
0001a641fffee3a4ffff991f0001647a0000087600012d04fffe3f17ffffabbd
fffff30dffff6b27fffe6a200000a143fffe3ab900005071fffe60d3ffffa9ea
00011b500000861b00016c3300017cb700010eb400002b1a0001fd4300011fee
ffffa29a000023bf00000708ffff4af40000ca7afffea2e9ffff59240001f81e
0000000000000000000000000000000000000000000000000000000000000000
000001d8ffff72a9fffe0e870000767fffff4eca0001fe2d00007b2e0000576e
0000bd7a00007104ffff1adcfffebdd2fffe4a450000f708000157e30001afe2
ffff0dc5ffff32b60001a781fffe922500015760fffe41d2ffff06210001918e
000070990000a3ba00003bcaffffc718fffe7564fffe56dd000173c1ffff07c9
ffff6ae3ffffe51600008e0fffff908bffffc83e0000d399fffed01c00013f77
000139b1fffe390400000c97ffffd053ffff2a280000f7f2ffff24c400019e96
ffff5cef0000a4730000d7be000038bcffff818fffffb65c0000b2b000006341
ffff4afeffffda1cffffaf65ffff11d4ffff480bfffe326ffffe19b50000a0bc
00019800ffff182a0000b874ffff9c73ffff78d70001bad60001b17b0000d77d
0000f243fffe8dbefffe0f48fffe18e0ffff99d300011b56fffe2b6800008180
ffff5201000107a7fffe26e8ffff479dfffedf0900001b9afffee8e4000056cd
ffff4d490000003dffff14420001debe0000a7ff0000d2f0000103f2000159cd
000107e3ffffa49c00014d9bfffe97950001113f0000280c000070b2fffee5e2
ffffc9a90001e76cfffeaefe00008b0b0001762500012559fffe753c0001b6eb
00005eaa00015eaf00019c7efffed6bd000004770001dc85ffff009200008831
fffe71f0000168e4fffef946fffe85adfffeba5600017a4afffe5c06ffff984b
fffe3871fffe5bc500012f4e00001596ffffdc19ffff73fa0001a2ef00004c6f
0000d3c8fffe5e43ffff3909ffff3a4100006a190000385cffff64cf0001a89a
0000000000000000000000000000000000000000000000000000000000000000
ffffd8ba0001b8c9000027060001f56fffff77be00016412ffffa585ffff8664
0001b444fffeeabdfffe94a9ffffbf80ffffe95ffffe4391fffe4274ffff8880
ffff486a0000a12b0000306000003c870000f0a300018bb7fffef969000097e0
ffffc1b2ffff0a7dffffca78fffe9da6fffe42ac00002841ffff2c0bffffd1d5
0000000000000000000000000000000000000000000000000000000000000000
fffe04c700012ba4000188aa0000143500017c9e000034f70001a9de0001144d
fffffc09fffebc9800008ce5fffe3fd7fffe6bf000010c920000c9570000f907
00002e88ffff132100009fe800010f5ffffe47ba00016ad2fffe2764ffffa645
00002a49000158e7ffffde1b00012d52000088e8fffe8e49ffffa3f4ffff85c0
000158ef00001f83fffe193affff8fb40000c540fffe2547ffff425d00009006
0001c7010000db43fffef22f0000382effffd40fffff5ea6ffff992cfffec360
ffffcbd900019bbe0000d6e4fffff066fffee544fffe617ffffed3a90001b357
0000ef11ffffc10b0000a6d900001baa00010f06ffff885f00012b3ffffe8d28
fffe40e8000093d0fffe4649ffffa170fffec853000156efffff198e0001ba55
0001037300015708ffff40360000e54c000046dbffffdd3300001b970000948b
fffe178a0000c7e90000d360000170fc000124d90001e41fffffd3c8ffff593c
fffedb69000011b700019782ffff265ffffeaa5ffffffdee0000156c00000f38
0000b345fffe2becfffe02e6fffef26afffe2d5effffb70a000053c600008b69
000083ff00015a140000e419fffed3bf00004c88fffe9234000083180000c307
ffffa3cefffe352c00014bafffff9ec10000afaa000198980001b317ffff5cf5
0000000000000000000000000000000000000000000000000000000000000000
ffff79d30000b3ef000004a5fffefc7100011fc30000a1ea00006368ffff3f01
00014d1b0001614cfffffd3800005531ffffd25d00012dc0ffff277afffe7b97
000074270001e6d5000096ee0001b5a0ffffe1560000e0cd000060e6fffef32e
0001a594fffe5e10000085250000345200005b7dffffa201ffffd7b200019d9f
000014c5ffff3099000124d600006d15000044fd0001ae120000d15800018dca
ffffd958fffe44d7ffff30510001dbdbfffe7fcfffff30f0000085740001257c
0001f804fffe19100000544fffff84ad0001e25ffffee7810000cad8ffff99c6
000072530000fce100014afafffec245ffff70bd000073e400012f3100013f06
0001c6100000dabd0000d7ecfffed97fffffe9a80000d0bd000038e3fffe9e74
fffe13b4fffe8b8c00005f4efffece9affff2d51fffe6fcafffe29420001f6ca
0000000000000000000000000000000000000000000000000000000000000000
00015e9affff9fb6fffe7364fffe67ad0001eb6bffff2a34000037f7ffff55ad
000064a7fffebe6a00014746fffebfab0001ced9fffffe930000b40600003c08
fffe12bfffff0f53000067200001596efffe5e79ffff8498fffed19700007d1e
ffff9a70000025690001491e000108adffff3682000126d1ffff0688fffe3fa5
fffe060bfffe2f5fffffcfe40000f3e3fffff848fffff9b7fffe3659ffffb37d
fffe7f3700014d6e0001bdef0001007d00012c68ffffbe1dffff58f5000049ba
0000e098ffff34e100019c9f0001c5900000b0bc00007645000115cbffff3423
0000000000000000000000000000000000000000000000000000000000000000
fffeedca000183520001e3ecffff6002ffff3265000124c7000140d4000048b3
000080ec0000128b0001607f000032aa0001fb5b000055180001bd21fffeb84f
000159400000a8580001bc4ffffe482afffe03c0ffff99410000fa2600012a51
00003f940000a3e70000f8c00001a1090001d8b1ffffe8fc0001bafe0000dde3
000095730001a572fffff75800018f0ffffe3f79ffffff2dffff4a2a000051cb
0001bee7fffe38000000f62200017b69ffffead70000fc4cfffe5a8bffff0bfe
00011900fffe2a5b0000d703fffebefe0000de2800011084000072d600009fc4
0000e9a70001aaa90000ac750000ec04fffffbd6fffe8949ffffe45700007c10
0000f1b5fffffd2000019ced00007550fffeb3f1ffff1a43fffe70e0ffff3d33
0001d77b00014f8f00009ccc0001ae3afffea11d0000bdf60001e5e700003697
ffffa4ffffff9d9300013d33fffe5905fffe122b0001b6a80001b29a0000205e
00009de2fffe8644ffffb9b7000038630000a92dffffb6ac000023b0fffeced1
0000a2a8fffe3a29fffff52300002093000016e7000042a5ffff8c8ffffef282
0000bdc0ffff4e41000081d8fffe7420fffe9163000124e8ffffafd4ffff867d
0000478effffbd4e0000b4fb0001ab9d0000b07bfffe517c0000b05b00006faf
ffff598a0000863b0001a088fffed095fffe81f200018b0efffe3ef500018c2f
fffe32d3ffffa94400017423ffff2af3fffe604500006e2d00015490fffee3a1
00008711ffff72d5fffe4bd7ffffac300000adf100016e290000e4dbfffffa70
0000000000000000000000000000000000000000000000000000000000000000
0000463fffffd033fffe81df00002a2fffff018dffff72eb0001c3bcffffbe13
fffe2cacfffe3f40fffeaa97fffeceed0000bf6b00012b8fffff12c8ffff5830
ffff235cffff50c600003fdafffea115fffec51a0000c64c00009d9efffe0be4
0000000000000000000000000000000000000000000000000000000000000000
00002bf9000119a1000045d5fffebe14ffffcb0cffff55c0fffe45e1ffffc4bf
ffffbb2c00003f89ffffad34fffef72a0001a344000148200001e7c700004b01
0000952b00004c33ffff78cefffe61e60000d7c2000176dcfffec8ca0000c805
fffe2c24ffff28b4000012e3ffff1e300000af8a0000a2bc0000706200019424
00016b30fffe483bfffe21e6fffea36200009da0fffec7affffec36200001d76
0001a599fffefa510000911affff36e5fffe1672fffeeaabfffeb2a2fffe15b8
0000000000000000000000000000000000000000000000000000000000000000
fffe1bc7000175bffffe9efcffff865d000018d30001cfba00007243ffffdb65
fffeb56c00010f1affffb65600002e480000dad20000e23fffff30a4fffe2bed
0001e8a20001fb91ffff3952000090d00001ecfbffff2cd700002791ffff9d05
ffff50c2ffff49c4fffe2323ffffd42d0000b20cfffe33e3000155ecfffed8ab
00008c6a0000e7980001aff90000d06d0000cf1ffffe6280ffff2dcdfffe6171
0000d2430001e6bcfffffb0dffffac72ffff5f63fffe70600000f1a9fffe0f74
ffff3163000091e5fffe62a8ffff80ac0001b61dfffe9ce5fffe0f1c0000086d
fffe8043fffff854ffff66170000942f000001f6fffe986f0000b29f00002f92
0000e1030001f23d00014951fffea5cd0001abbc000189ecffff8bdeffff46a4
0000000000000000000000000000000000000000000000000000000000000000
ffff569600012236fffef84d00004c30ffff3e1effff4f25fffe50420000e8ad
0000000000000000000000000000000000000000000000000000000000000000
0001a10a00007a4e0001addc0001067ffffec412ffff07f10000e090000155e1
0001aba5000180dc000073afffffce2000009e1affff70c000011375000032c9
fffe50e4ffffc207000155bcffff153900015864fffe066cfffe785cfffe8065
0000000000000000000000000000000000000000000000000000000000000000
000179afffff4c2d00018ae00000b00100013a0dffff796cfffec1d5fffe71bd
fffe8cb50001001bfffe2f53ffffe77e0001fc1f0000a1940001633d00017216
ffffad1a00014a8dfffe79f2fffea93400009600ffffb6e7000182f50000f0b1
fffe69600000c64400007b48ffff7f9ffffec0f200001b38ffffd3390001e8b5
fffef5240001f16dfffe1184fffe3d150000bf3a00006dd500002ba9fffeedee
fffecc6dffff292fffff8baefffee1f20000ff83fffee4ba0000c102ffffc030
0001402dffff322a00003d9e00019f54ffffcc85000178130000d39fffff4de5
fffed18dfffea9a5fffe259bfffef5fdffff17efffff02bd00001dc8ffffb3ae
fffe4a4a0001c394fffe56c80000c072ffff6b0800001e0efffee02700003341
ffffa57a00018db6fffe16bc00004b6400007229fffe627b0000a3a1fffee09a
fffe0aa9ffff7c660001bac1fffea699fffe6866ffff608fffff4df9ffff5ffb
0000000000000000000000000000000000000000000000000000000000000000
00009b06ffff466900014decfffffe900001304b0001e5340001a48800019bb3
000191ff000193a5ffff0e00fffe7f28ffff751e0000d953000042b2000185fc
0000d0ecffff01e00001220bfffea36cffffd718ffff2777fffeffe70000de15
0000000000000000000000000000000000000000000000000000000000000000
fffee553ffff983a0001c8bd0001678e00011a30fffe004200014a57fffff062
0000000000000000000000000000000000000000000000000000000000000000
ffff95540001fcd2fffe52d80000891900010aa1ffffaf81fffebc4f0001d953
ffffee7cfffe5c33ffffb758fffeeabbffff8bb4000131d2000078640000afa7
fffff702000016c0fffecd23000030970000bf130001972d00012ea0ffff607d
fffeb8790001581700001ecdffff47c4fffe0475ffffaa1e000067560001a258
0000000000000000000000000000000000000000000000000000000000000000
0000c202fffe0871fffedf4500003a97ffff88bbfffe6ecf0000bc8bfffe5688
000056e3ffffa70dffffd155ffffbbb3fffe3f7dfffeb09a0001e9fcffff7b52
ffff30b8ffffe957ffff9e72ffff10df00008403ffff487300015d8bfffe02aa
ffff727cfffee9520001d44afffe84950000726effffe22ffffeff70fffe3b98
0001d4ce00002404fffe6c8effff4f87fffe463efffed585fffe0d00ffff4ebf
fffe92dcffff5472ffffc68d000004900001269d00000ec10001f7520000af7d
0001357d00017fcb0001aa470000fcc2ffff81b700012d1c0001c016ffff5547
ffff00cc000121980001e97cfffe762e000150f00001f35dffff54cdfffe443e
ffff60eb00019c500000fca9000144c7fffe1df800006c06ffffe76400011790
fffe62640000b02e0001ecfbfffeb08bfffef515ffff045dfffe57200000da86
0000c40a00004455ffffbbd2fffe9828fffe24e3ffff360400014ab600002347
ffff3aa600011f0c0001867bfffe1fb80001cec800010630fffea037fffee8c5
0000000000000000000000000000000000000000000000000000000000000000
ffffd76affff6b65ffff28a8ffff3de7ffff218d0000c892ffff83aa00014c1d
000171ddfffe2c5b0001ede10001469dfffe681400007d10fffeca69ffff56bc
0000000000000000000000000000000000000000000000000000000000000000
00014de10001bb140001b8990001bb3ffffecb75000168c90000c8cffffedb07
ffff482a00011a14000031dffffe2df2fffebf9a0001dc6f000195ecfffe6510
00010ef70001c7b5fffeb68ffffe068400018039fffeb9edfffe306affffe59a
00010da2000143c1ffff9fd00001019ffffe5361000159a4fffefce8ffff8345
ffff56b3ffffbb2cfffe268effff1dcbffff6ef60001666ffffe12940000d304
00008c58fffed2c10001b6de00003f7bffffeeee0000156b0001b27300019ef6
000035080001504efffe4e16ffffb6d50001faa90001c8da0000e701fffec124
ffffca6e0001df2afffe8282000022bcfffefe640000f4c600005b72fffe9a22
fffe4949ffff8588ffff193afffe71fdffffee6e0000b91dffff19d00000ec38
ffffc720ffffc394ffffc2800000f00e000174c8fffef3f00000d7f9ffff94a0
fffe283fffffc8ef00009d3dfffec4c8ffffe87a00017429000101c0fffeb3a8
fffe897effff527cffff575b0001f0aefffe24f8fffe1adafffe5d17ffff31dd
0000aae6ffffa10ffffeb0cd0000bf1ffffe9094000149c50001b50200006d4f
0000000000000000000000000000000000000000000000000000000000000000
ffff26640000c103fffe715800016b1dffff8843ffff8c53fffee3fdffffa053
0000cc330000ebad0000ee8bffff0444ffff7c5200004c0fffff92eb0000c070
00018a3b00003400fffe4cddffff23a90001d3d90001cee6ffff5780000196d5
fffe4be6fffe1551ffffe90fffff2ddd0001b51dfffec940fffe1e7a0001b6d2
fffe7e4f0001681100003c85fffecb36fffe199afffee08b00017c9400015224
0001a645fffe34fc0000c2570001c459ffff36dfffffe4d30000897d00013578
00005939ffffc9dafffffcb8fffe437efffebf610000cd50fffebe390000a145
ffff544ffffe117dfffe9dd6fffe1b0800001c08fffe963bfffec5970000976b
00018252000122cffffe300900003517000081afffff9d1efffe1d0f00013f14
0000000000000000000000000000000000000000000000000000000000000000
fffe848bfffe60330001b7ef0000ffb600006db2fffe9774ffff7c5100012c00
0000000000000000000000000000000000000000000000000000000000000000
0001b230fffe52cc0001beddfffe637e0001e5b5ffff0759fffea2920001d7aa
ffff2e79ffff8fd700005b1afffe2066fffef9ad0001310700019c6dffff4572
0000000000000000000000000000000000000000000000000000000000000000
fffedf79000038c3fffe396fffff0b3d000075b90001218800015dbc00003db4
fffe522d00015f19ffffc5790000a571fffe7eaaffffde6800004763fffef133
fffe03dc0001a06b0001a873ffff5b87fffe9505fffe578a000060af00006965
000188be00015fd20000c83efffe0a5fffffd16dfffe43d100017756ffff6cc4
ffffca530000f92d0000fae800007c2d0000ee1cfffed428fffe03b30000e982
000000af0001511efffea0650000aef2ffff3f25ffffcfedffff98310000346a
fffe972dffffc1830001deecfffe7366fffe09300000eb6c0000e9570000d1ff
000079ca000022640001289200010ff0ffff309a0000a24cfffe79efffff4062
0001b0ab00013de800001561000000bbfffe5ed5fffe27b90001c63500006628
00015c54fffeccc0fffef294fffe2bd50000a9720000e427fffe80ccfffef7b9
ffff0e510001698e000122c20001cb0a0000b3da0000eaa600004f2bfffef496
0000000000000000000000000000000000000000000000000000000000000000
000066c8ffff9b860000b4c8ffff6107fffee6e2fffe94ba0001f19fffffaf39
0001d35f00004dfafffe18bcffffdb29fffe1291000071c30000850dfffef017
0000000000000000000000000000000000000000000000000000000000000000
fffeedd2ffff759a0000dcdc0001c3e40001914cfffe4ddafffeeb57000157ea
0000000000000000000000000000000000000000000000000000000000000000
000118c5ffff4eaa0000132b00009abefffeaf09ffffe511fffe16c4ffff9a38
00003dc4ffffe168fffece1f0001e565000089e800003482ffff97ae00014cb8
ffff28ccfffe500efffef0dcfffe0a4500010177ffffd315ffffd3260000038d
ffff0554fffe3c310001190900002de20001244400004ff800013645fffe0dc8
ffff1a8a0001e4d8fffe0598ffff6bdbffff5528000017c6ffffa42c0000c37e
0000000000000000000000000000000000000000000000000000000000000000
ffff061effff40ef0001fd34ffffd5acfffeef82fffeecd70000ea3f0001e951
0000000000000000000000000000000000000000000000000000000000000000
ffff4cb7fffe0ed2fffed3f2ffffa57000013584fffe2ccafffedd86fffef42b
0001870c000128a50000903600016833ffff9a13fffed0a300011cecfffe9bbd
ffffc52d00014932000087320001caf5000156f9fffebbc30001d28100009013
fffefa73fffeab4f000065e10000fc110001e481fffe7db6000087eafffe213f
ffffc986ffff6044ffff3cbd000056b8fffea76100019036fffe5f7e0001f6b8
fffec6700001da2a000127b1ffff24950000d8b9fffe16c00001eb7e00012616
0000000000000000000000000000000000000000000000000000000000000000
00018ff8ffffd906fffe6028ffff6fb10000e53600016534ffffcd86ffff64e9
0000cfc9ffff83d9ffffc46dfffef3ceffffca43fffedc69ffffd2ad0000ab0b
00015b240000504300004b80ffff34fe0001044afffe47f4ffff6d7100001739
00016af0ffff9120ffff4a5c00007d63ffff7e44fffed47a0001e5a800001ad2
0000000000000000000000000000000000000000000000000000000000000000
0000678f0000f474fffed7f400018d51000161e300016f26ffff82a60000d157
ffff4e3a0000d250ffff25c3000094d2ffff52efffffbbffffff684afffeca6b
00002dd400000a29fffef04a000092960001217b000163c40000dfadffff77a6
0000cbdb0001a046fffecb05fffe70dbffff1c1c000054580001581100010fa3
fffe447d0000122afffe8482ffff5550fffe4f39ffffad23ffffc140ffffea7f
0001d530fffe7b63fffe2482ffffd2a3fffeec59000178eeffff60b500018814
000059b90001d723ffff3433ffff335a00013217fffee88b0000a4760001c07c
00005a1bfffe9273fffe72400000b47efffefb3100006bcdfffe0ff10000b595
0001eb520000e7fcfffece90ffff6ec900002f6c00010a93000088620001d106
00001c350001549dffff2d06ffffb91300000f2dfffe3a2bffff332400019fbb
ffffc7570000309effff3151ffffc4ef000115c30000ce0d0001fe5e00000af9
ffffedeeffffcb16fffe2929ffffcae300004177fffeeedafffff1ee00009d5e
00004fa800005c1100008fd90000f04b0000c1c6ffff20cd00004f6c0000d39b
ffff53f0fffe81c7fffe3588ffff676c0000d4f5000100ccfffe896c000061c3
000039f2000104adfffe8061fffe24ee0000bf890000ff070001fb1a000007d1
00019b0dfffedbeeffffee4a0000c60effffdbb30001146efffe60d0fffe8f51
0000d7d8000187600001aeb700004e63ffff53620000bb97ffff57a6ffff9f72
0001b9960000829e0001160f00012ef60000b6440001c4f10001acd9ffffa6cd
00000107fffea241fffe8326fffe8237fffe4ba00001e7e10000cadd00000407
000069abfffe6f6afffea9af0000def000002727fffeac1e00006a4bffffc699
ffff7fe9fffef9c000017134fffe9d8a0001ffe30000f252ffff3e0f0000b4a2
00016afcfffe01cf00001ef3000059d400004b8f0001f6b300016a3f00009a4c
ffff6fa40000ad1b0001c769000022d6ffff9104fffe8e3b0000b97a00009d39
0000000000000000000000000000000000000000000000000000000000000000
00017644ffff6e6afffe713bfffefac70000ef350000e6310000413e00001640
00018742fffe04690001889bffff41a5fffe8b86fffe82c90000d6d7fffe1adc
000085a5ffff9b610000dcf3fffe2d8bffff3a8afffe83eb0000d76bfffe275f
0000a1e10000e261000193fe00000aac000036220000777c0000cbf5ffffd99f
fffeb4810001f105fffe14f1fffe88bb0001c12e000028b0000028bc00013745
0000f8a900010173000042240001fe5e0001adb7ffff2e73ffff420bfffec489
0000a501fffff20d00014a7200002cd60001ff1100017b7b0000cd160001ec9d
ffff1a00ffffdee5fffe29a4fffe4141ffffe651fffe2bc7fffebbdf00015c4e
ffffa106ffffff7fffff08cc0001aa8c0001107affffb712ffff299ffffea8d5
fffe46490001456600012a42fffe15cfffffe1e80001e2d0ffff11330000c93a
ffff206afffff376fffe32fffffe0e980000047f0001752bffff10d000002b66
ffff029100003babfffee3d7fffea0a90001324efffea0490001803000019d87
0001137c00014b0000002a2b000170beffff1eaefffebea9fffff219fffef996
0000fccf0000f0500000d452fffeb7c0000111aaffffabe100013acafffed8a6
00016f58ffffb4b4fffe863affffecf7ffff031afffe3eb90000eb540001c35c
ffff9c33000042310001972d0000472f00007840fffee9a3ffff109dffffd46c
fffe7b0100009912fffea171fffe5c18ffff0a150001b0410001847e00002a47
0000000000000000000000000000000000000000000000000000000000000000
ffff73d2ffff27f3000155770000f8310000464e000171abfffef865fffe773f
ffffad640001a45500000b68ffff80a100018937fffe61910001d6980000ae83
0000000000000000000000000000000000000000000000000000000000000000
ffff6b1a000134f300018bf5fffedb5500017cfb0000bbe7fffeda5d0000deba
000180c5fffe2718000180a40001346afffe185200009f00ffff8ea90001b755
fffe02b00000ed8e000079a5ffff8d9c00001b53000154e200000430fffff871
ffff32cdfffff4d600003c7f0000f0f0fffe3f54000069670000c836000102e6
0001b5be00002652fffed776ffff46b80000726effff68dc00000bb1000148d0
fffecca3ffff7b66ffffc75fffff2e5bfffe8ae3ffff02720000beebffffccd1
ffff86d5ffff3f72000180820001a6fbfffedec5000182d5fffe8ffdfffecabe
fffeb3dcffffb1060000e0090000357800019705fffece78fffe94080000e1aa
0000000000000000000000000000000000000000000000000000000000000000
fffeac2000012c33fffea5ec0001954ffffeabaaffff627100007aefffff1471
0000000000000000000000000000000000000000000000000000000000000000
0001df51ffff2c12ffff54bffffe8b760001ab07fffe8f1f00012a720001a092
0000000000000000000000000000000000000000000000000000000000000000
fffe75020001059800000c6100000b6a00015ecbfffe372afffe1cd0000067aa
0000000000000000000000000000000000000000000000000000000000000000
00004dc8ffff333d0000c0ce00001c630001034afffe9a170001652bfffe9fb2
fffe8023fffe59f80001e68600003117ffffc98fffff5b0fffff97b60001ae2c
00003a28ffff49e5ffffff1500012b80ffff863300001b95000171c2fffe500f
fffe502a000086660000bb5400012030ffffcc120000a124fffe4795fffe8abb
ffffdbf4ffffab81fffff1a9ffff9f9afffef09b0000a2170000bbd5fffe6fe5
ffff5c7f000028700000c7ae0000d448fffff04b0000861e000105cd0000f8bb
0000000000000000000000000000000000000000000000000000000000000000
fffead0efffea79c00004654000183b8fffee959ffff0c8affffa8c400015735
00007a880001f3fffffec6380001ce49ffff8f82ffff662dfffe17a5fffe7dbf
fffe68350001dbccffff408e0000fe61fffedf7000009adcffff3a500001afc6
000186e40001e28400004b73fffff5d5ffff7f08000070e6000192500000dd52
0000000000000000000000000000000000000000000000000000000000000000
0001621d000198a2fffebf8cffff5f5e0000a0c90001d677ffffe1bb0001cb62
000180d7000007240001467f000176f8000024c1fffe347dfffe98d1fffedba4
0000000000000000000000000000000000000000000000000000000000000000
fffe8d160001864700004c56ffff663dfffe2b9d00018cb3fffe4bfa0000c615
0000000000000000000000000000000000000000000000000000000000000000
0000d42e00004279ffffd6fc0000940dffff1105fffe626efffeeb750000be3a
0001bf54fffebfc6ffff94f8fffe52c600003cb600005bccffff051d0001c02e
00001e52fffea3ee0001dcaa0000a2aaffffb60f0001b6cb000116ed00004b4e
0001d245fffea5b2ffff7f4a000031400001827b00006b85fffe982fffffac82
0000638dffff2227ffffb30b0000ab3bffffdddb00011b7fffff53affffe362a
fffe76e6fffee2b7ffff79f100015d4bfffe8f4a0000ee3cffff3a0f00018702
0000c452fffe7af8ffff3543ffff3ca5fffe7b30fffeb2c600014292ffffb4b0
0000818effff37cafffe864200019b58000063f900016c6c0000b69afffe1956
fffefc4400007612000106ab0000fa230001ffd90000e72a0000795affff3786
ffff5d1800013f3e0001c708ffffb2f90001c8c40000b09bfffef982000186bb
ffffee30fffe214dffffa4ffffff50870000401bffff099fffffbc3b00005963
0001e813ffffe7a1ffff95ba0000b826000008b1fffed8060001ae72fffed1a3
0000e03fffffae2e0001985700007f7a0001850f00013a9700012f9dffffd693
0000b99a0001e561fffe07aa0001917400003a22fffe18680000f371ffffd88b
ffff6fd1ffff0f4e00013254000006f3fffe3052000125a10001c814ffffb594
0000c9cb0001108f0000442bfffe9646000054eb000171900000299c0000a782
0000000000000000000000000000000000000000000000000000000000000000
fffeeafbfffed5d900015e06fffeb2e5ffff02f3fffeb3d8fffff1370001d37b
fffe5a6d0001dfd5ffffa929ffff0ab1fffefa49fffffd80ffff7e01ffffa944
0000d7c0fffed6e4fffeca510001d68300005ced00008a2cfffe3077fffec2cd
ffff7113fffe3043fffe20530000c537fffea022ffff8db600019ec4fffe7667
000024b9000073100001ca54ffff471300015357fffe1466ffff57eefffed77a
ffff65d90000c9f9ffff76e0000117100001e1500001fae5fffe37e3fffe0a1e
0000000000000000000000000000000000000000000000000000000000000000
0000b695fffefc90000068ceffff3ee3ffff3fe60001a5ca0000982efffe6a80
0001c1b8fffe709f00004d2b00014a20fffec4eb00013a41ffff7b6dffff39d6
ffff9fdafffe13dbffff5bc0fffe31f700000c23fffebe4c0000083effff0543
00004e08fffe9e4c00000fa10000c836ffff75ee000105e00001885f00002883
fffe55360000511c000012deffff1654fffe90ae000116dd00000abefffe8e02
fffea2160000849affff68f10000c7a0fffe6b37ffff9aa2ffff368800014525
000088a10001977e00001b020000b942ffff5e65fffedf9f000170ec0000420c
0000000000000000000000000000000000000000000000000000000000000000
0001659bffffe41500016a9efffe6ae100017f660001c543000164c7fffe8501
0000c42000002ff20000874bffffe85e00012ae20000aa2500014dcafffe545c
fffe85070000ff1600001913ffffd077fffedaa3ffffd5f50000acfafffedd32
0000134bfffe93e7fffe038600011f48ffffc69300019b3900001821000150fc
fffeac16fffe6a650000562c0001e3c5fffe608200013e3700013631ffffa916
00019a63fffe5f8f00015dfdffff188fffff7ba90001e10cfffeffbc00002b65
fffef3d6ffff76a9fffec7f8ffff741600000ec2000010be0000f813ffff0245
0001a3a4ffff7e700000096f00004a5efffe4b13fffe6dc60001e1a00001a463
fffed7e6fffef63c0000f0e8ffff2f3b0000f6d0000144ea0000b9ab00009451
000053b3ffff82caffff6a5f00004cc00000db31fffe6d2b00002712fffeee59
00011b51fffebe85ffffd31800006aec000160a6ffff07e2000152d00001257f
fffe361b0001f923fffe7b4e000183c8fffe8b700001f4befffec601ffff85a4
fffe84070001397dfffe0948fffed77b000001fefffe38be0000dced000097a6
00003b300000d5330000273cfffecb1e000100b5000069300001a5d4ffff28e2
0000157bffff4436ffffcdb40001fdacfffe9e3efffe610cfffebfbcffffe35d
0000000000000000000000000000000000000000000000000000000000000000
fffe7530000072840000194cffff30910000f6560001a258fffe79a70001fbff
00016e5b0001a069ffffdba60000f1040000307d0000e098ffffce31ffff12a0
fffe3fc20001080bfffe00ba0001231bfffe7c6cffff139dfffed78e0000a642
0000000000000000000000000000000000000000000000000000000000000000
ffffefb40001117bfffef4e7fffe7f4a0001bd69ffff9872ffff366a000109e5
00008898ffff4bfb00005e6ffffee064ffff5278000174f1000037b60000655c
ffff935affffcf89fffe11cd00019a82ffff01040001c6400000e64e000080ef
0000ec7800011e83fffe0d43000128f5fffec8e3ffffc23c00006aeb00004874
fffff2cd0000e7370001866a0001eec800017b84ffff2437fffe78f300017421
0000000000000000000000000000000000000000000000000000000000000000
0000d470fffedd40fffe683000015dff0000d4fafffef4b400013af7000191cc
fffe9771ffff219ffffeef42ffff9a820000135e00012343fffff2bcfffe2793
fffe5434fffec31000008611ffff04660001eb08ffffee60000151950001c84d
0000000000000000000000000000000000000000000000000000000000000000
0000b8190000c02fffff4c56ffffc3e700002279fffefdc8fffede13fffe26b1
0000000000000000000000000000000000000000000000000000000000000000
000130c10000e17900012d940001bee700015adafffe38350001bcff0000c7e7
0000f9ebfffe294b00016620fffece210001150800019407ffff39e40001d882
000130780001603bfffeb2330001c62cfffe40aafffe8c73fffe2fc8fffff492
fffeb89800015315ffffde9c0001e87200015020ffff2f55fffe5eb4fffe6b22
000169da00002f2f0000edbb0001bab70001fec300012d01ffff7a75fffebfc9
00019d9b00009851ffff59a50000eefafffefce1ffffc7f7fffe1e87fffe6d0a
000115160001e6b5ffff1d09000016fcffff83e70001f2da00004e6dfffe9876
000155d500006313ffff3b0a00006d4d00008504000113530001a6f6fffe26cf
ffffd7660000a765fffebfd10000ad0600016931ffff71b50001ac9cffff7459
0001c13d0001be2cfffee7310001610b0000cbd5fffe6ffb00010c070000775b
0000000000000000000000000000000000000000000000000000000000000000
ffff774f0001d517fffe8d6a0001bac10001e0d40001a1faffffc7a900008cec
0001ddf2000046f7000099ad0001c80affff78a40000713bffff9bf300019329
fffe8f14ffffd6d70000791fffff0885fffe2393ffffaa0ffffe070500013566
fffe8f040001f9bf0001037300009bdb0001c8bfffff8e4d000179940001175d
ffffc068fffef088000068af000139ed0001eaaeffffbca7ffff09f6ffffe968
0001f98300016970ffffaebdffff6f8dfffeed10fffe1b1000013befffff128b
00018cd1000078c4fffe596bffff8f34fffe9a95ffffadd600004b50ffff7cfc
00019c21fffe96b40001a5d2ffffba33ffff933c00010e780001f5a200011005
000159d60000ab97000137ddfffeaa180000cbde00016241fffeb650fffed441
000113c8fffe8e73fffe8c83fffe89c400000c2700004117fffee3240000850c
fffe15750000363000014e8500011f550000cc0c00008a9afffe9947000179c3
00006ab4ffffaf9e00005a3600004d3d00014632000117a400016002fffe6631
fffe5bdc00011bc5fffeef1500018e800001e9b6ffff503c0000ab71fffe4ca6
0000004efffee2690000d66c0000b62d0000218e000044e7ffff10c50001aadc
00009adb0000c9b4000124b60001c3f8ffff9256fffff12e000103f80000ec88
000053b0fffe5b5dffff0c12ffff98a8fffec184fffe6e8100000fb00001adad
0000000000000000000000000000000000000000000000000000000000000000
00016647ffff0b4a0000004f00001f16fffe6a3a00018d87ffff4815000015cc
00007803000059530001d81b0001e6f5ffff43b9fffffb290000699cfffe6539
00003be3fffe9dbcfffec5ce000183350001b9a60000dc5900003121fffebbdf
00004162ffff721affff293d0001209b0001fcc6ffffdae5fffe1a3c00001b80
0000d9010001281200012ab5ffff806bfffe468d0000c1f40001e172fffeb9da
fffe638cfffec86a0000e0fdffffdb09fffe2d69fffee09affff14ebfffe0a81
0000000000000000000000000000000000000000000000000000000000000000
000155730000b7190000fbfaffff8ee3000098b20001157cfffe5a42fffe600e
00010dc40000d4c4ffff04a8ffffd3d3000076360001dff10000885100012e83
0000000000000000000000000000000000000000000000000000000000000000
0001cac5ffff7379fffe85c4ffff9645fffe15d20001454b0001359effff556e
ffffb6e800006c49fffe77d7ffffbc98fffe418a00003f21fffee1c8fffefe5b
00000f95fffeb7760000b38ffffec509ffff0683ffffeecf000057d4000038d5
ffff9e1afffe087300003a15fffe44ddffff1a45fffedd68ffff07ceffff8a29
ffffb23fffff049fffff11fb00015a22fffeee5700017c5e000087c7ffff16ec
0000000000000000000000000000000000000000000000000000000000000000
000190f7fffed29ffffea61100007dfb00017564ffff9a95ffffd64cfffff710
fffe8a730001b6de00006d4100005413fffea2cb000047e600015e7fffff9277
00002bf7fffe9e5dfffe85fffffe021200012f68ffffaa01fffe131cfffe7fc3
fffe0481fffe5831fffe12cf000072b4ffffd3b50000ac67fffe9a1d0000f990
fffe127c000099d200009640fffeda2200013a37fffe38bc0000dd48fffe1b60
fffeb64c000003180001a539ffffd5cf0001fc8d0001d228ffff428ffffeeaf3
00011d17000123d6000009a9fffe0c86ffff0b59fffeae250001e005fffe99d5
0000000000000000000000000000000000000000000000000000000000000000
000064a1ffff443cffff5a22fffffad40001b50200016e7d00000ae80000b8b8
0000326dfffe361afffe8779ffffb09a00016773ffff97baffff382effff7c6a
0001a10b0000e34cfffe886bffff2194ffff266c0000522bffffa9eefffeda50
fffeb35bfffff34b0000fc34fffec66b0001af7200006541fffeefe0fffe315e
00001bd50000b477fffe9961fffe090bfffe2e8d000037b4ffffcc15ffff6b4e
fffe937bffff1e21ffff1f9100019c610000e18200011f35fffe18e900001fea
0001a287ffff5657fffea280ffffff700001e1b5fffe0265ffff4967fffe02b0
0001218efffe6046ffff9bd5ffffb38dfffefb8c0000638600004b4700009029
ffff2e210001a840ffff868b00005237ffffb1f3ffff8ba9fffe6e5600007972
fffec2c5ffffb9baffff0ee5ffffbf6000013d77000089b70000e614000182f2
0001e291ffffe77cfffe6e920001e758000001100000b046fffed7630000416e
000162d1ffff34d1ffffabf9fffe9851ffff2e92000037f1fffea00200018230
0000000000000000000000000000000000000000000000000000000000000000
00018b640000efd0fffe66a4fffebd9e000103f700002230ffff7a2d00012dd8
0000000000000000000000000000000000000000000000000000000000000000
fffe64c3fffe56900001406a0001f37b0001b25affff26cbfffebca3ffff24f3
00007b7c00014e57ffff4f6200008e1e00002fe00001f790fffe929dfffeb164
00006ab0ffff5b520001dfb2000057f4ffffa6e500011f48000043490001744a
ffffe62900018f0800004ba0ffff44e3ffff8b05ffff2b440000b637ffffd3b3
fffeee54000108b90001c095000184aeffffb5ddfffe5c7dffff427800018370
fffea102fffe272effffe8b8fffe351c0000048f0000eff4ffffce38fffecc5e
000067bd0000e6e00000fba5fffef253000027ecffff738afffeed0afffe0256
0000000000000000000000000000000000000000000000000000000000000000
00019779fffe5607fffe1de3ffff344000006467fffe44fa0001bdd800018e4f
00016525000130f4fffea22dffffd156ffff55c2fffed722fffe722afffe5bd6
0000000000000000000000000000000000000000000000000000000000000000
fffe79a2000121b9fffedd65fffea53a0001b81afffff19e0001753dfffe4c8d
0000000000000000000000000000000000000000000000000000000000000000
0001d2aa0001355d0001c0bd0000523dfffeec9cfffe6dee0000db92000190ae
ffff2c32ffff676e000080fa0001be5c000049ccffff6a9effffd37efffe846d
000174a0fffe1e730000c85bffff6378fffeb09e000150de00018467000014d1
fffec28effff9183ffff18580001fadffffe3540fffe73f3fffec0780001dff9
ffffa0d20000b7e2ffff4664000021affffe4081ffff55dc00015e7800015eb1
00015156fffecc34fffea125fffe57e00001223100015972ffffbc9f0000e75d
fffe25160001aced000063e800008e84fffe75f9fffecff2fffe2941000188a3
0001134300019021fffec368ffff91210000800500008eb9fffe8efefffebe86
0000a088000038defffeb4b800006a44ffffa5d400008a1bffffa7240001db6e
fffe432700007ec60001ff9000000543000161d900009b62fffe2274ffff7c23
000069fefffe67f900013d340001e473000172f300000202000023a8fffe043e
ffff1ed0fffed42e00010997fffed004000114e2fffe015dffffc1bd00012397
000161dcfffe9a79ffffe6e9ffff836b00008a0100003796ffff1f2c00002657
0000000000000000000000000000000000000000000000000000000000000000
00002a26000089e2000029a0ffffdca5fffeab3bffff576900012bea00011d22
000057ab00012bc9ffff5676ffff5ddd0000f33e00000e320000063efffe0843
0001a61e000163fd0001bcb90001d808fffe5123ffff44a8fffec822ffff07e9
ffffda6afffe6022ffff1337000027df0001ddfd0001dc42ffff41f70001721d
00017250ffff31d9ffffae2cfffe363a00015a07fffe81d1ffff4e95fffed951
0000c0430000c604ffff1ab6fffe295c00014b4affff8cfd00018df3fffeb768
000081e2ffffd5ff00006b3700006b6cfffe858dfffe412cffffc19d000063c8
0001a097fffece2fffffc348ffff4566fffe1dd8fffebfb60000004bfffff11a
0001e088fffec4a9fffe94e400010d1cfffff4cc0001fd0affff601900018a3f
000004810000ea1d0001153afffe0d4600014095fffe62c70001fea50000068c
000183e6ffff9a82ffffc4fb000183d40000f8390000f4b0fffeedd4ffffa4c6
fffe16b9ffff1b69fffe74f300016bceffffe2f60001ccb300010926ffff7aca
00005f42000172c8ffff7dda0000a971fffe14e3ffff3021ffff7f6bfffecac6
0001c2bfffffaf04fffe1e670001bfdc000073fe0001f3200000d6380001d125
0000000000000000000000000000000000000000000000000000000000000000
fffe767a00016210fffe9ccb0000fc3efffee27e0000c878ffff4d3300006e64
0000d86affff71c000012b3affff403100005168fffec1c0000094c30000d0c7
0000efd30001e88a00009a5f000008010001a41bffff3e5b000149a50001b349
fffee7cb0000c25d00008d660000f753fffff15fffffb38000018e5dfffe9a9c
0000c84ffffe9da3ffff2c39000176e1ffffb762fffe8d03ffff4b1b00009d78
0000ae47ffffad360000b26f0000de8300001bd50000cd270001f7bdfffec34e
00012476ffffec1d00016d2d0001db28fffe04e8fffe9169fffe75bbfffe4c39
0000000000000000000000000000000000000000000000000000000000000000
ffffdf86fffef6e00001c6ab000117c8ffff6272fffe41db000051f60000b9fa
fffebf480001550d0000d0930001bf61ffffcdb80001058fffffc92d0000bfa0
ffff81f4fffe5cd4ffff465e000074760000746b0000aeaaffffd710fffe1946
00015e0600014b620000b1cbfffee77effffa73600006c750001edfbffff2cb5
0001de61fffe7f98fffe11ccfffe00ba00006f46fffee0ce0000cc62fffee5e5
000021cafffe1bebffff6fab000023170001d5bb0000f2d4fffea90f0001e58b
0000990200004a69000185f400011f54ffffae3900001cccffff80340000eca8
00010843ffff9417ffff46e000019873fffff7c1ffff1a9dffffb71cffffe12f
000054c4ffff70240000c73efffe858fffff539cfffe1fce0000fa9afffffc08
ffffe79d0001f27800000c42ffffe578ffff8569fffef31bffffbf8affff1bf4
0000000000000000000000000000000000000000000000000000000000000000
0000a11f0001464bfffffddf0001f8260000fa77000011f800002ee80000520c
000096610001c0a60000305b0001e361fffeb682fffe5bf3fffee156ffffc4da
00018ba80000f34dffff4c99ffff11860001ae1fffff3c97fffe755bfffefe7a
000022d5ffff24b5fffee294ffff2b37fffe2391fffe80e1fffeef8200002c48
0001ef37fffe8cacffff60a9ffff0b19fffef73c0000bc240001b48100017f81
fffe3fef0001e6b90001c8edffffd7b00001663d0000a2d9fffe48100001ba00
ffffda54fffea62cfffef045fffe660d0000db12fffeb84dfffffb7efffe9851
0001eeba00006a380001075efffe0489ffff5959fffe22f00001969d0001434f
fffe61280001cb8700019a2900010f3000002d97000185e3fffed203fffe233c
fffec1e4ffffd394fffe91f10000aff0000072d000001b7d000012d1ffff0f2b
000146b80000e6e90000f5ca000140170000fe1bffff8e4600011571fffe890a
00001397fffe4d02fffff881fffe3fa100002250ffff8da9fffe6cb40000dab4
0001e094fffe4200000018cd0000580fffff3e0bfffe68ee000020b9000007f1
00004726fffe77f3ffff4f9efffe516c0001bdfffffffe1d0001de900001c355
fffe8bd60001183dffff924dffff1c08ffff4ac400012170ffffff8effffb123
fffff9a0fffe8fcf00013e0500011b800000c153fffe509e00006fa100002a78
0000738cfffee19e0001674a00007a43fffee7790000a479fffe75a500013377
0000ba2b0001c1d2fffe75a9ffff6e7c00005980fffee4cdfffe4155ffffcf57
ffffffe1ffff31beffff5589fffe4de5ffff64030000472effffdc2900012ebf
00001b96ffff6d42fffeb5afffffa5b8fffe19d000000df8000064b9fffef507
0001b70c0000cdf20001b892ffffa0ed0000e122ffff5d71fffefc020000d706
00013925fffe5a86000114a1000054cdfffe16f8ffffe9ae0001958a0001b1c7
ffffd2edfffe65e400004d4b0001af050000388b0001bc3a0000f0d0fffe9ad4
fffe4bfdffff3615ffff884100000d08000048b4ffff2df4ffffbb04fffee667
fffe147affff33c600000f7bfffe25eb00011a0f00006978fffe327a000083fe
0000431400001f89ffff5e970001f77cffff1a9300008bf3fffe316cfffee754
ffff2c52fffece1200001bbfffffa1d8fffeb2ecfffff3fffffedce800010ba9
ffffd3cf00014a89fffefb270001c1210001dac3ffffd26cfffea1c60000e501
0000000000000000000000000000000000000000000000000000000000000000
0001d15000010f0d00018cd3ffff243dffff60640000ea30ffff0cf80000ff82
0000ed5b00002726fffebb6bfffe7cb2ffff0915fffe9473fffff96b00007e9a
0000000000000000000000000000000000000000000000000000000000000000
ffff55f300011ee8fffe5a45fffe6d77ffff61290000104400006c580001cd54
0001ae04fffe60de0000f03a000116d7ffffabe3000112a000017167fffe4f29
000038b1fffe3ec300007c59ffff758affffec97fffedfbd00013b9200008606
fffe8246fffe5fefffff9c74ffffaa35fffe571fffffadc20001b3910001281a
000089fb0001b213fffe56e8ffffc69a00015751fffe2d76ffff7c120000aa63
00016f80ffffa90f0001f71100009e92ffff7dc4ffffeba50001975affffc5a9
fffefff10001f3500001260efffe56de000135c200004fbbfffecba6fffe8d87
00003a6b00005fb0ffff671fffff2039ffffd9a10001a4c00001b1970000880a
0000000000000000000000000000000000000000000000000000000000000000
ffff955dfffff3c60000f59affff0c17ffff0b45ffff14fa0001ec7c00008428
0000000000000000000000000000000000000000000000000000000000000000
ffffe5cf0001255a00004dd000011e8d0001686dffffe73b0000cdbbffff7178
0001f9210000c2e9ffff96a60000b8b4ffffee6d0001c4120001e51b00011381
00000e4dfffe0521ffff8320ffff953b0000f094fffff78e00002ea80001d378
0000c19fffff78ac0000c3dbffffb48bfffea3af0001127fffffbabffffe1d92
0000c71d000054a900017188ffff38d10001d2b70000b595ffffc61bfffece2f
00011383fffed331fffe40cffffef09200008cf20000b456fffe14e8ffff02d9
fffee855ffff81ceffffba13ffff7ee5fffeaacafffee6690001216f000138d8
0000000000000000000000000000000000000000000000000000000000000000
fffeadcdfffeac320000d8740000e0f30001d21b0000177ffffec17400017b0e
fffe60fbffff0fd8fffe64ab0000d3a20000067effff9dd5000015e8ffff78ae
fffe04440000008a0000cbab0000d2b80001717d000139b80001fea9ffff3b85
0000000000000000000000000000000000000000000000000000000000000000
fffe888b0001e9bdffff90dafffe45b0ffff7ba00000089400010d3fffff5b63
0000f931ffff8d4a00000a6b000010acffff1eaa0000b1df0000234b000154a6
0000e7b5fffe04e700006cf4000114000000c7afffff06d5ffff11c2ffff73a4
0000c99a00001841fffea5e1ffffbef600005eea00014098ffffa7e3ffff8c45
0001724dffff3036fffe4ca900003ec1ffff3195000036c40000ac2cfffea32a
fffff10affff55270000776afffe05a600008a260001a4ae0001d31ffffe09f4
fffe02ea000178f4ffff7c0000018341ffff273500004ddeffff58130000ab01
000030f300000f1afffe40970001cf88ffff71710001eef9fffeeb3000003657
0000a8d3fffe83d3ffff901c0000cb94fffe80e5fffe9c3cfffffad2ffff99a2
fffe68afffff43a2ffffb39bfffe71dbfffe104bffff4b430000c2a200019812
fffe339e00017f5effff3423000160d7ffff886cfffeef22ffffb1480000a710
0000000000000000000000000000000000000000000000000000000000000000
fffea660ffff5ab6ffffc8fc0000e39600019cb300019c2bfffefd4f0000d080
fffe181effff299bfffe45410001c5570000b7beffffa1e30001fe8f00012d9e
ffffe507ffff04aeffff2934fffec0f000009589000191c8ffffd7eafffea8aa
0000000000000000000000000000000000000000000000000000000000000000
000093410001a447fffef920000173ecfffe1c1300019e5ffffec69bffffc505
fffe1a9cffffc951ffff3bb00000437a00013a31fffe68bb000158f8fffffd07
fffe517cfffe7e4e0000c36a00012d01000149affffe12cb0001e899000033e0
0001b77bfffe41de000186cdfffe8e31fffe6243ffff4afe0000bc610001ffe3
0001af2100014356ffffdd18ffffa6adffff7c890001673800006a470001ad1e
fffe17010001293dffffa7580000311e0001baa7fffe57c7ffff4e600000617c
00005d99fffed7610001521f000159e90000c32dffff1dc5fffed6d7ffff140c
000154c6fffe2b63000139dc00003225fffe913efffe32720000aa65fffe7c58
0000000000000000000000000000000000000000000000000000000000000000
ffff6d580001da010000577a00017c280000574300007b9d0001f841000143ad
00016b52ffff2d17fffe8284ffff36b3ffff349b00011d59000075b70000daf5
fffea1cbfffe11f60001f377000057defffe44d1fffe6c10fffe405ffffe2c93
0000000000000000000000000000000000000000000000000000000000000000
fffef6c80000972b0000e52effff01ec0000f0b1000129b7ffff3978ffff91b6
ffff7661fffefd65ffffb1cd0000dc1b00015e3a000117d5fffeaae1ffff0aef
ffffcd450000dd960001dcc6fffef49200015ad800004b85fffef588fffe3ed3
fffe2dcd00005a83fffe3cccfffffa2a00000f3bfffff141fffe1b9ffffef738
ffff8b630001cc6e00019ca8fffe5b1400011abffffff8c5000100aefffe8a5d
00006eeefffe36dc00009eee00017454fffff1790001168b00016c4c0000133b
00015af8ffffaf1dffff2980fffe23790001eb74fffe7807000168540001df0d
0000000000000000000000000000000000000000000000000000000000000000
0001edf60001db6bffffa08a00009c1400017583fffe91410000558b0000ff61
0000000000000000000000000000000000000000000000000000000000000000
0000267ffffed0d6000151acfffe3d00ffff39e00000703500012201fffeedaf
0000a1ea00002441ffff70a0ffff292b0001d8faffff6558000104e3fffe5e8e
fffee1a7ffffe98900006db400011fd500012c430001f492000040abfffede40
000188a3000032b8fffed1eefffef211fffe8595ffff397f0001d225000197e5
0000000000000000000000000000000000000000000000000000000000000000
ffff74d800013ad1ffffb8ac00011590ffffcf7f000170d40001cd5c00008a29
fffed3ffffffecdf0000095a00001fbc00005e46ffff2f58ffff2bd1ffffacb7
00002cd2ffff392200007193fffe6c9c0000391effff6651fffea3c1ffffeda1
0000000000000000000000000000000000000000000000000000000000000000
0001051efffebb3bffff65320000f934ffff7c2efffe47dc0000702a00011cd5
fffeb329fffe2db000002bb7000186c0fffffd82fffe6a93fffe41b8ffffd811
0000000000000000000000000000000000000000000000000000000000000000
fffe5c1d000034c900001b89ffffe068fffe343fffffb7220001bcf200018b93
0001c2f800017b7cfffed76f0000c7e0ffffd79efffec89b00010908000063f2
0000000000000000000000000000000000000000000000000000000000000000
ffffd1740000d92e0000070cffffd9dffffee10b0001b82000007d82fffead14
00019d09fffe5a1a0000a09bffff687300001a72fffe0140fffe012000003186
0001035efffeec2cfffeb62dfffe8a32ffff0e1d0000c4eaffff4a81ffffe8a9
ffffe461fffefd5bfffef89b00016bcdfffe5cbe00015996fffef39100009e8f
0000e1f0000064b0fffeb709fffe106800014b13ffffdfffffff054dfffffd31
0001046700001275fffe17970001dda4fffe3ddb00010ebffffea16dfffe459b
0000000000000000000000000000000000000000000000000000000000000000
000141490001fb1ffffef7ee00015c330001a250fffed881000145c30000ca49
fffe868bffffcc5efffe6337000139c000019b6a00018c34fffef40e0000c801
ffff91f3ffffce9b0000364ffffec48bfffe184cffff692100017e160000c40f
00009fc7fffe58450001a7e7fffeea9200007a96fffec110fffe07a700010a84
0000000000000000000000000000000000000000000000000000000000000000
000123a4fffebaa900001a3bffff483b00012e3700011e0cffffb434fffed90b
0001ba1800019b5000014a6400003db300002ed600004d9cfffe149e0001fef0
0000b554ffff7f9e000127e50001e27cfffe4e1bfffee2680001b5150001ad00
000138fa0000ec9bfffea82f0000d5320001f5be00016922000001d30000db86
fffe0c3efffe9f8c0000ebad000088880001d3e50000be0affff4e29ffffff79
0000000000000000000000000000000000000000000000000000000000000000
ffffef01fffe96cc000058860001fd5e000056fefffef0c100003c96fffece32
fffe9cce0001e0df000112a40001a0c70000eee600000a57000199b0fffefb2d
ffffc87f0001d065000097f5fffeefe50001e6640000593efffe214500014b4b
0000000000000000000000000000000000000000000000000000000000000000
fffff620fffe92660001a2e100004b85ffff4c41fffe1d44fffef29e00010ac8
fffefb82fffe9f75000031ec00007b280000ab6300003a7affff915500012a31
00000469ffff11ddfffef810000059c400019b0e0000d409ffff0e0300013d74
ffff591d00004682000075330000f1ac0001988c00001862fffedebcffffe5f5
00001ffe0001c39bffff75bdfffebdb80000aabaffff5e240001e4da0000694f
ffffbbbd00004ce0ffff0e3dffff6335000168db00010f1dffff299c00001eb0
ffff1846fffff8a5fffeb937fffe27d70001d9c9000039d9fffe7c6800006ef4
0000a85ffffeb50b0000c0710000b7c4000071a500010e30ffff432d0000eed8
0000c039ffffe3c1fffede95000174f9fffffebe00018baa0000bfdbffffc8b1
0001d92f000149f100013d51fffee78300007737ffff4099ffffe48700006e9f
fffe2d360000d76c00010f7500004ccd00017d95fffe7eb1fffff904ffff9f33
fffe45fffffe675afffea97b0001bbc2fffe2dec0001f077fffe8efdffff064e
0000000000000000000000000000000000000000000000000000000000000000
fffe49acfffe2fd0000143ccfffe71edfffe46b6fffffed00001b4f800005c3e
0001bbacfffee9290001a49b0000de1d0000cb19fffe6254fffec6c20001e7f4
fffe57660001e9160001f3550000ea5d00013dcefffe8c61fffea916ffff45b5
fffe0861ffffc928fffedd72fffec7e6fffe01eaffff34420001821e0001f45d
0000000000000000000000000000000000000000000000000000000000000000
ffff0b3bfffe76740000b48cffffa1500001009efffe0991fffe3326fffe46dd
fffe60f3fffe6a4bfffe639400010bdefffec87a0000dfd900010d22000181aa
fffed7eb00004c63ffff168a00008b81fffff99a0001f899000171a300000e58
0001b094fffedbab00006160fffe1a770001685e00006c1e000112e1fffed57c
00011d07ffff10c40000c8bc0000a0c50000c8b00000f4f4ffff4e9f0000901c
00014eaa00018c500000cb20ffff2483ffff258fffffaa5dffff116ffffe1fcf
fffee71cfffed850ffff3c7bffffaf3f000047b1fffeaa50fffe0f34fffe023c
ffff770ffffebf13ffff24ee00006028ffffec8e0001f67e0001f808fffedcd9
0001cb94fffe0ea2ffffca7d0000c875ffff1ef4fffed22f00012a8dfffecae0
000192340000651100006170fffe1ec7ffff4e6dffff527c000010840000506d
ffffc5fc000022a8ffff5e1e000039eb0000e0a000019f3000000498fffe71f6
fffe4c8a0001089700011fc3fffe0b1f00016bff00014639fffffac600008518
000084260000d199ffff18f5fffe9f7cfffe57c10000f4a10000de8600010f71
00005e0efffe893f0000220200018448ffff94110001fd8bfffff07dfffea706
0000013400014c830000504100012bf500011523ffff8533fffebd80fffedaca
ffff242a0000ab76fffe9842ffffcf95fffe213cffff60fa00019f9300008d5a
0001288bffff61860000e7f8ffffc1650001132dfffe50d90001b9640000b6b3
00003562fffeb98afffeab2e00010b29ffff106d0000fca4fffe1c86000144e8
0000000000000000000000000000000000000000000000000000000000000000
000012b2fffe5a0efffe94830001777800008e7c00015ab9fffe9f9e0001380c
0000219cfffec5b4fffecda700000ed1fffedc9d00003229fffeb5f1fffe439f
0001c30c0000674dffff1541ffffba3a00006f19fffeee4bffff7e78ffff5c92
000077400001e676ffff3186fffe21ff0000e8ea0000b86f000159cbffff499a
fffe5451fffe9754000062f300007299fffeba450001441400008f3500008292
fffebff7000024feffff9049fffe2c570001f5520000bfef0000e424fffe908b
000134e7ffffe2ddffff6f71ffff1ac2fffedd54ffff388200001c36fffe15f9
00008deffffe02c4fffeee6000004f530000499bffffa0e20000c046ffffe750
000084b6fffe56e400017474000032a10001b594fffeeff500006c990001f464
fffe51270001b620ffffd07bfffe06b9fffeab1400010d18fffe711dfffe0a34
0000000000000000000000000000000000000000000000000000000000000000
000103ee0000164b00009edbfffee490fffe0ce7ffff616800000c3b00014938
000176f80000a0a8fffffb68fffed803ffffc7170000dd410000895400003a8d
0000516cffff0144fffe558effffddf5ffff3a85fffe141efffea45c0000748c
0000000000000000000000000000000000000000000000000000000000000000
fffe2e63fffeb31bfffe8d8e000070cefffe6a3fffffe5520000e63f00004971
00019b3a00015f0cffff60890001ad65ffff6fb20001f785ffff3483000146b4
0000e6fcfffee72e00010357fffe0c7effff6d690000486800016e9c0000e4c8
fffe6f9f00011079fffe9f87fffe6171fffe2ee3000083c90000dc6c00005bc9
0000000000000000000000000000000000000000000000000000000000000000
ffff55d9ffff7bc0ffff20d10001ec1600003537fffee448fffe9891ffffc519
fffe14350001bd530001a371fffe63b7fffffc60000171a700019a6dfffe2254
0001d3bbfffe80dd0001143dffffb097fffe67af0000a12afffea2ebfffef9d5
00018084ffff3e7400007143ffff7e94ffffdb2dfffee09cffffa60c00002b66
000065dd0001ecc20000a207fffe44c90000a243fffec10ffffef356ffff582b
0000e70a00019a79ffffbbd80000c50c0001966800012cb10001609f00017594
fffe404effff828affff9978fffefddbfffe8134ffffc0c50000268c00013e02
0000000000000000000000000000000000000000000000000000000000000000
fffe7e0700000f3affff62a300017957fffe1fee0000f4c1ffff57baffff23e3
ffff7c31fffeeb3bffff6932fffec871fffe879b0000e3cd00017095fffe2b06
ffff2821fffe2815ffff6796ffff76ad0001bbf7fffe7d390000396a00008206
0001ba32fffeb702fffe817cfffe6fc000002739ffff52bcfffea81100005c96
00016ba60001a0a200005512fffe61dc0000623a00004f3300002e9f00012a7f
fffe52270000385cffffdce2fffecd3a00014ecd00003b7e0001b72c00000eb0
fffebaa6ffff2aa8ffffb317ffff69d1fffe01b1000013270001a5c7ffffdd14
0000000000000000000000000000000000000000000000000000000000000000
0000c6f00000d8b1ffffd9b4fffec9c20001d5fc0001a90000008f53fffe93cc
00008a1effffaac1fffe9f1efffe7275fffe66d1000079e000016ce1ffff6409
ffff926500011091000010f3ffff1f80000006f3fffe1d61ffffc11dfffe90c7
ffff63e1fffe8b05ffff62c900018611ffff6805000149c9ffff3e6bfffef468
0001e359ffffcc7affff4393000004880000301c00009b6efffe147500009b6b
ffffd3210001d7ac00002e220001a6d7fffe62800001fc760000f2e700004116
00014fdb0001ef69fffeb5ca0000fa74fffeb98d0000a039fffe0521fffe7c5c
0000d6ee0000cc6b0001386900009f730001ed5ffffe780dfffff7130000feec
0001e52400008b54fffffa9dfffe6cd900013c4e0000a895ffff899bfffe9a97
00015f3c00006baafffe3972fffe7db5ffff1398fffef61bffffd067ffffa478
0000d422fffe09c20001e5810001c744ffff2104ffff7d2f00018e17fffef336
0000b5000001322800016f830000f0260001f470fffe1b7900003b43fffffcc4
ffff9685ffff84aefffeb686fffe3e11ffff8333fffe09ba0000f502ffffb654
fffe8987fffe5354ffff0747ffff8d7f00008692fffe53f0ffffff0200005361
00005659fffe53b5ffff61fafffe284cfffed47c000175f6ffff51d30001a8b5
0001baf4ffff1a620001f33d000081ff0000abb7000196fd0000acd60001cd38
ffff3a58fffec185fffe9b65ffffa7d8ffffc1ef0001cf8b0000214afffe73a1
0000000000000000000000000000000000000000000000000000000000000000
ffffacb600018c07000095a7ffffd02affff4cf8fffe5f24000173f5ffff5b16
0000000000000000000000000000000000000000000000000000000000000000
ffff279a00017b3c0001ae170001a946ffff750d00002dca0000f72ffffed9d5
fffe46afffff3a0f00002f72fffe2c52fffeffd4000125230000ac90000074f3
0001b82dffffef4d0000da8ffffe5e44ffff6242000186c7ffffabc6fffe2fa5
000153ee00018239fffe93e3fffe82ff00006b4ffffffc0d0001dfb7ffffc077
0000ceb30001b4fb00015e360000b5910001af8a00013fbbffff819b0001a31c
fffe5098000087b5fffe362f000174b3fffeda0dfffe087ffffef1e3ffff4d60
00009f9e00002e84ffff61ddffff267dfffed22500012af2000088bd0000d1d6
0000af28000012810000ea66fffed28c0001d7dd000153ab00012c3000016a51
0001b2f5ffffe7830001068200003fd300012f9effff4e2ffffed2a40000e01a
0000000000000000000000000000000000000000000000000000000000000000
000096b30000e45100000eae00012e16ffff9675fffec597ffff3740000090eb
0000000000000000000000000000000000000000000000000000000000000000
000040840000a029fffe6818fffe730cffff8a1600011af50001161200015e05
0000000000000000000000000000000000000000000000000000000000000000
0001363f0000e8edffffe0cc0001bf11ffff5b9700008d9f000009c700008e2b
0000000000000000000000000000000000000000000000000000000000000000
0000817b0000f6ecffff566a000089caffff2798fffe64e4ffff85ff00009c7c
0000000000000000000000000000000000000000000000000000000000000000
0001f18cfffe197dffffbeb8ffff92cf00018d1e00010fdd00010c40fffe15b8
fffe8cc40001c82b0001f52b0000544bffff55910001874afffff23a000095e9
ffff1503000055ba0000992100017ebdfffeadb400008d1200003d150001defc
00005acd0001b98bffff4aa700010e340000009400015bfefffec09600014773
ffff3c7bfffe123d000136e9000107f5ffff9b320001087100011e5ffffe6cbe
ffff7bcffffe952afffe2b90ffff29b50000e0830000219a00013725fffe593e
fffe83d600009e1afffe399d00011a68fffeb3d6ffff0c8b000175a9ffff009e
000001c00000d462fffe438ffffea041fffe159affffecd000019c090000008d
fffff37f000091590000656300019553000199d0ffff8d41ffff90260000ecf1
0001779efffe674e0001c75d00017e0fffff75550000aab60001181e00009e55
fffe8795fffe2913fffe33790000e31f0001cd74ffff1afc0000134a000161cb
0000a0cdfffe38b2000157f0fffe9d170001a536ffff00e000014e1cffff187a
0000000000000000000000000000000000000000000000000000000000000000
000001f6000162bffffeb4aefffef1e7fffed345fffe5f8fffff54eaffff185a
0000000000000000000000000000000000000000000000000000000000000000
ffff7e95ffff92910001f9170000456a000005180000af75ffffd212fffe0cc6
fffe06cbfffebe5800015849fffe781b0000305afffe8cfcffff9b5800002407
fffef770fffe782a0000a66200019ac3fffeb2030000afce0001e17a000178ca
ffff855b00011ac4ffffae38000191faffff87e4fffe9a03ffff1b37ffffca66
fffe52f0fffe82f1000157e7000147a50001979000015fa0fffefc8000002b4f
fffe0efa00013f0100004d830001c835fffff883fffeb514000184930000a99d
ffffea4400019e590000ff1200015b54fffeb3b1fffe2fc4000039140001dca6
fffffc1cfffe1214ffffce8b000087140001b7dd0001686500018820fffe38d6
0000000000000000000000000000000000000000000000000000000000000000
00006b8ffffe4f93fffeac12000198e3ffff1d5b0000a4d9fffe7c03fffeddae
0001f8a60001fb17fffe18f1ffff67b900013c7cffffbe52fffe81b5fffff6c0
fffe8e1bfffefd11ffff8154ffff46080000d1a7ffff5e88fffee0020001d2d1
00014c7c00016caf000114c3fffec56effffe0c3fffede470001076e000172df
ffffd931ffff175efffea89800001535ffffa2520001d69affff8280fffe929a
000096d50001d828fffef7110001e446fffe4e65ffff6f10fffff3fc0001ed0f
00019a31000139090001825fffff1c69fffe1d110000361efffe2d74fffe15ed
fffea4ba0000f06d00018e0c0000af2c0000ebb10001d3f1ffffc99fffff0f4b
000071800001d645fffe584c00002b68000070fc0001219f00017a5700006e3b
0001c32affff305500014e0bffff7f8bffffaa1400019f8b000112f7ffff1669
0000000000000000000000000000000000000000000000000000000000000000
000166c4fffe5748fffed9fa000050f500003706ffff349d00009c06000123c2
0000fa3effffc86afffe7c0800013f430001cb92ffffb17affff5d65ffff1bf2
0000000000000000000000000000000000000000000000000000000000000000
fffff694fffeee39ffffce580001cc910001bfdffffeee34ffff8946ffff2847
ffffcfbdfffe721e000122790000ea37fffe72500001723dfffe95dc000177f1
ffff3b29ffffc2e60001179fffff4857fffea6390000ff9efffe319affff7f1a
000127d5ffff2a0900004de7ffffdf2c0001272f000163ad00011c23fffee7f3
00015ec3ffff9c2200003042000158d7ffff85f5ffff48c700003f9200003a33
ffff902c0000c7290001eb41fffe623dfffe1956fffe1bdaffff02690000339f
ffff262c0001d88afffe7a3500017017000178820001474b0001091b0001ff2f
00014f18000144820000162f00003c4effffc10f0000b79a0000a44500006cd0
fffea0420001ef41ffff74590000c63f00012df1fffe4726fffe19cb0001a4a1
00009bd0000133bafffe0569fffed8c5000166d6000010bd00013d6dffffbf35
0000363500003b350000ced600011db4fffe161c00000857fffe1d550001bce9
0001fe19fffedc8b0001b0d4000046df000064f9000074aa00011866fffe6f60
ffffc2ba00019e0b00013f01fffed653000026050000cc3e0001952900012e04
ffffb4a40001f58bfffe4316000080e8ffffbbd1ffffcf92ffff0763fffe615f
fffff23f00009af8ffff7c41ffffa10cffff839300019dcd0000c61cfffee8da
00001cd6000182c8000082d90001011a0000bea9fffefe7700005546ffff684e
000173c4fffe7ed4fffe5041fffea8ed00008b7b0001398300018f7e0000b85c
ffffca34fffe1b63fffe805b0000ae850000803cfffec29b0001391e0000298d
ffff6f69fffe769b00003b240000f346fffeaa490000a4ca00016e400001a08f
000162450001d8c5ffff41f6fffe4969fffe08b0ffff44f20001ee4efffe6ed1
fffe2c1d00016d5e000146effffe2604fffecb1dfffe5408fffe97200000c5ee
ffffd659ffffa47800006c8c000148650000015ffffed4260000399400016013
ffff3d8cfffed6670000e82e00003bc6000116da0000ed16ffffe938fffe4e58
ffffdd300000e9a40001ad93fffec0f6ffff53ff0000e9cafffed567ffffefd4
0000000000000000000000000000000000000000000000000000000000000000
ffffcbceffff4ce4fffeb8790001375ffffe3576ffff666d00013b5700014ab4
ffffadb700010f8efffff545fffe6556fffe24aefffefc16fffec48000002c71
0000d86b00012deafffe5ad5ffffed75fffe96480000f12100006a24fffe35f9
fffe9dd300013ba5fffe1f67ffffc91800012aad0001a451ffff198dffff026d
ffffb23a000053ad0001ba9c0000dfcc0001ba6bfffed8e1fffefee400018e90
00019f42ffff0f580001c6fb0001b8280000322bfffff54cffff7acaffff6db4
0000000000000000000000000000000000000000000000000000000000000000
fffecf29ffff16dd0001043dfffeba6700004e7b00017725ffff24bd0000ca42
000188abffffc3b1fffe5dd80000de880000d42800001640000126b10000a41c
0000a8bafffece8afffff77b00005a57fffedccb0000dc78fffe105f0000a8b0
fffe5d450001e7b4fffffe3b0000c275ffff3638000143f000012e260000da5f
ffff410f000083d3fffe7192fffe23b5fffe79cdfffe78030000d766fffe0834
0001c0f20001de7afffe2b140000b0abfffe4c8b0000c74fffff5425ffffdebf
ffffc069fffe773c0000fb89000031f5fffe9c2afffe1f9ffffed513fffe78e4
00003b72000138e5ffff992d00001e7c00016f9800012f2b000183da0001d8d7
0000e0040000e99bfffefacdffff7a2900019633ffff7fa1fffe1c850000602d
fffe35ddfffec048ffff9acc0000dcf40001b6a800005ec5fffe73e300005372
fffe3bb3ffffc18d0000413d000119da0000d33e0001af770001e67c00005aa4
ffffd458fffe33fefffeaaebfffeaf0400016352000087ddfffe058d00010836
0001d810ffff2c880001606300011478fffe0429000157750001f2f6ffff4967
00003eac0000fc26fffe9d88ffff757a0001b53f00001859ffffedb50001cde1
ffff630fffffbe18fffea75bfffe04d2fffeee3600004d0e00002c04fffed5be
0000000000000000000000000000000000000000000000000000000000000000
0000ffb100011b310000ecebfffe4ce3ffff7e3c0001634b00011454fffff182
0001b80800012360fffef886ffff0c42000117e90000be4200008636fffef050
ffff353100009b50fffeec5200015a800001b9e600009e31fffee649fffe031c
0000c59800016bab000173b9000034bbffff004ffffe590f0000a404fffeb3ec
00010880000164c40000a1d9fffe32b6fffe863afffe4e1a0000d59700019da6
fffe426dfffebf06fffebeebffff2a3c0000c05700007196fffe72cafffea726
ffffd49a0001d8c600004e0a00000539fffed448fffec37e0001b9beffff36ab
00000b1600018295000151080001b15afffe0058000107ceffffa772000171b0
00005dbe0001ad88000079c700005599000109fc0000951a00013aa000011fd2
0000000000000000000000000000000000000000000000000000000000000000
000128a4000088f90000267ffffe5c9800004ec9fffedb3bfffe001400011f90
00011696fffe41380001e1bbffff94fefffefcd600005845fffe97ebfffe0d99
fffe9e9bffff8257ffff8e75fffe7a18ffff92f90001c5f700006db00000f53a
000000d00001cefffffebe9400017eaaffff6f99000142edffff16170001e892
ffffb02600013512fffe5e6c0001d9f00001c209ffff4f490000e0b600014b09
000102a00001e42fffffc326fffe30c10000cfee0000d8ca00000912fffe4c73
ffff5f1a0000285affffdae7ffffdae0ffff7782ffff30dd0001b6f200000c4b
0000000000000000000000000000000000000000000000000000000000000000
ffff791bffff80b2fffec7800000e3cdffff10ee000036150000f06a000127d8
0000000000000000000000000000000000000000000000000000000000000000
fffff8d7fffe43a4ffff973700014014fffe5567ffff6653ffff0b2c0001b256
0001be1b00019101fffe475ffffe79e4fffe973100010a9100016bf7fffefe66
ffff909e00003667fffed46cfffefd8efffeb05000004d3e0001d8c8ffff54e2
0000db33fffe741e0001d044fffe88320000f30cfffe56e40001e9a000008d0d
0000d911ffff3420fffeced00000ce810001d51c00015bbcfffea7ab00008d3a
0000000000000000000000000000000000000000000000000000000000000000
ffff7653ffff1d32ffff279fffff78a9ffffc215ffff8c9a0001c24c0000ffbe
0000000000000000000000000000000000000000000000000000000000000000
000164dbfffedd1400001aadffff18b8fffe5c8c0000b4fd0001a8f1fffe96c8
0000000000000000000000000000000000000000000000000000000000000000
0001dcfd0001ca5effff797d0001d0ebffffdddfffff6551ffff33ecffff8122
000041820001e447000106cbffffad88000005a100013020fffeed99ffffd947
00010c120001d02300003032fffeb622ffff1e3a0000319f0000c85effffe6ef
ffff0114fffe316800015efa00012500ffff0f3a000119b9fffeba55fffe7810
fffe39adffffcd4bfffe47ccffff0a3dffff9fd9ffff79850000855ffffe6aaa
fffead7100002065fffe9414fffed4f5fffef24affffa582fffefe1600005c70
00013e4000018fed0000e15e000014f7ffff7bacffff18faffffc0e2fffec450
00010fe7ffff8d9cffffb1ef0001d875fffe3cd30000e3eafffe7ac300015d4b
0000000000000000000000000000000000000000000000000000000000000000
ffffcf5c00003cdcfffe1ade00014693ffff5282000061f9ffff8b29fffe806d
0000000000000000000000000000000000000000000000000000000000000000
ffffdb14000132c7ffff5344ffff480400006c48000024630000da87fffed950
0000000000000000000000000000000000000000000000000000000000000000
ffffff3effff08adfffed24600004f55fffed3e20001611800001c64fffea4a6
fffe83aaffffc955ffff57ae00008a590000f739fffeb045fffeace1fffe99dc
00005d620001a33afffe04fafffff8210000a41700016876fffebc8b0000b6cc
ffffdbdbfffe8255fffefd870001eeb3fffe3ea1fffec6b40001b000fffef168
0001aea1000103abffff58e30000eda5ffff580b0001fea0ffffed240000cc13
ffff1a74ffffd702fffe226400018303fffed8f3fffeeaeffffef606fffe154a
ffff4eab0000bc4d000196e20001bce100010cd40000b65ffffff288fffe03a6
0000000000000000000000000000000000000000000000000000000000000000
ffff7ad200014cb40001d3be00011801fffe3d75fffe95dfffff3d8a000121b0
fffeceb0fffe097400019ca2fffe0f2b00006c5efffec4adffff5cb6fffe30b6
ffff33dffffe04a7000070b600011ff70001128a0000dce200012b09fffebd88
fffe9d6b00005a81fffe189300007641fffe2b210001d01cffff5632fffe00fb
fffe96d00001fd9afffe7440ffff449600002ed6ffff41ce0000e51000005aeb
000038f6000177a900006fbb0000f7d5fffe816ffffe0a6ffffe46c2ffffb9be
000003470000dfd9fffe2b2c0000dbac0001a065ffff3c5200017052fffec318
ffff48da00016bd90000f9ef000068e60001128bffff8c9effff3aadffff8e09
fffffcb8fffe9d41fffe9f2500002e23ffffef74fffeaea6000027e20001760a
0000e2950001a392fffef9b4fffe60ea0000f03cffff0cc7fffeae08fffe3e18
000016fafffee13efffe825b00012719fffe3d3f0000f3740000d474fffe4c52
fffe1c8dfffee0adffff8751fffec3bcfffed4effffea09dfffe2b6bffff5a6f
00005194ffffcb6ffffeff7c0000230affff70db00000cdffffefd26ffff770b
